query_id,query_text,rank,document_id,document_title,score,relevant
1,"what similarity laws must be obeyed when constructing aeroelastic models
of heated high speed aircraft .",1,13,similarity laws for stressing heated wings .,0.2615729240366096,True
1,"what similarity laws must be obeyed when constructing aeroelastic models
of heated high speed aircraft .",2,184,scale models for thermo-aeroelastic research .,0.23401959660560703,True
1,"what similarity laws must be obeyed when constructing aeroelastic models
of heated high speed aircraft .",3,486,similarity laws for aerothermoelastic testing .,0.20562087568595538,False
1,"what similarity laws must be obeyed when constructing aeroelastic models
of heated high speed aircraft .",4,875,models for aeroelastic investigation .,0.18730913095446042,True
1,"what similarity laws must be obeyed when constructing aeroelastic models
of heated high speed aircraft .",5,12,"some structural and aerelastic considerations of high
speed flight .",0.18232096186158414,True
1,"what similarity laws must be obeyed when constructing aeroelastic models
of heated high speed aircraft .",6,746,"aeroelastic problems in connection with high speed
flight .",0.14399223584025142,False
1,"what similarity laws must be obeyed when constructing aeroelastic models
of heated high speed aircraft .",7,51,"theory of aircraft structural models subjected to aerodynamic
heating and external loads .",0.13978789477049117,True
1,"what similarity laws must be obeyed when constructing aeroelastic models
of heated high speed aircraft .",8,878,"experimental model techniques and equipment for flutter
investigations .",0.12981944619149693,False
1,"what similarity laws must be obeyed when constructing aeroelastic models
of heated high speed aircraft .",9,1268,"stable combustion of a high-velocity gas in a heated
boundary layer .",0.12424598015180217,False
1,"what similarity laws must be obeyed when constructing aeroelastic models
of heated high speed aircraft .",10,435,"application of similar solutions to calculations of
laminar heat transfer on bodies with yaw and large
pressure gradients in high speed flow .",0.11332798036167671,False
10,"are real-gas transport properties for air available over a wide range of
enthalpies and densities .",1,493,"real-gas laminar boundary layer skin friction and heat
transfer .",0.2844624607400387,False
10,"are real-gas transport properties for air available over a wide range of
enthalpies and densities .",2,949,"charts for equilibrium flow properties of air in
hyper-velocity nozzles .",0.20406238936329293,False
10,"are real-gas transport properties for air available over a wide range of
enthalpies and densities .",3,302,"approximations for the thermodynamic and transport properties of high
temperature air .",0.19450969899517057,True
10,"are real-gas transport properties for air available over a wide range of
enthalpies and densities .",4,524,"stagnation point heat transfer in partially ionized
air .",0.1836581017059959,False
10,"are real-gas transport properties for air available over a wide range of
enthalpies and densities .",5,1199,"theoretical investigations of a supersonic laminar
boundary layer with foreign-gas injection .",0.16557359044938988,False
10,"are real-gas transport properties for air available over a wide range of
enthalpies and densities .",6,405,tables of thermal properties of gases .,0.16428319541466663,True
10,"are real-gas transport properties for air available over a wide range of
enthalpies and densities .",7,1286,"equilibrium real-gas performance charts for a shypersonic
shock-tube wind-tunnel employing nitrogen .",0.1549243908309812,False
10,"are real-gas transport properties for air available over a wide range of
enthalpies and densities .",8,1009,free-flight measurements of the static and dynamic .,0.1497390638250762,False
10,"are real-gas transport properties for air available over a wide range of
enthalpies and densities .",9,691,"calculation procedure for thermodynamic transport, and flow properties
of the combustion products of a hydrocarbon fuel mixture burned in air
with results for ethylene-air and methane-air mixtures .",0.14909850528494234,False
10,"are real-gas transport properties for air available over a wide range of
enthalpies and densities .",10,1010,free-flight measurements of the static and dynamic .,0.14440410321877442,False
100,"what are the effects of initial imperfections on the elastic buckling of
cylindrical shells under axial compression .",1,1171,"the stability under axial compression and lateral pressure
of circular cylindrical shells with a soft elastic
core .",0.39983386937607945,False
100,"what are the effects of initial imperfections on the elastic buckling of
cylindrical shells under axial compression .",2,760,"inelastic buckling of initially imperfect cylindrical
shells subject to axial compression .",0.3962817337879349,False
100,"what are the effects of initial imperfections on the elastic buckling of
cylindrical shells under axial compression .",3,822,"effects of imperfections on buckling of thin cylinders
and columns under axial compression .",0.38927346101140825,True
100,"what are the effects of initial imperfections on the elastic buckling of
cylindrical shells under axial compression .",4,1122,"on the role of initial imperfections in plastic buckling
of cylinders under axial compression .",0.3855172350058591,True
100,"what are the effects of initial imperfections on the elastic buckling of
cylindrical shells under axial compression .",5,741,"the behaviour of thin cylindrical shells after buckling
under axial compression .",0.3804745228111545,False
100,"what are the effects of initial imperfections on the elastic buckling of
cylindrical shells under axial compression .",6,1126,"an engineer's conceptual approach to the buckling of
cylindrical shell (axial loading) .",0.3392312227526315,False
100,"what are the effects of initial imperfections on the elastic buckling of
cylindrical shells under axial compression .",7,1118,elastic stability of orthotropic shells .,0.3234360931334629,False
100,"what are the effects of initial imperfections on the elastic buckling of
cylindrical shells under axial compression .",8,1067,"plastic stability theory of geometrically orthotropic
plates and cylindrical shells .",0.3117090997219149,False
100,"what are the effects of initial imperfections on the elastic buckling of
cylindrical shells under axial compression .",9,739,"the buckling of thin cylindrical shells under axial
compression .",0.3058419579903109,False
100,"what are the effects of initial imperfections on the elastic buckling of
cylindrical shells under axial compression .",10,885,"buckling of thin cylindrical shells under hoop stresses
varying in axial direction .",0.3027234594293751,False
101,"why does the incremental theory and the deformation theory of plastic
stress-strain relationship differ greatly when applied to stability
problems .",1,817,loading paths and the incremental stress law .,0.35489092465304517,True
101,"why does the incremental theory and the deformation theory of plastic
stress-strain relationship differ greatly when applied to stability
problems .",2,819,"stresses in the plastic range around a normally loaded
circular hole in an infinite sheet .",0.30020632536629954,True
101,"why does the incremental theory and the deformation theory of plastic
stress-strain relationship differ greatly when applied to stability
problems .",3,823,"plastic torsional buckling strength of cylinders including
the effects of imperfections .",0.2843911865933366,False
101,"why does the incremental theory and the deformation theory of plastic
stress-strain relationship differ greatly when applied to stability
problems .",4,820,theories of plastic buckling .,0.26094540851453213,True
101,"why does the incremental theory and the deformation theory of plastic
stress-strain relationship differ greatly when applied to stability
problems .",5,1119,plastic stability theory of thin shells .,0.24580144525872827,False
101,"why does the incremental theory and the deformation theory of plastic
stress-strain relationship differ greatly when applied to stability
problems .",6,818,"a quantitative comparison of flow and deformation theories
of plasticity .",0.22081753634316945,True
101,"why does the incremental theory and the deformation theory of plastic
stress-strain relationship differ greatly when applied to stability
problems .",7,760,"inelastic buckling of initially imperfect cylindrical
shells subject to axial compression .",0.21428716512778426,False
101,"why does the incremental theory and the deformation theory of plastic
stress-strain relationship differ greatly when applied to stability
problems .",8,825,inelastic instability and incremental theories of plasticity .,0.20550719622388455,True
101,"why does the incremental theory and the deformation theory of plastic
stress-strain relationship differ greatly when applied to stability
problems .",9,837,"inelastic behaviour of structures subjected to cyclic
thermal and mechanical stressing conditions .",0.181014778387095,False
101,"why does the incremental theory and the deformation theory of plastic
stress-strain relationship differ greatly when applied to stability
problems .",10,826,small bending and stretching of sandwich type shells .,0.18032168976792573,False
102,basic dynamic characteristics of structures continuous over many spans .,1,910,"natural frequencies of continuous beams of uniform
span length .",0.23682087755578493,True
102,basic dynamic characteristics of structures continuous over many spans .,2,1007,free-flight measurements of the static and dynamic .,0.1397928597480743,False
102,basic dynamic characteristics of structures continuous over many spans .,3,516,"free-flight measurements of the dynamic longitudinal
stability characteristics of a wind tunnel interference
model (m=0 .92 to 1. 35) .",0.13299345265099324,False
102,basic dynamic characteristics of structures continuous over many spans .,4,729,stresses in continuous skin stiffener panels under random loading .,0.12294608369796106,False
102,basic dynamic characteristics of structures continuous over many spans .,5,1001,"wind tunnel investigation of the static and dynamic stability
characteristics of a 10degree semivertex angle blunted cone .",0.12203599710321371,False
102,basic dynamic characteristics of structures continuous over many spans .,6,728,free vibrations of continuous skin stringer panels .,0.1194580970610737,True
102,basic dynamic characteristics of structures continuous over many spans .,7,1092,"wing-nacelle-propeller interference for wings of various
spans . force and pressure distribution tests .",0.11756088712231005,False
102,basic dynamic characteristics of structures continuous over many spans .,8,862,"the phenomenon of change in buckle pattern in elastic
structures .",0.11464804481107675,False
102,basic dynamic characteristics of structures continuous over many spans .,9,998,"equations, tables and charts for compressible flow .",0.11373690616231408,False
102,basic dynamic characteristics of structures continuous over many spans .,10,1331,"calculated responses of a large sweptwing airplane
to continuous turbulence with flight-test comparisons .",0.1042863479436579,False
103,is the information on the buckling of sandwich sphere available .,1,761,buckling of sandwich under normal pressure .,0.44602674517654917,False
103,is the information on the buckling of sandwich sphere available .,2,1048,a small deflection theory for curved sandwich plates .,0.2786871520447682,False
103,is the information on the buckling of sandwich sphere available .,3,1050,"compressive buckling of simply supported curved plates
and cylinders of sandwich construction .",0.25674212088364046,False
103,is the information on the buckling of sandwich sphere available .,4,1049,elastic constants for corrugated core sandwich plates .,0.20307655216812254,False
103,is the information on the buckling of sandwich sphere available .,5,770,the flow of a compressible fluid past a sphere .,0.19048168498385323,False
103,is the information on the buckling of sandwich sphere available .,6,1127,the buckling of sandwich type panels .,0.186223059987257,False
103,is the information on the buckling of sandwich sphere available .,7,956,"elastic stability of simply supported corrugated core
sand- wich cylinders .",0.16925681872342407,False
103,is the information on the buckling of sandwich sphere available .,8,669,subsonic potential flow past a sphere inside a cylindrical duct .,0.16764291157904457,False
103,is the information on the buckling of sandwich sphere available .,9,720,"a note on the use of sandwich structures in severe acoustic
environments .",0.15946337980373507,False
103,is the information on the buckling of sandwich sphere available .,10,951,a unified theory of creep buckling under normal loads .,0.15892849622349906,False
104,"can the load deformation characteristics of a beam be obtained with the
material being inelastic and a non uniform temperature being present .",1,762,"allowable axial loads and bending moments for inelastic structures
under nonuniform temperature distribution .",0.26899956777909245,False
104,"can the load deformation characteristics of a beam be obtained with the
material being inelastic and a non uniform temperature being present .",2,821,inelastic column theory .,0.18803933891204927,False
104,"can the load deformation characteristics of a beam be obtained with the
material being inelastic and a non uniform temperature being present .",3,1024,note on creep buckling of columns .,0.18442279392721317,False
104,"can the load deformation characteristics of a beam be obtained with the
material being inelastic and a non uniform temperature being present .",4,644,"a study of the cantilever square plate subjected to
a uniform loading .",0.17504049869670635,False
104,"can the load deformation characteristics of a beam be obtained with the
material being inelastic and a non uniform temperature being present .",5,760,"inelastic buckling of initially imperfect cylindrical
shells subject to axial compression .",0.16049631246326362,False
104,"can the load deformation characteristics of a beam be obtained with the
material being inelastic and a non uniform temperature being present .",6,837,"inelastic behaviour of structures subjected to cyclic
thermal and mechanical stressing conditions .",0.15265334162532518,True
104,"can the load deformation characteristics of a beam be obtained with the
material being inelastic and a non uniform temperature being present .",7,462,photo-thermoelasticity .,0.15173079937273506,False
104,"can the load deformation characteristics of a beam be obtained with the
material being inelastic and a non uniform temperature being present .",8,29,"a simple model study of transient temperature and thermal
stress distribution due to aerodynamic heating .",0.15121147059866774,False
104,"can the load deformation characteristics of a beam be obtained with the
material being inelastic and a non uniform temperature being present .",9,1055,non-linear bending and buckling of circular plates .,0.15086424430095444,False
104,"can the load deformation characteristics of a beam be obtained with the
material being inelastic and a non uniform temperature being present .",10,744,"lower buckling load in the non-linear buckling theory
of thin shells .",0.1448694696108579,False
105,"what is the effect of an internal liquid column on the breathing
vibrations of a cylindrical shell .",1,848,"the effect of an internal compressible fluid column
on the breathing vibrations of a thin pressurised cylindrical
shell .",0.5997039136733231,True
105,"what is the effect of an internal liquid column on the breathing
vibrations of a cylindrical shell .",2,764,"breathing vibrations of a circular shell with an internal
liquid .",0.4411583814905859,False
105,"what is the effect of an internal liquid column on the breathing
vibrations of a cylindrical shell .",3,847,"experimental study of the vibrations of a circular
cylindrical shell .",0.2949064675896526,True
105,"what is the effect of an internal liquid column on the breathing
vibrations of a cylindrical shell .",4,953,"vibrations of infinitely long cylindrical shells under
initial stress .",0.22245442568964016,False
105,"what is the effect of an internal liquid column on the breathing
vibrations of a cylindrical shell .",5,763,"effects of internal pressure on the buckling of circular-cylindrical
shells under bending.",0.1697953573068705,False
105,"what is the effect of an internal liquid column on the breathing
vibrations of a cylindrical shell .",6,1037,"on transverse vibrations of thin, shallow elastic shells .",0.15872360822028186,False
105,"what is the effect of an internal liquid column on the breathing
vibrations of a cylindrical shell .",7,1071,"stability of thin torispherical shells under uniform
internal pressure .",0.15276175148927446,False
105,"what is the effect of an internal liquid column on the breathing
vibrations of a cylindrical shell .",8,821,inelastic column theory .,0.15035808825346864,False
105,"what is the effect of an internal liquid column on the breathing
vibrations of a cylindrical shell .",9,1126,"an engineer's conceptual approach to the buckling of
cylindrical shell (axial loading) .",0.14862704589690068,False
105,"what is the effect of an internal liquid column on the breathing
vibrations of a cylindrical shell .",10,1129,"general instability of a ring stiffened circular cylindrical
shell under hydrostatic pressure .",0.13699123870608051,False
106,experimental techniques in shell vibration .,1,594,"wind tunnel techniques for the measurements of oscillatory
derivatives .",0.1972287056621343,False
106,experimental techniques in shell vibration .,2,847,"experimental study of the vibrations of a circular
cylindrical shell .",0.18247695353159307,True
106,experimental techniques in shell vibration .,3,764,"breathing vibrations of a circular shell with an internal
liquid .",0.16916461645342257,False
106,experimental techniques in shell vibration .,4,908,random vibration .,0.15976854039791277,False
106,experimental techniques in shell vibration .,5,848,"the effect of an internal compressible fluid column
on the breathing vibrations of a thin pressurised cylindrical
shell .",0.15528506798079766,False
106,experimental techniques in shell vibration .,6,878,"experimental model techniques and equipment for flutter
investigations .",0.15348015341119864,False
106,experimental techniques in shell vibration .,7,1129,"general instability of a ring stiffened circular cylindrical
shell under hydrostatic pressure .",0.14815979872957072,False
106,experimental techniques in shell vibration .,8,846,"on the vibration of thin cylindrical shells under internal
pressure .",0.14694119799581717,True
106,experimental techniques in shell vibration .,9,844,"flexural vibrations of the walls of thin cylindrical
shells having freely supported ends .",0.14525641843169904,True
106,experimental techniques in shell vibration .,10,42,"the gyroscopic effect of a rigid rotating propeller
on engine and wing vibration modes .",0.13900023603263104,False
107,"in summarizing theoretical and experimental work on the behaviour of a
typical aircraft structure in a noise environment is it possible to
develop a design procedure .",1,725,"the response of a typical aircraft structure to jet
noise .",0.2572269627693091,True
107,"in summarizing theoretical and experimental work on the behaviour of a
typical aircraft structure in a noise environment is it possible to
develop a design procedure .",2,640,the design of structures to resist jet noise fatigue .,0.23426889675352836,False
107,"in summarizing theoretical and experimental work on the behaviour of a
typical aircraft structure in a noise environment is it possible to
develop a design procedure .",3,909,the effect of jet noise on aircraft structures .,0.22857057191961655,True
107,"in summarizing theoretical and experimental work on the behaviour of a
typical aircraft structure in a noise environment is it possible to
develop a design procedure .",4,883,correlated fatigue data for aircraft structural joints .,0.1707953916009015,False
107,"in summarizing theoretical and experimental work on the behaviour of a
typical aircraft structure in a noise environment is it possible to
develop a design procedure .",5,29,"a simple model study of transient temperature and thermal
stress distribution due to aerodynamic heating .",0.16647110582107727,False
107,"in summarizing theoretical and experimental work on the behaviour of a
typical aircraft structure in a noise environment is it possible to
develop a design procedure .",6,911,"experimental study of the random vibrations of an aircraft
structure excited by jet noise .",0.16116935155637532,True
107,"in summarizing theoretical and experimental work on the behaviour of a
typical aircraft structure in a noise environment is it possible to
develop a design procedure .",7,658,"review of panel flutter and effects of aerodynamic noise
part i..  panel flutter .",0.1477725355261174,False
107,"in summarizing theoretical and experimental work on the behaviour of a
typical aircraft structure in a noise environment is it possible to
develop a design procedure .",8,345,"the interaction of shock waves with boundary layer
on a flat surface .",0.1409923772426243,False
107,"in summarizing theoretical and experimental work on the behaviour of a
typical aircraft structure in a noise environment is it possible to
develop a design procedure .",9,1124,"design of missile bodies for minimum drag at very high
speeds - thickness ratio, lift, and center of pressure
given .",0.1401844035121249,False
107,"in summarizing theoretical and experimental work on the behaviour of a
typical aircraft structure in a noise environment is it possible to
develop a design procedure .",10,1279,sublimation in a hypersonic environment .,0.1298062007748104,False
108,what data is there on the fatigue of structures under acoustic loading .,1,75,studies of structural failure due to acoustic loading .,0.4398787425080581,True
108,what data is there on the fatigue of structures under acoustic loading .,2,720,"a note on the use of sandwich structures in severe acoustic
environments .",0.31506714827886245,True
108,what data is there on the fatigue of structures under acoustic loading .,3,909,the effect of jet noise on aircraft structures .,0.24611628352744822,True
108,what data is there on the fatigue of structures under acoustic loading .,4,726,on structural fatigue under random loading .,0.24381147715100182,True
108,what data is there on the fatigue of structures under acoustic loading .,5,727,"a study of the acoustic fatigue characteristics of
some flat and curved aluminium panels exposed to random
and discrete noise .",0.24276060003375655,True
108,what data is there on the fatigue of structures under acoustic loading .,6,724,structural acoustic proof testing .,0.23427718654755886,True
108,what data is there on the fatigue of structures under acoustic loading .,7,884,the estimation of fatigue damage on structural elements .,0.2240584652172368,False
108,what data is there on the fatigue of structures under acoustic loading .,8,881,cumulative damage in fatigue .,0.19327228613551423,False
108,what data is there on the fatigue of structures under acoustic loading .,9,723,"on the fatigue failure of structures due to vibrations excited
by random pressure fields .",0.18579669227986742,True
108,what data is there on the fatigue of structures under acoustic loading .,10,768,"formulae for use with the fatigue load meter in the
assessment of wing fatigue life .",0.18519043291108,False
109,panels subjected to aerodynamic heating .,1,31,thermal buckling of supersonic wing panels .,0.3325763628959923,False
109,panels subjected to aerodynamic heating .,2,1008,free-flight measurements of the static and dynamic .,0.2878217928869955,False
109,panels subjected to aerodynamic heating .,3,51,"theory of aircraft structural models subjected to aerodynamic
heating and external loads .",0.2546387035559258,False
109,panels subjected to aerodynamic heating .,4,5,"one-dimensional transient heat conduction into a double-layer
slab subjected to a linear heat input for a small time
internal .",0.24047270804489718,False
109,panels subjected to aerodynamic heating .,5,391,"flutter of rectangular simply supported panels at high
supersonic speeds .",0.2309075825792421,False
109,panels subjected to aerodynamic heating .,6,711,"an investigation at subsonic speeds of aerodynamic characteristics at
angles of attack from -dash 4degrees to 100degrees of a delta-wing
reentry configuration having folding wingtip panels .",0.23004307744065608,False
109,panels subjected to aerodynamic heating .,7,864,status of flutter of flat and curved panels .,0.21832970251804718,False
109,panels subjected to aerodynamic heating .,8,859,"flutter of aerodynamically heated aluminium-alloy and
stainless steel panels with length-width ratio of 10
at mach 3. 0.",0.2121009201191702,False
109,panels subjected to aerodynamic heating .,9,627,flutter analysis of circular panels .,0.20719705799844612,False
109,panels subjected to aerodynamic heating .,10,982,"the temperature history in a thick skin subjected to laminar heating
during entry into the atmosphere .",0.20026741665929976,False
11,"is it possible to find an analytical,  similar solution of the strong
blast wave problem in the newtonian approximation .",1,495,"on similar solutions for strong blast waves and their
application to steady hypersonic flow .",0.3998966538016417,False
11,"is it possible to find an analytical,  similar solution of the strong
blast wave problem in the newtonian approximation .",2,654,"on the propagation and structure of the blast wave .
 part 1.",0.24256544233422359,True
11,"is it possible to find an analytical,  similar solution of the strong
blast wave problem in the newtonian approximation .",3,1327,on the propagation and structure of the blast wave .,0.17999162415743322,False
11,"is it possible to find an analytical,  similar solution of the strong
blast wave problem in the newtonian approximation .",4,472,waves in supersonic flow .,0.15675058777994338,False
11,"is it possible to find an analytical,  similar solution of the strong
blast wave problem in the newtonian approximation .",5,305,"hypersonic strong viscous interaction on a flat plate
with surface mass transfer .",0.15404037242232954,False
11,"is it possible to find an analytical,  similar solution of the strong
blast wave problem in the newtonian approximation .",6,1238,"the newtonian approximation in magnetic hypersonic
stagnation-point flow .",0.14946391159361375,False
11,"is it possible to find an analytical,  similar solution of the strong
blast wave problem in the newtonian approximation .",7,273,flow past slender blunt bodies - a review and extension .,0.14674542651856368,False
11,"is it possible to find an analytical,  similar solution of the strong
blast wave problem in the newtonian approximation .",8,27,newtonian flow theory for slender bodies .,0.14358631507212313,True
11,"is it possible to find an analytical,  similar solution of the strong
blast wave problem in the newtonian approximation .",9,72,"boundary layer behind shock or thin expansion wave
moving into stationary fluid .",0.14029276879770528,False
11,"is it possible to find an analytical,  similar solution of the strong
blast wave problem in the newtonian approximation .",10,556,"numerical comparison between exact and approximate
theories of hypersonic inviscid flow past slender blunt
nosed bodies .",0.13893725922803854,False
110,"can increasing the edge loading of a plate beyond the critical value for
buckling change the buckling mode .",1,642,"the buckling strength of a uniform circular cylinder
loaded in axial compression .",0.18824880140128097,False
110,"can increasing the edge loading of a plate beyond the critical value for
buckling change the buckling mode .",2,1020,note on creep buckling of columns .,0.18699337086761128,False
110,"can increasing the edge loading of a plate beyond the critical value for
buckling change the buckling mode .",3,1117,"stability of orthotropic cylindrical shells under combined
loading .",0.1865037951947073,False
110,"can increasing the edge loading of a plate beyond the critical value for
buckling change the buckling mode .",4,915,a buckled plate in a supersonic stream .,0.18638897767699358,False
110,"can increasing the edge loading of a plate beyond the critical value for
buckling change the buckling mode .",5,1131,"the effect of axial constraint on the instability of
thin conical shells under external pressure .",0.17126068680862327,False
110,"can increasing the edge loading of a plate beyond the critical value for
buckling change the buckling mode .",6,1013,principles of creep buckling weight-strength analysis .,0.16637421256674895,False
110,"can increasing the edge loading of a plate beyond the critical value for
buckling change the buckling mode .",7,932,buckling of circular cones under axial compression .,0.15949830698654013,False
110,"can increasing the edge loading of a plate beyond the critical value for
buckling change the buckling mode .",8,761,buckling of sandwich under normal pressure .,0.15827527232932703,False
110,"can increasing the edge loading of a plate beyond the critical value for
buckling change the buckling mode .",9,245,the ground effect on the jet flap in two dimensions .,0.15776147748668615,False
110,"can increasing the edge loading of a plate beyond the critical value for
buckling change the buckling mode .",10,424,cantilever plate with concentrated edge load .,0.15759920426399326,False
111,"have the effects of an elastic edge restraint been considered in
previous papers on panel flutter .",1,894,"flutter of a two dimensional simply supported buckled
panel with elastic restraint against edge displacement .",0.34436187087537673,False
111,"have the effects of an elastic edge restraint been considered in
previous papers on panel flutter .",2,390,some panel-flutter studies using piston theory .,0.22421316795030255,False
111,"have the effects of an elastic edge restraint been considered in
previous papers on panel flutter .",3,1008,free-flight measurements of the static and dynamic .,0.21289584186657312,False
111,"have the effects of an elastic edge restraint been considered in
previous papers on panel flutter .",4,391,"flutter of rectangular simply supported panels at high
supersonic speeds .",0.19830083717841687,True
111,"have the effects of an elastic edge restraint been considered in
previous papers on panel flutter .",5,857,"experimental studies of flutter of buckled rectangular
panels at mach numbers from 1. 2 to 3. 0 including
effects of pressure differential and of panel
width-length ratio .",0.1931919616968833,False
111,"have the effects of an elastic edge restraint been considered in
previous papers on panel flutter .",6,1131,"the effect of axial constraint on the instability of
thin conical shells under external pressure .",0.19169226294294575,False
111,"have the effects of an elastic edge restraint been considered in
previous papers on panel flutter .",7,627,flutter analysis of circular panels .,0.18373615906452317,True
111,"have the effects of an elastic edge restraint been considered in
previous papers on panel flutter .",8,766,"experimental investigation at mach number of 3. 0 of
effects of thermal stress and buckling on flutter characteristics
of flat single-bay panels of length-width ratio 0. 96 .",0.17890676901988745,False
111,"have the effects of an elastic edge restraint been considered in
previous papers on panel flutter .",9,856,"some experimental studies of panel flutter at mach
1 .3.",0.17719104967405103,False
111,"have the effects of an elastic edge restraint been considered in
previous papers on panel flutter .",10,658,"review of panel flutter and effects of aerodynamic noise
part i..  panel flutter .",0.17502546709394573,True
112,"has the solution of the clamped plate problem,  in the classical theory
of bending,  been reduced to two successive membrane boundary value
problems .",1,641,"reduction of the clamped plate to two membrane problems
with an application to uniformly loaded sectors .",0.5075588525798169,False
112,"has the solution of the clamped plate problem,  in the classical theory
of bending,  been reduced to two successive membrane boundary value
problems .",2,730,on the bending of a clamped plate .,0.3251404953272358,True
112,"has the solution of the clamped plate problem,  in the classical theory
of bending,  been reduced to two successive membrane boundary value
problems .",3,735,"the bending of uniformly loaded sectorial plates with
clamped edges .",0.25258084545701676,False
112,"has the solution of the clamped plate problem,  in the classical theory
of bending,  been reduced to two successive membrane boundary value
problems .",4,736,the bending of a wedge shaped plate .,0.24476602555235175,False
112,"has the solution of the clamped plate problem,  in the classical theory
of bending,  been reduced to two successive membrane boundary value
problems .",5,854,"boundary-value problems of the thin-walled circular
cylinder .",0.24026264860936664,False
112,"has the solution of the clamped plate problem,  in the classical theory
of bending,  been reduced to two successive membrane boundary value
problems .",6,1045,the bending strength of pressurized cylinders .,0.2382254955654696,False
112,"has the solution of the clamped plate problem,  in the classical theory
of bending,  been reduced to two successive membrane boundary value
problems .",7,422,"bending of a square plate with two adjacent edges free
and the others clamped or simply supported .",0.2331908828454222,False
112,"has the solution of the clamped plate problem,  in the classical theory
of bending,  been reduced to two successive membrane boundary value
problems .",8,733,the bending of a sectorial plate .,0.21794200422956417,False
112,"has the solution of the clamped plate problem,  in the classical theory
of bending,  been reduced to two successive membrane boundary value
problems .",9,955,"the membrane approach to bending instability of pressureized
cylindrical shells .",0.20947331024102053,False
112,"has the solution of the clamped plate problem,  in the classical theory
of bending,  been reduced to two successive membrane boundary value
problems .",10,734,"the bending of uniformly loaded clamped plate in the
form of a circular sector .",0.20846607925756078,False
113,"what data exists on oscillatory aerodynamic forces on control surfaces
at transonic mach numbers .",1,748,"subsonic aerodynamic flutter derivatives for wings and control surfaces,
 /compressible and incompressible flow/ .",0.26370395695399906,True
113,"what data exists on oscillatory aerodynamic forces on control surfaces
at transonic mach numbers .",2,1272,"oscillatory aerodynamic coefficients for a unified
supersonic hypersonic strip theory .",0.20510104757860598,False
113,"what data exists on oscillatory aerodynamic forces on control surfaces
at transonic mach numbers .",3,265,"some instabilities arising from the interaction between
shock waves and boundary layer .",0.17398251640509135,True
113,"what data exists on oscillatory aerodynamic forces on control surfaces
at transonic mach numbers .",4,708,"aerodynamic characteristics of two winged reentry vehicles at supersonic
 and hypersonic speeds .",0.17364968390384541,False
113,"what data exists on oscillatory aerodynamic forces on control surfaces
at transonic mach numbers .",5,704,"a systematic kernel function procedure for determining aerodynamic
forces on oscillating or steady finite wings at subsonic speeds .",0.1669336131505281,False
113,"what data exists on oscillatory aerodynamic forces on control surfaces
at transonic mach numbers .",6,312,"chordwise pressure distributions over several naca
16 series airfoils at transonic mach numbers up to
1.25 .",0.16539476616234491,False
113,"what data exists on oscillatory aerodynamic forces on control surfaces
at transonic mach numbers .",7,716,"study of the oscillatory motion of manned vehicles
entering the earth's atmosphere .",0.16133345573356075,False
113,"what data exists on oscillatory aerodynamic forces on control surfaces
at transonic mach numbers .",8,594,"wind tunnel techniques for the measurements of oscillatory
derivatives .",0.1529919259832899,False
113,"what data exists on oscillatory aerodynamic forces on control surfaces
at transonic mach numbers .",9,685,"aerodynamic effects of some configuration variables
on the aeroelastic characteristics of lifting surfaces
at mach numbers from 0. 7 to 6. 86 .",0.14873162687078506,False
113,"what data exists on oscillatory aerodynamic forces on control surfaces
at transonic mach numbers .",10,815,"investigation of several blunt bodies to determine
trans- onic aerodynamic characteristics including effects
of spinning and of extendible afterbody flaps and some
measurements of unsteady base pressures .",0.14833751579253124,False
114,"it is not likely that the airforces on a wing of general planform
oscillating in transonic flow can be determined by purely analytical
methods . is it possible to determine the airforces on a single
particular planform, such as the rectangular one by such method .",1,895,"the airforces on the low aspect ratio rectangular wing
oscillating in sonic flow .",0.36491385887812927,False
114,"it is not likely that the airforces on a wing of general planform
oscillating in transonic flow can be determined by purely analytical
methods . is it possible to determine the airforces on a single
particular planform, such as the rectangular one by such method .",2,918,"on the low aspect ratio oscillating rectangular wing
in supersonic flow .",0.17281718431433446,False
114,"it is not likely that the airforces on a wing of general planform
oscillating in transonic flow can be determined by purely analytical
methods . is it possible to determine the airforces on a single
particular planform, such as the rectangular one by such method .",3,1290,"measured and calculated subsonic and transonic flutter
characteristics of a 45 sweptback wing planform in
air and in freon-12 in the langley transonic dynamics
tunnel .",0.15847272960200728,False
114,"it is not likely that the airforces on a wing of general planform
oscillating in transonic flow can be determined by purely analytical
methods . is it possible to determine the airforces on a single
particular planform, such as the rectangular one by such method .",4,1266,minimum wing wave drag with volume constraint .,0.15636715332471662,False
114,"it is not likely that the airforces on a wing of general planform
oscillating in transonic flow can be determined by purely analytical
methods . is it possible to determine the airforces on a single
particular planform, such as the rectangular one by such method .",5,685,"aerodynamic effects of some configuration variables
on the aeroelastic characteristics of lifting surfaces
at mach numbers from 0. 7 to 6. 86 .",0.13537553755316895,False
114,"it is not likely that the airforces on a wing of general planform
oscillating in transonic flow can be determined by purely analytical
methods . is it possible to determine the airforces on a single
particular planform, such as the rectangular one by such method .",6,609,"on three dimensional bodies of delta planform which
can support plane attached shock waves .",0.13347547324271525,False
114,"it is not likely that the airforces on a wing of general planform
oscillating in transonic flow can be determined by purely analytical
methods . is it possible to determine the airforces on a single
particular planform, such as the rectangular one by such method .",7,919,"theoretical studies of unsteady transonic flow . part iii . the
oscillating low aspect ratio rectangular wing .",0.1318192282070219,True
114,"it is not likely that the airforces on a wing of general planform
oscillating in transonic flow can be determined by purely analytical
methods . is it possible to determine the airforces on a single
particular planform, such as the rectangular one by such method .",8,780,"the transonic characteristics of 38 cambered rectangular
wings of varying aspect ratio and thickness as determined
by transonic-bump technique .",0.12934282427761198,False
114,"it is not likely that the airforces on a wing of general planform
oscillating in transonic flow can be determined by purely analytical
methods . is it possible to determine the airforces on a single
particular planform, such as the rectangular one by such method .",9,757,"an investigation of the flow about a plane half-wing
of cropped delta planform and 6( symmetrical section
at stream mach numbers between 0. 8 and 1. 41 .",0.1267826809973496,False
114,"it is not likely that the airforces on a wing of general planform
oscillating in transonic flow can be determined by purely analytical
methods . is it possible to determine the airforces on a single
particular planform, such as the rectangular one by such method .",10,712,"low-speed longitudinal aerodynamic characteristics associated with a
series of low-aspect ratio wings having variations in leading-edge
contour .",0.12175573861929545,False
115,"is the problem of similarity for representative investigations of
aeroelastic effects in heated flow as intractable as previous investigations
imply .",1,184,scale models for thermo-aeroelastic research .,0.14631340955865035,False
115,"is the problem of similarity for representative investigations of
aeroelastic effects in heated flow as intractable as previous investigations
imply .",2,13,similarity laws for stressing heated wings .,0.14265514709663704,False
115,"is the problem of similarity for representative investigations of
aeroelastic effects in heated flow as intractable as previous investigations
imply .",3,540,"use of local similarity concepts in hypersonic viscous
interaction problems .",0.1405098175546935,False
115,"is the problem of similarity for representative investigations of
aeroelastic effects in heated flow as intractable as previous investigations
imply .",4,875,models for aeroelastic investigation .,0.11353228411670875,False
115,"is the problem of similarity for representative investigations of
aeroelastic effects in heated flow as intractable as previous investigations
imply .",5,1274,real gas effects in flow over blunt bodies at hypersonic speeds .,0.09444851712233442,False
115,"is the problem of similarity for representative investigations of
aeroelastic effects in heated flow as intractable as previous investigations
imply .",6,1319,real gas effects in flow over blunt bodies at hypersonic speeds .,0.09267455077819808,False
115,"is the problem of similarity for representative investigations of
aeroelastic effects in heated flow as intractable as previous investigations
imply .",7,486,similarity laws for aerothermoelastic testing .,0.09103167488059352,False
115,"is the problem of similarity for representative investigations of
aeroelastic effects in heated flow as intractable as previous investigations
imply .",8,746,"aeroelastic problems in connection with high speed
flight .",0.09101855807584998,False
115,"is the problem of similarity for representative investigations of
aeroelastic effects in heated flow as intractable as previous investigations
imply .",9,327,"on local flat plate similarity in the hypersonic boundary
layer .",0.09026151721180345,False
115,"is the problem of similarity for representative investigations of
aeroelastic effects in heated flow as intractable as previous investigations
imply .",10,139,viscous effects on pitot tubes at low speeds .,0.08881978989709748,False
116,"what is the magnitude and distribution of lift over the cone and the
cylindrical portion of a cone-cylinder configuration .",1,1038,"on transverse vibrations of thin, shallow elastic shells .",0.25519512102503933,False
116,"what is the magnitude and distribution of lift over the cone and the
cylindrical portion of a cone-cylinder configuration .",2,605,"pressure measurements on a cone-cylinder-flare configuration at small
incidences for m 6.8 .",0.24806304953637448,True
116,"what is the magnitude and distribution of lift over the cone and the
cylindrical portion of a cone-cylinder configuration .",3,522,"laminar, transitional and turbulent heat transfer to
a cone-cylinder-flare body at mach 8. 0.",0.23512172960612268,False
116,"what is the magnitude and distribution of lift over the cone and the
cylindrical portion of a cone-cylinder configuration .",4,1106,"free-flight observation of a separated turbulent flow
including heat transfer up to mach 8. 5.",0.2265036265893072,False
116,"what is the magnitude and distribution of lift over the cone and the
cylindrical portion of a cone-cylinder configuration .",5,384,"application of second-order shock-expansion theory
to several types of bodies of revolution .",0.21650012603343866,False
116,"what is the magnitude and distribution of lift over the cone and the
cylindrical portion of a cone-cylinder configuration .",6,272,"oscillatory aerodynamic coefficients for a unified supersonic
hypersonic strip theory .",0.20152795854942684,False
116,"what is the magnitude and distribution of lift over the cone and the
cylindrical portion of a cone-cylinder configuration .",7,48,"supersonic flow at the surface of a circular cone at
angle of attack .",0.18225709573429377,False
116,"what is the magnitude and distribution of lift over the cone and the
cylindrical portion of a cone-cylinder configuration .",8,759,"stability investigation of a blunted cone and a blunted
ogive with a flared cylinder afterbody at mach numbers
from 0. 30 to 2. 85 .",0.17786515074247694,False
116,"what is the magnitude and distribution of lift over the cone and the
cylindrical portion of a cone-cylinder configuration .",9,1218,"experimental lift and drag of a series of glide configurations
at mach numbers 12 .6 and 17 .5.",0.1654798739532248,False
116,"what is the magnitude and distribution of lift over the cone and the
cylindrical portion of a cone-cylinder configuration .",10,123,"the downstream influence of mass transfer at the nose
of a slender cone .",0.15097760599619048,False
117,"is there any information on how the addition of a /boat-tail/ affects
the normal force on the body of various angles of incidence .",1,282,"jet effects on base pressure of conical afterbodies
at mach 1. 91 and 3. 12 .",0.2263837459604401,False
117,"is there any information on how the addition of a /boat-tail/ affects
the normal force on the body of various angles of incidence .",2,229,"interference between the wings and tail surfaces of
a combination of slender body, cruciform wings and
cruciform tail set at both incidence and yaw .",0.20323987310177824,False
117,"is there any information on how the addition of a /boat-tail/ affects
the normal force on the body of various angles of incidence .",3,230,"interference between the wings and tail plane of a
slender wing-body tailplane combination .",0.17863465271306034,False
117,"is there any information on how the addition of a /boat-tail/ affects
the normal force on the body of various angles of incidence .",4,1285,"experiments at hypersonic speeds on circular cones
at incidence .",0.17034139462764497,False
117,"is there any information on how the addition of a /boat-tail/ affects
the normal force on the body of various angles of incidence .",5,60,"estimation forces and moments due to rolling for several
slender tail configurations at supersonic speeds .",0.16452012107858552,False
117,"is there any information on how the addition of a /boat-tail/ affects
the normal force on the body of various angles of incidence .",6,924,"a method for calculating the lift and centre of pressure
of wing-body-tail combinations at subsonic, transonic
speeds .",0.1587103184975087,False
117,"is there any information on how the addition of a /boat-tail/ affects
the normal force on the body of various angles of incidence .",7,1304,newtonian flow over a surface .,0.14620793111689911,False
117,"is there any information on how the addition of a /boat-tail/ affects
the normal force on the body of various angles of incidence .",8,782,"calculated subsonic span loads and resulting stability derivatives of
unswept and 45degree sweptback tail surfaces in sideslip and steady roll .",0.13002814401818516,False
117,"is there any information on how the addition of a /boat-tail/ affects
the normal force on the body of various angles of incidence .",9,999,"static aerodynamic characteristics of short blunt cones
with various nose and base cone angles at mach numbers
of 0. 6 to 5. 5 and angles of attack to 180 .",0.11685027613961108,False
117,"is there any information on how the addition of a /boat-tail/ affects
the normal force on the body of various angles of incidence .",10,927,"investigation of normal force distributions and wake
vortex characteristics of bodies of revolution at supersonic
speeds .",0.11628659152624761,False
118,"what are the aerodynamic interference effects on the fin lift and body
lift of a fin-body combination .",1,545,"calculation of sideslip derivatives and pressure distribution
in asymmetric flight conditions on a slender wing-fin
configuration .",0.2696045936447666,False
118,"what are the aerodynamic interference effects on the fin lift and body
lift of a fin-body combination .",2,803,"the shock pattern of a wing-body combination far from
the flight path .",0.24354764702388326,False
118,"what are the aerodynamic interference effects on the fin lift and body
lift of a fin-body combination .",3,1062,"an experimental and theoretical investigation of second-order
wing-body interference at high mach number .",0.23368171406162583,False
118,"what are the aerodynamic interference effects on the fin lift and body
lift of a fin-body combination .",4,923,"methods for estimating lift interference of wing-body
combinations at supersonic speeds .",0.20708964944720393,True
118,"what are the aerodynamic interference effects on the fin lift and body
lift of a fin-body combination .",5,1243,supersonic boom of wing-body configurations .,0.2030140883296818,False
118,"what are the aerodynamic interference effects on the fin lift and body
lift of a fin-body combination .",6,246,"the design of minimum drag tip fins . with an appendix
- on the conformal transformation of a wing with a
fin .",0.18722325358199332,False
118,"what are the aerodynamic interference effects on the fin lift and body
lift of a fin-body combination .",7,600,"the calculation of lateral stability derivatives of
slender wings at incidence including fin effectiveness,
and correlation with experiment .",0.18423088749029737,False
118,"what are the aerodynamic interference effects on the fin lift and body
lift of a fin-body combination .",8,230,"interference between the wings and tail plane of a
slender wing-body tailplane combination .",0.18260899514142145,False
118,"what are the aerodynamic interference effects on the fin lift and body
lift of a fin-body combination .",9,1074,"theoretical and experimental investigation of second-order supersonic
wing-body interference .",0.1797378341177101,False
118,"what are the aerodynamic interference effects on the fin lift and body
lift of a fin-body combination .",10,431,"free-flight measurements of the zero-lift drag and
base pressure on a wind tunnel interference model (m=0 .
8 - 1. 5) .",0.1796891430000582,False
119,"what is the effect of initial axisymmetric deviations from circularity
on the non linear (large-deflection) load-deflection response of
cylinders under hydrostatic pressure .",1,926,"post buckling behaviour of circular cylinderical shells
under hydrostatic pressure .",0.20922810944549144,True
119,"what is the effect of initial axisymmetric deviations from circularity
on the non linear (large-deflection) load-deflection response of
cylinders under hydrostatic pressure .",2,1132,"general instability of ring stiffened cylindrical shells
subject to external hydrostatic pressure - a comparison
of theory and experiment .",0.18314496739781325,False
119,"what is the effect of initial axisymmetric deviations from circularity
on the non linear (large-deflection) load-deflection response of
cylinders under hydrostatic pressure .",3,744,"lower buckling load in the non-linear buckling theory
of thin shells .",0.17437693445614236,False
119,"what is the effect of initial axisymmetric deviations from circularity
on the non linear (large-deflection) load-deflection response of
cylinders under hydrostatic pressure .",4,928,"a new theory for the buckling of thin cylinders under
axial compression and bending .",0.1731967542262138,False
119,"what is the effect of initial axisymmetric deviations from circularity
on the non linear (large-deflection) load-deflection response of
cylinders under hydrostatic pressure .",5,1034,note on creep buckling of columns .,0.15912531726956722,False
119,"what is the effect of initial axisymmetric deviations from circularity
on the non linear (large-deflection) load-deflection response of
cylinders under hydrostatic pressure .",6,897,"some results on buckling and postbuckling of cylindrical
shells .",0.15744760734488814,False
119,"what is the effect of initial axisymmetric deviations from circularity
on the non linear (large-deflection) load-deflection response of
cylinders under hydrostatic pressure .",7,1133,"a simple extension of southwell's method for determining the elastic
general instability pressure of ring-stiffened cylinders subject
to external hydrostatic pressure .",0.1512648358662612,False
119,"what is the effect of initial axisymmetric deviations from circularity
on the non linear (large-deflection) load-deflection response of
cylinders under hydrostatic pressure .",8,533,"stagnation-point shock-detachment distance for flow
around spheres and cylinders in air .",0.14367297812083613,False
119,"what is the effect of initial axisymmetric deviations from circularity
on the non linear (large-deflection) load-deflection response of
cylinders under hydrostatic pressure .",9,739,"the buckling of thin cylindrical shells under axial
compression .",0.1401848207756173,False
119,"what is the effect of initial axisymmetric deviations from circularity
on the non linear (large-deflection) load-deflection response of
cylinders under hydrostatic pressure .",10,1116,general instability of stiffened cylinders .,0.14004362035107462,False
12,"how can the aerodynamic performance of channel flow ground effect
machines be calculated .",1,624,cruise performance of channel-flow ground effect machines .,0.3693844842572801,False
12,"how can the aerodynamic performance of channel flow ground effect
machines be calculated .",2,650,some design problems of hovercraft .,0.18212536792346673,True
12,"how can the aerodynamic performance of channel flow ground effect
machines be calculated .",3,1232,the curtain jet .,0.17177643191059108,False
12,"how can the aerodynamic performance of channel flow ground effect
machines be calculated .",4,1223,"inviscid-incompressible-flow theory of static two-dimensional
solid jets, in proximity to the ground .",0.1710288835706176,False
12,"how can the aerodynamic performance of channel flow ground effect
machines be calculated .",5,245,the ground effect on the jet flap in two dimensions .,0.15653633399682454,False
12,"how can the aerodynamic performance of channel flow ground effect
machines be calculated .",6,649,the hovercraft - a new concept in maritime transport .,0.15447977989333014,True
12,"how can the aerodynamic performance of channel flow ground effect
machines be calculated .",7,1221,"steady flow of conducting fluids in channels under
transverse magnetic fields, with consideration of hall
effect .",0.15309707670818107,False
12,"how can the aerodynamic performance of channel flow ground effect
machines be calculated .",8,543,"the stacking of compressor stage characteristics to
give an overall compressor performance map .",0.15161104330866207,False
12,"how can the aerodynamic performance of channel flow ground effect
machines be calculated .",9,652,"pressure distribution on two dimensional wings near
the ground .",0.14945386463207394,True
12,"how can the aerodynamic performance of channel flow ground effect
machines be calculated .",10,1222,axisymmetric magnetohydrodynamic channel flow .,0.140586709865727,False
120,"are previous analyses of circumferential thermal buckling of circular
cylindrical shells unnecessarily involved or even inaccurate due to the
assumed forms of buckling mode .",1,769,"local circumferential buckling of thin circular cylindrical
shells .",0.3523968664252197,False
120,"are previous analyses of circumferential thermal buckling of circular
cylindrical shells unnecessarily involved or even inaccurate due to the
assumed forms of buckling mode .",2,887,"buckling due to thermal stress of cylindrical shells
subjected to axial temperature distributions .",0.32611582309206977,True
120,"are previous analyses of circumferential thermal buckling of circular
cylindrical shells unnecessarily involved or even inaccurate due to the
assumed forms of buckling mode .",3,1146,thermal buckling of cylinders .,0.2691616086248866,True
120,"are previous analyses of circumferential thermal buckling of circular
cylindrical shells unnecessarily involved or even inaccurate due to the
assumed forms of buckling mode .",4,890,comments on 'thermal buckling of clamped cylindrical shells' .,0.2296582214977517,True
120,"are previous analyses of circumferential thermal buckling of circular
cylindrical shells unnecessarily involved or even inaccurate due to the
assumed forms of buckling mode .",5,886,thermal buckling of clamped cylindrical shells .,0.22817755754646418,True
120,"are previous analyses of circumferential thermal buckling of circular
cylindrical shells unnecessarily involved or even inaccurate due to the
assumed forms of buckling mode .",6,741,"the behaviour of thin cylindrical shells after buckling
under axial compression .",0.21494132430973192,False
120,"are previous analyses of circumferential thermal buckling of circular
cylindrical shells unnecessarily involved or even inaccurate due to the
assumed forms of buckling mode .",7,885,"buckling of thin cylindrical shells under hoop stresses
varying in axial direction .",0.21431485559371788,True
120,"are previous analyses of circumferential thermal buckling of circular
cylindrical shells unnecessarily involved or even inaccurate due to the
assumed forms of buckling mode .",8,897,"some results on buckling and postbuckling of cylindrical
shells .",0.20642601885166484,False
120,"are previous analyses of circumferential thermal buckling of circular
cylindrical shells unnecessarily involved or even inaccurate due to the
assumed forms of buckling mode .",9,763,"effects of internal pressure on the buckling of circular-cylindrical
shells under bending.",0.19702816125284875,False
120,"are previous analyses of circumferential thermal buckling of circular
cylindrical shells unnecessarily involved or even inaccurate due to the
assumed forms of buckling mode .",10,31,thermal buckling of supersonic wing panels .,0.18410961049428834,False
121,"what papers are there dealing with circumferential buckling either
thermal buckling or due to mechanical loading .",1,1146,thermal buckling of cylinders .,0.321228391251572,True
121,"what papers are there dealing with circumferential buckling either
thermal buckling or due to mechanical loading .",2,887,"buckling due to thermal stress of cylindrical shells
subjected to axial temperature distributions .",0.25508638598504046,True
121,"what papers are there dealing with circumferential buckling either
thermal buckling or due to mechanical loading .",3,769,"local circumferential buckling of thin circular cylindrical
shells .",0.23915910294623774,False
121,"what papers are there dealing with circumferential buckling either
thermal buckling or due to mechanical loading .",4,31,thermal buckling of supersonic wing panels .,0.2197238837112731,False
121,"what papers are there dealing with circumferential buckling either
thermal buckling or due to mechanical loading .",5,888,"combinations of temperature and axial compression required
for buckling of a ring-stiffened cylinder .",0.206903185201612,True
121,"what papers are there dealing with circumferential buckling either
thermal buckling or due to mechanical loading .",6,890,comments on 'thermal buckling of clamped cylindrical shells' .,0.1771949366480818,True
121,"what papers are there dealing with circumferential buckling either
thermal buckling or due to mechanical loading .",7,875,models for aeroelastic investigation .,0.16847692145125986,False
121,"what papers are there dealing with circumferential buckling either
thermal buckling or due to mechanical loading .",8,1056,"axisymmetric large deflections of circular plates subjected
to thermal and mechanical load .",0.16323693229446537,False
121,"what papers are there dealing with circumferential buckling either
thermal buckling or due to mechanical loading .",9,837,"inelastic behaviour of structures subjected to cyclic
thermal and mechanical stressing conditions .",0.16218323786553634,False
121,"what papers are there dealing with circumferential buckling either
thermal buckling or due to mechanical loading .",10,885,"buckling of thin cylindrical shells under hoop stresses
varying in axial direction .",0.15675756628581722,True
122,"what analytical investigations have been made of the stability of
conical shells . how do the results compare with experiment .",1,898,"a survey of buckling theory and experiment for circular
conical shells of constant thickness .",0.3462102303294078,False
122,"what analytical investigations have been made of the stability of
conical shells . how do the results compare with experiment .",2,1070,buckling of orthotropic and stiffened conical shells .,0.26258021365931167,False
122,"what analytical investigations have been made of the stability of
conical shells . how do the results compare with experiment .",3,931,stability equations for conical shells .,0.2329680845193565,True
122,"what analytical investigations have been made of the stability of
conical shells . how do the results compare with experiment .",4,938,"calculations for the stability of thin conical frustums
subjected to external uniform hydrostatic pressure
and axial loads .",0.19711975703709764,True
122,"what analytical investigations have been made of the stability of
conical shells . how do the results compare with experiment .",5,935,"buckling of thin single- and multi-layer conical and cylindrical
shells with rotationally symmetric stresses .",0.1857317289351766,True
122,"what analytical investigations have been made of the stability of
conical shells . how do the results compare with experiment .",6,1068,"instability analysis of cylindrical shells under hydrostatic
pressure .",0.17836726293056604,False
122,"what analytical investigations have been made of the stability of
conical shells . how do the results compare with experiment .",7,934,"stability of cylindrical and conical shells of circular
cross section, with simultaneous action of axial compression
and external normal pressure .",0.1725990778909012,True
122,"what analytical investigations have been made of the stability of
conical shells . how do the results compare with experiment .",8,930,"general theory of large deflections of thin shells
with special applications to conical shells .",0.1715274388457649,False
122,"what analytical investigations have been made of the stability of
conical shells . how do the results compare with experiment .",9,957,axisymmetric snap buckling of conical shells .,0.1659672803207611,True
122,"what analytical investigations have been made of the stability of
conical shells . how do the results compare with experiment .",10,1171,"the stability under axial compression and lateral pressure
of circular cylindrical shells with a soft elastic
core .",0.15219866405357754,False
123,"has any work been done on determining the nature of compressible
viscous flow in a straight channel .",1,1360,"simplified analysis of general instability of stiffened
shells in pure bending .",0.1824815912390538,False
123,"has any work been done on determining the nature of compressible
viscous flow in a straight channel .",2,389,"simple shear flow past a flat plate in a compressible
viscous fluid .",0.1745328622532586,False
123,"has any work been done on determining the nature of compressible
viscous flow in a straight channel .",3,1221,"steady flow of conducting fluids in channels under
transverse magnetic fields, with consideration of hall
effect .",0.1602051510120204,False
123,"has any work been done on determining the nature of compressible
viscous flow in a straight channel .",4,775,studies on two dimensional flows of compressible fluid.,0.15447649273655492,False
123,"has any work been done on determining the nature of compressible
viscous flow in a straight channel .",5,1222,axisymmetric magnetohydrodynamic channel flow .,0.15310553048384334,False
123,"has any work been done on determining the nature of compressible
viscous flow in a straight channel .",6,1076,"an approximate method for determining the displacement effects and
viscous drag of laminar boundary layers in two-dimensional hypersonic
flow .",0.1465222086690251,False
123,"has any work been done on determining the nature of compressible
viscous flow in a straight channel .",7,537,stagnation point viscous hypersonic flow .,0.14576727852698995,False
123,"has any work been done on determining the nature of compressible
viscous flow in a straight channel .",8,34,constant-temperature magneto-gasdynamic channel flow .,0.1382326355921486,False
123,"has any work been done on determining the nature of compressible
viscous flow in a straight channel .",9,941,"viscous compressible and incompressible flow in slender
channels .",0.1359784921013563,False
123,"has any work been done on determining the nature of compressible
viscous flow in a straight channel .",10,376,"transformation between compressible and incompressible
boundary layer equations .",0.1304040612227195,False
124,"in what areas, other than low density wind tunnel flows, is viscous
compressible flow in slender channels a problem .
what analytical investigations have been made of the stability of
conical shells . how do the results compare with experiment .",1,941,"viscous compressible and incompressible flow in slender
channels .",0.40668062221362355,False
124,"in what areas, other than low density wind tunnel flows, is viscous
compressible flow in slender channels a problem .
what analytical investigations have been made of the stability of
conical shells . how do the results compare with experiment .",2,898,"a survey of buckling theory and experiment for circular
conical shells of constant thickness .",0.2291568493955573,False
124,"in what areas, other than low density wind tunnel flows, is viscous
compressible flow in slender channels a problem .
what analytical investigations have been made of the stability of
conical shells . how do the results compare with experiment .",3,1070,buckling of orthotropic and stiffened conical shells .,0.17380206939156126,False
124,"in what areas, other than low density wind tunnel flows, is viscous
compressible flow in slender channels a problem .
what analytical investigations have been made of the stability of
conical shells . how do the results compare with experiment .",4,389,"simple shear flow past a flat plate in a compressible
viscous fluid .",0.15869938104152861,False
124,"in what areas, other than low density wind tunnel flows, is viscous
compressible flow in slender channels a problem .
what analytical investigations have been made of the stability of
conical shells . how do the results compare with experiment .",5,931,stability equations for conical shells .,0.154201775630311,False
124,"in what areas, other than low density wind tunnel flows, is viscous
compressible flow in slender channels a problem .
what analytical investigations have been made of the stability of
conical shells . how do the results compare with experiment .",6,516,"free-flight measurements of the dynamic longitudinal
stability characteristics of a wind tunnel interference
model (m=0 .92 to 1. 35) .",0.1518720923326926,False
124,"in what areas, other than low density wind tunnel flows, is viscous
compressible flow in slender channels a problem .
what analytical investigations have been made of the stability of
conical shells . how do the results compare with experiment .",7,625,viscous and inviscid nonequilibrium gas flows .,0.1485923940019413,False
124,"in what areas, other than low density wind tunnel flows, is viscous
compressible flow in slender channels a problem .
what analytical investigations have been made of the stability of
conical shells . how do the results compare with experiment .",8,1080,viscous flow round a sphere at low reynolds numbers . /l40/ .,0.147314178098484,False
124,"in what areas, other than low density wind tunnel flows, is viscous
compressible flow in slender channels a problem .
what analytical investigations have been made of the stability of
conical shells . how do the results compare with experiment .",9,938,"calculations for the stability of thin conical frustums
subjected to external uniform hydrostatic pressure
and axial loads .",0.14368765429760721,False
124,"in what areas, other than low density wind tunnel flows, is viscous
compressible flow in slender channels a problem .
what analytical investigations have been made of the stability of
conical shells . how do the results compare with experiment .",10,504,"stability of compressible boundary layers induced by
a moving wave .",0.13860636003261395,False
125,jet interference with supersonic flow  -dash experimental papers .,1,993,"the extent of the jet interference flow fields .
jet effects on cylindrical afterbodies housing sonic and supersonic
nozzles which exhaust against a supersonic stream at angles of attack
from 90degree to 180degree .",0.19444560044990516,False
125,jet interference with supersonic flow  -dash experimental papers .,2,176,"base pressure at subsonic speeds in the presence of
a supersonic jet .",0.18034312768203736,True
125,jet interference with supersonic flow  -dash experimental papers .,3,1074,"theoretical and experimental investigation of second-order supersonic
wing-body interference .",0.1791024596630766,False
125,jet interference with supersonic flow  -dash experimental papers .,4,997,experimental and theoretical studies of axisymmetric free jets .,0.17738569627730832,True
125,jet interference with supersonic flow  -dash experimental papers .,5,1062,"an experimental and theoretical investigation of second-order
wing-body interference at high mach number .",0.17647777734295428,False
125,jet interference with supersonic flow  -dash experimental papers .,6,610,corner interference effects .,0.1732829015371578,False
125,jet interference with supersonic flow  -dash experimental papers .,7,1350,"effects of jet billowing on stability of missile-type
bodies at mach 3. 85 .",0.15861547886141378,False
125,jet interference with supersonic flow  -dash experimental papers .,8,1075,"an experimental and theoretical investigation of second-order supersonic
 wing-body interference, for a non-lifting body with wings at incidence .",0.1506035555847552,False
125,jet interference with supersonic flow  -dash experimental papers .,9,1083,an investigation of fluid flow in two dimensions .,0.14923583187755593,False
125,jet interference with supersonic flow  -dash experimental papers .,10,46,some comments on the inversion of certain large matrices .,0.14914122924788029,False
126,thrust vector control by fluid injection -dash papers .,1,1288,"analysis of the fluid mechanics of secondary injection
for thrust vector control .",0.3392006689724005,False
126,thrust vector control by fluid injection -dash papers .,2,974,approximate analysis of thrust vector control by fluid injection .,0.3289954945702805,True
126,thrust vector control by fluid injection -dash papers .,3,1326,"interaction of secondary injectants and rocket exhaust
for thrust vector control .",0.2832853044147245,True
126,thrust vector control by fluid injection -dash papers .,4,1095,"investigation of effectiveness of large-chord slotted
flaps in deflecting propeller slipstreams downward
for vertical take-off and low-speed flight .",0.1786387242813588,False
126,thrust vector control by fluid injection -dash papers .,5,397,"a sublayer for fluid injection into the incompressible
turbulent boundary layer .",0.16565341361088795,False
126,thrust vector control by fluid injection -dash papers .,6,773,"q . app . math . 7, 1950, 381 . experiments on porous-wall
cooling and flow separation control in a supersonic
nozzle .",0.15312766595805669,False
126,thrust vector control by fluid injection -dash papers .,7,1083,an investigation of fluid flow in two dimensions .,0.15235559607832797,False
126,thrust vector control by fluid injection -dash papers .,8,1265,"on the thrust hypothesis for the jet flap including
jet-mixing effects .",0.13347391577030568,False
126,thrust vector control by fluid injection -dash papers .,9,254,"boundary layers with suction and injection . a review
of published work on skin friction .",0.12514639630900992,False
126,thrust vector control by fluid injection -dash papers .,10,1237,"foreign-gas injection into a compressible turbulent
boundary layer on a flat plate .",0.1242170955156608,False
127,"is it possible to obtain a reasonably simple analytical solution to the
heat equation for an exponential (in time) heat input .",1,5,"one-dimensional transient heat conduction into a double-layer
slab subjected to a linear heat input for a small time
internal .",0.24920166390504975,False
127,"is it possible to obtain a reasonably simple analytical solution to the
heat equation for an exponential (in time) heat input .",2,981,"solutions to the heat-conduction equation with time dependent boundary
conditions .",0.20521299416695443,True
127,"is it possible to obtain a reasonably simple analytical solution to the
heat equation for an exponential (in time) heat input .",3,6,"one-dimensional transient heat flow in a multilayer
slab .",0.17818474731116382,False
127,"is it possible to obtain a reasonably simple analytical solution to the
heat equation for an exponential (in time) heat input .",4,585,nonlinear heat transfer problem .,0.1421324669256019,False
127,"is it possible to obtain a reasonably simple analytical solution to the
heat equation for an exponential (in time) heat input .",5,582,the melting of finite slabs .,0.13679320577561838,False
127,"is it possible to obtain a reasonably simple analytical solution to the
heat equation for an exponential (in time) heat input .",6,869,"the calculation of transient temperature in turbine
blades and tapered discs using biot's variational method .",0.1352473744795988,False
127,"is it possible to obtain a reasonably simple analytical solution to the
heat equation for an exponential (in time) heat input .",7,1024,note on creep buckling of columns .,0.1284949373129472,False
127,"is it possible to obtain a reasonably simple analytical solution to the
heat equation for an exponential (in time) heat input .",8,944,"one dimensional heat conduction through the skin of
a vehicle upon entering a planetary atmosphere at constant
velocity and entry angle .",0.12812894312264964,False
127,"is it possible to obtain a reasonably simple analytical solution to the
heat equation for an exponential (in time) heat input .",9,587,variational analysis of ablation .,0.12450346392497703,False
127,"is it possible to obtain a reasonably simple analytical solution to the
heat equation for an exponential (in time) heat input .",10,670,"on blunt-body heat transfer at hypersonic speed and low reynolds
number .",0.11879300295624981,False
128,"has anyone programmed a pump design method for a high-speed digital
computer .",1,945,"method for design of pump impellers using a high speed
digital computer .",0.4869250491559344,False
128,"has anyone programmed a pump design method for a high-speed digital
computer .",2,1063,"on obtaining solutions to the navier-stokes equations
with high speed digital computers .",0.2469993254003639,False
128,"has anyone programmed a pump design method for a high-speed digital
computer .",3,988,"nonviscous flow through a pump impeller on a blade-to-blade surface of
revolution .",0.18447870676307573,False
128,"has anyone programmed a pump design method for a high-speed digital
computer .",4,92,"the analysis of redundant structures by the use of
high-speed digital computers .",0.15943064637321824,False
128,"has anyone programmed a pump design method for a high-speed digital
computer .",5,745,"an automatic method for finding the greatest or least
value function .",0.15348290028715658,False
128,"has anyone programmed a pump design method for a high-speed digital
computer .",6,1246,"solution of subsonic nonplanar lifting surface problems
by means of high-speed digital computers .",0.1513508691422828,False
128,"has anyone programmed a pump design method for a high-speed digital
computer .",7,111,"the laminar boundary layer equation: a method of solution
by means of an automatic computer .",0.14639625419565064,False
128,"has anyone programmed a pump design method for a high-speed digital
computer .",8,429,"a description of the r. a. e.  high speed supersonic
tunnel .",0.13575363964294157,False
128,"has anyone programmed a pump design method for a high-speed digital
computer .",9,248,"the application of lighthill formula for numerical
calculation of pressure distributions on bodies of
revolution at supersonic speed and zero angle of attack .",0.13167325161074692,False
128,"has anyone programmed a pump design method for a high-speed digital
computer .",10,989,"incompressible nonviscous blade-to-blade flow through a pump rotor with
splitter vanes .",0.12683074399467054,False
129,"has anyone derived simplified pump design equation from the fundamental
three-dimensional equations for incompressible nonviscous flow .",1,945,"method for design of pump impellers using a high speed
digital computer .",0.3447813962305038,False
129,"has anyone derived simplified pump design equation from the fundamental
three-dimensional equations for incompressible nonviscous flow .",2,988,"nonviscous flow through a pump impeller on a blade-to-blade surface of
revolution .",0.3433924343176968,True
129,"has anyone derived simplified pump design equation from the fundamental
three-dimensional equations for incompressible nonviscous flow .",3,989,"incompressible nonviscous blade-to-blade flow through a pump rotor with
splitter vanes .",0.23655352598241403,True
129,"has anyone derived simplified pump design equation from the fundamental
three-dimensional equations for incompressible nonviscous flow .",4,987,"a general theory of three dimensional flow in subsonic and supersonic
turbo-machines of axial-radial-and mixed-flow types .",0.18106125637237386,True
129,"has anyone derived simplified pump design equation from the fundamental
three-dimensional equations for incompressible nonviscous flow .",5,527,"note on the three-point boundary layer problem for
the blasius equations .",0.17230715873228766,False
129,"has anyone derived simplified pump design equation from the fundamental
three-dimensional equations for incompressible nonviscous flow .",6,4,"approximate solutions of the incompressible laminar
boundary layer equations for a plate in shear flow .",0.14265747058372982,False
129,"has anyone derived simplified pump design equation from the fundamental
three-dimensional equations for incompressible nonviscous flow .",7,985,"a rapid approximate method for the design of hub shroud profiles of
centrifugal impellers of given blade shape .",0.1364134170803435,True
129,"has anyone derived simplified pump design equation from the fundamental
three-dimensional equations for incompressible nonviscous flow .",8,376,"transformation between compressible and incompressible
boundary layer equations .",0.12712989703247837,False
129,"has anyone derived simplified pump design equation from the fundamental
three-dimensional equations for incompressible nonviscous flow .",9,314,"simplified method for determination of the critical
height of distributed roughness particles for boundary
layer transition at mach numbers from 0 to 5.",0.12465895200019148,False
129,"has anyone derived simplified pump design equation from the fundamental
three-dimensional equations for incompressible nonviscous flow .",10,660,"the fundamental solution for small steady three dimensional
disturbances to a two dimensional parallel shear flow .",0.12353083922497211,False
13,what is the basic mechanism of the transonic aileron buzz .,1,496,"a theory of transonic aileron buzz, neglecting viscous
effects .",0.4792762807843707,False
13,what is the basic mechanism of the transonic aileron buzz .,2,903,"two dimensional transonic unsteady flow with shock
waves .",0.2249952228187677,False
13,what is the basic mechanism of the transonic aileron buzz .,3,313,"on alternative forms for the basic equations of transonic
flow theory .",0.1849571412705454,False
13,what is the basic mechanism of the transonic aileron buzz .,4,643,"an investigation of wing-aileron flutter using ground
launched rocket models .",0.17304951310757613,False
13,what is the basic mechanism of the transonic aileron buzz .,5,520,"wing-tail interference as a cause of 'magnus' effects
on a finned missile .",0.14201198304393972,False
13,what is the basic mechanism of the transonic aileron buzz .,6,199,"measurement of two dimensional derivatives on a wing-aileron-tab
system .",0.13514836766993868,False
13,what is the basic mechanism of the transonic aileron buzz .,7,38,"on the prediction of mixed subsonic/supersonic pressure
distributions .",0.12882523092510312,False
13,what is the basic mechanism of the transonic aileron buzz .,8,440,"compilation of information on the transonic attachment
of flows at the leading edge of airfoils .",0.12669970187457802,False
13,what is the basic mechanism of the transonic aileron buzz .,9,879,flutter model testing at transonic speeds .,0.11168616780400237,False
13,what is the basic mechanism of the transonic aileron buzz .,10,880,the design and testing of supersonic flutter models .,0.10317730061301053,False
130,"what are the flutter characteristics of the exposed skin panels of the
x-15 vertical stabilizer when subjected to aerodynamic heating .",1,859,"flutter of aerodynamically heated aluminium-alloy and
stainless steel panels with length-width ratio of 10
at mach 3. 0.",0.324800083160884,True
130,"what are the flutter characteristics of the exposed skin panels of the
x-15 vertical stabilizer when subjected to aerodynamic heating .",2,948,"panel flutter tests on full scale x-15 lower vertical
stabilizer at mach number of 3. 0.",0.3193974712992318,False
130,"what are the flutter characteristics of the exposed skin panels of the
x-15 vertical stabilizer when subjected to aerodynamic heating .",3,1008,free-flight measurements of the static and dynamic .,0.2394944917393111,True
130,"what are the flutter characteristics of the exposed skin panels of the
x-15 vertical stabilizer when subjected to aerodynamic heating .",4,391,"flutter of rectangular simply supported panels at high
supersonic speeds .",0.2113957918345929,False
130,"what are the flutter characteristics of the exposed skin panels of the
x-15 vertical stabilizer when subjected to aerodynamic heating .",5,766,"experimental investigation at mach number of 3. 0 of
effects of thermal stress and buckling on flutter characteristics
of flat single-bay panels of length-width ratio 0. 96 .",0.20193614223476353,True
130,"what are the flutter characteristics of the exposed skin panels of the
x-15 vertical stabilizer when subjected to aerodynamic heating .",6,864,status of flutter of flat and curved panels .,0.20138905545707506,False
130,"what are the flutter characteristics of the exposed skin panels of the
x-15 vertical stabilizer when subjected to aerodynamic heating .",7,5,"one-dimensional transient heat conduction into a double-layer
slab subjected to a linear heat input for a small time
internal .",0.19859728368473922,False
130,"what are the flutter characteristics of the exposed skin panels of the
x-15 vertical stabilizer when subjected to aerodynamic heating .",8,729,stresses in continuous skin stiffener panels under random loading .,0.19037580360044493,False
130,"what are the flutter characteristics of the exposed skin panels of the
x-15 vertical stabilizer when subjected to aerodynamic heating .",9,31,thermal buckling of supersonic wing panels .,0.17891740230577943,False
130,"what are the flutter characteristics of the exposed skin panels of the
x-15 vertical stabilizer when subjected to aerodynamic heating .",10,285,on the flutter of panels at high mach numbers .,0.1772517169440211,False
131,"what agreement is found between theoretically predicted instability
times and experimentally measured collapse times for compressed columns
in creep .",1,1021,note on creep buckling of columns .,0.38931163246830863,False
131,"what agreement is found between theoretically predicted instability
times and experimentally measured collapse times for compressed columns
in creep .",2,950,"comparison of theoretical and experimental creep buckling
times of initially straight, centrally loaded columns .",0.3365602340110111,False
131,"what agreement is found between theoretically predicted instability
times and experimentally measured collapse times for compressed columns
in creep .",3,1023,note on creep buckling of columns .,0.2691602595122653,False
131,"what agreement is found between theoretically predicted instability
times and experimentally measured collapse times for compressed columns
in creep .",4,1022,note on creep buckling of columns .,0.2383411089831313,False
131,"what agreement is found between theoretically predicted instability
times and experimentally measured collapse times for compressed columns
in creep .",5,1026,note on creep buckling of columns .,0.22510393603070922,False
131,"what agreement is found between theoretically predicted instability
times and experimentally measured collapse times for compressed columns
in creep .",6,1014,principles of creep buckling weight-strength analysis .,0.2197981691202929,True
131,"what agreement is found between theoretically predicted instability
times and experimentally measured collapse times for compressed columns
in creep .",7,1029,note on creep buckling of columns .,0.20900174971863308,False
131,"what agreement is found between theoretically predicted instability
times and experimentally measured collapse times for compressed columns
in creep .",8,952,"study of creep collapse of a long circular cylindrical
shell under various distributed force systems .",0.202759204961926,False
131,"what agreement is found between theoretically predicted instability
times and experimentally measured collapse times for compressed columns
in creep .",9,1017,note on creep buckling of columns .,0.19747204285740588,True
131,"what agreement is found between theoretically predicted instability
times and experimentally measured collapse times for compressed columns
in creep .",10,1030,note on creep buckling of columns .,0.1839853512968364,False
132,theoretical studies of creep buckling .,1,1021,note on creep buckling of columns .,0.39291008851125175,False
132,theoretical studies of creep buckling .,2,1026,note on creep buckling of columns .,0.3774104807293949,True
132,theoretical studies of creep buckling .,3,1023,note on creep buckling of columns .,0.354134061307586,True
132,theoretical studies of creep buckling .,4,1014,principles of creep buckling weight-strength analysis .,0.32616616381662367,True
132,theoretical studies of creep buckling .,5,1029,note on creep buckling of columns .,0.3039844155032656,False
132,theoretical studies of creep buckling .,6,1030,note on creep buckling of columns .,0.29798424143446417,False
132,theoretical studies of creep buckling .,7,951,a unified theory of creep buckling under normal loads .,0.28803222894568786,True
132,theoretical studies of creep buckling .,8,1013,principles of creep buckling weight-strength analysis .,0.28679205826523896,True
132,theoretical studies of creep buckling .,9,1020,note on creep buckling of columns .,0.28339394236837334,True
132,theoretical studies of creep buckling .,10,1017,note on creep buckling of columns .,0.2681464765579453,True
133,experimental studies of creep buckling .,1,1026,note on creep buckling of columns .,0.38411298520100734,False
133,experimental studies of creep buckling .,2,1023,note on creep buckling of columns .,0.360423195421925,False
133,experimental studies of creep buckling .,3,1021,note on creep buckling of columns .,0.33582550833634567,False
133,experimental studies of creep buckling .,4,1014,principles of creep buckling weight-strength analysis .,0.33195861072282673,False
133,experimental studies of creep buckling .,5,951,a unified theory of creep buckling under normal loads .,0.3164230120753019,False
133,experimental studies of creep buckling .,6,1029,note on creep buckling of columns .,0.3093829325245033,False
133,experimental studies of creep buckling .,7,1030,note on creep buckling of columns .,0.303276200223803,False
133,experimental studies of creep buckling .,8,1013,principles of creep buckling weight-strength analysis .,0.29188525294608286,False
133,experimental studies of creep buckling .,9,1020,note on creep buckling of columns .,0.28842678926303555,True
133,experimental studies of creep buckling .,10,1022,note on creep buckling of columns .,0.26199806023707245,True
134,"is it possible to correlate the results on the creep buckling of widely
different structures within the framework of a single theory .",1,951,a unified theory of creep buckling under normal loads .,0.230170969083331,False
134,"is it possible to correlate the results on the creep buckling of widely
different structures within the framework of a single theory .",2,866,regularities in creep and hot fatigue data .,0.21155453057941198,False
134,"is it possible to correlate the results on the creep buckling of widely
different structures within the framework of a single theory .",3,1012,"principles of creep buckling weight-strength analysis
of aircraft structures .",0.20801072213597666,False
134,"is it possible to correlate the results on the creep buckling of widely
different structures within the framework of a single theory .",4,1014,principles of creep buckling weight-strength analysis .,0.19451748435081856,False
134,"is it possible to correlate the results on the creep buckling of widely
different structures within the framework of a single theory .",5,1026,note on creep buckling of columns .,0.19011856661738455,False
134,"is it possible to correlate the results on the creep buckling of widely
different structures within the framework of a single theory .",6,1023,note on creep buckling of columns .,0.18928191380139409,False
134,"is it possible to correlate the results on the creep buckling of widely
different structures within the framework of a single theory .",7,1021,note on creep buckling of columns .,0.1848969495944605,False
134,"is it possible to correlate the results on the creep buckling of widely
different structures within the framework of a single theory .",8,1015,principles of creep buckling weight-strength analysis .,0.16890612542820158,False
134,"is it possible to correlate the results on the creep buckling of widely
different structures within the framework of a single theory .",9,1013,principles of creep buckling weight-strength analysis .,0.16160305422536017,False
134,"is it possible to correlate the results on the creep buckling of widely
different structures within the framework of a single theory .",10,1020,note on creep buckling of columns .,0.1595180983434675,False
135,what are the experimental results for the creep buckling of columns .,1,1026,note on creep buckling of columns .,0.5635498198906844,True
135,what are the experimental results for the creep buckling of columns .,2,1029,note on creep buckling of columns .,0.5026518078497825,False
135,what are the experimental results for the creep buckling of columns .,3,1023,note on creep buckling of columns .,0.5009197059345881,True
135,what are the experimental results for the creep buckling of columns .,4,1021,note on creep buckling of columns .,0.49180280359863887,False
135,what are the experimental results for the creep buckling of columns .,5,1030,note on creep buckling of columns .,0.47102582088658856,False
135,what are the experimental results for the creep buckling of columns .,6,951,a unified theory of creep buckling under normal loads .,0.4288989493357308,False
135,what are the experimental results for the creep buckling of columns .,7,1020,note on creep buckling of columns .,0.427404187037955,False
135,what are the experimental results for the creep buckling of columns .,8,1014,principles of creep buckling weight-strength analysis .,0.4184650156566682,False
135,what are the experimental results for the creep buckling of columns .,9,1022,note on creep buckling of columns .,0.39411009019625126,False
135,what are the experimental results for the creep buckling of columns .,10,1013,principles of creep buckling weight-strength analysis .,0.3884073516449183,False
136,"what are the results for the creep buckling of round tubes under
external pressure .",1,1021,note on creep buckling of columns .,0.3143510077419166,True
136,"what are the results for the creep buckling of round tubes under
external pressure .",2,951,a unified theory of creep buckling under normal loads .,0.3137588591963479,False
136,"what are the results for the creep buckling of round tubes under
external pressure .",3,1026,note on creep buckling of columns .,0.2729871981462735,False
136,"what are the results for the creep buckling of round tubes under
external pressure .",4,1023,note on creep buckling of columns .,0.256150981757802,False
136,"what are the results for the creep buckling of round tubes under
external pressure .",5,1014,principles of creep buckling weight-strength analysis .,0.24707600149846778,False
136,"what are the results for the creep buckling of round tubes under
external pressure .",6,1033,"the design of tubes under uniform external pressure on the
basis of assumed inaccuracies .",0.23882522929125383,False
136,"what are the results for the creep buckling of round tubes under
external pressure .",7,1029,note on creep buckling of columns .,0.21987691944323323,False
136,"what are the results for the creep buckling of round tubes under
external pressure .",8,1031,note on creep buckling of columns .,0.21976732294730134,False
136,"what are the results for the creep buckling of round tubes under
external pressure .",9,1020,note on creep buckling of columns .,0.21825642637041015,False
136,"what are the results for the creep buckling of round tubes under
external pressure .",10,1030,note on creep buckling of columns .,0.21553689501077328,False
137,"have any analytical studies been conducted on the time-to-failure
mechanism associated with creep collapse for a long circular cylindrical
shell which exhibits both primary and secondary creep as well as elastic
deformations under various distributed force systems .",1,952,"study of creep collapse of a long circular cylindrical
shell under various distributed force systems .",0.5172101206035904,False
137,"have any analytical studies been conducted on the time-to-failure
mechanism associated with creep collapse for a long circular cylindrical
shell which exhibits both primary and secondary creep as well as elastic
deformations under various distributed force systems .",2,1023,note on creep buckling of columns .,0.3397182942688513,False
137,"have any analytical studies been conducted on the time-to-failure
mechanism associated with creep collapse for a long circular cylindrical
shell which exhibits both primary and secondary creep as well as elastic
deformations under various distributed force systems .",3,1026,note on creep buckling of columns .,0.2996123447573532,False
137,"have any analytical studies been conducted on the time-to-failure
mechanism associated with creep collapse for a long circular cylindrical
shell which exhibits both primary and secondary creep as well as elastic
deformations under various distributed force systems .",4,1021,note on creep buckling of columns .,0.27368231003640153,True
137,"have any analytical studies been conducted on the time-to-failure
mechanism associated with creep collapse for a long circular cylindrical
shell which exhibits both primary and secondary creep as well as elastic
deformations under various distributed force systems .",5,1034,note on creep buckling of columns .,0.20429983607571184,True
137,"have any analytical studies been conducted on the time-to-failure
mechanism associated with creep collapse for a long circular cylindrical
shell which exhibits both primary and secondary creep as well as elastic
deformations under various distributed force systems .",6,1017,note on creep buckling of columns .,0.1724632574675782,False
137,"have any analytical studies been conducted on the time-to-failure
mechanism associated with creep collapse for a long circular cylindrical
shell which exhibits both primary and secondary creep as well as elastic
deformations under various distributed force systems .",7,1022,note on creep buckling of columns .,0.16638428040803083,False
137,"have any analytical studies been conducted on the time-to-failure
mechanism associated with creep collapse for a long circular cylindrical
shell which exhibits both primary and secondary creep as well as elastic
deformations under various distributed force systems .",8,1013,principles of creep buckling weight-strength analysis .,0.16551270563860335,False
137,"have any analytical studies been conducted on the time-to-failure
mechanism associated with creep collapse for a long circular cylindrical
shell which exhibits both primary and secondary creep as well as elastic
deformations under various distributed force systems .",9,853,the accuracy of donnell's equations .,0.15194160474278628,False
137,"have any analytical studies been conducted on the time-to-failure
mechanism associated with creep collapse for a long circular cylindrical
shell which exhibits both primary and secondary creep as well as elastic
deformations under various distributed force systems .",10,862,"the phenomenon of change in buckle pattern in elastic
structures .",0.15023388517764047,False
138,"has the effect of initial stresses,  on the frequencies of vibration of
circular cylindrical shells,  been investigated .",1,953,"vibrations of infinitely long cylindrical shells under
initial stress .",0.2728057914965451,False
138,"has the effect of initial stresses,  on the frequencies of vibration of
circular cylindrical shells,  been investigated .",2,897,"some results on buckling and postbuckling of cylindrical
shells .",0.26281203057429253,False
138,"has the effect of initial stresses,  on the frequencies of vibration of
circular cylindrical shells,  been investigated .",3,841,"on the bending of circular cylindrical shells under
pure bending .",0.2590918839375897,False
138,"has the effect of initial stresses,  on the frequencies of vibration of
circular cylindrical shells,  been investigated .",4,844,"flexural vibrations of the walls of thin cylindrical
shells having freely supported ends .",0.24695740355064827,False
138,"has the effect of initial stresses,  on the frequencies of vibration of
circular cylindrical shells,  been investigated .",5,885,"buckling of thin cylindrical shells under hoop stresses
varying in axial direction .",0.22350264220940969,False
138,"has the effect of initial stresses,  on the frequencies of vibration of
circular cylindrical shells,  been investigated .",6,1171,"the stability under axial compression and lateral pressure
of circular cylindrical shells with a soft elastic
core .",0.21976273132020116,False
138,"has the effect of initial stresses,  on the frequencies of vibration of
circular cylindrical shells,  been investigated .",7,854,"boundary-value problems of the thin-walled circular
cylinder .",0.218310965759509,False
138,"has the effect of initial stresses,  on the frequencies of vibration of
circular cylindrical shells,  been investigated .",8,887,"buckling due to thermal stress of cylindrical shells
subjected to axial temperature distributions .",0.21380610667444336,False
138,"has the effect of initial stresses,  on the frequencies of vibration of
circular cylindrical shells,  been investigated .",9,846,"on the vibration of thin cylindrical shells under internal
pressure .",0.21266712642857627,True
138,"has the effect of initial stresses,  on the frequencies of vibration of
circular cylindrical shells,  been investigated .",10,763,"effects of internal pressure on the buckling of circular-cylindrical
shells under bending.",0.2121099458817051,False
139,"has the effect of the change of initial pressure due to deformation,  on
the frequencies of vibration of circular cylindrical shells been
investigated .",1,887,"buckling due to thermal stress of cylindrical shells
subjected to axial temperature distributions .",0.24545779962628658,False
139,"has the effect of the change of initial pressure due to deformation,  on
the frequencies of vibration of circular cylindrical shells been
investigated .",2,953,"vibrations of infinitely long cylindrical shells under
initial stress .",0.24002344784483823,False
139,"has the effect of the change of initial pressure due to deformation,  on
the frequencies of vibration of circular cylindrical shells been
investigated .",3,897,"some results on buckling and postbuckling of cylindrical
shells .",0.239417384555413,False
139,"has the effect of the change of initial pressure due to deformation,  on
the frequencies of vibration of circular cylindrical shells been
investigated .",4,844,"flexural vibrations of the walls of thin cylindrical
shells having freely supported ends .",0.23169652502586907,False
139,"has the effect of the change of initial pressure due to deformation,  on
the frequencies of vibration of circular cylindrical shells been
investigated .",5,763,"effects of internal pressure on the buckling of circular-cylindrical
shells under bending.",0.23134928537568444,False
139,"has the effect of the change of initial pressure due to deformation,  on
the frequencies of vibration of circular cylindrical shells been
investigated .",6,841,"on the bending of circular cylindrical shells under
pure bending .",0.2279575039450822,False
139,"has the effect of the change of initial pressure due to deformation,  on
the frequencies of vibration of circular cylindrical shells been
investigated .",7,1038,"on transverse vibrations of thin, shallow elastic shells .",0.21654460880729673,False
139,"has the effect of the change of initial pressure due to deformation,  on
the frequencies of vibration of circular cylindrical shells been
investigated .",8,1171,"the stability under axial compression and lateral pressure
of circular cylindrical shells with a soft elastic
core .",0.21432520018051657,False
139,"has the effect of the change of initial pressure due to deformation,  on
the frequencies of vibration of circular cylindrical shells been
investigated .",9,826,small bending and stretching of sandwich type shells .,0.20867242251409504,False
139,"has the effect of the change of initial pressure due to deformation,  on
the frequencies of vibration of circular cylindrical shells been
investigated .",10,846,"on the vibration of thin cylindrical shells under internal
pressure .",0.20431046386706903,False
14,papers on shock-sound wave interaction .,1,64,"unsteady oblique interaction of a shock wave with plane
disturbances .",0.311187421037853,True
14,papers on shock-sound wave interaction .,2,256,"an experimental study of the glancing interaction between
a shock wave and a turbulent boundary layer .",0.24104678617718273,False
14,papers on shock-sound wave interaction .,3,291,"sweepback effects in the turbulent boundary-layer shock-wave
interaction .",0.22432892089010634,False
14,papers on shock-sound wave interaction .,4,65,"convection of a pattern of vorticity through a shock
wave .",0.1888899710046938,True
14,papers on shock-sound wave interaction .,5,170,"the interaction of a reflected shock wave with the
boundary layer in a shock tube .",0.1884177092175784,False
14,papers on shock-sound wave interaction .,6,335,"the interaction between boundary layer and shock waves in transonic
flow .",0.1848772938184863,False
14,papers on shock-sound wave interaction .,7,1364,"an experimental investigation of the interaction between shock waves and
 boundary layers .",0.18213905344167228,False
14,papers on shock-sound wave interaction .,8,46,some comments on the inversion of certain large matrices .,0.16983683115652562,False
14,papers on shock-sound wave interaction .,9,568,"shock wave effects on the laminar skin friction of
an insulated flat plate at hypersonic speeds .",0.16292592878565812,False
14,papers on shock-sound wave interaction .,10,345,"the interaction of shock waves with boundary layer
on a flat surface .",0.16203656346410708,False
140,"what are the discontinuity stresses at junctions in pressurized
structures .",1,954,"analysis of stress at several junctions in pressurized
shells .",0.45109872631717,False
140,"what are the discontinuity stresses at junctions in pressurized
structures .",2,1045,the bending strength of pressurized cylinders .,0.24186901629307941,False
140,"what are the discontinuity stresses at junctions in pressurized
structures .",3,1038,"on transverse vibrations of thin, shallow elastic shells .",0.21969370577160724,True
140,"what are the discontinuity stresses at junctions in pressurized
structures .",4,497,"theoretical and experimental investigation of thermal
stresses in hypersonic aircraft wing structures .",0.15177475594136308,False
140,"what are the discontinuity stresses at junctions in pressurized
structures .",5,887,"buckling due to thermal stress of cylindrical shells
subjected to axial temperature distributions .",0.13426282448616306,False
140,"what are the discontinuity stresses at junctions in pressurized
structures .",6,1046,the bending strength of pressurized cylinders .,0.13132949281118125,False
140,"what are the discontinuity stresses at junctions in pressurized
structures .",7,31,thermal buckling of supersonic wing panels .,0.1263463771898767,False
140,"what are the discontinuity stresses at junctions in pressurized
structures .",8,839,"the bending stability of thin-- walled unstiffened
circular cylinders including the effects of internal
pressure .",0.12469773649967479,False
140,"what are the discontinuity stresses at junctions in pressurized
structures .",9,955,"the membrane approach to bending instability of pressureized
cylindrical shells .",0.12133526949910327,False
140,"what are the discontinuity stresses at junctions in pressurized
structures .",10,862,"the phenomenon of change in buckle pattern in elastic
structures .",0.11948321895886718,False
141,"what analytical solutions are available for stresses in edge-loaded
shells of revolution .",1,1135,"limit analysis of symmetrically loaded thin shells
of revolution .",0.21852752174771375,False
141,"what analytical solutions are available for stresses in edge-loaded
shells of revolution .",2,1038,"on transverse vibrations of thin, shallow elastic shells .",0.19702424705718852,True
141,"what analytical solutions are available for stresses in edge-loaded
shells of revolution .",3,851,"energy expressions and differential equations for stress
and displacement analysis of arbitrary cylindrical
shells .",0.19128802133278805,False
141,"what analytical solutions are available for stresses in edge-loaded
shells of revolution .",4,843,"a simplified method of elastic stability analysis for
thin cylindrical shells .",0.1904546289612344,False
141,"what analytical solutions are available for stresses in edge-loaded
shells of revolution .",5,889,"a simplified method of elastic stability analysis for
thin cylindrical shells .",0.18066517716208086,False
141,"what analytical solutions are available for stresses in edge-loaded
shells of revolution .",6,1043,"on transverse vibrations of thin, shallow elastic shells .",0.18040251609394753,True
141,"what analytical solutions are available for stresses in edge-loaded
shells of revolution .",7,885,"buckling of thin cylindrical shells under hoop stresses
varying in axial direction .",0.16866038863037086,False
141,"what analytical solutions are available for stresses in edge-loaded
shells of revolution .",8,743,"new developments in the nonlinear theories of the buckling of thin
cylindrical shells .",0.16720582538229647,False
141,"what analytical solutions are available for stresses in edge-loaded
shells of revolution .",9,819,"stresses in the plastic range around a normally loaded
circular hole in an infinite sheet .",0.1662191906004454,False
141,"what analytical solutions are available for stresses in edge-loaded
shells of revolution .",10,735,"the bending of uniformly loaded sectorial plates with
clamped edges .",0.16347781340029227,False
142,"what dome contours minimize discontinuity stresses when used as closures
on cylindrical pressure vessels .",1,954,"analysis of stress at several junctions in pressurized
shells .",0.2045962163156336,False
142,"what dome contours minimize discontinuity stresses when used as closures
on cylindrical pressure vessels .",2,887,"buckling due to thermal stress of cylindrical shells
subjected to axial temperature distributions .",0.15020314724109346,False
142,"what dome contours minimize discontinuity stresses when used as closures
on cylindrical pressure vessels .",3,1125,"collapse by instability of thin cylindrical shells
under external pressure .",0.14490212492659796,False
142,"what dome contours minimize discontinuity stresses when used as closures
on cylindrical pressure vessels .",4,1175,"stresses from local loadings in cylindrical pressure
vessels .",0.14359799628218825,False
142,"what dome contours minimize discontinuity stresses when used as closures
on cylindrical pressure vessels .",5,827,"a nonlinear theory of bending and buckling of thin
elastic shallow spherical shells .",0.1382926005084152,False
142,"what dome contours minimize discontinuity stresses when used as closures
on cylindrical pressure vessels .",6,769,"local circumferential buckling of thin circular cylindrical
shells .",0.13255499593990108,False
142,"what dome contours minimize discontinuity stresses when used as closures
on cylindrical pressure vessels .",7,890,comments on 'thermal buckling of clamped cylindrical shells' .,0.12572646782000052,False
142,"what dome contours minimize discontinuity stresses when used as closures
on cylindrical pressure vessels .",8,885,"buckling of thin cylindrical shells under hoop stresses
varying in axial direction .",0.12137966525477448,False
142,"what dome contours minimize discontinuity stresses when used as closures
on cylindrical pressure vessels .",9,765,"clamped short oval cylindrical shells under hydrostatic
pressure .",0.11022514503275141,False
142,"what dome contours minimize discontinuity stresses when used as closures
on cylindrical pressure vessels .",10,935,"buckling of thin single- and multi-layer conical and cylindrical
shells with rotationally symmetric stresses .",0.10741477988893737,False
143,"what general solutions for the stresses in pressurized shells of
revolution are available .",1,1045,the bending strength of pressurized cylinders .,0.28651531495589033,False
143,"what general solutions for the stresses in pressurized shells of
revolution are available .",2,954,"analysis of stress at several junctions in pressurized
shells .",0.2861611379683781,False
143,"what general solutions for the stresses in pressurized shells of
revolution are available .",3,1043,"on transverse vibrations of thin, shallow elastic shells .",0.22014529888348017,True
143,"what general solutions for the stresses in pressurized shells of
revolution are available .",4,955,"the membrane approach to bending instability of pressureized
cylindrical shells .",0.2172404889403557,False
143,"what general solutions for the stresses in pressurized shells of
revolution are available .",5,1051,"the stability of thin-walled unstiffened circular cylinders
under axial compression including the effects of internal
pressure .",0.20115440176474772,False
143,"what general solutions for the stresses in pressurized shells of
revolution are available .",6,930,"general theory of large deflections of thin shells
with special applications to conical shells .",0.18088315123094015,False
143,"what general solutions for the stresses in pressurized shells of
revolution are available .",7,885,"buckling of thin cylindrical shells under hoop stresses
varying in axial direction .",0.1787187477921098,False
143,"what general solutions for the stresses in pressurized shells of
revolution are available .",8,843,"a simplified method of elastic stability analysis for
thin cylindrical shells .",0.17765084078525012,False
143,"what general solutions for the stresses in pressurized shells of
revolution are available .",9,839,"the bending stability of thin-- walled unstiffened
circular cylinders including the effects of internal
pressure .",0.17666627788066575,False
143,"what general solutions for the stresses in pressurized shells of
revolution are available .",10,889,"a simplified method of elastic stability analysis for
thin cylindrical shells .",0.17334765933797522,False
144,"can studies of pure membrane cylinders having no wall bending stiffness
but maintaining their shape by virtue of internal pressure provide any
insight into the behaviour of pressurized cylinders with finite wall
stiffness .",1,1045,the bending strength of pressurized cylinders .,0.403769960868711,True
144,"can studies of pure membrane cylinders having no wall bending stiffness
but maintaining their shape by virtue of internal pressure provide any
insight into the behaviour of pressurized cylinders with finite wall
stiffness .",2,955,"the membrane approach to bending instability of pressureized
cylindrical shells .",0.2845680294770511,False
144,"can studies of pure membrane cylinders having no wall bending stiffness
but maintaining their shape by virtue of internal pressure provide any
insight into the behaviour of pressurized cylinders with finite wall
stiffness .",3,763,"effects of internal pressure on the buckling of circular-cylindrical
shells under bending.",0.24481587765857324,True
144,"can studies of pure membrane cylinders having no wall bending stiffness
but maintaining their shape by virtue of internal pressure provide any
insight into the behaviour of pressurized cylinders with finite wall
stiffness .",4,839,"the bending stability of thin-- walled unstiffened
circular cylinders including the effects of internal
pressure .",0.2345944832050263,True
144,"can studies of pure membrane cylinders having no wall bending stiffness
but maintaining their shape by virtue of internal pressure provide any
insight into the behaviour of pressurized cylinders with finite wall
stiffness .",5,1046,the bending strength of pressurized cylinders .,0.2184917670146767,False
144,"can studies of pure membrane cylinders having no wall bending stiffness
but maintaining their shape by virtue of internal pressure provide any
insight into the behaviour of pressurized cylinders with finite wall
stiffness .",6,838,"bending and compression tests of pressurised ring-stiffened
cylinders .",0.21388838647796465,True
144,"can studies of pure membrane cylinders having no wall bending stiffness
but maintaining their shape by virtue of internal pressure provide any
insight into the behaviour of pressurized cylinders with finite wall
stiffness .",7,840,analysis of partly wrinkled membrane .,0.17852840969494696,True
144,"can studies of pure membrane cylinders having no wall bending stiffness
but maintaining their shape by virtue of internal pressure provide any
insight into the behaviour of pressurized cylinders with finite wall
stiffness .",8,1178,"buckling of ring-stiffened cylinders under a pure bending
moment and a nonuniform temperature distribution .",0.15815276332721248,False
144,"can studies of pure membrane cylinders having no wall bending stiffness
but maintaining their shape by virtue of internal pressure provide any
insight into the behaviour of pressurized cylinders with finite wall
stiffness .",9,1176,bending tests of ring-stiffened circular cylinders .,0.15196128263107,False
144,"can studies of pure membrane cylinders having no wall bending stiffness
but maintaining their shape by virtue of internal pressure provide any
insight into the behaviour of pressurized cylinders with finite wall
stiffness .",10,841,"on the bending of circular cylindrical shells under
pure bending .",0.14849185451613423,True
145,"what are the best experimental data and classical small deflection
theory analyses available for pressurized cylinders in bending .",1,1045,the bending strength of pressurized cylinders .,0.4837755374425793,True
145,"what are the best experimental data and classical small deflection
theory analyses available for pressurized cylinders in bending .",2,839,"the bending stability of thin-- walled unstiffened
circular cylinders including the effects of internal
pressure .",0.3100490261233184,True
145,"what are the best experimental data and classical small deflection
theory analyses available for pressurized cylinders in bending .",3,1046,the bending strength of pressurized cylinders .,0.30363208496670197,False
145,"what are the best experimental data and classical small deflection
theory analyses available for pressurized cylinders in bending .",4,1051,"the stability of thin-walled unstiffened circular cylinders
under axial compression including the effects of internal
pressure .",0.30073237571389644,False
145,"what are the best experimental data and classical small deflection
theory analyses available for pressurized cylinders in bending .",5,838,"bending and compression tests of pressurised ring-stiffened
cylinders .",0.2603897787227728,True
145,"what are the best experimental data and classical small deflection
theory analyses available for pressurized cylinders in bending .",6,763,"effects of internal pressure on the buckling of circular-cylindrical
shells under bending.",0.25816795496128075,True
145,"what are the best experimental data and classical small deflection
theory analyses available for pressurized cylinders in bending .",7,955,"the membrane approach to bending instability of pressureized
cylindrical shells .",0.2208138491088182,False
145,"what are the best experimental data and classical small deflection
theory analyses available for pressurized cylinders in bending .",8,1118,elastic stability of orthotropic shells .,0.19283674698340517,False
145,"what are the best experimental data and classical small deflection
theory analyses available for pressurized cylinders in bending .",9,1176,bending tests of ring-stiffened circular cylinders .,0.1718977676949735,False
145,"what are the best experimental data and classical small deflection
theory analyses available for pressurized cylinders in bending .",10,1048,a small deflection theory for curved sandwich plates .,0.1661188433884546,False
146,"does a membrane theory exist by which the behaviour of pressurized
membrane cylinders in bending can be predicted .",1,1045,the bending strength of pressurized cylinders .,0.598450146449878,True
146,"does a membrane theory exist by which the behaviour of pressurized
membrane cylinders in bending can be predicted .",2,955,"the membrane approach to bending instability of pressureized
cylindrical shells .",0.4304475220201487,False
146,"does a membrane theory exist by which the behaviour of pressurized
membrane cylinders in bending can be predicted .",3,840,analysis of partly wrinkled membrane .,0.26987249842909466,True
146,"does a membrane theory exist by which the behaviour of pressurized
membrane cylinders in bending can be predicted .",4,1046,the bending strength of pressurized cylinders .,0.251025148950695,False
146,"does a membrane theory exist by which the behaviour of pressurized
membrane cylinders in bending can be predicted .",5,641,"reduction of the clamped plate to two membrane problems
with an application to uniformly loaded sectors .",0.24700301207240016,False
146,"does a membrane theory exist by which the behaviour of pressurized
membrane cylinders in bending can be predicted .",6,839,"the bending stability of thin-- walled unstiffened
circular cylinders including the effects of internal
pressure .",0.22087241249182218,False
146,"does a membrane theory exist by which the behaviour of pressurized
membrane cylinders in bending can be predicted .",7,763,"effects of internal pressure on the buckling of circular-cylindrical
shells under bending.",0.19033247933856728,False
146,"does a membrane theory exist by which the behaviour of pressurized
membrane cylinders in bending can be predicted .",8,730,on the bending of a clamped plate .,0.18877225556022129,False
146,"does a membrane theory exist by which the behaviour of pressurized
membrane cylinders in bending can be predicted .",9,838,"bending and compression tests of pressurised ring-stiffened
cylinders .",0.1840226608707429,False
146,"does a membrane theory exist by which the behaviour of pressurized
membrane cylinders in bending can be predicted .",10,854,"boundary-value problems of the thin-walled circular
cylinder .",0.17634496456568344,False
147,"what are the equations which define the stability of simply supported
corrugated core sandwich cylinders .",1,956,"elastic stability of simply supported corrugated core
sand- wich cylinders .",0.539503193014396,False
147,"what are the equations which define the stability of simply supported
corrugated core sandwich cylinders .",2,1050,"compressive buckling of simply supported curved plates
and cylinders of sandwich construction .",0.5331896994229313,True
147,"what are the equations which define the stability of simply supported
corrugated core sandwich cylinders .",3,1049,elastic constants for corrugated core sandwich plates .,0.3869913830115396,True
147,"what are the equations which define the stability of simply supported
corrugated core sandwich cylinders .",4,1358,"compressive buckling of simply supported plates with
transverse stiffeners .",0.23490903657113468,False
147,"what are the equations which define the stability of simply supported
corrugated core sandwich cylinders .",5,1128,face wrinkling and core strength in sandwich construction .,0.20532410735199833,False
147,"what are the equations which define the stability of simply supported
corrugated core sandwich cylinders .",6,843,"a simplified method of elastic stability analysis for
thin cylindrical shells .",0.20346686788608087,True
147,"what are the equations which define the stability of simply supported
corrugated core sandwich cylinders .",7,761,buckling of sandwich under normal pressure .,0.19530093971072876,False
147,"what are the equations which define the stability of simply supported
corrugated core sandwich cylinders .",8,1171,"the stability under axial compression and lateral pressure
of circular cylindrical shells with a soft elastic
core .",0.1881995367068702,False
147,"what are the equations which define the stability of simply supported
corrugated core sandwich cylinders .",9,1145,"buckling of core-stabilized cylinders under axisymmetric external
loads .",0.17554267811092703,False
147,"what are the equations which define the stability of simply supported
corrugated core sandwich cylinders .",10,1357,"compressive buckling of simply supplorted plates with
longitudinal stiffeners .",0.17109196549279626,False
148,papers on small deflection theory for buckling of sandwich cylinders .,1,1048,a small deflection theory for curved sandwich plates .,0.460761410382082,True
148,papers on small deflection theory for buckling of sandwich cylinders .,2,1050,"compressive buckling of simply supported curved plates
and cylinders of sandwich construction .",0.30844316683064676,True
148,papers on small deflection theory for buckling of sandwich cylinders .,3,956,"elastic stability of simply supported corrugated core
sand- wich cylinders .",0.306740728317569,False
148,papers on small deflection theory for buckling of sandwich cylinders .,4,761,buckling of sandwich under normal pressure .,0.27729155956316587,False
148,papers on small deflection theory for buckling of sandwich cylinders .,5,1126,"an engineer's conceptual approach to the buckling of
cylindrical shell (axial loading) .",0.24438802074705046,False
148,papers on small deflection theory for buckling of sandwich cylinders .,6,1146,thermal buckling of cylinders .,0.22108263138380302,False
148,papers on small deflection theory for buckling of sandwich cylinders .,7,1069,"design and testing of honeycomb sandwich cylinders
under axial compression .",0.21623856825861537,False
148,papers on small deflection theory for buckling of sandwich cylinders .,8,763,"effects of internal pressure on the buckling of circular-cylindrical
shells under bending.",0.21308796344230274,False
148,papers on small deflection theory for buckling of sandwich cylinders .,9,826,small bending and stretching of sandwich type shells .,0.2001849936569065,False
148,papers on small deflection theory for buckling of sandwich cylinders .,10,739,"the buckling of thin cylindrical shells under axial
compression .",0.19134922229345303,False
149,"has anyone developed an analysis which accurately establishes the large
deflection behaviour of conical shells .",1,930,"general theory of large deflections of thin shells
with special applications to conical shells .",0.270452114086639,True
149,"has anyone developed an analysis which accurately establishes the large
deflection behaviour of conical shells .",2,926,"post buckling behaviour of circular cylinderical shells
under hydrostatic pressure .",0.2361458699150321,False
149,"has anyone developed an analysis which accurately establishes the large
deflection behaviour of conical shells .",3,1070,buckling of orthotropic and stiffened conical shells .,0.23145753419304818,False
149,"has anyone developed an analysis which accurately establishes the large
deflection behaviour of conical shells .",4,931,stability equations for conical shells .,0.21654614955368917,True
149,"has anyone developed an analysis which accurately establishes the large
deflection behaviour of conical shells .",5,898,"a survey of buckling theory and experiment for circular
conical shells of constant thickness .",0.2026791855444005,False
149,"has anyone developed an analysis which accurately establishes the large
deflection behaviour of conical shells .",6,741,"the behaviour of thin cylindrical shells after buckling
under axial compression .",0.17862284662984315,False
149,"has anyone developed an analysis which accurately establishes the large
deflection behaviour of conical shells .",7,935,"buckling of thin single- and multi-layer conical and cylindrical
shells with rotationally symmetric stresses .",0.17727302152039276,False
149,"has anyone developed an analysis which accurately establishes the large
deflection behaviour of conical shells .",8,1058,the conical disk spring .,0.16517400814289357,True
149,"has anyone developed an analysis which accurately establishes the large
deflection behaviour of conical shells .",9,937,on the buckling of truncated conical shells in torsion .,0.16251299766316057,True
149,"has anyone developed an analysis which accurately establishes the large
deflection behaviour of conical shells .",10,802,"the behaviour of supersonic flow past a body of revolution
far from the axis .",0.15337837349105232,False
15,material properties of photoelastic materials .,1,462,photo-thermoelasticity .,0.23722783088957494,True
15,material properties of photoelastic materials .,2,761,buckling of sandwich under normal pressure .,0.16245583508754963,False
15,material properties of photoelastic materials .,3,463,"physical properties of plastics for photo-thermoelastic
investigation .",0.15851633085164568,True
15,material properties of photoelastic materials .,4,553,"ablation of glassy materials around blunt bodies of
revolution .",0.15734041096832094,False
15,material properties of photoelastic materials .,5,1098,"an experimental investigation of ablating material
at low and high enthalpy potentials .",0.1400685685446589,False
15,material properties of photoelastic materials .,6,1097,experimental ablation cooling .,0.136612722941494,False
15,material properties of photoelastic materials .,7,1117,"stability of orthotropic cylindrical shells under combined
loading .",0.12922922174342968,False
15,material properties of photoelastic materials .,8,1096,"qualitative measurements of the effective heats of
ablation of several materials in supersonic air jets
at stagnation temperature up to 11,000 f.",0.12815785810488206,False
15,material properties of photoelastic materials .,9,1099,a theoretical study of stagnation point ablation .,0.12280876078478091,False
15,material properties of photoelastic materials .,10,866,regularities in creep and hot fatigue data .,0.1199204670570321,False
150,"what is the magnitude of second-order wing-body interference
at high supersonic mach number .",1,1062,"an experimental and theoretical investigation of second-order
wing-body interference at high mach number .",0.5578083096519579,False
150,"what is the magnitude of second-order wing-body interference
at high supersonic mach number .",2,1074,"theoretical and experimental investigation of second-order supersonic
wing-body interference .",0.43287071558201873,True
150,"what is the magnitude of second-order wing-body interference
at high supersonic mach number .",3,1075,"an experimental and theoretical investigation of second-order supersonic
 wing-body interference, for a non-lifting body with wings at incidence .",0.3914138344797554,True
150,"what is the magnitude of second-order wing-body interference
at high supersonic mach number .",4,1243,supersonic boom of wing-body configurations .,0.2713323172044236,False
150,"what is the magnitude of second-order wing-body interference
at high supersonic mach number .",5,923,"methods for estimating lift interference of wing-body
combinations at supersonic speeds .",0.2542504150706409,False
150,"what is the magnitude of second-order wing-body interference
at high supersonic mach number .",6,970,"loads induced on a flat plate wing by an air jet exhausting
perpendicularly through the wing and normal to a free-stream flow of mach
number 2.0 .",0.21243786040681809,False
150,"what is the magnitude of second-order wing-body interference
at high supersonic mach number .",7,1259,"second-order theory for unsteady supersonic flow past
slender pointed bodies of revolution .",0.20820522113077175,False
150,"what is the magnitude of second-order wing-body interference
at high supersonic mach number .",8,924,"a method for calculating the lift and centre of pressure
of wing-body-tail combinations at subsonic, transonic
speeds .",0.205898232255524,False
150,"what is the magnitude of second-order wing-body interference
at high supersonic mach number .",9,803,"the shock pattern of a wing-body combination far from
the flight path .",0.20147080098590273,False
150,"what is the magnitude of second-order wing-body interference
at high supersonic mach number .",10,610,corner interference effects .,0.1912210570691349,False
151,"what is the best theoretical method for calculating pressure on the
surface of a wing alone .",1,783,"a method for calculating the subsonic steady-state loading on an
airplane with a wing of arbitrary planform and stiffness .",0.1675626223760194,False
151,"what is the best theoretical method for calculating pressure on the
surface of a wing alone .",2,924,"a method for calculating the lift and centre of pressure
of wing-body-tail combinations at subsonic, transonic
speeds .",0.16202123370155655,False
151,"what is the best theoretical method for calculating pressure on the
surface of a wing alone .",3,1262,"an extension of the linearized characteristics method
for calculating the supersonic flow around elliptic
cones .",0.16176268073573605,False
151,"what is the best theoretical method for calculating pressure on the
surface of a wing alone .",4,676,"a simple method for calculating the span and chordwise loading on
straight and swept wings of any aspect ratio at subsonic speeds .",0.16162017597145364,False
151,"what is the best theoretical method for calculating pressure on the
surface of a wing alone .",5,52,"procedure for calculating flutter at high supersonic
speed including camber deflections, and comparison
with experimental results .",0.16033639537712902,False
151,"what is the best theoretical method for calculating pressure on the
surface of a wing alone .",6,1266,minimum wing wave drag with volume constraint .,0.14595819508999885,False
151,"what is the best theoretical method for calculating pressure on the
surface of a wing alone .",7,1062,"an experimental and theoretical investigation of second-order
wing-body interference at high mach number .",0.14444998937142214,False
151,"what is the best theoretical method for calculating pressure on the
surface of a wing alone .",8,1185,"an integral method for calculating heat and mass transfer
in laminar boundary layers .",0.14118372681821287,False
151,"what is the best theoretical method for calculating pressure on the
surface of a wing alone .",9,433,"application of two dimensional vortex theory to the
prediction of flow fields behind wings of wing-body
combinations at subsonic and supersonic speeds .",0.1361835136759803,False
151,"what is the best theoretical method for calculating pressure on the
surface of a wing alone .",10,101,"laminar heat transfer over blunt-nosed bodies at hypersonic flight
speeds .",0.13362393917847526,False
152,"how can the effect of the boundary-layer on wing pressure be calculated,
and what is its magnitude .",1,671,"pressure and boundary-layer measurements on a two dimensional wing at
low speed .",0.28812547101378544,False
152,"how can the effect of the boundary-layer on wing pressure be calculated,
and what is its magnitude .",2,1225,"the effect of adverse pressure gradients on the characteristics of
turbulent boundary layers in supersonic streams .",0.19543881678315936,False
152,"how can the effect of the boundary-layer on wing pressure be calculated,
and what is its magnitude .",3,3,the boundary layer in simple shear flow past a flat plate .,0.1950537658434525,False
152,"how can the effect of the boundary-layer on wing pressure be calculated,
and what is its magnitude .",4,333,"boundary-layer interaction on a yawed infinite wing in hypersonic
flow .",0.1950152161771559,False
152,"how can the effect of the boundary-layer on wing pressure be calculated,
and what is its magnitude .",5,4,"approximate solutions of the incompressible laminar
boundary layer equations for a plate in shear flow .",0.18235901728290863,False
152,"how can the effect of the boundary-layer on wing pressure be calculated,
and what is its magnitude .",6,1076,"an approximate method for determining the displacement effects and
viscous drag of laminar boundary layers in two-dimensional hypersonic
flow .",0.1802352471779405,True
152,"how can the effect of the boundary-layer on wing pressure be calculated,
and what is its magnitude .",7,547,boundary layer characteristics of caret wings .,0.17821685673477025,False
152,"how can the effect of the boundary-layer on wing pressure be calculated,
and what is its magnitude .",8,1062,"an experimental and theoretical investigation of second-order
wing-body interference at high mach number .",0.17176158134745,False
152,"how can the effect of the boundary-layer on wing pressure be calculated,
and what is its magnitude .",9,324,"vorticity effect on the stagnation point flow of a viscous
incompressible fluid .",0.1620680114231635,False
152,"how can the effect of the boundary-layer on wing pressure be calculated,
and what is its magnitude .",10,133,"some effects of surface curvature on laminar boundary
layer flow .",0.16110769723826585,False
153,how should the navier-stokes difference equations be solved .,1,1063,"on obtaining solutions to the navier-stokes equations
with high speed digital computers .",0.45773447279400015,False
153,how should the navier-stokes difference equations be solved .,2,1085,"note on the convergence of numerical solutions of the navier-stokes
equations .",0.36824615533195,True
153,how should the navier-stokes difference equations be solved .,3,1081,"numerical solution of the navier-stokes equations for the flow around a
circular cylinder at reynolds number 40 .",0.3301156937290895,True
153,how should the navier-stokes difference equations be solved .,4,228,navier-stokes solutions at large distances from a finite body .,0.2548223696446291,False
153,how should the navier-stokes difference equations be solved .,5,1082,"the flow past pitot tube at low reynolds numbers, part 1-dash the
numerical solution of the navier-stokes equations for steady viscous
axisymmetric flow, part 2-dash the effects of viscosity and orifice
size on a pitot tube at low reynolds numbers .",0.24713605330606692,True
153,how should the navier-stokes difference equations be solved .,6,393,the shear flow along a flat plate with uniform suction .,0.2295463358852543,False
153,how should the navier-stokes difference equations be solved .,7,394,"the viscous flow near a stagnation point when the external flow has
uniform vorticity .",0.1985949701549875,False
153,how should the navier-stokes difference equations be solved .,8,323,"vorticity interaction at an axisymmetric stagnation
point in a viscous incompressible fluid .",0.19811092878477105,False
153,how should the navier-stokes difference equations be solved .,9,117,the motion of a viscous liquid past a paraboloid .,0.19261590679889998,False
153,how should the navier-stokes difference equations be solved .,10,551,"analysis of a loaded cantilever plate by finite difference
methods .",0.1842151872729224,False
154,"which  iterative method for solving linear elliptic
difference equations is most rapidly convergent .",1,1088,"iterative methods for solving partial difference equations of elliptic
type .",0.33142190643175123,True
154,"which  iterative method for solving linear elliptic
difference equations is most rapidly convergent .",2,1054,"iterative solutions for the non-linear bending of circular
plates .",0.2864984973999199,False
154,"which  iterative method for solving linear elliptic
difference equations is most rapidly convergent .",3,1086,"a note on the numerical solution of fourth order differential
equations .",0.24634763730414386,False
154,"which  iterative method for solving linear elliptic
difference equations is most rapidly convergent .",4,1055,non-linear bending and buckling of circular plates .,0.23197252362744913,False
154,"which  iterative method for solving linear elliptic
difference equations is most rapidly convergent .",5,111,"the laminar boundary layer equation: a method of solution
by means of an automatic computer .",0.21759073781116134,False
154,"which  iterative method for solving linear elliptic
difference equations is most rapidly convergent .",6,1087,"convergence rates of iterative treatments of partial differential
equations .",0.1829955827130001,True
154,"which  iterative method for solving linear elliptic
difference equations is most rapidly convergent .",7,1063,"on obtaining solutions to the navier-stokes equations
with high speed digital computers .",0.17220277320361516,False
154,"which  iterative method for solving linear elliptic
difference equations is most rapidly convergent .",8,1262,"an extension of the linearized characteristics method
for calculating the supersonic flow around elliptic
cones .",0.16717198944501452,False
154,"which  iterative method for solving linear elliptic
difference equations is most rapidly convergent .",9,551,"analysis of a loaded cantilever plate by finite difference
methods .",0.13809438686338626,False
154,"which  iterative method for solving linear elliptic
difference equations is most rapidly convergent .",10,1362,"non-linear analysis of heated, cambered wings by the matrix force
method .",0.12720702704814707,False
155,technical report on measurement of ablation during flight .,1,1101,a sensor for obtaining ablation rates .,0.24926489264157559,True
155,technical report on measurement of ablation during flight .,2,1099,a theoretical study of stagnation point ablation .,0.2246314410741332,True
155,technical report on measurement of ablation during flight .,3,1065,"a free-flight investigation of ablation of a blunt
body to a mach number of 13 .1.",0.18985900798324643,False
155,technical report on measurement of ablation during flight .,4,553,"ablation of glassy materials around blunt bodies of
revolution .",0.1726854010760082,False
155,technical report on measurement of ablation during flight .,5,1100,an analytical investigation of ablation .,0.16275659216126034,True
155,technical report on measurement of ablation during flight .,6,1097,experimental ablation cooling .,0.13966842507392682,False
155,technical report on measurement of ablation during flight .,7,238,"on a determination of the pitot-static tube factor
at low reynolds numbers, with special reference to
the measurement of low air speeds .",0.13960440561071755,False
155,technical report on measurement of ablation during flight .,8,804,a flight test investigation of the sonic boom .,0.13495557797494764,False
155,technical report on measurement of ablation during flight .,9,1096,"qualitative measurements of the effective heats of
ablation of several materials in supersonic air jets
at stagnation temperature up to 11,000 f.",0.12997990203851645,False
155,technical report on measurement of ablation during flight .,10,598,new test techniques for a hypervelocity wind tunnel .,0.12928015016787,False
156,"what qualitative and quantitative material is available on ablation
materials research .",1,1096,"qualitative measurements of the effective heats of
ablation of several materials in supersonic air jets
at stagnation temperature up to 11,000 f.",0.28951432621255563,True
156,"what qualitative and quantitative material is available on ablation
materials research .",2,1099,a theoretical study of stagnation point ablation .,0.261187913089144,True
156,"what qualitative and quantitative material is available on ablation
materials research .",3,553,"ablation of glassy materials around blunt bodies of
revolution .",0.2595294104434012,True
156,"what qualitative and quantitative material is available on ablation
materials research .",4,1097,experimental ablation cooling .,0.23212974296965153,True
156,"what qualitative and quantitative material is available on ablation
materials research .",5,1065,"a free-flight investigation of ablation of a blunt
body to a mach number of 13 .1.",0.22277436611050425,False
156,"what qualitative and quantitative material is available on ablation
materials research .",6,1098,"an experimental investigation of ablating material
at low and high enthalpy potentials .",0.1983636786973985,True
156,"what qualitative and quantitative material is available on ablation
materials research .",7,1100,an analytical investigation of ablation .,0.19414762231385915,True
156,"what qualitative and quantitative material is available on ablation
materials research .",8,1101,a sensor for obtaining ablation rates .,0.13824116909415987,True
156,"what qualitative and quantitative material is available on ablation
materials research .",9,761,buckling of sandwich under normal pressure .,0.1364407975114475,False
156,"what qualitative and quantitative material is available on ablation
materials research .",10,1279,sublimation in a hypersonic environment .,0.13454292862376085,False
157,"have flow fields been calculated for blunt-nosed bodies and compared
with experiment for a wide range of free stream conditions and body
shapes .",1,1006,free-flight measurements of the static and dynamic .,0.36412744317515977,False
157,"have flow fields been calculated for blunt-nosed bodies and compared
with experiment for a wide range of free stream conditions and body
shapes .",2,1377,"theoretical investigation of the flow field about blunt
nosed bodies in supersonic flight .",0.25515243850194597,False
157,"have flow fields been calculated for blunt-nosed bodies and compared
with experiment for a wide range of free stream conditions and body
shapes .",3,556,"numerical comparison between exact and approximate
theories of hypersonic inviscid flow past slender blunt
nosed bodies .",0.24823269477844842,True
157,"have flow fields been calculated for blunt-nosed bodies and compared
with experiment for a wide range of free stream conditions and body
shapes .",4,318,inviscid hypersonic flow past blunt bodies .,0.24481699470243345,True
157,"have flow fields been calculated for blunt-nosed bodies and compared
with experiment for a wide range of free stream conditions and body
shapes .",5,1393,"heat transfer near the forward stagnation point of
a body of revolution .",0.23262112529728274,False
157,"have flow fields been calculated for blunt-nosed bodies and compared
with experiment for a wide range of free stream conditions and body
shapes .",6,456,"a study of flow fields about some typical blunt-nosed
slender bodies .",0.22580825846039035,True
157,"have flow fields been calculated for blunt-nosed bodies and compared
with experiment for a wide range of free stream conditions and body
shapes .",7,160,"approximate analytical solutions for hypersonic flow
past slender power-law bodies .",0.21795820243243685,True
157,"have flow fields been calculated for blunt-nosed bodies and compared
with experiment for a wide range of free stream conditions and body
shapes .",8,372,"an experimental investigation of flow about simple
blunt bodies at a nominal mach number of 5. 8.",0.21441618344825653,True
157,"have flow fields been calculated for blunt-nosed bodies and compared
with experiment for a wide range of free stream conditions and body
shapes .",9,498,"calculation of potential flow about bodies of revolution
having axes perpendicular to the free-stream direction .",0.20098934608462513,False
157,"have flow fields been calculated for blunt-nosed bodies and compared
with experiment for a wide range of free stream conditions and body
shapes .",10,369,"an approximate solution of the supersonic blunt body
problem for prescribed arbitrary axisymmetric shapes .",0.19618348133121263,True
158,what are the available properties of high-temperature air .,1,302,"approximations for the thermodynamic and transport properties of high
temperature air .",0.2837722511165896,True
158,what are the available properties of high-temperature air .,2,949,"charts for equilibrium flow properties of air in
hyper-velocity nozzles .",0.20617851756309138,False
158,what are the available properties of high-temperature air .,3,405,tables of thermal properties of gases .,0.18809201748891027,False
158,what are the available properties of high-temperature air .,4,552,chemical kinetics of high temperature air .,0.1745222801081081,True
158,what are the available properties of high-temperature air .,5,1269,a study of supersonic combustion .,0.16477733941522607,False
158,what are the available properties of high-temperature air .,6,328,"the boundary layer near the stagnation point in hypersonic
flow past a sphere .",0.1595664689147112,False
158,what are the available properties of high-temperature air .,7,1230,"hypersonic nozzle expansion of air with atom recombination
present .",0.15471520286033782,False
158,what are the available properties of high-temperature air .,8,691,"calculation procedure for thermodynamic transport, and flow properties
of the combustion products of a hydrocarbon fuel mixture burned in air
with results for ethylene-air and methane-air mixtures .",0.1542081905521065,False
158,what are the available properties of high-temperature air .,9,524,"stagnation point heat transfer in partially ionized
air .",0.15243434486651772,False
158,what are the available properties of high-temperature air .,10,1010,free-flight measurements of the static and dynamic .,0.15159811646749097,True
159,"what is the magnitude of aerodynamic damping in flexible vibration modes
of a slender body of revolution characteristic of launch vehicles .",1,1066,"wind tunnel measurements of aerodynamic damping derivatives
of a launch vehicle vibrating in free-free bending
modes at mach numbers from 0. 70 to 2. 87 and comparisons
with theory .",0.322459425954785,False
159,"what is the magnitude of aerodynamic damping in flexible vibration modes
of a slender body of revolution characteristic of launch vehicles .",2,1197,"unsteady aerodynamic forces on slender supersonic aircraft
with flexible wings and bodies .",0.22787879716544385,False
159,"what is the magnitude of aerodynamic damping in flexible vibration modes
of a slender body of revolution characteristic of launch vehicles .",3,1112,"unsteady aerodynamic forces on a slender body of revolution
in supersonic flow .",0.18448966676275397,True
159,"what is the magnitude of aerodynamic damping in flexible vibration modes
of a slender body of revolution characteristic of launch vehicles .",4,1259,"second-order theory for unsteady supersonic flow past
slender pointed bodies of revolution .",0.15975198415857342,False
159,"what is the magnitude of aerodynamic damping in flexible vibration modes
of a slender body of revolution characteristic of launch vehicles .",5,1293,design of stiffened cylinders in axial compression .,0.15496587992757951,False
159,"what is the magnitude of aerodynamic damping in flexible vibration modes
of a slender body of revolution characteristic of launch vehicles .",6,326,"forst-order slip effects on the compressible laminar
boundary layer over a slender body of revolution in
axial flow .",0.14019451142890618,False
159,"what is the magnitude of aerodynamic damping in flexible vibration modes
of a slender body of revolution characteristic of launch vehicles .",7,52,"procedure for calculating flutter at high supersonic
speed including camber deflections, and comparison
with experimental results .",0.13851693926471215,False
159,"what is the magnitude of aerodynamic damping in flexible vibration modes
of a slender body of revolution characteristic of launch vehicles .",8,716,"study of the oscillatory motion of manned vehicles
entering the earth's atmosphere .",0.13553003322334636,False
159,"what is the magnitude of aerodynamic damping in flexible vibration modes
of a slender body of revolution characteristic of launch vehicles .",9,846,"on the vibration of thin cylindrical shells under internal
pressure .",0.13252460340373629,False
159,"what is the magnitude of aerodynamic damping in flexible vibration modes
of a slender body of revolution characteristic of launch vehicles .",10,801,"experimental study of the equivalence of transonic
flow about slender cone-cylinders of circular and elliptic
cross section .",0.1299819520694348,False
16,"can the transverse potential flow about a body of revolution be
calculated efficiently by an electronic computer .",1,106,the transverse potential flow past a body of revolution .,0.3751828821327627,True
16,"can the transverse potential flow about a body of revolution be
calculated efficiently by an electronic computer .",2,498,"calculation of potential flow about bodies of revolution
having axes perpendicular to the free-stream direction .",0.3720898438498836,False
16,"can the transverse potential flow about a body of revolution be
calculated efficiently by an electronic computer .",3,326,"forst-order slip effects on the compressible laminar
boundary layer over a slender body of revolution in
axial flow .",0.1959197340007911,False
16,"can the transverse potential flow about a body of revolution be
calculated efficiently by an electronic computer .",4,93,the supersonic blunt body problem - review and extensions .,0.19298114630661597,False
16,"can the transverse potential flow about a body of revolution be
calculated efficiently by an electronic computer .",5,494,"axisymmetric viscous flow plast very slender bodies
of revolution .",0.17035670703557854,False
16,"can the transverse potential flow about a body of revolution be
calculated efficiently by an electronic computer .",6,1301,compressible boundary layers on bodies of revolution .,0.16373314638395597,False
16,"can the transverse potential flow about a body of revolution be
calculated efficiently by an electronic computer .",7,1006,free-flight measurements of the static and dynamic .,0.1634043574420772,False
16,"can the transverse potential flow about a body of revolution be
calculated efficiently by an electronic computer .",8,528,"first-order slip effects on the laminar boundary layer over a slender
body of revolution with zero pressure gradient .",0.1633445463407497,False
16,"can the transverse potential flow about a body of revolution be
calculated efficiently by an electronic computer .",9,803,"the shock pattern of a wing-body combination far from
the flight path .",0.15649398695303174,False
16,"can the transverse potential flow about a body of revolution be
calculated efficiently by an electronic computer .",10,814,stability derivatives of cones at supersonic speeds .,0.14737760423531823,False
160,"compressive circumferential stresses in a torispherical shell reveal
the possibility of buckling under internal pressure . has anyone
investigated for which ranges of shell parameters these stresses are
sufficiently large to cause elastic buckling .",1,1071,"stability of thin torispherical shells under uniform
internal pressure .",0.39583522431091483,False
160,"compressive circumferential stresses in a torispherical shell reveal
the possibility of buckling under internal pressure . has anyone
investigated for which ranges of shell parameters these stresses are
sufficiently large to cause elastic buckling .",2,885,"buckling of thin cylindrical shells under hoop stresses
varying in axial direction .",0.28899385217211015,False
160,"compressive circumferential stresses in a torispherical shell reveal
the possibility of buckling under internal pressure . has anyone
investigated for which ranges of shell parameters these stresses are
sufficiently large to cause elastic buckling .",3,890,comments on 'thermal buckling of clamped cylindrical shells' .,0.26430779499963364,False
160,"compressive circumferential stresses in a torispherical shell reveal
the possibility of buckling under internal pressure . has anyone
investigated for which ranges of shell parameters these stresses are
sufficiently large to cause elastic buckling .",4,769,"local circumferential buckling of thin circular cylindrical
shells .",0.24333039683176638,False
160,"compressive circumferential stresses in a torispherical shell reveal
the possibility of buckling under internal pressure . has anyone
investigated for which ranges of shell parameters these stresses are
sufficiently large to cause elastic buckling .",5,887,"buckling due to thermal stress of cylindrical shells
subjected to axial temperature distributions .",0.20768346365261367,False
160,"compressive circumferential stresses in a torispherical shell reveal
the possibility of buckling under internal pressure . has anyone
investigated for which ranges of shell parameters these stresses are
sufficiently large to cause elastic buckling .",6,1134,torispherical shells - a caution to designers .,0.1986792877276899,True
160,"compressive circumferential stresses in a torispherical shell reveal
the possibility of buckling under internal pressure . has anyone
investigated for which ranges of shell parameters these stresses are
sufficiently large to cause elastic buckling .",7,1146,thermal buckling of cylinders .,0.19640014072325812,False
160,"compressive circumferential stresses in a torispherical shell reveal
the possibility of buckling under internal pressure . has anyone
investigated for which ranges of shell parameters these stresses are
sufficiently large to cause elastic buckling .",8,740,"the behaviour of a cylindrical shell under axial compression
when the buckling load has been exceeded .",0.18770772494957477,False
160,"compressive circumferential stresses in a torispherical shell reveal
the possibility of buckling under internal pressure . has anyone
investigated for which ranges of shell parameters these stresses are
sufficiently large to cause elastic buckling .",9,1126,"an engineer's conceptual approach to the buckling of
cylindrical shell (axial loading) .",0.18464552967273282,False
160,"compressive circumferential stresses in a torispherical shell reveal
the possibility of buckling under internal pressure . has anyone
investigated for which ranges of shell parameters these stresses are
sufficiently large to cause elastic buckling .",10,1172,"elastic stability of circular cylindrical shells stabilized
by a soft elastic core .",0.17332688789604656,False
161,"is there an integral method to give a single and sufficiently accurate
method of calculating the laminar separate point for various
incompressible and compressible boundary layers with zero heat transfer .",1,1386,"analysis and calculation by integral methods of laminar
compressible boundary layer with heat transfer and
with and without pressure gradient .",0.3302627862842711,True
161,"is there an integral method to give a single and sufficiently accurate
method of calculating the laminar separate point for various
incompressible and compressible boundary layers with zero heat transfer .",2,1185,"an integral method for calculating heat and mass transfer
in laminar boundary layers .",0.28385230824958896,False
161,"is there an integral method to give a single and sufficiently accurate
method of calculating the laminar separate point for various
incompressible and compressible boundary layers with zero heat transfer .",3,54,"method for calculation of compressible laminar boundary
layer characteristics in axial pressure gradient with
zero heat transfer .",0.267489839610391,True
161,"is there an integral method to give a single and sufficiently accurate
method of calculating the laminar separate point for various
incompressible and compressible boundary layers with zero heat transfer .",4,460,"correlated incompressible and compressible boundary
layers .",0.26009435704735956,False
161,"is there an integral method to give a single and sufficiently accurate
method of calculating the laminar separate point for various
incompressible and compressible boundary layers with zero heat transfer .",5,1192,"an integral method for calculation of supersonic laminar
boundary layer with heat transfer on yawed cone .",0.24864849636212233,False
161,"is there an integral method to give a single and sufficiently accurate
method of calculating the laminar separate point for various
incompressible and compressible boundary layers with zero heat transfer .",6,55,"separation, stability and other properties of compressible
laminar boundary layer with pressure gradient and heat
transfer .",0.2392582004021993,True
161,"is there an integral method to give a single and sufficiently accurate
method of calculating the laminar separate point for various
incompressible and compressible boundary layers with zero heat transfer .",7,539,"local heat transfer to a yawed, infite, circular cylinder
in laminar compressible flow .",0.21333216723313156,False
161,"is there an integral method to give a single and sufficiently accurate
method of calculating the laminar separate point for various
incompressible and compressible boundary layers with zero heat transfer .",8,145,"skin friction in the laminar boundary layer in compressible
flow .",0.20718044466279462,False
161,"is there an integral method to give a single and sufficiently accurate
method of calculating the laminar separate point for various
incompressible and compressible boundary layers with zero heat transfer .",9,435,"application of similar solutions to calculations of
laminar heat transfer on bodies with yaw and large
pressure gradients in high speed flow .",0.1895244204261316,False
161,"is there an integral method to give a single and sufficiently accurate
method of calculating the laminar separate point for various
incompressible and compressible boundary layers with zero heat transfer .",10,784,"heat transfer through the laminar boundary layer on
a circular cylinder in axial incompressible flow .",0.18794282583266697,False
162,"what accurate or exact solutions of the laminar separation point for
various incompressible and compressible boundary layers with zero heat
transfer are available .",1,460,"correlated incompressible and compressible boundary
layers .",0.3466553369435772,True
162,"what accurate or exact solutions of the laminar separation point for
various incompressible and compressible boundary layers with zero heat
transfer are available .",2,55,"separation, stability and other properties of compressible
laminar boundary layer with pressure gradient and heat
transfer .",0.3448409789048593,False
162,"what accurate or exact solutions of the laminar separation point for
various incompressible and compressible boundary layers with zero heat
transfer are available .",3,559,"heat transfer at the forward stagnation point of blunt
bodies .",0.2803320359971484,False
162,"what accurate or exact solutions of the laminar separation point for
various incompressible and compressible boundary layers with zero heat
transfer are available .",4,1386,"analysis and calculation by integral methods of laminar
compressible boundary layer with heat transfer and
with and without pressure gradient .",0.2773537162015049,False
162,"what accurate or exact solutions of the laminar separation point for
various incompressible and compressible boundary layers with zero heat
transfer are available .",5,461,"approximate methods fore predicting separation properties
of laminar boundary layers .",0.2659352227072057,True
162,"what accurate or exact solutions of the laminar separation point for
various incompressible and compressible boundary layers with zero heat
transfer are available .",6,145,"skin friction in the laminar boundary layer in compressible
flow .",0.2513169557294373,False
162,"what accurate or exact solutions of the laminar separation point for
various incompressible and compressible boundary layers with zero heat
transfer are available .",7,54,"method for calculation of compressible laminar boundary
layer characteristics in axial pressure gradient with
zero heat transfer .",0.24060816079908132,True
162,"what accurate or exact solutions of the laminar separation point for
various incompressible and compressible boundary layers with zero heat
transfer are available .",8,366,"helium injection into the boundary layer at an axisymmetric
stagnation point .",0.23818449332551864,False
162,"what accurate or exact solutions of the laminar separation point for
various incompressible and compressible boundary layers with zero heat
transfer are available .",9,1185,"an integral method for calculating heat and mass transfer
in laminar boundary layers .",0.23464530508496967,False
162,"what accurate or exact solutions of the laminar separation point for
various incompressible and compressible boundary layers with zero heat
transfer are available .",10,1109,"unsteady laminar compressible boundary layers on an
infinite plate with suction or injection .",0.23165419600546527,False
163,"can the hypersonic similarity results be applied to the technique of
predicting surface pressures of an ogive forebody at angle of attack .",1,492,prediction of ogive-forebody pressures at angles of attack .,0.5861328367049846,False
163,"can the hypersonic similarity results be applied to the technique of
predicting surface pressures of an ogive forebody at angle of attack .",2,56,"an analysis of the applicability of the hypersonic
similarity law to the study of the flow about bodies
of revolution at zero angle of attack .",0.27160776086524474,True
163,"can the hypersonic similarity results be applied to the technique of
predicting surface pressures of an ogive forebody at angle of attack .",3,232,"accuracy of approximate methods for predicting pressure
on pointed non-lifting bodies of revolution in supersonic
flow .",0.25988170272782196,False
163,"can the hypersonic similarity results be applied to the technique of
predicting surface pressures of an ogive forebody at angle of attack .",4,57,"applicability of the hypersonic similarity rule to
pressure distributions which include the effects of
rotation for bodies of revolution at zero angle of
attack .",0.2570052401423814,True
163,"can the hypersonic similarity results be applied to the technique of
predicting surface pressures of an ogive forebody at angle of attack .",5,1311,"some simple solutions to the problem of predicting
boundary layer self-induced pressures .",0.24831351148271896,False
163,"can the hypersonic similarity results be applied to the technique of
predicting surface pressures of an ogive forebody at angle of attack .",6,973,"interaction effects produced by jet exhausting laterally near base of
ogive-cylinder model in supersonic main stream .",0.2311893951086346,False
163,"can the hypersonic similarity results be applied to the technique of
predicting surface pressures of an ogive forebody at angle of attack .",7,434,"contributions of the wing panels to the forces and
moments of supersonic wing-body combinations at combined
angles .",0.20350112339306586,False
163,"can the hypersonic similarity results be applied to the technique of
predicting surface pressures of an ogive forebody at angle of attack .",8,37,"a new technique for investigating heat transfer and
surface phenomena under hypersonic flow conditions .",0.19694873736919002,False
163,"can the hypersonic similarity results be applied to the technique of
predicting surface pressures of an ogive forebody at angle of attack .",9,124,"a summary of the supersonic pressure drag of bodies
of revolution .",0.18770827323999198,False
163,"can the hypersonic similarity results be applied to the technique of
predicting surface pressures of an ogive forebody at angle of attack .",10,1231,hypersonic flow over an elliptic cone: theory and experiment .,0.1778723569674185,False
164,what determines the onset of shock-induced boundary-layer separation .,1,311,"a method for predicting the onset of buffeting and other separation
effects from wind tunnel tests on rigid models .",0.2584468916982001,True
164,what determines the onset of shock-induced boundary-layer separation .,2,358,"on the model of the free shock separation, turbulent
boundary layer .",0.24817277752268116,False
164,what determines the onset of shock-induced boundary-layer separation .,3,503,"theoretical prediction of the transonic characteristics
of airfoils .",0.23402863121401737,False
164,what determines the onset of shock-induced boundary-layer separation .,4,265,"some instabilities arising from the interaction between
shock waves and boundary layer .",0.22483394754110608,False
164,what determines the onset of shock-induced boundary-layer separation .,5,1187,"shock-induced boundary layer separation in overexpanded conical exhaust
nozzles .",0.2132899462016132,False
164,what determines the onset of shock-induced boundary-layer separation .,6,415,the aerodynamic design of section shapes for swept wings .,0.18098311274769743,True
164,what determines the onset of shock-induced boundary-layer separation .,7,291,"sweepback effects in the turbulent boundary-layer shock-wave
interaction .",0.17883058672553534,False
164,what determines the onset of shock-induced boundary-layer separation .,8,1228,"leading-edge separation of laminar boundary layers
in supersonic flow .",0.1738398455234871,False
164,what determines the onset of shock-induced boundary-layer separation .,9,71,"laminar boundary layer behind shock advancing into
stationary fluid .",0.164430668585584,False
164,what determines the onset of shock-induced boundary-layer separation .,10,316,"the occurrence and development of boundary layer separations at high
incidences and high speeds .",0.16293993145861396,True
165,"are the stable profiles of a compressible boundary layer induced by a
moving wave known .",1,504,"stability of compressible boundary layers induced by
a moving wave .",0.3251797548127255,False
165,"are the stable profiles of a compressible boundary layer induced by a
moving wave known .",2,978,temperature profiles inafinite solid with moving boundary .,0.22581473592105136,False
165,"are the stable profiles of a compressible boundary layer induced by a
moving wave known .",3,71,"laminar boundary layer behind shock advancing into
stationary fluid .",0.20547384565273139,True
165,"are the stable profiles of a compressible boundary layer induced by a
moving wave known .",4,72,"boundary layer behind shock or thin expansion wave
moving into stationary fluid .",0.18260952315769727,True
165,"are the stable profiles of a compressible boundary layer induced by a
moving wave known .",5,663,viscous flow along a flat plate moving at high speeds .,0.1728711368357133,False
165,"are the stable profiles of a compressible boundary layer induced by a
moving wave known .",6,1276,"a three-dimensional linearized analysis of the forces
exerted on a rigid wing by a shock wave .",0.1684055096718116,False
165,"are the stable profiles of a compressible boundary layer induced by a
moving wave known .",7,376,"transformation between compressible and incompressible
boundary layer equations .",0.1678355690119033,False
165,"are the stable profiles of a compressible boundary layer induced by a
moving wave known .",8,569,"an experimental investigation of leading edge shock wave boundary layer
interaction at mach 5.8 .",0.16705104456509817,False
165,"are the stable profiles of a compressible boundary layer induced by a
moving wave known .",9,943,compressible free shear layer with finite initial thickness .,0.1597473760437163,False
165,"are the stable profiles of a compressible boundary layer induced by a
moving wave known .",10,383,"integration of the boundary layer equations for a plane in compressible
flow with heat transfer .",0.1589394246531782,False
166,"are there experimental results on the stability of a compressible
boundary layer induced by a moving wave .",1,504,"stability of compressible boundary layers induced by
a moving wave .",0.40326492950242393,False
166,"are there experimental results on the stability of a compressible
boundary layer induced by a moving wave .",2,663,viscous flow along a flat plate moving at high speeds .,0.23486922606438865,False
166,"are there experimental results on the stability of a compressible
boundary layer induced by a moving wave .",3,55,"separation, stability and other properties of compressible
laminar boundary layer with pressure gradient and heat
transfer .",0.22912931456499774,False
166,"are there experimental results on the stability of a compressible
boundary layer induced by a moving wave .",4,72,"boundary layer behind shock or thin expansion wave
moving into stationary fluid .",0.21596948000477814,False
166,"are there experimental results on the stability of a compressible
boundary layer induced by a moving wave .",5,1276,"a three-dimensional linearized analysis of the forces
exerted on a rigid wing by a shock wave .",0.1991706112848897,False
166,"are there experimental results on the stability of a compressible
boundary layer induced by a moving wave .",6,376,"transformation between compressible and incompressible
boundary layer equations .",0.19849655121493556,False
166,"are there experimental results on the stability of a compressible
boundary layer induced by a moving wave .",7,256,"an experimental study of the glancing interaction between
a shock wave and a turbulent boundary layer .",0.19422836044207853,False
166,"are there experimental results on the stability of a compressible
boundary layer induced by a moving wave .",8,569,"an experimental investigation of leading edge shock wave boundary layer
interaction at mach 5.8 .",0.19262750335369097,False
166,"are there experimental results on the stability of a compressible
boundary layer induced by a moving wave .",9,71,"laminar boundary layer behind shock advancing into
stationary fluid .",0.19210006504597146,False
166,"are there experimental results on the stability of a compressible
boundary layer induced by a moving wave .",10,334,"influence of the leading-edge shock wave on the laminar boundary layer
at hypersonic speeds .",0.18879247523102308,False
167,"exact solution methods for calculating the ablative mass loss of a
material ablating at high temperatures in a hypersonic flight
environment .",1,553,"ablation of glassy materials around blunt bodies of
revolution .",0.21354605708138372,False
167,"exact solution methods for calculating the ablative mass loss of a
material ablating at high temperatures in a hypersonic flight
environment .",2,1279,sublimation in a hypersonic environment .,0.17843195372973955,False
167,"exact solution methods for calculating the ablative mass loss of a
material ablating at high temperatures in a hypersonic flight
environment .",3,1098,"an experimental investigation of ablating material
at low and high enthalpy potentials .",0.13957701091931263,False
167,"exact solution methods for calculating the ablative mass loss of a
material ablating at high temperatures in a hypersonic flight
environment .",4,1241,"the turbulent boundary layer on chemically active ablating
surfaces .",0.13840067236487286,False
167,"exact solution methods for calculating the ablative mass loss of a
material ablating at high temperatures in a hypersonic flight
environment .",5,1100,an analytical investigation of ablation .,0.12534434656961843,False
167,"exact solution methods for calculating the ablative mass loss of a
material ablating at high temperatures in a hypersonic flight
environment .",6,877,"the influence of aerodynamic heating on the flexural
rigidity of a thin wing .",0.11369934604030175,False
167,"exact solution methods for calculating the ablative mass loss of a
material ablating at high temperatures in a hypersonic flight
environment .",7,1043,"on transverse vibrations of thin, shallow elastic shells .",0.11360532863576904,False
167,"exact solution methods for calculating the ablative mass loss of a
material ablating at high temperatures in a hypersonic flight
environment .",8,1157,hypersonic shock tunnel .,0.11026432620830513,False
167,"exact solution methods for calculating the ablative mass loss of a
material ablating at high temperatures in a hypersonic flight
environment .",9,84,"experimental investigation of the downstream influence
of stagnation point mass transfer .",0.10352502131371073,False
167,"exact solution methods for calculating the ablative mass loss of a
material ablating at high temperatures in a hypersonic flight
environment .",10,305,"hypersonic strong viscous interaction on a flat plate
with surface mass transfer .",0.10149355493186908,False
168,"what approximate solutions are known to the direct problem of transonic
flow in the throat of a nozzle,  i.e. finding the flow in a given
nozzle .",1,750,"transonic flow in two dimensional and axially symmetrical
nozzles .",0.3197816625967866,False
168,"what approximate solutions are known to the direct problem of transonic
flow in the throat of a nozzle,  i.e. finding the flow in a given
nozzle .",2,118,"the transonic flow of a compressible fluid through
an axially symmetrical nozzle .",0.24868757680945916,False
168,"what approximate solutions are known to the direct problem of transonic
flow in the throat of a nozzle,  i.e. finding the flow in a given
nozzle .",3,965,analytic determination of discharge coefficients of flow nozzles .,0.2319164545698709,False
168,"what approximate solutions are known to the direct problem of transonic
flow in the throat of a nozzle,  i.e. finding the flow in a given
nozzle .",4,217,flow pattern in a converging-diverging nozzle .,0.1884034370542929,True
168,"what approximate solutions are known to the direct problem of transonic
flow in the throat of a nozzle,  i.e. finding the flow in a given
nozzle .",5,341,"the analytical design of an axially symmetric laval
nozzle for a parallel and uniform jet .",0.18296584219981119,False
168,"what approximate solutions are known to the direct problem of transonic
flow in the throat of a nozzle,  i.e. finding the flow in a given
nozzle .",6,157,the hodographic transformation in transonic flow .,0.17583040951886267,False
168,"what approximate solutions are known to the direct problem of transonic
flow in the throat of a nozzle,  i.e. finding the flow in a given
nozzle .",7,410,"the supersonic flow about a blunt body of revolution
for gases at chemical equilibrium .",0.15527717828190296,False
168,"what approximate solutions are known to the direct problem of transonic
flow in the throat of a nozzle,  i.e. finding the flow in a given
nozzle .",8,745,"an automatic method for finding the greatest or least
value function .",0.14963335996365276,False
168,"what approximate solutions are known to the direct problem of transonic
flow in the throat of a nozzle,  i.e. finding the flow in a given
nozzle .",9,738,finding zero's of arbitrary functions .,0.1487879578904234,False
168,"what approximate solutions are known to the direct problem of transonic
flow in the throat of a nozzle,  i.e. finding the flow in a given
nozzle .",10,591,an approximate equation for the /choke line/ of a compressor .,0.1466124706021155,False
169,"what approximate solutions are known to the indirect problem of
transonic flow in the throat of a nozzle,  i.e. finding a nozzle which
has a given axial velocity distribution .",1,750,"transonic flow in two dimensional and axially symmetrical
nozzles .",0.29283101449743065,False
169,"what approximate solutions are known to the indirect problem of
transonic flow in the throat of a nozzle,  i.e. finding a nozzle which
has a given axial velocity distribution .",2,118,"the transonic flow of a compressible fluid through
an axially symmetrical nozzle .",0.21644681271336152,True
169,"what approximate solutions are known to the indirect problem of
transonic flow in the throat of a nozzle,  i.e. finding a nozzle which
has a given axial velocity distribution .",3,965,analytic determination of discharge coefficients of flow nozzles .,0.21184325022699171,False
169,"what approximate solutions are known to the indirect problem of
transonic flow in the throat of a nozzle,  i.e. finding a nozzle which
has a given axial velocity distribution .",4,157,the hodographic transformation in transonic flow .,0.1822847230123432,True
169,"what approximate solutions are known to the indirect problem of
transonic flow in the throat of a nozzle,  i.e. finding a nozzle which
has a given axial velocity distribution .",5,217,flow pattern in a converging-diverging nozzle .,0.17869992159953793,False
169,"what approximate solutions are known to the indirect problem of
transonic flow in the throat of a nozzle,  i.e. finding a nozzle which
has a given axial velocity distribution .",6,341,"the analytical design of an axially symmetric laval
nozzle for a parallel and uniform jet .",0.1706815701187886,False
169,"what approximate solutions are known to the indirect problem of
transonic flow in the throat of a nozzle,  i.e. finding a nozzle which
has a given axial velocity distribution .",7,4,"approximate solutions of the incompressible laminar
boundary layer equations for a plate in shear flow .",0.15371347919548164,False
169,"what approximate solutions are known to the indirect problem of
transonic flow in the throat of a nozzle,  i.e. finding a nozzle which
has a given axial velocity distribution .",8,136,recent developments in rocket nozzle configurations .,0.134309829514602,False
169,"what approximate solutions are known to the indirect problem of
transonic flow in the throat of a nozzle,  i.e. finding a nozzle which
has a given axial velocity distribution .",9,745,"an automatic method for finding the greatest or least
value function .",0.13425199443255095,False
169,"what approximate solutions are known to the indirect problem of
transonic flow in the throat of a nozzle,  i.e. finding a nozzle which
has a given axial velocity distribution .",10,738,finding zero's of arbitrary functions .,0.1334934943597328,False
17,"can the three-dimensional problem of a transverse potential flow about
a body of revolution be reduced to a two-dimensional problem .",1,106,the transverse potential flow past a body of revolution .,0.37018646349540774,True
17,"can the three-dimensional problem of a transverse potential flow about
a body of revolution be reduced to a two-dimensional problem .",2,700,two and three-dimensional unsteady lift problems in high speed flight .,0.26434877861662953,False
17,"can the three-dimensional problem of a transverse potential flow about
a body of revolution be reduced to a two-dimensional problem .",3,1301,compressible boundary layers on bodies of revolution .,0.24774193844240455,False
17,"can the three-dimensional problem of a transverse potential flow about
a body of revolution be reduced to a two-dimensional problem .",4,1108,a study of second-order supersonic flow theory .,0.23107922005312903,False
17,"can the three-dimensional problem of a transverse potential flow about
a body of revolution be reduced to a two-dimensional problem .",5,1281,"turbulent heat transfer on blunt-nosed bodies in two-dimensional
and general three-dimensional hypersonic flow .",0.22481627286204658,False
17,"can the three-dimensional problem of a transverse potential flow about
a body of revolution be reduced to a two-dimensional problem .",6,498,"calculation of potential flow about bodies of revolution
having axes perpendicular to the free-stream direction .",0.20618857784378158,False
17,"can the three-dimensional problem of a transverse potential flow about
a body of revolution be reduced to a two-dimensional problem .",7,527,"note on the three-point boundary layer problem for
the blasius equations .",0.20544094665324583,False
17,"can the three-dimensional problem of a transverse potential flow about
a body of revolution be reduced to a two-dimensional problem .",8,445,"on the application of mathieu functions in the theory
of subsonic compressible flow past oscillating airfoils .",0.2049078566825332,False
17,"can the three-dimensional problem of a transverse potential flow about
a body of revolution be reduced to a two-dimensional problem .",9,326,"forst-order slip effects on the compressible laminar
boundary layer over a slender body of revolution in
axial flow .",0.19331061440337624,False
17,"can the three-dimensional problem of a transverse potential flow about
a body of revolution be reduced to a two-dimensional problem .",10,916,"the flow around oscillating low aspect ratio wings at transonic
speeds .",0.1908432555246465,False
170,"why do users of orthodox pitot-static tubes often find that the
calibrations appear to be,. - (a) significantly different from those formerly
specified,  (b) wildly variable at low reynolds numbers .",1,139,viscous effects on pitot tubes at low speeds .,0.22528497787860788,True
170,"why do users of orthodox pitot-static tubes often find that the
calibrations appear to be,. - (a) significantly different from those formerly
specified,  (b) wildly variable at low reynolds numbers .",2,238,"on a determination of the pitot-static tube factor
at low reynolds numbers, with special reference to
the measurement of low air speeds .",0.20763488895538565,True
170,"why do users of orthodox pitot-static tubes often find that the
calibrations appear to be,. - (a) significantly different from those formerly
specified,  (b) wildly variable at low reynolds numbers .",3,904,"calibration of the standard pitot-static head used
in the rae low speed wind tunnels .",0.2024781289506064,True
170,"why do users of orthodox pitot-static tubes often find that the
calibrations appear to be,. - (a) significantly different from those formerly
specified,  (b) wildly variable at low reynolds numbers .",4,893,"a new design of pitot-static tube with a discussion
of pitot-static tubes and their calibration factors .",0.1926544102293929,False
170,"why do users of orthodox pitot-static tubes often find that the
calibrations appear to be,. - (a) significantly different from those formerly
specified,  (b) wildly variable at low reynolds numbers .",5,905,comparative tests of pitot-static tubes .,0.19127357613888663,False
170,"why do users of orthodox pitot-static tubes often find that the
calibrations appear to be,. - (a) significantly different from those formerly
specified,  (b) wildly variable at low reynolds numbers .",6,175,experiments with static tubes in a supersonic airstream .,0.14587487097802265,False
170,"why do users of orthodox pitot-static tubes often find that the
calibrations appear to be,. - (a) significantly different from those formerly
specified,  (b) wildly variable at low reynolds numbers .",7,1082,"the flow past pitot tube at low reynolds numbers, part 1-dash the
numerical solution of the navier-stokes equations for steady viscous
axisymmetric flow, part 2-dash the effects of viscosity and orifice
size on a pitot tube at low reynolds numbers .",0.1434406335315721,False
170,"why do users of orthodox pitot-static tubes often find that the
calibrations appear to be,. - (a) significantly different from those formerly
specified,  (b) wildly variable at low reynolds numbers .",8,239,"design and calibration at low speeds of a static tube
and a pitot-static tube with semi-ellipsoidal nose
shapes .",0.1409893275048861,True
170,"why do users of orthodox pitot-static tubes often find that the
calibrations appear to be,. - (a) significantly different from those formerly
specified,  (b) wildly variable at low reynolds numbers .",9,906,review of the pitot tube .,0.13435775037238604,True
170,"why do users of orthodox pitot-static tubes often find that the
calibrations appear to be,. - (a) significantly different from those formerly
specified,  (b) wildly variable at low reynolds numbers .",10,140,"the determination of turbulent skin friction by means
of pitot tubes .",0.11918203778518316,False
171,"has a comparison been made between interference-free drag measurements
using free-flight models and similar measurements made in a low-blockage
wind tunnel .",1,516,"free-flight measurements of the dynamic longitudinal
stability characteristics of a wind tunnel interference
model (m=0 .92 to 1. 35) .",0.4538442524176517,False
171,"has a comparison been made between interference-free drag measurements
using free-flight models and similar measurements made in a low-blockage
wind tunnel .",2,431,"free-flight measurements of the zero-lift drag and
base pressure on a wind tunnel interference model (m=0 .
8 - 1. 5) .",0.37292293227357787,True
171,"has a comparison been made between interference-free drag measurements
using free-flight models and similar measurements made in a low-blockage
wind tunnel .",3,252,"an investigation of interference effects on similar models of
different size in various transonic tunnels in the u.k. .",0.2704525225846597,True
171,"has a comparison been made between interference-free drag measurements
using free-flight models and similar measurements made in a low-blockage
wind tunnel .",4,672,tunnel interference effects .,0.24556078236962237,False
171,"has a comparison been made between interference-free drag measurements
using free-flight models and similar measurements made in a low-blockage
wind tunnel .",5,141,free-flight techniques for high speed aerodynamic research .,0.2418086891766929,True
171,"has a comparison been made between interference-free drag measurements
using free-flight models and similar measurements made in a low-blockage
wind tunnel .",6,714,"blockage corrections for three-dimensional flow closed
throat wind tunnels, with considerations of the effect
of compressibility .",0.2283487085826264,False
171,"has a comparison been made between interference-free drag measurements
using free-flight models and similar measurements made in a low-blockage
wind tunnel .",7,1074,"theoretical and experimental investigation of second-order supersonic
wing-body interference .",0.21627766282030342,False
171,"has a comparison been made between interference-free drag measurements
using free-flight models and similar measurements made in a low-blockage
wind tunnel .",8,594,"wind tunnel techniques for the measurements of oscillatory
derivatives .",0.20453548983390504,False
171,"has a comparison been made between interference-free drag measurements
using free-flight models and similar measurements made in a low-blockage
wind tunnel .",9,1153,"a study of the simulation of flow with free stream mach number 1 in a
choked wind tunnel .",0.20445312557843814,False
171,"has a comparison been made between interference-free drag measurements
using free-flight models and similar measurements made in a low-blockage
wind tunnel .",10,188,"an analysis of base pressure at supersonic velocities and
comparison with experiment .",0.20350452116087814,False
172,solution of the blasius problem with three-point boundary conditions .,1,320,"comment on improved numerical solution of the blasius problem with
three-point boundary conditions .",0.6388271501331175,True
172,solution of the blasius problem with three-point boundary conditions .,2,322,"on the numerical solution of the blasius problem with three-point
boundary conditions .",0.5918814374465746,True
172,solution of the blasius problem with three-point boundary conditions .,3,527,"note on the three-point boundary layer problem for
the blasius equations .",0.5809836349539956,False
172,solution of the blasius problem with three-point boundary conditions .,4,321,"improved numerical solution of the blasius problem with three-point
boundary conditions .",0.44486262230244183,True
172,solution of the blasius problem with three-point boundary conditions .,5,478,"tabulation of the blasius function with blowing and
suction .",0.2755006722324039,False
172,solution of the blasius problem with three-point boundary conditions .,6,476,the blasius equation with three-point boundary conditions .,0.2741124954335238,True
172,solution of the blasius problem with three-point boundary conditions .,7,1370,some remarks on the flat plate boundary layer .,0.22660150559697992,False
172,solution of the blasius problem with three-point boundary conditions .,8,1235,"a theory of the two dimensional laminar bounary layer
over a curved surface .",0.2203008855103908,False
172,solution of the blasius problem with three-point boundary conditions .,9,107,on the mixing of two parallel streams .,0.17499549504516934,False
172,solution of the blasius problem with three-point boundary conditions .,10,1251,viscous flow past a quarter infinite plate .,0.1655395592506347,False
173,"references on lyapunov's method on the stability of linear
differential equations with periodic coefficients .",1,532,"pitch-yaw stability of a missile oscillating in roll
via the second method of lyapunov .",0.3463914858895946,False
173,"references on lyapunov's method on the stability of linear
differential equations with periodic coefficients .",2,367,"control system and analysis and design via the second method of
lyapunov .",0.2919201014531129,True
173,"references on lyapunov's method on the stability of linear
differential equations with periodic coefficients .",3,451,liapunov's methods in automatic control theory .,0.2796271850257003,True
173,"references on lyapunov's method on the stability of linear
differential equations with periodic coefficients .",4,931,stability equations for conical shells .,0.1614923862868497,False
173,"references on lyapunov's method on the stability of linear
differential equations with periodic coefficients .",5,91,periodic temperature distribution in a two-layer composite slab .,0.15264037723122076,False
173,"references on lyapunov's method on the stability of linear
differential equations with periodic coefficients .",6,703,general airfoil theory .,0.1498836498134329,False
173,"references on lyapunov's method on the stability of linear
differential equations with periodic coefficients .",7,90,"periodic temperature distributions in a two-layer composite
slab .",0.13828294948712863,False
173,"references on lyapunov's method on the stability of linear
differential equations with periodic coefficients .",8,1054,"iterative solutions for the non-linear bending of circular
plates .",0.13075739000922298,False
173,"references on lyapunov's method on the stability of linear
differential equations with periodic coefficients .",9,1086,"a note on the numerical solution of fourth order differential
equations .",0.1219701692441721,False
173,"references on lyapunov's method on the stability of linear
differential equations with periodic coefficients .",10,376,"transformation between compressible and incompressible
boundary layer equations .",0.12049140824935808,False
174,"obtain all papers and reports that contain shock detachment distance
data .",1,483,"stagnation point shock detachment distance for flow
around spheres and cylinder .",0.3173811393261757,False
174,"obtain all papers and reports that contain shock detachment distance
data .",2,533,"stagnation-point shock-detachment distance for flow
around spheres and cylinders in air .",0.21666537975552028,False
174,"obtain all papers and reports that contain shock detachment distance
data .",3,501,"stagnation-point shock detachment of blunt bodies in
supersonic flow .",0.19427221518175652,False
174,"obtain all papers and reports that contain shock detachment distance
data .",4,1274,real gas effects in flow over blunt bodies at hypersonic speeds .,0.1577828298314203,False
174,"obtain all papers and reports that contain shock detachment distance
data .",5,35,stagnation point of a blunt body in hypersonic flow .,0.1564955517602678,False
174,"obtain all papers and reports that contain shock detachment distance
data .",6,1319,real gas effects in flow over blunt bodies at hypersonic speeds .,0.15481929542842923,False
174,"obtain all papers and reports that contain shock detachment distance
data .",7,411,"data on shape and location of detached shock waves
in cones and sphere .",0.13293000982068537,True
174,"obtain all papers and reports that contain shock detachment distance
data .",8,1151,experiments on supersonic blunt-body flows .,0.12058866706534917,False
174,"obtain all papers and reports that contain shock detachment distance
data .",9,46,some comments on the inversion of certain large matrices .,0.11359131197190295,False
174,"obtain all papers and reports that contain shock detachment distance
data .",10,1390,"on the numerical calculation of detached bow shock
waves in hypersonic flow .",0.10939947796986249,False
175,work on flow in channels at low reynolds numbers .,1,941,"viscous compressible and incompressible flow in slender
channels .",0.4160199926329165,False
175,work on flow in channels at low reynolds numbers .,2,1221,"steady flow of conducting fluids in channels under
transverse magnetic fields, with consideration of hall
effect .",0.23114747716621015,False
175,work on flow in channels at low reynolds numbers .,3,139,viscous effects on pitot tubes at low speeds .,0.21874326480681627,False
175,work on flow in channels at low reynolds numbers .,4,666,blunt body heat transfer at hypersonic speed and low reynolds numbers .,0.21355868897870067,False
175,work on flow in channels at low reynolds numbers .,5,491,"on the close relationship between turbulent plane-couette
and pressure flows .",0.20462029977701995,False
175,work on flow in channels at low reynolds numbers .,6,238,"on a determination of the pitot-static tube factor
at low reynolds numbers, with special reference to
the measurement of low air speeds .",0.2018550519269537,False
175,work on flow in channels at low reynolds numbers .,7,1080,viscous flow round a sphere at low reynolds numbers . /l40/ .,0.19749874762752662,False
175,work on flow in channels at low reynolds numbers .,8,270,"on combined free and forced convection laminar magnetohydrodynamic
flow and heat transfer in channels with transverse
magnetic field .",0.18970241558100726,False
175,work on flow in channels at low reynolds numbers .,9,1191,"heat transfer to a hemisphere-cylinder at low reynolds
numbers .",0.17516771274832252,False
175,work on flow in channels at low reynolds numbers .,10,670,"on blunt-body heat transfer at hypersonic speed and low reynolds
number .",0.16019167360784445,False
176,"some approximate analytical heat conduction solutions using methods
other than biot's principle .",1,542,biot's variational principle in heat conduction .,0.3510346661330474,False
176,"some approximate analytical heat conduction solutions using methods
other than biot's principle .",2,963,a variational principle for convection of heat .,0.3315305831647156,False
176,"some approximate analytical heat conduction solutions using methods
other than biot's principle .",3,1073,"a practical method for numerical evaluation of solutions
of partial differential equations of the heat-conduction
type .",0.2343235160743335,False
176,"some approximate analytical heat conduction solutions using methods
other than biot's principle .",4,981,"solutions to the heat-conduction equation with time dependent boundary
conditions .",0.19198131080893155,False
176,"some approximate analytical heat conduction solutions using methods
other than biot's principle .",5,586,"an approximate treatment of unsteady heat conduction
in semi-infinite solids with variable thermal properties .",0.1856526812828892,True
176,"some approximate analytical heat conduction solutions using methods
other than biot's principle .",6,869,"the calculation of transient temperature in turbine
blades and tapered discs using biot's variational method .",0.16996037218466853,False
176,"some approximate analytical heat conduction solutions using methods
other than biot's principle .",7,5,"one-dimensional transient heat conduction into a double-layer
slab subjected to a linear heat input for a small time
internal .",0.16947602441654014,False
176,"some approximate analytical heat conduction solutions using methods
other than biot's principle .",8,570,"on the boundary layer equations in hypersonic flow
and their approximate solutions .",0.1534147861366932,False
176,"some approximate analytical heat conduction solutions using methods
other than biot's principle .",9,181,some problems on heat conduction in stratiform bodies .,0.15232432159291268,False
176,"some approximate analytical heat conduction solutions using methods
other than biot's principle .",10,581,approximate formulas for thermal-stress analysis .,0.15151684622190237,False
177,"what mode of stalling can be expected for each stage of an axial
compressor .",1,590,"effects of stage characteristics and matching on axial flow compressor
performance .",0.3647006836232274,True
177,"what mode of stalling can be expected for each stage of an axial
compressor .",2,543,"the stacking of compressor stage characteristics to
give an overall compressor performance map .",0.3174960733677799,False
177,"what mode of stalling can be expected for each stage of an axial
compressor .",3,216,the supersonic axial flow compressor .,0.21708516102416206,False
177,"what mode of stalling can be expected for each stage of an axial
compressor .",4,589,some stall and surge phenomena in axial flow compressors .,0.21669753038632103,True
177,"what mode of stalling can be expected for each stage of an axial
compressor .",5,588,compressor operation with one or more blade rows stalled .,0.20660986155401018,True
177,"what mode of stalling can be expected for each stage of an axial
compressor .",6,214,on the testing of supersonic compressor cascades .,0.1781438908364235,False
177,"what mode of stalling can be expected for each stage of an axial
compressor .",7,426,"preliminary analysis of axial flow compressors having
supersonic velocity at the entrance of the stator .",0.17735551730643084,False
177,"what mode of stalling can be expected for each stage of an axial
compressor .",8,237,a compressor routine test code .,0.1720568950562103,False
177,"what mode of stalling can be expected for each stage of an axial
compressor .",9,591,an approximate equation for the /choke line/ of a compressor .,0.17155915062895555,False
177,"what mode of stalling can be expected for each stage of an axial
compressor .",10,138,wakes in axial compressors .,0.17025730311664564,False
178,"has a criterion been established for determining the axial compressor
choking line .",1,591,an approximate equation for the /choke line/ of a compressor .,0.25748195231904775,True
178,"has a criterion been established for determining the axial compressor
choking line .",2,590,"effects of stage characteristics and matching on axial flow compressor
performance .",0.2066335992859776,True
178,"has a criterion been established for determining the axial compressor
choking line .",3,543,"the stacking of compressor stage characteristics to
give an overall compressor performance map .",0.17860400637748497,False
178,"has a criterion been established for determining the axial compressor
choking line .",4,31,thermal buckling of supersonic wing panels .,0.15798961065629502,False
178,"has a criterion been established for determining the axial compressor
choking line .",5,772,an experimental study of jet-flap compressor blades .,0.15572511388297194,False
178,"has a criterion been established for determining the axial compressor
choking line .",6,589,some stall and surge phenomena in axial flow compressors .,0.14442876850870934,True
178,"has a criterion been established for determining the axial compressor
choking line .",7,216,the supersonic axial flow compressor .,0.13880193421261056,False
178,"has a criterion been established for determining the axial compressor
choking line .",8,1155,"some experimental investigations on the influence of wall boundary
layers upon wind tunnel measurements at high subsonic speeds .",0.13521975748981374,False
178,"has a criterion been established for determining the axial compressor
choking line .",9,214,on the testing of supersonic compressor cascades .,0.1326922998962168,False
178,"has a criterion been established for determining the axial compressor
choking line .",10,138,wakes in axial compressors .,0.1315415621013568,False
179,"has a theory of quasi-conical flows been developed, in supersonic
linearised theory, for which the upwash distribution on the lifting
surface, apart from being a homogeneous function in the
co-ordinate, is permitted to have a quite general functional form .",1,633,"an extension of the method of generalised conical flows
for lifting wings in supersonic flow .",0.33305939393790673,False
179,"has a theory of quasi-conical flows been developed, in supersonic
linearised theory, for which the upwash distribution on the lifting
surface, apart from being a homogeneous function in the
co-ordinate, is permitted to have a quite general functional form .",2,224,"quasi-cylindrical surfaces with prescribed loadings
in the linearised theory of supersonic flow .",0.22616028548579029,False
179,"has a theory of quasi-conical flows been developed, in supersonic
linearised theory, for which the upwash distribution on the lifting
surface, apart from being a homogeneous function in the
co-ordinate, is permitted to have a quite general functional form .",3,680,generalized conical flow fields in supersonic wing theory .,0.19546759646372128,True
179,"has a theory of quasi-conical flows been developed, in supersonic
linearised theory, for which the upwash distribution on the lifting
surface, apart from being a homogeneous function in the
co-ordinate, is permitted to have a quite general functional form .",4,428,"the quasi-cylinder of specified thickness and shell
loading in supersonic flow .",0.17146568120957456,False
179,"has a theory of quasi-conical flows been developed, in supersonic
linearised theory, for which the upwash distribution on the lifting
surface, apart from being a homogeneous function in the
co-ordinate, is permitted to have a quite general functional form .",5,682,the lift of twisted and cambered wings in supersonic flow .,0.15713008618562407,True
179,"has a theory of quasi-conical flows been developed, in supersonic
linearised theory, for which the upwash distribution on the lifting
surface, apart from being a homogeneous function in the
co-ordinate, is permitted to have a quite general functional form .",6,512,"quasi-cylindrical surfaces with prescribed thickness
distributions .",0.1433908028536442,False
179,"has a theory of quasi-conical flows been developed, in supersonic
linearised theory, for which the upwash distribution on the lifting
surface, apart from being a homogeneous function in the
co-ordinate, is permitted to have a quite general functional form .",7,122,"a simplified approximate method for the calculation of the pressure
around conical bodies of arbitrary shape in supersonic and hypersonic
flow .",0.12404625074536697,False
179,"has a theory of quasi-conical flows been developed, in supersonic
linearised theory, for which the upwash distribution on the lifting
surface, apart from being a homogeneous function in the
co-ordinate, is permitted to have a quite general functional form .",8,19,"an investigation of the pressure distribution on conical bodies in
hypersonic flows .",0.12403798264959742,False
179,"has a theory of quasi-conical flows been developed, in supersonic
linearised theory, for which the upwash distribution on the lifting
surface, apart from being a homogeneous function in the
co-ordinate, is permitted to have a quite general functional form .",9,930,"general theory of large deflections of thin shells
with special applications to conical shells .",0.12357267465639266,False
179,"has a theory of quasi-conical flows been developed, in supersonic
linearised theory, for which the upwash distribution on the lifting
surface, apart from being a homogeneous function in the
co-ordinate, is permitted to have a quite general functional form .",10,227,"a technique for improving the predictions of linearised
theory on the drag of straight edge wings .",0.11557878175895485,False
18,"are experimental pressure distributions on bodies of revolution at angle
of attack available .",1,248,"the application of lighthill formula for numerical
calculation of pressure distributions on bodies of
revolution at supersonic speed and zero angle of attack .",0.38541130743594204,False
18,"are experimental pressure distributions on bodies of revolution at angle
of attack available .",2,197,"pressure distributions on three bodies of revolution
to determine the effect of reynolds number up to and
including the transonic speed range .",0.3278742944392734,True
18,"are experimental pressure distributions on bodies of revolution at angle
of attack available .",3,56,"an analysis of the applicability of the hypersonic
similarity law to the study of the flow about bodies
of revolution at zero angle of attack .",0.30645152870411335,False
18,"are experimental pressure distributions on bodies of revolution at angle
of attack available .",4,498,"calculation of potential flow about bodies of revolution
having axes perpendicular to the free-stream direction .",0.3011295069382089,False
18,"are experimental pressure distributions on bodies of revolution at angle
of attack available .",5,234,"a second order shock-expansion method applicable to
bodies of revolution near zero lift .",0.269809034600813,False
18,"are experimental pressure distributions on bodies of revolution at angle
of attack available .",6,57,"applicability of the hypersonic similarity rule to
pressure distributions which include the effects of
rotation for bodies of revolution at zero angle of
attack .",0.2672215616207549,False
18,"are experimental pressure distributions on bodies of revolution at angle
of attack available .",7,354,"laminar heat-transfer and pressure measurements over blunt-nosed
cones at large angle of attack .",0.24800975207721274,False
18,"are experimental pressure distributions on bodies of revolution at angle
of attack available .",8,492,prediction of ogive-forebody pressures at angles of attack .,0.24703791082726115,False
18,"are experimental pressure distributions on bodies of revolution at angle
of attack available .",9,231,"practical calculation of second-order supersonic flow
past non-lifting bodies of revolution .",0.2381969255784967,False
18,"are experimental pressure distributions on bodies of revolution at angle
of attack available .",10,232,"accuracy of approximate methods for predicting pressure
on pointed non-lifting bodies of revolution in supersonic
flow .",0.23429962450358557,False
180,how does scale height vary with altitude in an atmosphere .,1,616,"determination of upper-atmosphere air density and scale height from
satellite observations .",0.3237166487680148,True
180,how does scale height vary with altitude in an atmosphere .,2,548,"the contraction of satellite orbits under the influence
of air drag . pt .iv with scale height dependent on
altitude .",0.2873539143317677,False
180,how does scale height vary with altitude in an atmosphere .,3,617,"determination of upper-atmosphere air density profile from satellite
observations .",0.2817338012668169,True
180,how does scale height vary with altitude in an atmosphere .,4,622,"scale height in the upper atmosphere, derived from changes in satellite
orbits .",0.2383863705590113,True
180,how does scale height vary with altitude in an atmosphere .,5,1391,shock wave and flow field development in hypersonic re-entry .,0.14886536821373897,False
180,how does scale height vary with altitude in an atmosphere .,6,613,"the contraction of satellite orbits under the influence of air drag
part i . with spherically symmetrical atmosphere .",0.148440669835566,False
180,how does scale height vary with altitude in an atmosphere .,7,218,"intensity, scale and spectra of turbulence in mixing
region of free subsonic jet .",0.14786097544748672,False
180,how does scale height vary with altitude in an atmosphere .,8,314,"simplified method for determination of the critical
height of distributed roughness particles for boundary
layer transition at mach numbers from 0 to 5.",0.14444831670427402,False
180,how does scale height vary with altitude in an atmosphere .,9,882,"the variation of gust frequency with gust velocity
and altitude .",0.1415769000721148,False
180,how does scale height vary with altitude in an atmosphere .,10,1103,"pressures, densities and temperatures in the upper atmosphere .",0.1321966846032059,False
181,"jet interference with supersonic flows
theoretical papers .",1,1062,"an experimental and theoretical investigation of second-order
wing-body interference at high mach number .",0.20914984452187574,False
181,"jet interference with supersonic flows
theoretical papers .",2,997,experimental and theoretical studies of axisymmetric free jets .,0.20599655245599496,True
181,"jet interference with supersonic flows
theoretical papers .",3,993,"the extent of the jet interference flow fields .
jet effects on cylindrical afterbodies housing sonic and supersonic
nozzles which exhaust against a supersonic stream at angles of attack
from 90degree to 180degree .",0.20363010241703042,False
181,"jet interference with supersonic flows
theoretical papers .",4,1074,"theoretical and experimental investigation of second-order supersonic
wing-body interference .",0.1965173767722047,False
181,"jet interference with supersonic flows
theoretical papers .",5,610,corner interference effects .,0.19609542095374036,False
181,"jet interference with supersonic flows
theoretical papers .",6,409,"on the base pressure resulting from the interaction of a supersonic
external stream with a sonic or subsonic jet .",0.1829311341341897,True
181,"jet interference with supersonic flows
theoretical papers .",7,1075,"an experimental and theoretical investigation of second-order supersonic
 wing-body interference, for a non-lifting body with wings at incidence .",0.18066975503804877,False
181,"jet interference with supersonic flows
theoretical papers .",8,1350,"effects of jet billowing on stability of missile-type
bodies at mach 3. 85 .",0.17530270909120813,False
181,"jet interference with supersonic flows
theoretical papers .",9,176,"base pressure at subsonic speeds in the presence of
a supersonic jet .",0.17221732981813068,False
181,"jet interference with supersonic flows
theoretical papers .",10,243,"investigation with an interferometer of the turbulent
mixing of a free supersonic jet .",0.1702185870549375,False
182,"effects of leading-edge bluntness on the flutter characteristics of some
square-planform double-wedge airfoils at mach numbers less than 15.4.",1,634,"effects of leading edge bluntness on flutter characteristics
of some square- planform double-wedge airfoils at a
mach number of 15 .4.",0.6820220007360579,False
182,"effects of leading-edge bluntness on the flutter characteristics of some
square-planform double-wedge airfoils at mach numbers less than 15.4.",2,685,"aerodynamic effects of some configuration variables
on the aeroelastic characteristics of lifting surfaces
at mach numbers from 0. 7 to 6. 86 .",0.48048413343991203,True
182,"effects of leading-edge bluntness on the flutter characteristics of some
square-planform double-wedge airfoils at mach numbers less than 15.4.",3,655,"effects of boundary layer displacement and leading edge bluntness on
pressure distribution, skin friction, and heat transfer of bodies at
hypersonic speeds .",0.22914411970092816,False
182,"effects of leading-edge bluntness on the flutter characteristics of some
square-planform double-wedge airfoils at mach numbers less than 15.4.",4,593,"theoretical considerations of flutter at high mach
number .",0.2082954567920915,False
182,"effects of leading-edge bluntness on the flutter characteristics of some
square-planform double-wedge airfoils at mach numbers less than 15.4.",5,1290,"measured and calculated subsonic and transonic flutter
characteristics of a 45 sweptback wing planform in
air and in freon-12 in the langley transonic dynamics
tunnel .",0.1979228921237549,False
182,"effects of leading-edge bluntness on the flutter characteristics of some
square-planform double-wedge airfoils at mach numbers less than 15.4.",6,686,"flutter tests of some simple models at a mach number
of 7. 2 in helium flow .",0.19267419282139353,True
182,"effects of leading-edge bluntness on the flutter characteristics of some
square-planform double-wedge airfoils at mach numbers less than 15.4.",7,1300,"some effects of bluntness on boundary layer transition
and heat transfer at supersonic speeds .",0.1897967140003285,False
182,"effects of leading-edge bluntness on the flutter characteristics of some
square-planform double-wedge airfoils at mach numbers less than 15.4.",8,440,"compilation of information on the transonic attachment
of flows at the leading edge of airfoils .",0.1840366123079268,False
182,"effects of leading-edge bluntness on the flutter characteristics of some
square-planform double-wedge airfoils at mach numbers less than 15.4.",9,544,"a theoretical and experimental study of oscillating wedge shaped
aerofoils in hypersonic flow .",0.17356180130066778,False
182,"effects of leading-edge bluntness on the flutter characteristics of some
square-planform double-wedge airfoils at mach numbers less than 15.4.",10,503,"theoretical prediction of the transonic characteristics
of airfoils .",0.17168795543343243,False
183,"what factors have been shown to have a primary influence on sonic boom
strength .",1,809,"an investigation of the influence of lift on sonic-boom
intensity by means of wind tunnel measurements of the
pressure fields of several wing-body combinations at
a mach number of 2. 01 .",0.2537893299049667,True
183,"what factors have been shown to have a primary influence on sonic boom
strength .",2,1243,supersonic boom of wing-body configurations .,0.22620601723366912,True
183,"what factors have been shown to have a primary influence on sonic boom
strength .",3,808,"an investigation of some aspects of the sonic boom
by means of wind tunnel measurements of pressures about
several bodies at a mach number of 2. 01 .",0.20879209209392444,True
183,"what factors have been shown to have a primary influence on sonic boom
strength .",4,758,"the lower bound of attainable sonic-boom over-pressure
and design methods of approaching this limit .",0.20847734493426953,False
183,"what factors have been shown to have a primary influence on sonic boom
strength .",5,804,a flight test investigation of the sonic boom .,0.2000087985938037,True
183,"what factors have been shown to have a primary influence on sonic boom
strength .",6,1247,"the supersonic boom of a projectile related to drag
and volume .",0.16586492505686098,True
183,"what factors have been shown to have a primary influence on sonic boom
strength .",7,39,on the flow of a sonic stream past an airfoil surface .,0.16000760486048868,False
183,"what factors have been shown to have a primary influence on sonic boom
strength .",8,811,"an investigation of lifting effects on the intensity
of sonic booms .",0.14139329284157287,True
183,"what factors have been shown to have a primary influence on sonic boom
strength .",9,1045,the bending strength of pressurized cylinders .,0.12821710573807382,False
183,"what factors have been shown to have a primary influence on sonic boom
strength .",10,409,"on the base pressure resulting from the interaction of a supersonic
external stream with a sonic or subsonic jet .",0.12069408698621349,False
184,work on small-oscillation re-entry motions .,1,554,generalized heat transfer formulas and graphs .,0.19083382516882372,False
184,work on small-oscillation re-entry motions .,2,813,"the motion of rolling symmetrical missiles referred
to a body-axis system .",0.18109509462148948,False
184,work on small-oscillation re-entry motions .,3,1217,"application of inequality constraints to variational
problems of lifting re-entry .",0.1614250941031896,False
184,work on small-oscillation re-entry motions .,4,1219,"determination of lift or drag programs to minimize
re-entry heating .",0.15857060434630277,False
184,work on small-oscillation re-entry motions .,5,1379,hypersonic flight and the re-entry problem .,0.15389589358689082,True
184,work on small-oscillation re-entry motions .,6,82,"theoretical investigation of the ablation of a glass-type
heat protection shield of varied material properties
at the stagnation point of a re-entering irbm .",0.15222017688522754,False
184,work on small-oscillation re-entry motions .,7,509,"a graphical approximation for temperatures and sublimation rates at
surfaces subjected to small net and large gross heat transfer rates .",0.1393404244979809,False
184,work on small-oscillation re-entry motions .,8,1391,shock wave and flow field development in hypersonic re-entry .,0.13844459423337993,False
184,work on small-oscillation re-entry motions .,9,717,"motions of a short 10degree blunted cone entering a martian atmosphere
at arbitrary angles of attack and arbitrary pitching rates .",0.13678347284840833,True
184,work on small-oscillation re-entry motions .,10,1000,"free-flight measurements of the static and dynamic
stability and drag of a 10 blunted cone at mach numbers
3 .5 and 8 .5 .",0.1314111061221748,False
185,experimental studies on panel flutter .,1,856,"some experimental studies of panel flutter at mach
1 .3.",0.4019411035096193,True
185,experimental studies on panel flutter .,2,857,"experimental studies of flutter of buckled rectangular
panels at mach numbers from 1. 2 to 3. 0 including
effects of pressure differential and of panel
width-length ratio .",0.3886127480721268,True
185,experimental studies on panel flutter .,3,390,some panel-flutter studies using piston theory .,0.3652907126441166,False
185,experimental studies on panel flutter .,4,391,"flutter of rectangular simply supported panels at high
supersonic speeds .",0.32817685257616863,False
185,experimental studies on panel flutter .,5,1008,free-flight measurements of the static and dynamic .,0.32198413187006625,True
185,experimental studies on panel flutter .,6,766,"experimental investigation at mach number of 3. 0 of
effects of thermal stress and buckling on flutter characteristics
of flat single-bay panels of length-width ratio 0. 96 .",0.29006163159970655,True
185,experimental studies on panel flutter .,7,858,"experimental investigation at mach numbers 3. 0 of
the effects of thermal stress and buckling on the flutter
of four-bay aluminium alloy panels with length-width
ratios of 10 .",0.2884789000484849,True
185,experimental studies on panel flutter .,8,948,"panel flutter tests on full scale x-15 lower vertical
stabilizer at mach number of 3. 0.",0.28422834325228047,False
185,experimental studies on panel flutter .,9,15,on two-dimensional panel flutter .,0.2764660239310861,True
185,experimental studies on panel flutter .,10,627,flutter analysis of circular panels .,0.27424305472664257,False
186,"how can wing-body,  flow field interference effects be approximated
rationally .",1,1062,"an experimental and theoretical investigation of second-order
wing-body interference at high mach number .",0.2762224601559045,True
186,"how can wing-body,  flow field interference effects be approximated
rationally .",2,1243,supersonic boom of wing-body configurations .,0.23683856390588554,False
186,"how can wing-body,  flow field interference effects be approximated
rationally .",3,1075,"an experimental and theoretical investigation of second-order supersonic
 wing-body interference, for a non-lifting body with wings at incidence .",0.20664433911965324,True
186,"how can wing-body,  flow field interference effects be approximated
rationally .",4,803,"the shock pattern of a wing-body combination far from
the flight path .",0.20529814263989415,False
186,"how can wing-body,  flow field interference effects be approximated
rationally .",5,1074,"theoretical and experimental investigation of second-order supersonic
wing-body interference .",0.19110996409492148,True
186,"how can wing-body,  flow field interference effects be approximated
rationally .",6,923,"methods for estimating lift interference of wing-body
combinations at supersonic speeds .",0.1888530638053145,True
186,"how can wing-body,  flow field interference effects be approximated
rationally .",7,610,corner interference effects .,0.18017732070785053,False
186,"how can wing-body,  flow field interference effects be approximated
rationally .",8,1239,body under lifting wing .,0.16694259934746167,False
186,"how can wing-body,  flow field interference effects be approximated
rationally .",9,924,"a method for calculating the lift and centre of pressure
of wing-body-tail combinations at subsonic, transonic
speeds .",0.1558694693769427,True
186,"how can wing-body,  flow field interference effects be approximated
rationally .",10,230,"interference between the wings and tail plane of a
slender wing-body tailplane combination .",0.15526501271276807,False
187,"has anyone analytically or experimentally investigated the effects of
internal pressure on the buckling of circular-cylindrical shells under
bending .",1,763,"effects of internal pressure on the buckling of circular-cylindrical
shells under bending.",0.4918565301269908,False
187,"has anyone analytically or experimentally investigated the effects of
internal pressure on the buckling of circular-cylindrical shells under
bending .",2,841,"on the bending of circular cylindrical shells under
pure bending .",0.3579722596729264,False
187,"has anyone analytically or experimentally investigated the effects of
internal pressure on the buckling of circular-cylindrical shells under
bending .",3,839,"the bending stability of thin-- walled unstiffened
circular cylinders including the effects of internal
pressure .",0.28478150018549353,True
187,"has anyone analytically or experimentally investigated the effects of
internal pressure on the buckling of circular-cylindrical shells under
bending .",4,897,"some results on buckling and postbuckling of cylindrical
shells .",0.26549696289464614,False
187,"has anyone analytically or experimentally investigated the effects of
internal pressure on the buckling of circular-cylindrical shells under
bending .",5,887,"buckling due to thermal stress of cylindrical shells
subjected to axial temperature distributions .",0.250789802361268,False
187,"has anyone analytically or experimentally investigated the effects of
internal pressure on the buckling of circular-cylindrical shells under
bending .",6,1068,"instability analysis of cylindrical shells under hydrostatic
pressure .",0.2463934835270735,False
187,"has anyone analytically or experimentally investigated the effects of
internal pressure on the buckling of circular-cylindrical shells under
bending .",7,1126,"an engineer's conceptual approach to the buckling of
cylindrical shell (axial loading) .",0.24454567549791917,False
187,"has anyone analytically or experimentally investigated the effects of
internal pressure on the buckling of circular-cylindrical shells under
bending .",8,743,"new developments in the nonlinear theories of the buckling of thin
cylindrical shells .",0.22890119245045712,True
187,"has anyone analytically or experimentally investigated the effects of
internal pressure on the buckling of circular-cylindrical shells under
bending .",9,936,"a donnell-type theory for asymmetrical bending and
buckling of thin conical shells .",0.2281586279531566,False
187,"has anyone analytically or experimentally investigated the effects of
internal pressure on the buckling of circular-cylindrical shells under
bending .",10,1171,"the stability under axial compression and lateral pressure
of circular cylindrical shells with a soft elastic
core .",0.22633372252792344,False
188,"what theoretical and experimental work has been done on the excitation
and response of typical structures in a noise environment .",1,725,"the response of a typical aircraft structure to jet
noise .",0.2835080265386615,True
188,"what theoretical and experimental work has been done on the excitation
and response of typical structures in a noise environment .",2,722,random excitation of a tailplane section by jet noise .,0.19688536552311406,True
188,"what theoretical and experimental work has been done on the excitation
and response of typical structures in a noise environment .",3,909,the effect of jet noise on aircraft structures .,0.18984127386946112,True
188,"what theoretical and experimental work has been done on the excitation
and response of typical structures in a noise environment .",4,1360,"simplified analysis of general instability of stiffened
shells in pure bending .",0.16007536016057594,False
188,"what theoretical and experimental work has been done on the excitation
and response of typical structures in a noise environment .",5,640,the design of structures to resist jet noise fatigue .,0.15628217588256962,False
188,"what theoretical and experimental work has been done on the excitation
and response of typical structures in a noise environment .",6,1279,sublimation in a hypersonic environment .,0.1549543816125723,False
188,"what theoretical and experimental work has been done on the excitation
and response of typical structures in a noise environment .",7,908,random vibration .,0.14277724852964144,False
188,"what theoretical and experimental work has been done on the excitation
and response of typical structures in a noise environment .",8,220,"a general purpose analogue correlator for the analysis of
random noise signals .",0.1369414824489836,False
188,"what theoretical and experimental work has been done on the excitation
and response of typical structures in a noise environment .",9,1270,supersonic inlet dynamics .,0.13294020888483415,False
188,"what theoretical and experimental work has been done on the excitation
and response of typical structures in a noise environment .",10,137,the generation of sound by aerodynamic means .,0.1239108007135276,False
189,"is there a design method for calculating thermal fatigue endurances of
components of various types and sizes in a variety of circumstances .",1,767,"mathematical techniques applying to the thermal fatigue behaviour
of high temperature alloys .",0.21187825010456005,False
189,"is there a design method for calculating thermal fatigue endurances of
components of various types and sizes in a variety of circumstances .",2,726,on structural fatigue under random loading .,0.13234200035244842,False
189,"is there a design method for calculating thermal fatigue endurances of
components of various types and sizes in a variety of circumstances .",3,909,the effect of jet noise on aircraft structures .,0.12118986797288835,False
189,"is there a design method for calculating thermal fatigue endurances of
components of various types and sizes in a variety of circumstances .",4,768,"formulae for use with the fatigue load meter in the
assessment of wing fatigue life .",0.11818907085608134,False
189,"is there a design method for calculating thermal fatigue endurances of
components of various types and sizes in a variety of circumstances .",5,881,cumulative damage in fatigue .,0.11739938567662027,False
189,"is there a design method for calculating thermal fatigue endurances of
components of various types and sizes in a variety of circumstances .",6,865,"a study of the thermal fatigue behaviour of metals .
 the effect of test conditions on nickel-base high
temperature alloys .",0.11634778645410461,True
189,"is there a design method for calculating thermal fatigue endurances of
components of various types and sizes in a variety of circumstances .",7,870,effect of rheological behaviour on thermal stresses .,0.11425801522941038,True
189,"is there a design method for calculating thermal fatigue endurances of
components of various types and sizes in a variety of circumstances .",8,883,correlated fatigue data for aircraft structural joints .,0.1137430292414835,False
189,"is there a design method for calculating thermal fatigue endurances of
components of various types and sizes in a variety of circumstances .",9,884,the estimation of fatigue damage on structural elements .,0.10705824340101401,False
189,"is there a design method for calculating thermal fatigue endurances of
components of various types and sizes in a variety of circumstances .",10,1146,thermal buckling of cylinders .,0.1045352632422148,False
19,"does there exist a good basic treatment of the dynamics of re-entry
combining consideration of realistic effects with relative simplicity of
results .",1,82,"theoretical investigation of the ablation of a glass-type
heat protection shield of varied material properties
at the stagnation point of a re-entering irbm .",0.12414877762469109,False
19,"does there exist a good basic treatment of the dynamics of re-entry
combining consideration of realistic effects with relative simplicity of
results .",2,554,generalized heat transfer formulas and graphs .,0.12249717495481456,False
19,"does there exist a good basic treatment of the dynamics of re-entry
combining consideration of realistic effects with relative simplicity of
results .",3,713,"static longitudinal stability characteristics of a blunted glider
re-entry configuration having 79.5degree sweepback and 45degree dihedral at
 a mach number of 6.2 and angles of attack up to 20degree .",0.11122682097301227,False
19,"does there exist a good basic treatment of the dynamics of re-entry
combining consideration of realistic effects with relative simplicity of
results .",4,1219,"determination of lift or drag programs to minimize
re-entry heating .",0.10831065006264647,False
19,"does there exist a good basic treatment of the dynamics of re-entry
combining consideration of realistic effects with relative simplicity of
results .",5,706,on som reciprocal relations in the theory of nonstationary flows .,0.1049546775488236,False
19,"does there exist a good basic treatment of the dynamics of re-entry
combining consideration of realistic effects with relative simplicity of
results .",6,1217,"application of inequality constraints to variational
problems of lifting re-entry .",0.09790584459370097,False
19,"does there exist a good basic treatment of the dynamics of re-entry
combining consideration of realistic effects with relative simplicity of
results .",7,1379,hypersonic flight and the re-entry problem .,0.09787360631695763,True
19,"does there exist a good basic treatment of the dynamics of re-entry
combining consideration of realistic effects with relative simplicity of
results .",8,1279,sublimation in a hypersonic environment .,0.0928128941129024,False
19,"does there exist a good basic treatment of the dynamics of re-entry
combining consideration of realistic effects with relative simplicity of
results .",9,1391,shock wave and flow field development in hypersonic re-entry .,0.08760865689724003,False
19,"does there exist a good basic treatment of the dynamics of re-entry
combining consideration of realistic effects with relative simplicity of
results .",10,1290,"measured and calculated subsonic and transonic flutter
characteristics of a 45 sweptback wing planform in
air and in freon-12 in the langley transonic dynamics
tunnel .",0.08741691424903231,False
190,"will an analysis of panel flutter based on arbitrarily assumed modes of
deformation prove satisfactory,  and if so,  what is the minimum number
of modes that need be considered .",1,390,some panel-flutter studies using piston theory .,0.25392216661564115,True
190,"will an analysis of panel flutter based on arbitrarily assumed modes of
deformation prove satisfactory,  and if so,  what is the minimum number
of modes that need be considered .",2,15,on two-dimensional panel flutter .,0.20555457756685017,True
190,"will an analysis of panel flutter based on arbitrarily assumed modes of
deformation prove satisfactory,  and if so,  what is the minimum number
of modes that need be considered .",3,856,"some experimental studies of panel flutter at mach
1 .3.",0.1936843277734653,False
190,"will an analysis of panel flutter based on arbitrarily assumed modes of
deformation prove satisfactory,  and if so,  what is the minimum number
of modes that need be considered .",4,627,flutter analysis of circular panels .,0.19076962224899421,False
190,"will an analysis of panel flutter based on arbitrarily assumed modes of
deformation prove satisfactory,  and if so,  what is the minimum number
of modes that need be considered .",5,391,"flutter of rectangular simply supported panels at high
supersonic speeds .",0.18085200786648692,True
190,"will an analysis of panel flutter based on arbitrarily assumed modes of
deformation prove satisfactory,  and if so,  what is the minimum number
of modes that need be considered .",6,1339,"calculation of flutter characteristics for finite-span swept or unswept
wings at subsonic and supersonic speeds by a modified strip analysis .",0.1743758360904196,False
190,"will an analysis of panel flutter based on arbitrarily assumed modes of
deformation prove satisfactory,  and if so,  what is the minimum number
of modes that need be considered .",7,52,"procedure for calculating flutter at high supersonic
speed including camber deflections, and comparison
with experimental results .",0.17278470720225775,False
190,"will an analysis of panel flutter based on arbitrarily assumed modes of
deformation prove satisfactory,  and if so,  what is the minimum number
of modes that need be considered .",8,1111,some research on high speed flutter .,0.16835064914169645,False
190,"will an analysis of panel flutter based on arbitrarily assumed modes of
deformation prove satisfactory,  and if so,  what is the minimum number
of modes that need be considered .",9,1008,free-flight measurements of the static and dynamic .,0.16769812120910882,False
190,"will an analysis of panel flutter based on arbitrarily assumed modes of
deformation prove satisfactory,  and if so,  what is the minimum number
of modes that need be considered .",10,948,"panel flutter tests on full scale x-15 lower vertical
stabilizer at mach number of 3. 0.",0.15858519381687866,False
191,"what is the criterion for true panel flutter,  as opposed to small
amplitude vibration arising from acoustic disturbances .",1,766,"experimental investigation at mach number of 3. 0 of
effects of thermal stress and buckling on flutter characteristics
of flat single-bay panels of length-width ratio 0. 96 .",0.17565213913817745,False
191,"what is the criterion for true panel flutter,  as opposed to small
amplitude vibration arising from acoustic disturbances .",2,15,on two-dimensional panel flutter .,0.16929800113193277,True
191,"what is the criterion for true panel flutter,  as opposed to small
amplitude vibration arising from acoustic disturbances .",3,391,"flutter of rectangular simply supported panels at high
supersonic speeds .",0.15310910508095005,True
191,"what is the criterion for true panel flutter,  as opposed to small
amplitude vibration arising from acoustic disturbances .",4,894,"flutter of a two dimensional simply supported buckled
panel with elastic restraint against edge displacement .",0.14913579567203078,False
191,"what is the criterion for true panel flutter,  as opposed to small
amplitude vibration arising from acoustic disturbances .",5,658,"review of panel flutter and effects of aerodynamic noise
part i..  panel flutter .",0.14837379183377253,True
191,"what is the criterion for true panel flutter,  as opposed to small
amplitude vibration arising from acoustic disturbances .",6,75,studies of structural failure due to acoustic loading .,0.1423106822100165,False
191,"what is the criterion for true panel flutter,  as opposed to small
amplitude vibration arising from acoustic disturbances .",7,1392,"the solution of small displacement, stability or vibration
problems concerning a flat rectangular panel when the
edges are either clamped or simply supported .",0.13998131896207422,False
191,"what is the criterion for true panel flutter,  as opposed to small
amplitude vibration arising from acoustic disturbances .",8,1008,free-flight measurements of the static and dynamic .,0.13941831168854227,True
191,"what is the criterion for true panel flutter,  as opposed to small
amplitude vibration arising from acoustic disturbances .",9,627,flutter analysis of circular panels .,0.13828021422941986,False
191,"what is the criterion for true panel flutter,  as opposed to small
amplitude vibration arising from acoustic disturbances .",10,857,"experimental studies of flutter of buckled rectangular
panels at mach numbers from 1. 2 to 3. 0 including
effects of pressure differential and of panel
width-length ratio .",0.13491316564988357,True
192,papers dealing with uniformly loaded sectors .,1,641,"reduction of the clamped plate to two membrane problems
with an application to uniformly loaded sectors .",0.31727491908923144,False
192,papers dealing with uniformly loaded sectors .,2,735,"the bending of uniformly loaded sectorial plates with
clamped edges .",0.2405807592296673,True
192,papers dealing with uniformly loaded sectors .,3,647,"bending of a uniformly loaded rectangular plate with
two adjacent edges and the others either simply supported
or free .",0.2054881559792229,False
192,papers dealing with uniformly loaded sectors .,4,875,models for aeroelastic investigation .,0.18931473490411962,False
192,papers dealing with uniformly loaded sectors .,5,734,"the bending of uniformly loaded clamped plate in the
form of a circular sector .",0.14107293195439796,True
192,papers dealing with uniformly loaded sectors .,6,46,some comments on the inversion of certain large matrices .,0.12244193627791199,False
192,papers dealing with uniformly loaded sectors .,7,551,"analysis of a loaded cantilever plate by finite difference
methods .",0.10810057807943954,False
192,papers dealing with uniformly loaded sectors .,8,642,"the buckling strength of a uniform circular cylinder
loaded in axial compression .",0.10527906577377527,False
192,papers dealing with uniformly loaded sectors .,9,648,"the approximate analysis of certain boundary value
problems .",0.09556811178898222,False
192,papers dealing with uniformly loaded sectors .,10,215,"the test performance of highly loaded turbine stages
designed for high pressure ratio .",0.09541858874170368,False
193,general methods of solving clamped plate problems .,1,733,the bending of a sectorial plate .,0.28319804258537506,True
193,general methods of solving clamped plate problems .,2,641,"reduction of the clamped plate to two membrane problems
with an application to uniformly loaded sectors .",0.26671927752238966,False
193,general methods of solving clamped plate problems .,3,735,"the bending of uniformly loaded sectorial plates with
clamped edges .",0.2647078000034627,True
193,general methods of solving clamped plate problems .,4,730,on the bending of a clamped plate .,0.23544068049389125,True
193,general methods of solving clamped plate problems .,5,422,"bending of a square plate with two adjacent edges free
and the others clamped or simply supported .",0.22633859778530244,True
193,general methods of solving clamped plate problems .,6,734,"the bending of uniformly loaded clamped plate in the
form of a circular sector .",0.20884057092660588,True
193,general methods of solving clamped plate problems .,7,736,the bending of a wedge shaped plate .,0.19176270529628972,True
193,general methods of solving clamped plate problems .,8,551,"analysis of a loaded cantilever plate by finite difference
methods .",0.189651588750313,False
193,general methods of solving clamped plate problems .,9,648,"the approximate analysis of certain boundary value
problems .",0.18785945545879618,True
193,general methods of solving clamped plate problems .,10,1392,"the solution of small displacement, stability or vibration
problems concerning a flat rectangular panel when the
edges are either clamped or simply supported .",0.17623411513761272,True
194,"how can the analytical solution of the buckling strength of a uniform
circular cylinder loaded in axial compression be refined so as to lower
the buckling load .",1,642,"the buckling strength of a uniform circular cylinder
loaded in axial compression .",0.5160218893081435,False
194,"how can the analytical solution of the buckling strength of a uniform
circular cylinder loaded in axial compression be refined so as to lower
the buckling load .",2,932,buckling of circular cones under axial compression .,0.3846684497214726,False
194,"how can the analytical solution of the buckling strength of a uniform
circular cylinder loaded in axial compression be refined so as to lower
the buckling load .",3,744,"lower buckling load in the non-linear buckling theory
of thin shells .",0.2826613796924831,True
194,"how can the analytical solution of the buckling strength of a uniform
circular cylinder loaded in axial compression be refined so as to lower
the buckling load .",4,741,"the behaviour of thin cylindrical shells after buckling
under axial compression .",0.25568590478430153,True
194,"how can the analytical solution of the buckling strength of a uniform
circular cylinder loaded in axial compression be refined so as to lower
the buckling load .",5,888,"combinations of temperature and axial compression required
for buckling of a ring-stiffened cylinder .",0.2487540038887605,False
194,"how can the analytical solution of the buckling strength of a uniform
circular cylinder loaded in axial compression be refined so as to lower
the buckling load .",6,1171,"the stability under axial compression and lateral pressure
of circular cylindrical shells with a soft elastic
core .",0.22270089841251967,False
194,"how can the analytical solution of the buckling strength of a uniform
circular cylinder loaded in axial compression be refined so as to lower
the buckling load .",7,957,axisymmetric snap buckling of conical shells .,0.22246936807534848,False
194,"how can the analytical solution of the buckling strength of a uniform
circular cylinder loaded in axial compression be refined so as to lower
the buckling load .",8,760,"inelastic buckling of initially imperfect cylindrical
shells subject to axial compression .",0.21768640861660266,False
194,"how can the analytical solution of the buckling strength of a uniform
circular cylinder loaded in axial compression be refined so as to lower
the buckling load .",9,1126,"an engineer's conceptual approach to the buckling of
cylindrical shell (axial loading) .",0.21479339207241918,False
194,"how can the analytical solution of the buckling strength of a uniform
circular cylinder loaded in axial compression be refined so as to lower
the buckling load .",10,823,"plastic torsional buckling strength of cylinders including
the effects of imperfections .",0.2096397571766236,False
195,"in the problem of the buckling strength of uniform circular cylinders
loaded in axial compression,  does the linear solution help with
improving the non-linear one .",1,642,"the buckling strength of a uniform circular cylinder
loaded in axial compression .",0.38168276317324085,False
195,"in the problem of the buckling strength of uniform circular cylinders
loaded in axial compression,  does the linear solution help with
improving the non-linear one .",2,932,buckling of circular cones under axial compression .,0.30557864476337643,False
195,"in the problem of the buckling strength of uniform circular cylinders
loaded in axial compression,  does the linear solution help with
improving the non-linear one .",3,1055,non-linear bending and buckling of circular plates .,0.24832864689223855,False
195,"in the problem of the buckling strength of uniform circular cylinders
loaded in axial compression,  does the linear solution help with
improving the non-linear one .",4,744,"lower buckling load in the non-linear buckling theory
of thin shells .",0.2330729039175311,False
195,"in the problem of the buckling strength of uniform circular cylinders
loaded in axial compression,  does the linear solution help with
improving the non-linear one .",5,1293,design of stiffened cylinders in axial compression .,0.21669887137594143,False
195,"in the problem of the buckling strength of uniform circular cylinders
loaded in axial compression,  does the linear solution help with
improving the non-linear one .",6,1054,"iterative solutions for the non-linear bending of circular
plates .",0.20581145146468494,False
195,"in the problem of the buckling strength of uniform circular cylinders
loaded in axial compression,  does the linear solution help with
improving the non-linear one .",7,1359,"compression tests on circular cylinders stiffened longitudinally
by closely spaced z-section stringers .",0.20102547315091882,False
195,"in the problem of the buckling strength of uniform circular cylinders
loaded in axial compression,  does the linear solution help with
improving the non-linear one .",8,1046,the bending strength of pressurized cylinders .,0.19262771167035245,False
195,"in the problem of the buckling strength of uniform circular cylinders
loaded in axial compression,  does the linear solution help with
improving the non-linear one .",9,1176,bending tests of ring-stiffened circular cylinders .,0.18919193870879397,False
195,"in the problem of the buckling strength of uniform circular cylinders
loaded in axial compression,  does the linear solution help with
improving the non-linear one .",10,1116,general instability of stiffened cylinders .,0.18770651779400113,False
196,"the problem of similarity for representative investigation of
aeroelastic effects in a flow with the absence of heating effects .",1,184,scale models for thermo-aeroelastic research .,0.21941753580576367,False
196,"the problem of similarity for representative investigation of
aeroelastic effects in a flow with the absence of heating effects .",2,875,models for aeroelastic investigation .,0.20413325173636057,True
196,"the problem of similarity for representative investigation of
aeroelastic effects in a flow with the absence of heating effects .",3,746,"aeroelastic problems in connection with high speed
flight .",0.15919376917506112,True
196,"the problem of similarity for representative investigation of
aeroelastic effects in a flow with the absence of heating effects .",4,1361,"large deflections of structures subjected to heating
and external loads .",0.15045546450939037,False
196,"the problem of similarity for representative investigation of
aeroelastic effects in a flow with the absence of heating effects .",5,486,similarity laws for aerothermoelastic testing .,0.1437254510915706,False
196,"the problem of similarity for representative investigation of
aeroelastic effects in a flow with the absence of heating effects .",6,1008,free-flight measurements of the static and dynamic .,0.14205886111731442,False
196,"the problem of similarity for representative investigation of
aeroelastic effects in a flow with the absence of heating effects .",7,1311,"some simple solutions to the problem of predicting
boundary layer self-induced pressures .",0.12828871571064418,False
196,"the problem of similarity for representative investigation of
aeroelastic effects in a flow with the absence of heating effects .",8,966,"on fully developed channel flows,. some solutions and limitations, and
effects of compressibility, variable properties, and body forces .",0.12598620943460412,False
196,"the problem of similarity for representative investigation of
aeroelastic effects in a flow with the absence of heating effects .",9,327,"on local flat plate similarity in the hypersonic boundary
layer .",0.12248245638523068,False
196,"the problem of similarity for representative investigation of
aeroelastic effects in a flow with the absence of heating effects .",10,57,"applicability of the hypersonic similarity rule to
pressure distributions which include the effects of
rotation for bodies of revolution at zero angle of
attack .",0.1198780331901282,False
197,how is fatigue damage estimated using the normal long-hand method .,1,884,the estimation of fatigue damage on structural elements .,0.32954291677831493,True
197,how is fatigue damage estimated using the normal long-hand method .,2,881,cumulative damage in fatigue .,0.2881189933420702,True
197,how is fatigue damage estimated using the normal long-hand method .,3,726,on structural fatigue under random loading .,0.23044713766199157,False
197,how is fatigue damage estimated using the normal long-hand method .,4,768,"formulae for use with the fatigue load meter in the
assessment of wing fatigue life .",0.20430483734473784,False
197,how is fatigue damage estimated using the normal long-hand method .,5,723,"on the fatigue failure of structures due to vibrations excited
by random pressure fields .",0.1896031562531931,False
197,how is fatigue damage estimated using the normal long-hand method .,6,909,the effect of jet noise on aircraft structures .,0.16984225108827378,False
197,how is fatigue damage estimated using the normal long-hand method .,7,746,"aeroelastic problems in connection with high speed
flight .",0.1540688907973059,False
197,how is fatigue damage estimated using the normal long-hand method .,8,261,"experiments on axi-symmetric boundary layers along
a long cylinder in incompressible flow .",0.1463497766096166,False
197,how is fatigue damage estimated using the normal long-hand method .,9,1168,"damage incurred on a tilt-wing multipropeller vtol/stol
aircraft operating over a level, gravel-covered surface .",0.13548392469692078,False
197,how is fatigue damage estimated using the normal long-hand method .,10,883,correlated fatigue data for aircraft structural joints .,0.13191406957512997,True
198,"is there any information available on the difference in the effects of
various edge conditions on the buckling of cylindrical shells .",1,551,"analysis of a loaded cantilever plate by finite difference
methods .",0.2534853258176952,False
198,"is there any information available on the difference in the effects of
various edge conditions on the buckling of cylindrical shells .",2,897,"some results on buckling and postbuckling of cylindrical
shells .",0.24001026595954564,False
198,"is there any information available on the difference in the effects of
various edge conditions on the buckling of cylindrical shells .",3,887,"buckling due to thermal stress of cylindrical shells
subjected to axial temperature distributions .",0.2239432388504112,True
198,"is there any information available on the difference in the effects of
various edge conditions on the buckling of cylindrical shells .",4,889,"a simplified method of elastic stability analysis for
thin cylindrical shells .",0.22337831855829834,True
198,"is there any information available on the difference in the effects of
various edge conditions on the buckling of cylindrical shells .",5,741,"the behaviour of thin cylindrical shells after buckling
under axial compression .",0.22176165196287395,False
198,"is there any information available on the difference in the effects of
various edge conditions on the buckling of cylindrical shells .",6,743,"new developments in the nonlinear theories of the buckling of thin
cylindrical shells .",0.2175551702460859,False
198,"is there any information available on the difference in the effects of
various edge conditions on the buckling of cylindrical shells .",7,763,"effects of internal pressure on the buckling of circular-cylindrical
shells under bending.",0.21324969678807199,False
198,"is there any information available on the difference in the effects of
various edge conditions on the buckling of cylindrical shells .",8,935,"buckling of thin single- and multi-layer conical and cylindrical
shells with rotationally symmetric stresses .",0.20891262047024847,False
198,"is there any information available on the difference in the effects of
various edge conditions on the buckling of cylindrical shells .",9,885,"buckling of thin cylindrical shells under hoop stresses
varying in axial direction .",0.2071767604949224,False
198,"is there any information available on the difference in the effects of
various edge conditions on the buckling of cylindrical shells .",10,886,thermal buckling of clamped cylindrical shells .,0.20195267910863218,False
199,"have non-linear large deflection analyses been conducted for shell
shapes other than conical .",1,930,"general theory of large deflections of thin shells
with special applications to conical shells .",0.21659666126101632,False
199,"have non-linear large deflection analyses been conducted for shell
shapes other than conical .",2,931,stability equations for conical shells .,0.2001954640140546,False
199,"have non-linear large deflection analyses been conducted for shell
shapes other than conical .",3,739,"the buckling of thin cylindrical shells under axial
compression .",0.18649157752806028,False
199,"have non-linear large deflection analyses been conducted for shell
shapes other than conical .",4,1294,"non-linear shallow shell analysis by the matrix force
method .",0.18204384764363638,False
199,"have non-linear large deflection analyses been conducted for shell
shapes other than conical .",5,1058,the conical disk spring .,0.17482661909413902,False
199,"have non-linear large deflection analyses been conducted for shell
shapes other than conical .",6,852,"stress and displacement analysis of simply supported
non- circular cylindrical shell under lateral pressure .",0.15433088767527545,False
199,"have non-linear large deflection analyses been conducted for shell
shapes other than conical .",7,744,"lower buckling load in the non-linear buckling theory
of thin shells .",0.1532787979508033,True
199,"have non-linear large deflection analyses been conducted for shell
shapes other than conical .",8,514,"pressure distributions and flow patterns on some conical
shapes with sharp edges and symmetrical cross-sections
at m=4 .0.",0.15278643757041774,False
199,"have non-linear large deflection analyses been conducted for shell
shapes other than conical .",9,1055,non-linear bending and buckling of circular plates .,0.15203211724025534,True
199,"have non-linear large deflection analyses been conducted for shell
shapes other than conical .",10,1054,"iterative solutions for the non-linear bending of circular
plates .",0.14602842385243395,True
2,"what are the structural and aeroelastic problems associated with flight
of high speed aircraft .",1,12,"some structural and aerelastic considerations of high
speed flight .",0.41967765207496477,True
2,"what are the structural and aeroelastic problems associated with flight
of high speed aircraft .",2,746,"aeroelastic problems in connection with high speed
flight .",0.2890026277471227,True
2,"what are the structural and aeroelastic problems associated with flight
of high speed aircraft .",3,875,models for aeroelastic investigation .,0.22793879601008013,False
2,"what are the structural and aeroelastic problems associated with flight
of high speed aircraft .",4,51,"theory of aircraft structural models subjected to aerodynamic
heating and external loads .",0.21374414535519068,True
2,"what are the structural and aeroelastic problems associated with flight
of high speed aircraft .",5,884,the estimation of fatigue damage on structural elements .,0.20582282233315455,False
2,"what are the structural and aeroelastic problems associated with flight
of high speed aircraft .",6,141,free-flight techniques for high speed aerodynamic research .,0.19216926610535062,False
2,"what are the structural and aeroelastic problems associated with flight
of high speed aircraft .",7,700,two and three-dimensional unsteady lift problems in high speed flight .,0.17697404556992444,False
2,"what are the structural and aeroelastic problems associated with flight
of high speed aircraft .",8,184,scale models for thermo-aeroelastic research .,0.16651325493011618,True
2,"what are the structural and aeroelastic problems associated with flight
of high speed aircraft .",9,14,"piston theory - a new aerodynamic tool for the
aeroelastician .",0.16485120366119985,True
2,"what are the structural and aeroelastic problems associated with flight
of high speed aircraft .",10,726,on structural fatigue under random loading .,0.16438978099842738,False
20,"has anyone formally determined the influence of joule heating,  produced
by the induced current,  in magnetohydrodynamic free convection flows
under general conditions .",1,500,"joule heating in magnetohydrodynamic free-convection
flows .",0.4611017993945311,False
20,"has anyone formally determined the influence of joule heating,  produced
by the induced current,  in magnetohydrodynamic free convection flows
under general conditions .",2,268,several magnetohydrodynamic free-convection solutions .,0.24921763525852558,True
20,"has anyone formally determined the influence of joule heating,  produced
by the induced current,  in magnetohydrodynamic free convection flows
under general conditions .",3,88,magnetohydrodynamic free-convection pipe flow .,0.22271391414303354,True
20,"has anyone formally determined the influence of joule heating,  produced
by the induced current,  in magnetohydrodynamic free convection flows
under general conditions .",4,450,some physical interpretations of magnetohydrodynamic duct flows .,0.19468466052946715,False
20,"has anyone formally determined the influence of joule heating,  produced
by the induced current,  in magnetohydrodynamic free convection flows
under general conditions .",5,87,free-convection magnetohydrodynamic flow past a porous flat plate .,0.18316802039000335,True
20,"has anyone formally determined the influence of joule heating,  produced
by the induced current,  in magnetohydrodynamic free convection flows
under general conditions .",6,270,"on combined free and forced convection laminar magnetohydrodynamic
flow and heat transfer in channels with transverse
magnetic field .",0.148210856529743,True
20,"has anyone formally determined the influence of joule heating,  produced
by the induced current,  in magnetohydrodynamic free convection flows
under general conditions .",7,300,"on a particular class of similar solutions of the equations
of motion and energy of a viscous fluid .",0.12496963000924688,False
20,"has anyone formally determined the influence of joule heating,  produced
by the induced current,  in magnetohydrodynamic free convection flows
under general conditions .",8,966,"on fully developed channel flows,. some solutions and limitations, and
effects of compressibility, variable properties, and body forces .",0.12302080911420911,False
20,"has anyone formally determined the influence of joule heating,  produced
by the induced current,  in magnetohydrodynamic free convection flows
under general conditions .",9,190,on magnetohydrodynamic shock waves .,0.12117115721961316,False
20,"has anyone formally determined the influence of joule heating,  produced
by the induced current,  in magnetohydrodynamic free convection flows
under general conditions .",10,407,"stationary convection flow of an electrically conducting
liquid between parallel plates in a magnetic field .",0.11847256659653495,True
200,"are asymptotic methods sufficiently accurate in the determination of
pre-buckling stresses in torispherical shells,  or must we resort to
numerical methods .",1,1071,"stability of thin torispherical shells under uniform
internal pressure .",0.2598948181294013,False
200,"are asymptotic methods sufficiently accurate in the determination of
pre-buckling stresses in torispherical shells,  or must we resort to
numerical methods .",2,1134,torispherical shells - a caution to designers .,0.17365462099266185,True
200,"are asymptotic methods sufficiently accurate in the determination of
pre-buckling stresses in torispherical shells,  or must we resort to
numerical methods .",3,885,"buckling of thin cylindrical shells under hoop stresses
varying in axial direction .",0.14868525936099367,False
200,"are asymptotic methods sufficiently accurate in the determination of
pre-buckling stresses in torispherical shells,  or must we resort to
numerical methods .",4,935,"buckling of thin single- and multi-layer conical and cylindrical
shells with rotationally symmetric stresses .",0.13651871118601117,False
200,"are asymptotic methods sufficiently accurate in the determination of
pre-buckling stresses in torispherical shells,  or must we resort to
numerical methods .",5,1053,spherical cap snapping .,0.13490667859432362,False
200,"are asymptotic methods sufficiently accurate in the determination of
pre-buckling stresses in torispherical shells,  or must we resort to
numerical methods .",6,1070,buckling of orthotropic and stiffened conical shells .,0.12285617657983759,False
200,"are asymptotic methods sufficiently accurate in the determination of
pre-buckling stresses in torispherical shells,  or must we resort to
numerical methods .",7,322,"on the numerical solution of the blasius problem with three-point
boundary conditions .",0.12089377256460565,False
200,"are asymptotic methods sufficiently accurate in the determination of
pre-buckling stresses in torispherical shells,  or must we resort to
numerical methods .",8,940,of a turbulent free shear layer .,0.11883163380494076,False
200,"are asymptotic methods sufficiently accurate in the determination of
pre-buckling stresses in torispherical shells,  or must we resort to
numerical methods .",9,851,"energy expressions and differential equations for stress
and displacement analysis of arbitrary cylindrical
shells .",0.11713170879838537,False
200,"are asymptotic methods sufficiently accurate in the determination of
pre-buckling stresses in torispherical shells,  or must we resort to
numerical methods .",10,957,axisymmetric snap buckling of conical shells .,0.10858756076949021,False
201,"what are the nonequilibrium chemical constituents in the viscous shock
layer ahead of a blunt re-entry vehicle .",1,625,viscous and inviscid nonequilibrium gas flows .,0.25364158469740977,True
201,"what are the nonequilibrium chemical constituents in the viscous shock
layer ahead of a blunt re-entry vehicle .",2,1379,hypersonic flight and the re-entry problem .,0.18018796149426228,False
201,"what are the nonequilibrium chemical constituents in the viscous shock
layer ahead of a blunt re-entry vehicle .",3,1297,ionization nonequilibrium in expanding flows .,0.16643775415878811,False
201,"what are the nonequilibrium chemical constituents in the viscous shock
layer ahead of a blunt re-entry vehicle .",4,1217,"application of inequality constraints to variational
problems of lifting re-entry .",0.16384576731246472,False
201,"what are the nonequilibrium chemical constituents in the viscous shock
layer ahead of a blunt re-entry vehicle .",5,410,"the supersonic flow about a blunt body of revolution
for gases at chemical equilibrium .",0.15705591508272,False
201,"what are the nonequilibrium chemical constituents in the viscous shock
layer ahead of a blunt re-entry vehicle .",6,1391,shock wave and flow field development in hypersonic re-entry .,0.14949859127740406,True
201,"what are the nonequilibrium chemical constituents in the viscous shock
layer ahead of a blunt re-entry vehicle .",7,401,"inviscid hypersonic airflows with coupled non-equilibrium
processes .",0.14594342123856263,True
201,"what are the nonequilibrium chemical constituents in the viscous shock
layer ahead of a blunt re-entry vehicle .",8,944,"one dimensional heat conduction through the skin of
a vehicle upon entering a planetary atmosphere at constant
velocity and entry angle .",0.1441324779782226,False
201,"what are the nonequilibrium chemical constituents in the viscous shock
layer ahead of a blunt re-entry vehicle .",9,1219,"determination of lift or drag programs to minimize
re-entry heating .",0.14208382919643475,False
201,"what are the nonequilibrium chemical constituents in the viscous shock
layer ahead of a blunt re-entry vehicle .",10,554,generalized heat transfer formulas and graphs .,0.13823924775140484,False
202,"how accurate are existing analytical theories in estimating pressure
distributions on cones at incidence,  at hypersonic speeds .",1,1285,"experiments at hypersonic speeds on circular cones
at incidence .",0.41987957076571475,False
202,"how accurate are existing analytical theories in estimating pressure
distributions on cones at incidence,  at hypersonic speeds .",2,1310,"survey of inviscid hypersonic flow theory for geometrically
slender shapes .",0.23504855394258165,True
202,"how accurate are existing analytical theories in estimating pressure
distributions on cones at incidence,  at hypersonic speeds .",3,925,factors affecting loads at hypersonic speeds .,0.1764621080012063,False
202,"how accurate are existing analytical theories in estimating pressure
distributions on cones at incidence,  at hypersonic speeds .",4,687,oscillating airfoils at high mach number .,0.16567945249050606,False
202,"how accurate are existing analytical theories in estimating pressure
distributions on cones at incidence,  at hypersonic speeds .",5,1378,blunt-cone pressure distributions at hypersonic mach numbers .,0.16539754950404464,False
202,"how accurate are existing analytical theories in estimating pressure
distributions on cones at incidence,  at hypersonic speeds .",6,932,buckling of circular cones under axial compression .,0.16469056425391307,False
202,"how accurate are existing analytical theories in estimating pressure
distributions on cones at incidence,  at hypersonic speeds .",7,411,"data on shape and location of detached shock waves
in cones and sphere .",0.1613770017145405,False
202,"how accurate are existing analytical theories in estimating pressure
distributions on cones at incidence,  at hypersonic speeds .",8,979,"correlation of base pressure and wake structure of
sharp and blunt-nose cones with reynolds number based
on boundary layer momentum thickness .",0.15378670477499856,False
202,"how accurate are existing analytical theories in estimating pressure
distributions on cones at incidence,  at hypersonic speeds .",9,232,"accuracy of approximate methods for predicting pressure
on pointed non-lifting bodies of revolution in supersonic
flow .",0.14837347118939725,True
202,"how accurate are existing analytical theories in estimating pressure
distributions on cones at incidence,  at hypersonic speeds .",10,612,"pressure distributions and flow patterns at m=4 . on
some delta wings of inverted 'v' cross section .",0.14081890351821857,False
203,"are simple empirical methods of any use for estimating pressure
distribution in cones .",1,1285,"experiments at hypersonic speeds on circular cones
at incidence .",0.25830739352883364,False
203,"are simple empirical methods of any use for estimating pressure
distribution in cones .",2,1306,"experiments on circular cones at yaw in supersonic
flow .",0.22538744985986536,True
203,"are simple empirical methods of any use for estimating pressure
distribution in cones .",3,58,"pressure measurements on sharp and blunt 5 and 15 half-angle
cones at mach number 3.86 and angles of attack to
100 .",0.17792802230955856,True
203,"are simple empirical methods of any use for estimating pressure
distribution in cones .",4,411,"data on shape and location of detached shock waves
in cones and sphere .",0.1722994332958422,False
203,"are simple empirical methods of any use for estimating pressure
distribution in cones .",5,38,"on the prediction of mixed subsonic/supersonic pressure
distributions .",0.16928270121497738,False
203,"are simple empirical methods of any use for estimating pressure
distribution in cones .",6,482,"a re-examination of the use of the simple concepts
for prediction the shape and location of detached shock
waves .",0.1501219881479342,False
203,"are simple empirical methods of any use for estimating pressure
distribution in cones .",7,362,three-dimensional effect of flutter in a real fluid .,0.14941909730512237,False
203,"are simple empirical methods of any use for estimating pressure
distribution in cones .",8,814,stability derivatives of cones at supersonic speeds .,0.1488072803631165,False
203,"are simple empirical methods of any use for estimating pressure
distribution in cones .",9,1262,"an extension of the linearized characteristics method
for calculating the supersonic flow around elliptic
cones .",0.14754786946282883,False
203,"are simple empirical methods of any use for estimating pressure
distribution in cones .",10,122,"a simplified approximate method for the calculation of the pressure
around conical bodies of arbitrary shape in supersonic and hypersonic
flow .",0.14542600059778696,True
204,do viscous effects seriously modify pressure distributions .,1,147,"supersonic flow past slender pointed wings with ?similar?
cross sections at zero lift .",0.17449854908115042,False
204,do viscous effects seriously modify pressure distributions .,2,1236,"the stagnation point boundary layer in the presence
of an applied magnetic field .",0.1460570017549221,False
204,do viscous effects seriously modify pressure distributions .,3,802,"the behaviour of supersonic flow past a body of revolution
far from the axis .",0.11617281956516995,False
204,do viscous effects seriously modify pressure distributions .,4,573,viscous hypersonic similitude .,0.11487357854428364,False
204,do viscous effects seriously modify pressure distributions .,5,937,on the buckling of truncated conical shells in torsion .,0.1138576502341768,False
204,do viscous effects seriously modify pressure distributions .,6,1080,viscous flow round a sphere at low reynolds numbers . /l40/ .,0.10634976664872464,False
204,do viscous effects seriously modify pressure distributions .,7,971,"surface pressure distributions with a sonic jet normal to adjacent flat
surfaces at mach 2.92 to 6.4 .",0.10612507846406379,False
204,do viscous effects seriously modify pressure distributions .,8,1076,"an approximate method for determining the displacement effects and
viscous drag of laminar boundary layers in two-dimensional hypersonic
flow .",0.09885244097362793,False
204,do viscous effects seriously modify pressure distributions .,9,1311,"some simple solutions to the problem of predicting
boundary layer self-induced pressures .",0.09819153114810625,True
204,do viscous effects seriously modify pressure distributions .,10,57,"applicability of the hypersonic similarity rule to
pressure distributions which include the effects of
rotation for bodies of revolution at zero angle of
attack .",0.09109536244871878,False
205,"has anyone investigated theoretically whether surface flexibility
can stabilize a laminar boundary layer .",1,1287,"progress report on an experiment on the effect of surface
flexibility on the stability of laminar flow .",0.1666906199337593,False
205,"has anyone investigated theoretically whether surface flexibility
can stabilize a laminar boundary layer .",2,131,two-dimensional jet mixing of a compressible fluid .,0.13084654516113337,False
205,"has anyone investigated theoretically whether surface flexibility
can stabilize a laminar boundary layer .",3,1192,"an integral method for calculation of supersonic laminar
boundary layer with heat transfer on yawed cone .",0.12756807765776704,False
205,"has anyone investigated theoretically whether surface flexibility
can stabilize a laminar boundary layer .",4,1323,"an investigation of the use of an auxiliary slot to
re-establish laminar flow on low drag aerofoils .",0.1251525345321767,False
205,"has anyone investigated theoretically whether surface flexibility
can stabilize a laminar boundary layer .",5,133,"some effects of surface curvature on laminar boundary
layer flow .",0.12161197811096372,False
205,"has anyone investigated theoretically whether surface flexibility
can stabilize a laminar boundary layer .",6,1182,an approximate solution for laminar boundary layer flow .,0.12134558438872453,False
205,"has anyone investigated theoretically whether surface flexibility
can stabilize a laminar boundary layer .",7,1069,"design and testing of honeycomb sandwich cylinders
under axial compression .",0.12071759512537654,False
205,"has anyone investigated theoretically whether surface flexibility
can stabilize a laminar boundary layer .",8,4,"approximate solutions of the incompressible laminar
boundary layer equations for a plate in shear flow .",0.11926989989306716,False
205,"has anyone investigated theoretically whether surface flexibility
can stabilize a laminar boundary layer .",9,352,"on heat transfer over a sweat-cooled surface in laminar
compressible flow with a pressure gradient .",0.1170083776526495,False
205,"has anyone investigated theoretically whether surface flexibility
can stabilize a laminar boundary layer .",10,1017,note on creep buckling of columns .,0.11460310079235161,False
206,"how do subsonic and transonic flutter data measured in the new langley
transonic dynamics tunnel compare with similar data obtained in other
facilities .",1,1290,"measured and calculated subsonic and transonic flutter
characteristics of a 45 sweptback wing planform in
air and in freon-12 in the langley transonic dynamics
tunnel .",0.43874607107184266,False
206,"how do subsonic and transonic flutter data measured in the new langley
transonic dynamics tunnel compare with similar data obtained in other
facilities .",2,879,flutter model testing at transonic speeds .,0.2227970080224536,False
206,"how do subsonic and transonic flutter data measured in the new langley
transonic dynamics tunnel compare with similar data obtained in other
facilities .",3,1338,"investigation to determine effects of center of gravity location on the
transonic flutter characteristics of a 45degree sweptback wing .",0.1911545241162867,True
206,"how do subsonic and transonic flutter data measured in the new langley
transonic dynamics tunnel compare with similar data obtained in other
facilities .",4,312,"chordwise pressure distributions over several naca
16 series airfoils at transonic mach numbers up to
1.25 .",0.17741038754954783,False
206,"how do subsonic and transonic flutter data measured in the new langley
transonic dynamics tunnel compare with similar data obtained in other
facilities .",5,1341,"investigation of wing flutter at transonic speeds for six systematically
 varied wing plan forms .",0.17280848992479375,True
206,"how do subsonic and transonic flutter data measured in the new langley
transonic dynamics tunnel compare with similar data obtained in other
facilities .",6,878,"experimental model techniques and equipment for flutter
investigations .",0.16847878678310113,False
206,"how do subsonic and transonic flutter data measured in the new langley
transonic dynamics tunnel compare with similar data obtained in other
facilities .",7,876,on flutter testing in high speed wind tunnels .,0.15213668877358152,False
206,"how do subsonic and transonic flutter data measured in the new langley
transonic dynamics tunnel compare with similar data obtained in other
facilities .",8,38,"on the prediction of mixed subsonic/supersonic pressure
distributions .",0.14661528752643932,False
206,"how do subsonic and transonic flutter data measured in the new langley
transonic dynamics tunnel compare with similar data obtained in other
facilities .",9,440,"compilation of information on the transonic attachment
of flows at the leading edge of airfoils .",0.14095969596669744,False
206,"how do subsonic and transonic flutter data measured in the new langley
transonic dynamics tunnel compare with similar data obtained in other
facilities .",10,795,"the operation of the npl 18in x 14in. wind tunnel in the transonic speed
 range .",0.1356982118111922,False
207,"how do large changes in new mass ratio quantitatively affect
wing-flutter boundaries .",1,859,"flutter of aerodynamically heated aluminium-alloy and
stainless steel panels with length-width ratio of 10
at mach 3. 0.",0.17022978562807314,False
207,"how do large changes in new mass ratio quantitatively affect
wing-flutter boundaries .",2,948,"panel flutter tests on full scale x-15 lower vertical
stabilizer at mach number of 3. 0.",0.16361015876707288,False
207,"how do large changes in new mass ratio quantitatively affect
wing-flutter boundaries .",3,1290,"measured and calculated subsonic and transonic flutter
characteristics of a 45 sweptback wing planform in
air and in freon-12 in the langley transonic dynamics
tunnel .",0.1623759938832029,False
207,"how do large changes in new mass ratio quantitatively affect
wing-flutter boundaries .",4,391,"flutter of rectangular simply supported panels at high
supersonic speeds .",0.15318701911728533,False
207,"how do large changes in new mass ratio quantitatively affect
wing-flutter boundaries .",5,1341,"investigation of wing flutter at transonic speeds for six systematically
 varied wing plan forms .",0.1519122694266815,True
207,"how do large changes in new mass ratio quantitatively affect
wing-flutter boundaries .",6,1008,free-flight measurements of the static and dynamic .,0.14677803565341593,False
207,"how do large changes in new mass ratio quantitatively affect
wing-flutter boundaries .",7,749,"the aerodynamic effects of aspect ratio and sweepback
on wing flutter .",0.14511457095953817,False
207,"how do large changes in new mass ratio quantitatively affect
wing-flutter boundaries .",8,1111,some research on high speed flutter .,0.14123688568332848,False
207,"how do large changes in new mass ratio quantitatively affect
wing-flutter boundaries .",9,747,"bodt freedom flutter of ground launched rocket models
at supersonic and high subsonic speeds .",0.13915565618391723,False
207,"how do large changes in new mass ratio quantitatively affect
wing-flutter boundaries .",10,593,"theoretical considerations of flutter at high mach
number .",0.1361402495080335,False
208,"what is the effect of the shape of the drag polar of a lifting
spacecraft on the amount of reduction in maximum deceleration obtainable by
continuously varying the aerodynamic coefficients during re-entry .",1,1291,"atmosphere entries with spacecraft lift-drag ratios
modulated to limit decelerations .",0.36714883438478435,False
208,"what is the effect of the shape of the drag polar of a lifting
spacecraft on the amount of reduction in maximum deceleration obtainable by
continuously varying the aerodynamic coefficients during re-entry .",2,1344,"atmospheric entries with vehicle lift-drag ratio modulated
to limit deceleration and rate of deceleration vehicles
with maximum lift-drag ratio of 0. 5.",0.21114374720099055,True
208,"what is the effect of the shape of the drag polar of a lifting
spacecraft on the amount of reduction in maximum deceleration obtainable by
continuously varying the aerodynamic coefficients during re-entry .",3,163,"an analysis of the corridor and guidance requirements
for supercircular entry planetary atmospheres .",0.18181197913803573,True
208,"what is the effect of the shape of the drag polar of a lifting
spacecraft on the amount of reduction in maximum deceleration obtainable by
continuously varying the aerodynamic coefficients during re-entry .",4,566,"investigation of local heat transfer and pressure drag
characteristics of a yawed circular cylinder at supersonic
speeds .",0.17315582859961703,False
208,"what is the effect of the shape of the drag polar of a lifting
spacecraft on the amount of reduction in maximum deceleration obtainable by
continuously varying the aerodynamic coefficients during re-entry .",5,1217,"application of inequality constraints to variational
problems of lifting re-entry .",0.17180576152791913,False
208,"what is the effect of the shape of the drag polar of a lifting
spacecraft on the amount of reduction in maximum deceleration obtainable by
continuously varying the aerodynamic coefficients during re-entry .",6,1345,"the use of aerodynamic lift during entry into the earth's
atmosphere .",0.15523858286724532,True
208,"what is the effect of the shape of the drag polar of a lifting
spacecraft on the amount of reduction in maximum deceleration obtainable by
continuously varying the aerodynamic coefficients during re-entry .",7,1348,"radiative heat transfer during atmosphere entry at
parabolic velocity .",0.14866920759989505,False
208,"what is the effect of the shape of the drag polar of a lifting
spacecraft on the amount of reduction in maximum deceleration obtainable by
continuously varying the aerodynamic coefficients during re-entry .",8,1219,"determination of lift or drag programs to minimize
re-entry heating .",0.13547906583458885,False
208,"what is the effect of the shape of the drag polar of a lifting
spacecraft on the amount of reduction in maximum deceleration obtainable by
continuously varying the aerodynamic coefficients during re-entry .",9,1346,modulated entry .,0.13179909778957988,True
208,"what is the effect of the shape of the drag polar of a lifting
spacecraft on the amount of reduction in maximum deceleration obtainable by
continuously varying the aerodynamic coefficients during re-entry .",10,164,"an approximate analytical method for studying entry
into planetary atmospheres .",0.118471736084216,True
209,"what are the physical significance and characteristics of separated
laminar and turbulent boundary layer flows .",1,959,heat transfer in separated flows .,0.3328251706239515,False
209,"what are the physical significance and characteristics of separated
laminar and turbulent boundary layer flows .",2,358,"on the model of the free shock separation, turbulent
boundary layer .",0.26188482013465303,False
209,"what are the physical significance and characteristics of separated
laminar and turbulent boundary layer flows .",3,187,"investigation of separated flows in supersonic and subsonic
streams with emphasis on the effect of transition .",0.2402069723633581,True
209,"what are the physical significance and characteristics of separated
laminar and turbulent boundary layer flows .",4,651,"heat transfer to separated and reattached subsonic
turbulen flows obtained downstream of a surface step .",0.23069167305068491,False
209,"what are the physical significance and characteristics of separated
laminar and turbulent boundary layer flows .",5,455,"modified cross-lees mixing theory for supersonic separated
and reattaching flows .",0.22379768133177871,False
209,"what are the physical significance and characteristics of separated
laminar and turbulent boundary layer flows .",6,45,"an investigation of separated flows, part ii: flow
in the cavity and heat transfer .",0.219311952631902,True
209,"what are the physical significance and characteristics of separated
laminar and turbulent boundary layer flows .",7,240,a theoretical analysis of heat transfer in regions of separated flow .,0.21288622409719632,False
209,"what are the physical significance and characteristics of separated
laminar and turbulent boundary layer flows .",8,53,"transition reynolds numbers of separated flows at
supersonic speeds .",0.20502940963771962,False
209,"what are the physical significance and characteristics of separated
laminar and turbulent boundary layer flows .",9,487,"theory for supersonic two-dimensional, laminar, base-type
flows using the crocco-lees mixing concepts .",0.19959302090238276,True
209,"what are the physical significance and characteristics of separated
laminar and turbulent boundary layer flows .",10,256,"an experimental study of the glancing interaction between
a shock wave and a turbulent boundary layer .",0.1909860071550581,False
21,"why does the compressibility transformation fail to correlate the high
speed data for helium and air .",1,502,on squire's test of the compressibility transformation .,0.40345724503827163,False
21,"why does the compressibility transformation fail to correlate the high
speed data for helium and air .",2,271,"an experimental test of compressibility transformation
for turbulent boundary layer .",0.24696084937342422,True
21,"why does the compressibility transformation fail to correlate the high
speed data for helium and air .",3,68,"some aspects of air-helium simulation and hypersonic
approximations .",0.17107073224804706,False
21,"why does the compressibility transformation fail to correlate the high
speed data for helium and air .",4,302,"approximations for the thermodynamic and transport properties of high
temperature air .",0.16641889330569096,False
21,"why does the compressibility transformation fail to correlate the high
speed data for helium and air .",5,343,"transpiration cooling experiments in a turbulent boundary
layer at m=3 .",0.16031932421145853,False
21,"why does the compressibility transformation fail to correlate the high
speed data for helium and air .",6,413,"turbulent skin friction at high mach numbers and reynolds
numbers in air and helium . nasa r82, 1960 .",0.14551470161589455,True
21,"why does the compressibility transformation fail to correlate the high
speed data for helium and air .",7,377,a turbulent analog of the stewartson-illingworth transformation .,0.13704100921690535,False
21,"why does the compressibility transformation fail to correlate the high
speed data for helium and air .",8,628,thermal effects on a transpiration cooled hemisphere .,0.13220395289648995,False
21,"why does the compressibility transformation fail to correlate the high
speed data for helium and air .",9,686,"flutter tests of some simple models at a mach number
of 7. 2 in helium flow .",0.1281323057174676,False
21,"why does the compressibility transformation fail to correlate the high
speed data for helium and air .",10,1007,free-flight measurements of the static and dynamic .,0.12299229124416634,False
210,"has anyone analytically investigated the stabilizing influence of soft
elastic cores on the buckling strength of cylindrical shells subjected
to non-uniform external pressure .",1,1172,"elastic stability of circular cylindrical shells stabilized
by a soft elastic core .",0.3418050954925627,True
210,"has anyone analytically investigated the stabilizing influence of soft
elastic cores on the buckling strength of cylindrical shells subjected
to non-uniform external pressure .",2,1171,"the stability under axial compression and lateral pressure
of circular cylindrical shells with a soft elastic
core .",0.2914353878283847,True
210,"has anyone analytically investigated the stabilizing influence of soft
elastic cores on the buckling strength of cylindrical shells subjected
to non-uniform external pressure .",3,1145,"buckling of core-stabilized cylinders under axisymmetric external
loads .",0.2548589876909781,False
210,"has anyone analytically investigated the stabilizing influence of soft
elastic cores on the buckling strength of cylindrical shells subjected
to non-uniform external pressure .",4,887,"buckling due to thermal stress of cylindrical shells
subjected to axial temperature distributions .",0.22071673495436334,False
210,"has anyone analytically investigated the stabilizing influence of soft
elastic cores on the buckling strength of cylindrical shells subjected
to non-uniform external pressure .",5,938,"calculations for the stability of thin conical frustums
subjected to external uniform hydrostatic pressure
and axial loads .",0.19496615396929257,False
210,"has anyone analytically investigated the stabilizing influence of soft
elastic cores on the buckling strength of cylindrical shells subjected
to non-uniform external pressure .",6,1068,"instability analysis of cylindrical shells under hydrostatic
pressure .",0.18292433002432334,False
210,"has anyone analytically investigated the stabilizing influence of soft
elastic cores on the buckling strength of cylindrical shells subjected
to non-uniform external pressure .",7,831,buckling of shallow shells under external pressure .,0.17826184066423748,False
210,"has anyone analytically investigated the stabilizing influence of soft
elastic cores on the buckling strength of cylindrical shells subjected
to non-uniform external pressure .",8,1125,"collapse by instability of thin cylindrical shells
under external pressure .",0.1762808187517111,False
210,"has anyone analytically investigated the stabilizing influence of soft
elastic cores on the buckling strength of cylindrical shells subjected
to non-uniform external pressure .",9,743,"new developments in the nonlinear theories of the buckling of thin
cylindrical shells .",0.1760297098835436,False
210,"has anyone analytically investigated the stabilizing influence of soft
elastic cores on the buckling strength of cylindrical shells subjected
to non-uniform external pressure .",10,885,"buckling of thin cylindrical shells under hoop stresses
varying in axial direction .",0.174396296493808,False
211,"what papers are available on the buckling of empty cylindrical shells
under non-uniform pressure .",1,739,"the buckling of thin cylindrical shells under axial
compression .",0.30513567317030155,False
211,"what papers are available on the buckling of empty cylindrical shells
under non-uniform pressure .",2,887,"buckling due to thermal stress of cylindrical shells
subjected to axial temperature distributions .",0.2565080173111985,False
211,"what papers are available on the buckling of empty cylindrical shells
under non-uniform pressure .",3,885,"buckling of thin cylindrical shells under hoop stresses
varying in axial direction .",0.2404815828422326,False
211,"what papers are available on the buckling of empty cylindrical shells
under non-uniform pressure .",4,897,"some results on buckling and postbuckling of cylindrical
shells .",0.23905017351372795,False
211,"what papers are available on the buckling of empty cylindrical shells
under non-uniform pressure .",5,953,"vibrations of infinitely long cylindrical shells under
initial stress .",0.2385634927456136,False
211,"what papers are available on the buckling of empty cylindrical shells
under non-uniform pressure .",6,741,"the behaviour of thin cylindrical shells after buckling
under axial compression .",0.22559948097568913,False
211,"what papers are available on the buckling of empty cylindrical shells
under non-uniform pressure .",7,744,"lower buckling load in the non-linear buckling theory
of thin shells .",0.22481846015554152,False
211,"what papers are available on the buckling of empty cylindrical shells
under non-uniform pressure .",8,743,"new developments in the nonlinear theories of the buckling of thin
cylindrical shells .",0.21560621850021724,False
211,"what papers are available on the buckling of empty cylindrical shells
under non-uniform pressure .",9,763,"effects of internal pressure on the buckling of circular-cylindrical
shells under bending.",0.2149220077337503,True
211,"what papers are available on the buckling of empty cylindrical shells
under non-uniform pressure .",10,1070,buckling of orthotropic and stiffened conical shells .,0.21381787960889606,False
212,"what effect do thermal stresses have on the compressive buckling
strength of ring-stiffened cylinders .",1,1178,"buckling of ring-stiffened cylinders under a pure bending
moment and a nonuniform temperature distribution .",0.48085058481708737,True
212,"what effect do thermal stresses have on the compressive buckling
strength of ring-stiffened cylinders .",2,1176,bending tests of ring-stiffened circular cylinders .,0.45074526132308707,True
212,"what effect do thermal stresses have on the compressive buckling
strength of ring-stiffened cylinders .",3,838,"bending and compression tests of pressurised ring-stiffened
cylinders .",0.42946786986079366,False
212,"what effect do thermal stresses have on the compressive buckling
strength of ring-stiffened cylinders .",4,888,"combinations of temperature and axial compression required
for buckling of a ring-stiffened cylinder .",0.41188089255547183,True
212,"what effect do thermal stresses have on the compressive buckling
strength of ring-stiffened cylinders .",5,1177,effects of rapid heating on strength of airframe components .,0.3782490681310439,True
212,"what effect do thermal stresses have on the compressive buckling
strength of ring-stiffened cylinders .",6,1146,thermal buckling of cylinders .,0.35139378420241524,False
212,"what effect do thermal stresses have on the compressive buckling
strength of ring-stiffened cylinders .",7,1070,buckling of orthotropic and stiffened conical shells .,0.3039936954719529,False
212,"what effect do thermal stresses have on the compressive buckling
strength of ring-stiffened cylinders .",8,1133,"a simple extension of southwell's method for determining the elastic
general instability pressure of ring-stiffened cylinders subject
to external hydrostatic pressure .",0.2893121738628696,False
212,"what effect do thermal stresses have on the compressive buckling
strength of ring-stiffened cylinders .",9,1293,design of stiffened cylinders in axial compression .,0.282206912504066,False
212,"what effect do thermal stresses have on the compressive buckling
strength of ring-stiffened cylinders .",10,885,"buckling of thin cylindrical shells under hoop stresses
varying in axial direction .",0.27892458960471667,True
213,"what is the effect on cylinder buckling of a circumferential stress
system that varies in the axial direction .",1,888,"combinations of temperature and axial compression required
for buckling of a ring-stiffened cylinder .",0.3082025392084367,True
213,"what is the effect on cylinder buckling of a circumferential stress
system that varies in the axial direction .",2,885,"buckling of thin cylindrical shells under hoop stresses
varying in axial direction .",0.2959292903425152,True
213,"what is the effect on cylinder buckling of a circumferential stress
system that varies in the axial direction .",3,741,"the behaviour of thin cylindrical shells after buckling
under axial compression .",0.2845565831725426,False
213,"what is the effect on cylinder buckling of a circumferential stress
system that varies in the axial direction .",4,887,"buckling due to thermal stress of cylindrical shells
subjected to axial temperature distributions .",0.27576100133930587,True
213,"what is the effect on cylinder buckling of a circumferential stress
system that varies in the axial direction .",5,769,"local circumferential buckling of thin circular cylindrical
shells .",0.2684977291115223,True
213,"what is the effect on cylinder buckling of a circumferential stress
system that varies in the axial direction .",6,642,"the buckling strength of a uniform circular cylinder
loaded in axial compression .",0.24722554564009247,False
213,"what is the effect on cylinder buckling of a circumferential stress
system that varies in the axial direction .",7,1146,thermal buckling of cylinders .,0.2364609174334086,False
213,"what is the effect on cylinder buckling of a circumferential stress
system that varies in the axial direction .",8,1173,the buckling of cylindrical shells under longitudinally varying loads .,0.22679101801797855,True
213,"what is the effect on cylinder buckling of a circumferential stress
system that varies in the axial direction .",9,891,"buckling of a finite length cylindrical shell under
a circumferential band of pressure .",0.2070262074644007,False
213,"what is the effect on cylinder buckling of a circumferential stress
system that varies in the axial direction .",10,382,"a note on the laminar boundary layer on a circular cylinder in
axial incompressible flow .",0.19114477973431926,False
214,"can non-linear shallow shell analysis be reduced to an engineering
technique by use of the matrix .",1,1294,"non-linear shallow shell analysis by the matrix force
method .",0.3966155654237363,False
214,"can non-linear shallow shell analysis be reduced to an engineering
technique by use of the matrix .",2,1362,"non-linear analysis of heated, cambered wings by the matrix force
method .",0.2684982262124114,True
214,"can non-linear shallow shell analysis be reduced to an engineering
technique by use of the matrix .",3,828,"stresses and small displacements of shallow spherical
shells .",0.2158745189745154,False
214,"can non-linear shallow shell analysis be reduced to an engineering
technique by use of the matrix .",4,831,buckling of shallow shells under external pressure .,0.18150986521450643,False
214,"can non-linear shallow shell analysis be reduced to an engineering
technique by use of the matrix .",5,848,"the effect of an internal compressible fluid column
on the breathing vibrations of a thin pressurised cylindrical
shell .",0.16783381538444975,False
214,"can non-linear shallow shell analysis be reduced to an engineering
technique by use of the matrix .",6,1042,"on transverse vibrations of thin, shallow elastic shells .",0.14900439486945605,False
214,"can non-linear shallow shell analysis be reduced to an engineering
technique by use of the matrix .",7,47,analysis of low-aspect-ratio aircraft structures .,0.1479160972882198,False
214,"can non-linear shallow shell analysis be reduced to an engineering
technique by use of the matrix .",8,1054,"iterative solutions for the non-linear bending of circular
plates .",0.14389275329286638,False
214,"can non-linear shallow shell analysis be reduced to an engineering
technique by use of the matrix .",9,777,"a technique for rendering approximate solutions to
physical problems uniformly valid .",0.14242262025455824,False
214,"can non-linear shallow shell analysis be reduced to an engineering
technique by use of the matrix .",10,930,"general theory of large deflections of thin shells
with special applications to conical shells .",0.1399098570307896,False
215,"is it possible to predict the shape of a shroud which will allow
simulation of the nose region flow field for a sphere in hypersonic flow .",1,535,"shroud design for simulating hypersonic flow over the nose of a
hemisphere .",0.3029913335435086,False
215,"is it possible to predict the shape of a shroud which will allow
simulation of the nose region flow field for a sphere in hypersonic flow .",2,1253,"hypersonic viscous flow near the stagnation point in
the presence of magnetic field .",0.20544014722026477,False
215,"is it possible to predict the shape of a shroud which will allow
simulation of the nose region flow field for a sphere in hypersonic flow .",3,666,blunt body heat transfer at hypersonic speed and low reynolds numbers .,0.1800398174497443,False
215,"is it possible to predict the shape of a shroud which will allow
simulation of the nose region flow field for a sphere in hypersonic flow .",4,68,"some aspects of air-helium simulation and hypersonic
approximations .",0.1566994973075253,False
215,"is it possible to predict the shape of a shroud which will allow
simulation of the nose region flow field for a sphere in hypersonic flow .",5,1205,"effects of cooling on boundary layer transition on
a hemi- sphere in simulated hypersonic flow .",0.1494263281721931,False
215,"is it possible to predict the shape of a shroud which will allow
simulation of the nose region flow field for a sphere in hypersonic flow .",6,770,the flow of a compressible fluid past a sphere .,0.14605836438858963,False
215,"is it possible to predict the shape of a shroud which will allow
simulation of the nose region flow field for a sphere in hypersonic flow .",7,25,inviscid hypersonic flow over blunt-nosed slender bodies .,0.14108565732637388,False
215,"is it possible to predict the shape of a shroud which will allow
simulation of the nose region flow field for a sphere in hypersonic flow .",8,984,"method of analysis for compressible flow through mixed-flow centrifugal
impellers of arbitrary design .",0.139881726252235,False
215,"is it possible to predict the shape of a shroud which will allow
simulation of the nose region flow field for a sphere in hypersonic flow .",9,1198,the blunt-leading-edge problem in hypersonic flow .,0.13857696643884065,False
215,"is it possible to predict the shape of a shroud which will allow
simulation of the nose region flow field for a sphere in hypersonic flow .",10,985,"a rapid approximate method for the design of hub shroud profiles of
centrifugal impellers of given blade shape .",0.1377308836004452,False
216,"what investigations have been made of the wave system created by a
static pressure distribution over a liquid surface .",1,407,"stationary convection flow of an electrically conducting
liquid between parallel plates in a magnetic field .",0.17786243952515074,False
216,"what investigations have been made of the wave system created by a
static pressure distribution over a liquid surface .",2,175,experiments with static tubes in a supersonic airstream .,0.16187211607605428,False
216,"what investigations have been made of the wave system created by a
static pressure distribution over a liquid surface .",3,39,on the flow of a sonic stream past an airfoil surface .,0.15862525348600337,False
216,"what investigations have been made of the wave system created by a
static pressure distribution over a liquid surface .",4,1269,a study of supersonic combustion .,0.15157200229676474,False
216,"what investigations have been made of the wave system created by a
static pressure distribution over a liquid surface .",5,1225,"the effect of adverse pressure gradients on the characteristics of
turbulent boundary layers in supersonic streams .",0.1438484919064336,False
216,"what investigations have been made of the wave system created by a
static pressure distribution over a liquid surface .",6,974,approximate analysis of thrust vector control by fluid injection .,0.1433443430561443,False
216,"what investigations have been made of the wave system created by a
static pressure distribution over a liquid surface .",7,117,the motion of a viscous liquid past a paraboloid .,0.13777611589142774,False
216,"what investigations have been made of the wave system created by a
static pressure distribution over a liquid surface .",8,1319,real gas effects in flow over blunt bodies at hypersonic speeds .,0.13641266626602117,False
216,"what investigations have been made of the wave system created by a
static pressure distribution over a liquid surface .",9,958,air scooping vehicle .,0.13598140289231214,False
216,"what investigations have been made of the wave system created by a
static pressure distribution over a liquid surface .",10,1274,real gas effects in flow over blunt bodies at hypersonic speeds .,0.134322616856243,False
217,"has anyone investigated the effect of shock generated vorticity on heat
transfer to a blunt body .",1,324,"vorticity effect on the stagnation point flow of a viscous
incompressible fluid .",0.2791913924334237,False
217,"has anyone investigated the effect of shock generated vorticity on heat
transfer to a blunt body .",2,670,"on blunt-body heat transfer at hypersonic speed and low reynolds
number .",0.26153201461164377,True
217,"has anyone investigated the effect of shock generated vorticity on heat
transfer to a blunt body .",3,666,blunt body heat transfer at hypersonic speed and low reynolds numbers .,0.2602801419627235,True
217,"has anyone investigated the effect of shock generated vorticity on heat
transfer to a blunt body .",4,323,"vorticity interaction at an axisymmetric stagnation
point in a viscous incompressible fluid .",0.2583404271472663,False
217,"has anyone investigated the effect of shock generated vorticity on heat
transfer to a blunt body .",5,1395,"low density stagnation point heat transfer measurements
in the hypersonic shock tunnel .",0.25242344620333473,True
217,"has anyone investigated the effect of shock generated vorticity on heat
transfer to a blunt body .",6,1393,"heat transfer near the forward stagnation point of
a body of revolution .",0.2119029834250603,False
217,"has anyone investigated the effect of shock generated vorticity on heat
transfer to a blunt body .",7,1151,experiments on supersonic blunt-body flows .,0.2013549403624499,False
217,"has anyone investigated the effect of shock generated vorticity on heat
transfer to a blunt body .",8,559,"heat transfer at the forward stagnation point of blunt
bodies .",0.2008667560070125,True
217,"has anyone investigated the effect of shock generated vorticity on heat
transfer to a blunt body .",9,629,second-order effects in laminar boundary layers .,0.20021944832069333,False
217,"has anyone investigated the effect of shock generated vorticity on heat
transfer to a blunt body .",10,1161,"stagnation point heat transfer measurements in dissociated
air .",0.19742490035460988,False
218,what is the heat transfer to a blunt body in the absence of vorticity .,1,670,"on blunt-body heat transfer at hypersonic speed and low reynolds
number .",0.2815276792856977,False
218,what is the heat transfer to a blunt body in the absence of vorticity .,2,323,"vorticity interaction at an axisymmetric stagnation
point in a viscous incompressible fluid .",0.25163097540044593,False
218,what is the heat transfer to a blunt body in the absence of vorticity .,3,666,blunt body heat transfer at hypersonic speed and low reynolds numbers .,0.2356521758551227,True
218,what is the heat transfer to a blunt body in the absence of vorticity .,4,1395,"low density stagnation point heat transfer measurements
in the hypersonic shock tunnel .",0.23186515403425456,False
218,what is the heat transfer to a blunt body in the absence of vorticity .,5,559,"heat transfer at the forward stagnation point of blunt
bodies .",0.21622420394028138,True
218,what is the heat transfer to a blunt body in the absence of vorticity .,6,324,"vorticity effect on the stagnation point flow of a viscous
incompressible fluid .",0.2020898934108153,False
218,what is the heat transfer to a blunt body in the absence of vorticity .,7,1393,"heat transfer near the forward stagnation point of
a body of revolution .",0.2006472094137402,True
218,what is the heat transfer to a blunt body in the absence of vorticity .,8,180,"boundary layer over a flat plate in presence of shear
flow .",0.18638683319475605,False
218,what is the heat transfer to a blunt body in the absence of vorticity .,9,1281,"turbulent heat transfer on blunt-nosed bodies in two-dimensional
and general three-dimensional hypersonic flow .",0.18271556592167915,False
218,what is the heat transfer to a blunt body in the absence of vorticity .,10,629,second-order effects in laminar boundary layers .,0.18042223400715537,False
219,"what are the general effects on flow fields when the reynolds number is
small .",1,1221,"steady flow of conducting fluids in channels under
transverse magnetic fields, with consideration of hall
effect .",0.225775616611338,False
219,"what are the general effects on flow fields when the reynolds number is
small .",2,993,"the extent of the jet interference flow fields .
jet effects on cylindrical afterbodies housing sonic and supersonic
nozzles which exhaust against a supersonic stream at angles of attack
from 90degree to 180degree .",0.2215689808321273,False
219,"what are the general effects on flow fields when the reynolds number is
small .",3,268,several magnetohydrodynamic free-convection solutions .,0.19676615758465918,False
219,"what are the general effects on flow fields when the reynolds number is
small .",4,809,"an investigation of the influence of lift on sonic-boom
intensity by means of wind tunnel measurements of the
pressure fields of several wing-body combinations at
a mach number of 2. 01 .",0.19575592671799166,False
219,"what are the general effects on flow fields when the reynolds number is
small .",5,342,"effect of diffusion fields on the laminar boundary
layer .",0.18969191843079158,False
219,"what are the general effects on flow fields when the reynolds number is
small .",6,1222,axisymmetric magnetohydrodynamic channel flow .,0.18697855057399212,False
219,"what are the general effects on flow fields when the reynolds number is
small .",7,1367,"a theoretical investigation of the effects of mach number, reynolds
number, wall temperature and surface curvature on laminar separation in
supersonic flow .",0.18504661616867812,False
219,"what are the general effects on flow fields when the reynolds number is
small .",8,992,"the effects of a small jet of air exhausting from the nose of a body
of revolution in supersonic flow .",0.18302421001836053,False
219,"what are the general effects on flow fields when the reynolds number is
small .",9,1078,"the steady flow of a viscous fluid past a circular cylinder at reynolds
numbers 40 and 44 .",0.16703146679291664,True
219,"what are the general effects on flow fields when the reynolds number is
small .",10,197,"pressure distributions on three bodies of revolution
to determine the effect of reynolds number up to and
including the transonic speed range .",0.1643901684856523,False
22,"did anyone else discover that the turbulent skin friction is not over
sensitive to the nature of the variation of the viscosity with
temperature .",1,413,"turbulent skin friction at high mach numbers and reynolds
numbers in air and helium . nasa r82, 1960 .",0.23571932246821933,False
22,"did anyone else discover that the turbulent skin friction is not over
sensitive to the nature of the variation of the viscosity with
temperature .",2,125,"measurements of skin friction of the compressible turbulent
boundary layer on a cone with foreign gas injection .",0.23488770913410914,False
22,"did anyone else discover that the turbulent skin friction is not over
sensitive to the nature of the variation of the viscosity with
temperature .",3,254,"boundary layers with suction and injection . a review
of published work on skin friction .",0.22849256870182474,False
22,"did anyone else discover that the turbulent skin friction is not over
sensitive to the nature of the variation of the viscosity with
temperature .",4,348,turbulent boundary layer in compressible fluids .,0.2132045199059506,False
22,"did anyone else discover that the turbulent skin friction is not over
sensitive to the nature of the variation of the viscosity with
temperature .",5,560,"a theoretical study of the effect of upstream
transpiration-cooling on the heat transfer and skin friction characteristics
of a compressible laminar boundary layer .",0.2104233904643682,False
22,"did anyone else discover that the turbulent skin friction is not over
sensitive to the nature of the variation of the viscosity with
temperature .",6,50,"investigation of laminar boundary layer in compressible
fluids using the crocco method .",0.19405935105120853,False
22,"did anyone else discover that the turbulent skin friction is not over
sensitive to the nature of the variation of the viscosity with
temperature .",7,565,"similar solutions for the compressible boundary layer
on a yawed cylinder with transpiration cooling .",0.18595713073511297,False
22,"did anyone else discover that the turbulent skin friction is not over
sensitive to the nature of the variation of the viscosity with
temperature .",8,861,"charts adapted from van driest's turbulent flat-plate
theory for determining values of turbulent aerodynamic
friction and heat transfer coefficients .",0.17875091105664737,False
22,"did anyone else discover that the turbulent skin friction is not over
sensitive to the nature of the variation of the viscosity with
temperature .",9,346,measurements of turbulent friction on a smooth flat plate in supersonic .,0.17419571330984507,False
22,"did anyone else discover that the turbulent skin friction is not over
sensitive to the nature of the variation of the viscosity with
temperature .",10,474,laminar mixing of a compressible fluid .,0.16633669563505346,False
220,"find a calculation procedure applicable to all incompressible laminar
boundary layer flow problems having good accuracy and reasonable
computation time .",1,1192,"an integral method for calculation of supersonic laminar
boundary layer with heat transfer on yawed cone .",0.20403588539029338,False
220,"find a calculation procedure applicable to all incompressible laminar
boundary layer flow problems having good accuracy and reasonable
computation time .",2,4,"approximate solutions of the incompressible laminar
boundary layer equations for a plate in shear flow .",0.1998883710428012,False
220,"find a calculation procedure applicable to all incompressible laminar
boundary layer flow problems having good accuracy and reasonable
computation time .",3,231,"practical calculation of second-order supersonic flow
past non-lifting bodies of revolution .",0.1857488377993948,False
220,"find a calculation procedure applicable to all incompressible laminar
boundary layer flow problems having good accuracy and reasonable
computation time .",4,382,"a note on the laminar boundary layer on a circular cylinder in
axial incompressible flow .",0.18417311670619296,False
220,"find a calculation procedure applicable to all incompressible laminar
boundary layer flow problems having good accuracy and reasonable
computation time .",5,472,waves in supersonic flow .,0.17046138180563924,False
220,"find a calculation procedure applicable to all incompressible laminar
boundary layer flow problems having good accuracy and reasonable
computation time .",6,292,"rapid laminar boundary layer calculations by piece-wise
application of similar solutions .",0.1639898865678634,True
220,"find a calculation procedure applicable to all incompressible laminar
boundary layer flow problems having good accuracy and reasonable
computation time .",7,527,"note on the three-point boundary layer problem for
the blasius equations .",0.15924140788858004,False
220,"find a calculation procedure applicable to all incompressible laminar
boundary layer flow problems having good accuracy and reasonable
computation time .",8,3,the boundary layer in simple shear flow past a flat plate .,0.15889031189581654,False
220,"find a calculation procedure applicable to all incompressible laminar
boundary layer flow problems having good accuracy and reasonable
computation time .",9,458,"a new series for calculation of steady laminar boundary
layer flows .",0.15472853437931208,True
220,"find a calculation procedure applicable to all incompressible laminar
boundary layer flow problems having good accuracy and reasonable
computation time .",10,376,"transformation between compressible and incompressible
boundary layer equations .",0.1540307212352251,True
221,"papers applicable to this problem (calculation procedures for laminar
incompressible flow with arbitrary pressure gradient) .",1,1366,"the compressible laminar boundary layer with heat transfer
and arbitrary pressure gradient .",0.21315727545516758,True
221,"papers applicable to this problem (calculation procedures for laminar
incompressible flow with arbitrary pressure gradient) .",2,1386,"analysis and calculation by integral methods of laminar
compressible boundary layer with heat transfer and
with and without pressure gradient .",0.2081762826288102,True
221,"papers applicable to this problem (calculation procedures for laminar
incompressible flow with arbitrary pressure gradient) .",3,388,"the pressure gradient induced by shear flow past a
flat plate .",0.20160094618462168,False
221,"papers applicable to this problem (calculation procedures for laminar
incompressible flow with arbitrary pressure gradient) .",4,3,the boundary layer in simple shear flow past a flat plate .,0.17705693269958186,False
221,"papers applicable to this problem (calculation procedures for laminar
incompressible flow with arbitrary pressure gradient) .",5,4,"approximate solutions of the incompressible laminar
boundary layer equations for a plate in shear flow .",0.16873829893732067,False
221,"papers applicable to this problem (calculation procedures for laminar
incompressible flow with arbitrary pressure gradient) .",6,194,"general theory of airfoil sections having arbitrary
shape or pressure distribution .",0.1653385298628975,False
221,"papers applicable to this problem (calculation procedures for laminar
incompressible flow with arbitrary pressure gradient) .",7,55,"separation, stability and other properties of compressible
laminar boundary layer with pressure gradient and heat
transfer .",0.15071034988466403,False
221,"papers applicable to this problem (calculation procedures for laminar
incompressible flow with arbitrary pressure gradient) .",8,458,"a new series for calculation of steady laminar boundary
layer flows .",0.14996621583398584,True
221,"papers applicable to this problem (calculation procedures for laminar
incompressible flow with arbitrary pressure gradient) .",9,382,"a note on the laminar boundary layer on a circular cylinder in
axial incompressible flow .",0.14829722163364745,False
221,"papers applicable to this problem (calculation procedures for laminar
incompressible flow with arbitrary pressure gradient) .",10,46,some comments on the inversion of certain large matrices .,0.14694030082972362,False
222,has anyone investigated the shear buckling of stiffened plates .,1,1399,buckling of transverse stiffened plates under shear .,0.44561962807676203,True
222,has anyone investigated the shear buckling of stiffened plates .,2,1130,"handbook of structural stability . pt .vi . strength
of stiffened curved plates and shells .",0.377703423075759,False
222,has anyone investigated the shear buckling of stiffened plates .,3,419,"the design of intermediate vertical stiffeners on web
plates subjected to shear .",0.33063192117972573,True
222,has anyone investigated the shear buckling of stiffened plates .,4,400,buckling stress of clamped rectangular plates in shear .,0.3301392598326023,True
222,has anyone investigated the shear buckling of stiffened plates .,5,1070,buckling of orthotropic and stiffened conical shells .,0.28972503923112963,False
222,has anyone investigated the shear buckling of stiffened plates .,6,1176,bending tests of ring-stiffened circular cylinders .,0.26688399759793585,False
222,has anyone investigated the shear buckling of stiffened plates .,7,888,"combinations of temperature and axial compression required
for buckling of a ring-stiffened cylinder .",0.257032473848572,False
222,has anyone investigated the shear buckling of stiffened plates .,8,1400,"the buckling shear stress of simply-supported infinitely
long plates with transverse stiffeners .",0.2496825022769332,True
222,has anyone investigated the shear buckling of stiffened plates .,9,1178,"buckling of ring-stiffened cylinders under a pure bending
moment and a nonuniform temperature distribution .",0.24784462262248677,False
222,has anyone investigated the shear buckling of stiffened plates .,10,1050,"compressive buckling of simply supported curved plates
and cylinders of sandwich construction .",0.24308433398526608,False
223,papers on shear buckling of unstiffened rectangular plates under shear .,1,400,buckling stress of clamped rectangular plates in shear .,0.37444147638996955,True
223,papers on shear buckling of unstiffened rectangular plates under shear .,2,1399,buckling of transverse stiffened plates under shear .,0.2836447462083873,False
223,papers on shear buckling of unstiffened rectangular plates under shear .,3,1400,"the buckling shear stress of simply-supported infinitely
long plates with transverse stiffeners .",0.21566531468701797,False
223,papers on shear buckling of unstiffened rectangular plates under shear .,4,1008,free-flight measurements of the static and dynamic .,0.20349188767031262,False
223,papers on shear buckling of unstiffened rectangular plates under shear .,5,388,"the pressure gradient induced by shear flow past a
flat plate .",0.19778534870626088,False
223,papers on shear buckling of unstiffened rectangular plates under shear .,6,419,"the design of intermediate vertical stiffeners on web
plates subjected to shear .",0.19402036429229427,False
223,papers on shear buckling of unstiffened rectangular plates under shear .,7,1048,a small deflection theory for curved sandwich plates .,0.1934921625545834,False
223,papers on shear buckling of unstiffened rectangular plates under shear .,8,1050,"compressive buckling of simply supported curved plates
and cylinders of sandwich construction .",0.19187814914130283,False
223,papers on shear buckling of unstiffened rectangular plates under shear .,9,863,loads and deformations of buckled rectangular plates .,0.19158795736356496,False
223,papers on shear buckling of unstiffened rectangular plates under shear .,10,3,the boundary layer in simple shear flow past a flat plate .,0.19020206956642202,False
224,"in practice, how close to reality are the assumptions that the flow
in a hypersonic shock tube using nitrogen is non-viscous and in
thermodynamic equilibrium .",1,1312,"tabulated solutions of the equilibrium gas properties
behind the incidents and reflected normal shock-wave
in a shock-tube .",0.29270876966010445,False
224,"in practice, how close to reality are the assumptions that the flow
in a hypersonic shock tube using nitrogen is non-viscous and in
thermodynamic equilibrium .",2,1286,"equilibrium real-gas performance charts for a shypersonic
shock-tube wind-tunnel employing nitrogen .",0.25196858955364015,False
224,"in practice, how close to reality are the assumptions that the flow
in a hypersonic shock tube using nitrogen is non-viscous and in
thermodynamic equilibrium .",3,317,non-equilibrium flow of an ideal dissociating gas .,0.20044079623968597,False
224,"in practice, how close to reality are the assumptions that the flow
in a hypersonic shock tube using nitrogen is non-viscous and in
thermodynamic equilibrium .",4,236,criteria for thermodynamic equilibrium in gas flow .,0.17046734507483127,False
224,"in practice, how close to reality are the assumptions that the flow
in a hypersonic shock tube using nitrogen is non-viscous and in
thermodynamic equilibrium .",5,401,"inviscid hypersonic airflows with coupled non-equilibrium
processes .",0.17024101788905235,False
224,"in practice, how close to reality are the assumptions that the flow
in a hypersonic shock tube using nitrogen is non-viscous and in
thermodynamic equilibrium .",6,259,"second order theory for unsteady supersonic flow
past slender pointed bodies of revolution .",0.1641742799753738,False
224,"in practice, how close to reality are the assumptions that the flow
in a hypersonic shock tube using nitrogen is non-viscous and in
thermodynamic equilibrium .",7,1296,"non-equilibrium expansions of air with coupled chemical
reactions .",0.15754597538581544,False
224,"in practice, how close to reality are the assumptions that the flow
in a hypersonic shock tube using nitrogen is non-viscous and in
thermodynamic equilibrium .",8,1298,theory of radiation from luminous shock waves in nitrogen .,0.14555190228635084,False
224,"in practice, how close to reality are the assumptions that the flow
in a hypersonic shock tube using nitrogen is non-viscous and in
thermodynamic equilibrium .",9,1157,hypersonic shock tunnel .,0.14320727661501323,True
224,"in practice, how close to reality are the assumptions that the flow
in a hypersonic shock tube using nitrogen is non-viscous and in
thermodynamic equilibrium .",10,656,departure from dissociation equilibrium in a hypersonic nozzle .,0.13857606441663148,True
225,"what design factors can be used to control lift-drag ratios at mach
numbers above 5 .",1,1188,"factors affecting lift-drag ratios at mach numbers
from 5 to 20 .",0.3604597042719085,False
225,"what design factors can be used to control lift-drag ratios at mach
numbers above 5 .",2,1124,"design of missile bodies for minimum drag at very high
speeds - thickness ratio, lift, and center of pressure
given .",0.2507128632824651,True
225,"what design factors can be used to control lift-drag ratios at mach
numbers above 5 .",3,1380,the problem of obtaining high lift-drag ratios at supersonic speeds .,0.24881960062093814,True
225,"what design factors can be used to control lift-drag ratios at mach
numbers above 5 .",4,748,"subsonic aerodynamic flutter derivatives for wings and control surfaces,
 /compressible and incompressible flow/ .",0.23136544647482907,False
225,"what design factors can be used to control lift-drag ratios at mach
numbers above 5 .",5,1256,"fluctuating lift and drag acting on a cylinder in a
flow at supercritical reynolds numbers .",0.21804933698750892,False
225,"what design factors can be used to control lift-drag ratios at mach
numbers above 5 .",6,566,"investigation of local heat transfer and pressure drag
characteristics of a yawed circular cylinder at supersonic
speeds .",0.19483776860374766,False
225,"what design factors can be used to control lift-drag ratios at mach
numbers above 5 .",7,638,"longitudinal aerodynamic characteristics at low subsonic
speeds of a highly swept wing utilizing nose deflection
for control .",0.178296497376904,False
225,"what design factors can be used to control lift-drag ratios at mach
numbers above 5 .",8,225,elliptic cones alone and with wings at supersonic speeds .,0.17182920907318372,True
225,"what design factors can be used to control lift-drag ratios at mach
numbers above 5 .",9,1334,"calculated spanwise lift distributions and aerodynamic
influence coefficients for swept wings in subsonic
flow .",0.16258937193577014,False
225,"what design factors can be used to control lift-drag ratios at mach
numbers above 5 .",10,1345,"the use of aerodynamic lift during entry into the earth's
atmosphere .",0.15975782018555623,False
23,what progress has been made in research on unsteady aerodynamics .,1,892,research on unsteady flow .,0.2630654449006193,False
23,what progress has been made in research on unsteady aerodynamics .,2,902,"some current and proposed investigations into the flow
for slender delta and other wings in unsteady motion .",0.16347865022318914,True
23,what progress has been made in research on unsteady aerodynamics .,3,1287,"progress report on an experiment on the effect of surface
flexibility on the stability of laminar flow .",0.15667943629864461,False
23,what progress has been made in research on unsteady aerodynamics .,4,1109,"unsteady laminar compressible boundary layers on an
infinite plate with suction or injection .",0.14983590671141578,True
23,what progress has been made in research on unsteady aerodynamics .,5,753,"development of a quasi-steady approach to flutter and
correlation with kernel-function results .",0.14538852987156045,False
23,what progress has been made in research on unsteady aerodynamics .,6,1259,"second-order theory for unsteady supersonic flow past
slender pointed bodies of revolution .",0.128609503621238,True
23,what progress has been made in research on unsteady aerodynamics .,7,718,means and examples of aeronautical research in france at onera .,0.12133050753876783,False
23,what progress has been made in research on unsteady aerodynamics .,8,1,"experimental investigation of the aerodynamics of a
wing in a slipstream .",0.11866852982758874,False
23,what progress has been made in research on unsteady aerodynamics .,9,903,"two dimensional transonic unsteady flow with shock
waves .",0.11552334469812264,True
23,what progress has been made in research on unsteady aerodynamics .,10,1151,experiments on supersonic blunt-body flows .,0.1151896444629596,False
24,"what are the factors which influence the time required to invert large
structural matrices .",1,46,some comments on the inversion of certain large matrices .,0.28067723529810296,True
24,"what are the factors which influence the time required to invert large
structural matrices .",2,756,further comments on the inversion of large structural matrices .,0.25803559246616814,False
24,"what are the factors which influence the time required to invert large
structural matrices .",3,12,"some structural and aerelastic considerations of high
speed flight .",0.16855520358442203,False
24,"what are the factors which influence the time required to invert large
structural matrices .",4,51,"theory of aircraft structural models subjected to aerodynamic
heating and external loads .",0.14277148577096,False
24,"what are the factors which influence the time required to invert large
structural matrices .",5,724,structural acoustic proof testing .,0.1263031786828068,False
24,"what are the factors which influence the time required to invert large
structural matrices .",6,47,analysis of low-aspect-ratio aircraft structures .,0.1216715638405624,True
24,"what are the factors which influence the time required to invert large
structural matrices .",7,884,the estimation of fatigue damage on structural elements .,0.12122103082669171,False
24,"what are the factors which influence the time required to invert large
structural matrices .",8,883,correlated fatigue data for aircraft structural joints .,0.11661183117191494,False
24,"what are the factors which influence the time required to invert large
structural matrices .",9,1317,shock-tube testing time .,0.10609366885896683,False
24,"what are the factors which influence the time required to invert large
structural matrices .",10,1170,structural loads surveys on two tilt-wing vtol configurations .,0.10511109566758449,False
25,"does a practical flow follow the theoretical concepts for the
interaction between adjacent blade rows of a supersonic cascade .",1,215,"the test performance of highly loaded turbine stages
designed for high pressure ratio .",0.2103141714707529,True
25,"does a practical flow follow the theoretical concepts for the
interaction between adjacent blade rows of a supersonic cascade .",2,277,"study of flow conditions and deflection angle at exit
of two-dimensional cascade of turbine rotor blades
at critical and supercritical pressure ratios .",0.19436189483132515,True
25,"does a practical flow follow the theoretical concepts for the
interaction between adjacent blade rows of a supersonic cascade .",3,511,"tunnel tests on a double cascade to determine the interaction
between the rotor and the nozzles of a supersonic turbine .",0.1607631483235242,False
25,"does a practical flow follow the theoretical concepts for the
interaction between adjacent blade rows of a supersonic cascade .",4,214,on the testing of supersonic compressor cascades .,0.15661367699668377,True
25,"does a practical flow follow the theoretical concepts for the
interaction between adjacent blade rows of a supersonic cascade .",5,121,"a theory for base pressures in transonic and supersonic
flow .",0.15121550078330853,False
25,"does a practical flow follow the theoretical concepts for the
interaction between adjacent blade rows of a supersonic cascade .",6,216,the supersonic axial flow compressor .,0.14225805532540114,True
25,"does a practical flow follow the theoretical concepts for the
interaction between adjacent blade rows of a supersonic cascade .",7,772,an experimental study of jet-flap compressor blades .,0.1415919477425361,False
25,"does a practical flow follow the theoretical concepts for the
interaction between adjacent blade rows of a supersonic cascade .",8,945,"method for design of pump impellers using a high speed
digital computer .",0.13726172473740442,False
25,"does a practical flow follow the theoretical concepts for the
interaction between adjacent blade rows of a supersonic cascade .",9,134,"note on an interaction between the boundary layer and the inviscid
flow .",0.12838288350835214,False
25,"does a practical flow follow the theoretical concepts for the
interaction between adjacent blade rows of a supersonic cascade .",10,540,"use of local similarity concepts in hypersonic viscous
interaction problems .",0.12787271154183585,False
26,"what is a single approximate formula for the displacement thickness of
a laminar boundary layer in compressible flow on a flat plate .",1,382,"a note on the laminar boundary layer on a circular cylinder in
axial incompressible flow .",0.38309275648736973,False
26,"what is a single approximate formula for the displacement thickness of
a laminar boundary layer in compressible flow on a flat plate .",2,4,"approximate solutions of the incompressible laminar
boundary layer equations for a plate in shear flow .",0.3678077171570987,False
26,"what is a single approximate formula for the displacement thickness of
a laminar boundary layer in compressible flow on a flat plate .",3,145,"skin friction in the laminar boundary layer in compressible
flow .",0.32673558434729405,True
26,"what is a single approximate formula for the displacement thickness of
a laminar boundary layer in compressible flow on a flat plate .",4,307,"an approximate solution of hypersonic laminar boundary
layer equations and its application .",0.31425162417527625,False
26,"what is a single approximate formula for the displacement thickness of
a laminar boundary layer in compressible flow on a flat plate .",5,611,"an approximate solution of the compressible laminar
boundary layer on a flat plate .",0.31046354007182414,True
26,"what is a single approximate formula for the displacement thickness of
a laminar boundary layer in compressible flow on a flat plate .",6,3,the boundary layer in simple shear flow past a flat plate .,0.3103165493515255,False
26,"what is a single approximate formula for the displacement thickness of
a laminar boundary layer in compressible flow on a flat plate .",7,348,turbulent boundary layer in compressible fluids .,0.2914903728333581,False
26,"what is a single approximate formula for the displacement thickness of
a laminar boundary layer in compressible flow on a flat plate .",8,1076,"an approximate method for determining the displacement effects and
viscous drag of laminar boundary layers in two-dimensional hypersonic
flow .",0.2699734473173782,True
26,"what is a single approximate formula for the displacement thickness of
a laminar boundary layer in compressible flow on a flat plate .",9,306,"second approximation to laminar compressible boundary
layer on flat plate in slip flow .",0.2693918113513004,False
26,"what is a single approximate formula for the displacement thickness of
a laminar boundary layer in compressible flow on a flat plate .",10,1355,"boundary layer displacement effects in air at mach
numbers of 6. 8 and 9. 6.",0.26938242669963974,False
27,"how is the design of ring or part ring wings by linear theory affected
by thickness .",1,1176,bending tests of ring-stiffened circular cylinders .,0.3062270119878009,False
27,"how is the design of ring or part ring wings by linear theory affected
by thickness .",2,888,"combinations of temperature and axial compression required
for buckling of a ring-stiffened cylinder .",0.23070509259587432,False
27,"how is the design of ring or part ring wings by linear theory affected
by thickness .",3,838,"bending and compression tests of pressurised ring-stiffened
cylinders .",0.22454027518288205,False
27,"how is the design of ring or part ring wings by linear theory affected
by thickness .",4,1178,"buckling of ring-stiffened cylinders under a pure bending
moment and a nonuniform temperature distribution .",0.2227513984040156,False
27,"how is the design of ring or part ring wings by linear theory affected
by thickness .",5,1031,note on creep buckling of columns .,0.22087255679841733,False
27,"how is the design of ring or part ring wings by linear theory affected
by thickness .",6,1129,"general instability of a ring stiffened circular cylindrical
shell under hydrostatic pressure .",0.21402626813673756,False
27,"how is the design of ring or part ring wings by linear theory affected
by thickness .",7,1133,"a simple extension of southwell's method for determining the elastic
general instability pressure of ring-stiffened cylinders subject
to external hydrostatic pressure .",0.20377596707932286,False
27,"how is the design of ring or part ring wings by linear theory affected
by thickness .",8,512,"quasi-cylindrical surfaces with prescribed thickness
distributions .",0.18766250215851135,False
27,"how is the design of ring or part ring wings by linear theory affected
by thickness .",9,1070,buckling of orthotropic and stiffened conical shells .,0.1646303945966603,False
27,"how is the design of ring or part ring wings by linear theory affected
by thickness .",10,1132,"general instability of ring stiffened cylindrical shells
subject to external hydrostatic pressure - a comparison
of theory and experiment .",0.16325427803278747,False
28,what application has the linear theory design of curved wings .,1,1048,a small deflection theory for curved sandwich plates .,0.20389601570460772,False
28,what application has the linear theory design of curved wings .,2,1050,"compressive buckling of simply supported curved plates
and cylinders of sandwich construction .",0.19035189592733545,False
28,what application has the linear theory design of curved wings .,3,674,"the shapes and lift-dependent drags on some sweptback
wings designed for m= 1. 2.",0.15448487923248522,False
28,what application has the linear theory design of curved wings .,4,247,"the calculation of the pressure distribution on thick
wings of small aspect ratio at zero lift in subsonic
flow .",0.15226337635247467,False
28,what application has the linear theory design of curved wings .,5,1362,"non-linear analysis of heated, cambered wings by the matrix force
method .",0.15020056361172876,False
28,what application has the linear theory design of curved wings .,6,864,status of flutter of flat and curved panels .,0.14583330391960628,False
28,what application has the linear theory design of curved wings .,7,1130,"handbook of structural stability . pt .vi . strength
of stiffened curved plates and shells .",0.14469506150195383,False
28,what application has the linear theory design of curved wings .,8,503,"theoretical prediction of the transonic characteristics
of airfoils .",0.13803781441283658,False
28,what application has the linear theory design of curved wings .,9,367,"control system and analysis and design via the second method of
lyapunov .",0.13707329663360052,False
28,what application has the linear theory design of curved wings .,10,251,"a collection of longitudinal stability derivatives
of wings at supersonic speeds .",0.13661179556847602,False
29,"what is the effect of cross sectional shape on the flow over simple
delta wings with sharp leading edges .",1,465,slender delta wings with sharp edges at zero lift .,0.4023256134103381,True
29,"what is the effect of cross sectional shape on the flow over simple
delta wings with sharp leading edges .",2,612,"pressure distributions and flow patterns at m=4 . on
some delta wings of inverted 'v' cross section .",0.33647087791460034,True
29,"what is the effect of cross sectional shape on the flow over simple
delta wings with sharp leading edges .",3,420,"an experimental study of the flow field about swept and delta wings
with sharp leading edges .",0.3202765729290739,False
29,"what is the effect of cross sectional shape on the flow over simple
delta wings with sharp leading edges .",4,250,"pressure distributions at zero lift for delta wings
with rhombic cross sections .",0.27922279420594365,True
29,"what is the effect of cross sectional shape on the flow over simple
delta wings with sharp leading edges .",5,514,"pressure distributions and flow patterns on some conical
shapes with sharp edges and symmetrical cross-sections
at m=4 .0.",0.2551624091054107,True
29,"what is the effect of cross sectional shape on the flow over simple
delta wings with sharp leading edges .",6,901,long slender delta wings with leading edge separation .,0.24749257841416403,False
29,"what is the effect of cross sectional shape on the flow over simple
delta wings with sharp leading edges .",7,900,"some measurements in the vortex flow generated by a
sharp leading edge having 65 sweep .",0.23386404851849316,False
29,"what is the effect of cross sectional shape on the flow over simple
delta wings with sharp leading edges .",8,222,"the flow over delta wings at low speeds with leading
edge separation .",0.22849286387858136,False
29,"what is the effect of cross sectional shape on the flow over simple
delta wings with sharp leading edges .",9,464,"flow studies on flat plate delta wings at supersonic
speeds .",0.227651494860303,True
29,"what is the effect of cross sectional shape on the flow over simple
delta wings with sharp leading edges .",10,601,"calculation of the flow past slender delta wings with
leading edge separation .",0.22159457169998573,False
3,"what problems of heat conduction in composite slabs have been solved so
far .",1,399,conduction of heat in composite slabs .,0.4820503252904017,True
3,"what problems of heat conduction in composite slabs have been solved so
far .",2,485,linear heat flow in a composite slab .,0.34724250508186244,False
3,"what problems of heat conduction in composite slabs have been solved so
far .",3,5,"one-dimensional transient heat conduction into a double-layer
slab subjected to a linear heat input for a small time
internal .",0.3334127510784848,True
3,"what problems of heat conduction in composite slabs have been solved so
far .",4,144,heat flow in composite slabs .,0.3085093071962787,True
3,"what problems of heat conduction in composite slabs have been solved so
far .",5,181,some problems on heat conduction in stratiform bodies .,0.30802542373837966,True
3,"what problems of heat conduction in composite slabs have been solved so
far .",6,542,biot's variational principle in heat conduction .,0.18730855761690043,False
3,"what problems of heat conduction in composite slabs have been solved so
far .",7,582,the melting of finite slabs .,0.1783264620113275,False
3,"what problems of heat conduction in composite slabs have been solved so
far .",8,90,"periodic temperature distributions in a two-layer composite
slab .",0.16462547190284785,True
3,"what problems of heat conduction in composite slabs have been solved so
far .",9,584,"conduction of heat in a solid with a power law of heat
transfer at its surface .",0.151634989342453,False
3,"what problems of heat conduction in composite slabs have been solved so
far .",10,91,periodic temperature distribution in a two-layer composite slab .,0.14676463277731888,True
30,papers on flow visualization on slender conical wings .,1,513,"pressure measurements at supersonic speeds on three
uncambered conical wings of unit aspect ratio .",0.18623474525281916,False
30,papers on flow visualization on slender conical wings .,2,602,"the 7 x 7 in . hypersonic wind tunnel at rae farnborough,
part 1, design, instrumentation and flow visualization
techniques .",0.18219818889544215,False
30,papers on flow visualization on slender conical wings .,3,633,"an extension of the method of generalised conical flows
for lifting wings in supersonic flow .",0.1639283316041687,False
30,papers on flow visualization on slender conical wings .,4,465,slender delta wings with sharp edges at zero lift .,0.1554075192015982,False
30,papers on flow visualization on slender conical wings .,5,46,some comments on the inversion of certain large matrices .,0.14546210770473367,False
30,papers on flow visualization on slender conical wings .,6,247,"the calculation of the pressure distribution on thick
wings of small aspect ratio at zero lift in subsonic
flow .",0.1385446603148357,False
30,papers on flow visualization on slender conical wings .,7,791,"measurements at mach numbers up to 2. 8 of the longitudinal
characteristics of one plane and three cambered slender
'ogee' wings .",0.135791003055289,False
30,papers on flow visualization on slender conical wings .,8,420,"an experimental study of the flow field about swept and delta wings
with sharp leading edges .",0.13526845691700337,False
30,papers on flow visualization on slender conical wings .,9,466,"development of the vapour screen method of flow
visualization in the 3ft tunnel at rae bedford.",0.13496677804802118,True
30,papers on flow visualization on slender conical wings .,10,601,"calculation of the flow past slender delta wings with
leading edge separation .",0.13392610063191152,False
31,"what size of end plate can be safely used to simulate two-dimensional
flow conditions over a bluff cylindrical body of finite aspect ratio .",1,751,"a note on the use of end plates to prevent three dimensional
flow at the ends of bluff cylinders .",0.25642602723370467,False
31,"what size of end plate can be safely used to simulate two-dimensional
flow conditions over a bluff cylindrical body of finite aspect ratio .",2,920,supersonic flow over an inclined wing of zero aspect ratio .,0.14795807804623157,False
31,"what size of end plate can be safely used to simulate two-dimensional
flow conditions over a bluff cylindrical body of finite aspect ratio .",3,228,navier-stokes solutions at large distances from a finite body .,0.1456734092578301,False
31,"what size of end plate can be safely used to simulate two-dimensional
flow conditions over a bluff cylindrical body of finite aspect ratio .",4,247,"the calculation of the pressure distribution on thick
wings of small aspect ratio at zero lift in subsonic
flow .",0.14412712260717497,False
31,"what size of end plate can be safely used to simulate two-dimensional
flow conditions over a bluff cylindrical body of finite aspect ratio .",5,918,"on the low aspect ratio oscillating rectangular wing
in supersonic flow .",0.14293633702765313,False
31,"what size of end plate can be safely used to simulate two-dimensional
flow conditions over a bluff cylindrical body of finite aspect ratio .",6,1209,aerodynamic processes in the downwash-impingement problem .,0.14162721629099922,False
31,"what size of end plate can be safely used to simulate two-dimensional
flow conditions over a bluff cylindrical body of finite aspect ratio .",7,1153,"a study of the simulation of flow with free stream mach number 1 in a
choked wind tunnel .",0.13115166364245995,False
31,"what size of end plate can be safely used to simulate two-dimensional
flow conditions over a bluff cylindrical body of finite aspect ratio .",8,698,the unsteady lift of a wing of finite aspect ratio .,0.1303204856509648,False
31,"what size of end plate can be safely used to simulate two-dimensional
flow conditions over a bluff cylindrical body of finite aspect ratio .",9,916,"the flow around oscillating low aspect ratio wings at transonic
speeds .",0.1300731908777881,False
31,"what size of end plate can be safely used to simulate two-dimensional
flow conditions over a bluff cylindrical body of finite aspect ratio .",10,749,"the aerodynamic effects of aspect ratio and sweepback
on wing flutter .",0.1296820092492995,False
32,"to find an approximate correction for thickness in slender thin-wing
theory .",1,752,slender not-so-thin wing theory .,0.4816561450175188,False
32,"to find an approximate correction for thickness in slender thin-wing
theory .",2,1186,"lift of slender delta wings according to newtonian
theory .",0.2229469886362637,False
32,"to find an approximate correction for thickness in slender thin-wing
theory .",3,382,"a note on the laminar boundary layer on a circular cylinder in
axial incompressible flow .",0.20342437527153615,False
32,"to find an approximate correction for thickness in slender thin-wing
theory .",4,147,"supersonic flow past slender pointed wings with ?similar?
cross sections at zero lift .",0.16271645156487888,False
32,"to find an approximate correction for thickness in slender thin-wing
theory .",5,921,slender-body theory-review and extension .,0.15987425605811192,False
32,"to find an approximate correction for thickness in slender thin-wing
theory .",6,843,"a simplified method of elastic stability analysis for
thin cylindrical shells .",0.15705325282043456,False
32,"to find an approximate correction for thickness in slender thin-wing
theory .",7,467,"thin airfoil theory based on approximate solution of the transonic flow
equation .",0.15701878859532384,False
32,"to find an approximate correction for thickness in slender thin-wing
theory .",8,530,"an aerodynamic analysis for flutter in oseen-type viscous
flow .",0.15200575864551713,False
32,"to find an approximate correction for thickness in slender thin-wing
theory .",9,468,a refinement of the linearised transonic flow theory .,0.15073818043099,False
32,"to find an approximate correction for thickness in slender thin-wing
theory .",10,250,"pressure distributions at zero lift for delta wings
with rhombic cross sections .",0.14921571625495317,True
33,"how do interference-free longitudinal stability measurements (made
using free-flight models) compare with similar measurements made in
a low-blockage wind tunnel .",1,516,"free-flight measurements of the dynamic longitudinal
stability characteristics of a wind tunnel interference
model (m=0 .92 to 1. 35) .",0.5092288410606207,False
33,"how do interference-free longitudinal stability measurements (made
using free-flight models) compare with similar measurements made in
a low-blockage wind tunnel .",2,431,"free-flight measurements of the zero-lift drag and
base pressure on a wind tunnel interference model (m=0 .
8 - 1. 5) .",0.3049232342203161,True
33,"how do interference-free longitudinal stability measurements (made
using free-flight models) compare with similar measurements made in
a low-blockage wind tunnel .",3,141,free-flight techniques for high speed aerodynamic research .,0.25473802126797557,True
33,"how do interference-free longitudinal stability measurements (made
using free-flight models) compare with similar measurements made in
a low-blockage wind tunnel .",4,252,"an investigation of interference effects on similar models of
different size in various transonic tunnels in the u.k. .",0.24962717465186546,True
33,"how do interference-free longitudinal stability measurements (made
using free-flight models) compare with similar measurements made in
a low-blockage wind tunnel .",5,672,tunnel interference effects .,0.22665214479203885,False
33,"how do interference-free longitudinal stability measurements (made
using free-flight models) compare with similar measurements made in
a low-blockage wind tunnel .",6,808,"an investigation of some aspects of the sonic boom
by means of wind tunnel measurements of pressures about
several bodies at a mach number of 2. 01 .",0.20690604050646433,False
33,"how do interference-free longitudinal stability measurements (made
using free-flight models) compare with similar measurements made in
a low-blockage wind tunnel .",7,714,"blockage corrections for three-dimensional flow closed
throat wind tunnels, with considerations of the effect
of compressibility .",0.1910480277627871,False
33,"how do interference-free longitudinal stability measurements (made
using free-flight models) compare with similar measurements made in
a low-blockage wind tunnel .",8,594,"wind tunnel techniques for the measurements of oscillatory
derivatives .",0.18878587618753123,False
33,"how do interference-free longitudinal stability measurements (made
using free-flight models) compare with similar measurements made in
a low-blockage wind tunnel .",9,1153,"a study of the simulation of flow with free stream mach number 1 in a
choked wind tunnel .",0.1887098541331314,False
33,"how do interference-free longitudinal stability measurements (made
using free-flight models) compare with similar measurements made in
a low-blockage wind tunnel .",10,791,"measurements at mach numbers up to 2. 8 of the longitudinal
characteristics of one plane and three cambered slender
'ogee' wings .",0.18742067922242095,False
34,"have wind tunnel interference effects been investigated on a systematic
basis .",1,516,"free-flight measurements of the dynamic longitudinal
stability characteristics of a wind tunnel interference
model (m=0 .92 to 1. 35) .",0.2780080148250316,False
34,"have wind tunnel interference effects been investigated on a systematic
basis .",2,1153,"a study of the simulation of flow with free stream mach number 1 in a
choked wind tunnel .",0.24884852118611997,False
34,"have wind tunnel interference effects been investigated on a systematic
basis .",3,1062,"an experimental and theoretical investigation of second-order
wing-body interference at high mach number .",0.23137599497875325,False
34,"have wind tunnel interference effects been investigated on a systematic
basis .",4,431,"free-flight measurements of the zero-lift drag and
base pressure on a wind tunnel interference model (m=0 .
8 - 1. 5) .",0.22831592922517283,True
34,"have wind tunnel interference effects been investigated on a systematic
basis .",5,610,corner interference effects .,0.21885413544155277,False
34,"have wind tunnel interference effects been investigated on a systematic
basis .",6,795,"the operation of the npl 18in x 14in. wind tunnel in the transonic speed
 range .",0.2137189250389013,False
34,"have wind tunnel interference effects been investigated on a systematic
basis .",7,1074,"theoretical and experimental investigation of second-order supersonic
wing-body interference .",0.1968786166442427,False
34,"have wind tunnel interference effects been investigated on a systematic
basis .",8,672,tunnel interference effects .,0.1938613918777393,True
34,"have wind tunnel interference effects been investigated on a systematic
basis .",9,799,"some effects of wind-tunnel interference observed in tests on
two-dimensional aerofoils at high subsonic and transonic speeds .",0.19036871945764094,True
34,"have wind tunnel interference effects been investigated on a systematic
basis .",10,1350,"effects of jet billowing on stability of missile-type
bodies at mach 3. 85 .",0.1840500674994873,False
35,"are there any papers dealing with acoustic wave propagation in reacting
gases .",1,875,models for aeroelastic investigation .,0.17364985115815565,False
35,"are there any papers dealing with acoustic wave propagation in reacting
gases .",2,654,"on the propagation and structure of the blast wave .
 part 1.",0.16677750088241977,False
35,"are there any papers dealing with acoustic wave propagation in reacting
gases .",3,1208,"a linearized analysis of the forces exerted on a rigid
wing by a shock wave .",0.1578797466524078,False
35,"are there any papers dealing with acoustic wave propagation in reacting
gases .",4,1327,on the propagation and structure of the blast wave .,0.13597925596050092,False
35,"are there any papers dealing with acoustic wave propagation in reacting
gases .",5,319,"propagation of weak disturbances in a gas subject to
relaxation effects .",0.13138069856535087,False
35,"are there any papers dealing with acoustic wave propagation in reacting
gases .",6,75,studies of structural failure due to acoustic loading .,0.13130114476075025,False
35,"are there any papers dealing with acoustic wave propagation in reacting
gases .",7,1276,"a three-dimensional linearized analysis of the forces
exerted on a rigid wing by a shock wave .",0.12348367979042209,False
35,"are there any papers dealing with acoustic wave propagation in reacting
gases .",8,1203,"the propagation of a nonuniform magnetohydrodynamic
shock wave into a moving monatomic fluid .",0.1210712473770414,False
35,"are there any papers dealing with acoustic wave propagation in reacting
gases .",9,1389,numerical construction of detached shock waves .,0.11709369590722495,False
35,"are there any papers dealing with acoustic wave propagation in reacting
gases .",10,46,some comments on the inversion of certain large matrices .,0.11231045497300653,False
36,"has anyone investigated relaxation effects on gaseous heat transfer to a
suddenly heated wall .",1,398,heat transfer in turbulent shear flow .,0.1585195707062926,False
36,"has anyone investigated relaxation effects on gaseous heat transfer to a
suddenly heated wall .",2,550,laminar heat transfer in tubes under slip-flow conditions .,0.14751753031157333,False
36,"has anyone investigated relaxation effects on gaseous heat transfer to a
suddenly heated wall .",3,319,"propagation of weak disturbances in a gas subject to
relaxation effects .",0.1472852242557029,False
36,"has anyone investigated relaxation effects on gaseous heat transfer to a
suddenly heated wall .",4,281,higher order approximations for relaxation oscillations .,0.1461370263817689,False
36,"has anyone investigated relaxation effects on gaseous heat transfer to a
suddenly heated wall .",5,260,"a critical review of skin friction and heat transfer
solutions of the laminar boundary layer of a flat plate .",0.1387237930583556,False
36,"has anyone investigated relaxation effects on gaseous heat transfer to a
suddenly heated wall .",6,387,"heat transfer for laminar flow in an annulus with porous
wall .",0.13569819931527843,False
36,"has anyone investigated relaxation effects on gaseous heat transfer to a
suddenly heated wall .",7,959,heat transfer in separated flows .,0.1343309233682633,False
36,"has anyone investigated relaxation effects on gaseous heat transfer to a
suddenly heated wall .",8,135,"the calculation of wall shearing stress from heat-transfer measurements
in compressible flows .",0.13295480817260663,False
36,"has anyone investigated relaxation effects on gaseous heat transfer to a
suddenly heated wall .",9,123,"the downstream influence of mass transfer at the nose
of a slender cone .",0.129942605187159,False
36,"has anyone investigated relaxation effects on gaseous heat transfer to a
suddenly heated wall .",10,1222,axisymmetric magnetohydrodynamic channel flow .,0.12992787908407652,False
37,are there any theoretical methods for predicting base pressure .,1,186,base pressure in supersonic flow .,0.2623114008645759,False
37,are there any theoretical methods for predicting base pressure .,2,461,"approximate methods fore predicting separation properties
of laminar boundary layers .",0.2599004176828407,False
37,are there any theoretical methods for predicting base pressure .,3,176,"base pressure at subsonic speeds in the presence of
a supersonic jet .",0.24735007576030632,False
37,are there any theoretical methods for predicting base pressure .,4,409,"on the base pressure resulting from the interaction of a supersonic
external stream with a sonic or subsonic jet .",0.24464476349247802,True
37,are there any theoretical methods for predicting base pressure .,5,519,"base pressure at supersonic speeds in the presence
of a supersonic jet .",0.2188405555536905,False
37,are there any theoretical methods for predicting base pressure .,6,1311,"some simple solutions to the problem of predicting
boundary layer self-induced pressures .",0.21735090672203564,False
37,are there any theoretical methods for predicting base pressure .,7,242,"an approximate theory of base pressure in two dimensional
flow at supersonic speeds .",0.20966213185356405,True
37,are there any theoretical methods for predicting base pressure .,8,1352,"aerodynamic investigation of a parabolic body of revolution
at mach number of 1. 92 and some effects of an annular
supersonic jet exhausting from the base .",0.1919757475650914,False
37,are there any theoretical methods for predicting base pressure .,9,232,"accuracy of approximate methods for predicting pressure
on pointed non-lifting bodies of revolution in supersonic
flow .",0.19058389075200793,False
37,are there any theoretical methods for predicting base pressure .,10,487,"theory for supersonic two-dimensional, laminar, base-type
flows using the crocco-lees mixing concepts .",0.18663893115965438,True
38,does transition in the hypersonic wake depend on body geometry and size,1,154,"velocity and temperature distributions in the turbulent
wake behind a heated body of revolution .",0.17577038842870776,False
38,does transition in the hypersonic wake depend on body geometry and size,2,536,"transition in the viscous wakes of blunt bodies at
hypersonic speeds .",0.169874792873444,False
38,does transition in the hypersonic wake depend on body geometry and size,3,1141,the wake behind an oscillating vehicle .,0.1635984905516714,False
38,does transition in the hypersonic wake depend on body geometry and size,4,1211,"boundary layer transition at supersonic
speeds-three-dimensional roughness effects (spheres).",0.1488743356545783,False
38,does transition in the hypersonic wake depend on body geometry and size,5,1238,"the newtonian approximation in magnetic hypersonic
stagnation-point flow .",0.14636991921046638,False
38,does transition in the hypersonic wake depend on body geometry and size,6,976,"turbulent diffusion in the wake of a blunt nosed body
at hypersonic speeds .",0.14633161083526952,False
38,does transition in the hypersonic wake depend on body geometry and size,7,182,effect of roughness on transition in supersonic flow .,0.13783058663250086,False
38,does transition in the hypersonic wake depend on body geometry and size,8,433,"application of two dimensional vortex theory to the
prediction of flow fields behind wings of wing-body
combinations at subsonic and supersonic speeds .",0.13326566487450603,False
38,does transition in the hypersonic wake depend on body geometry and size,9,446,wake of a satellite traversing the ionosphere .,0.13124299951664553,False
38,does transition in the hypersonic wake depend on body geometry and size,10,25,inviscid hypersonic flow over blunt-nosed slender bodies .,0.12642811363916054,False
39,how can one detect transition phenomena in boundary layers .,1,1257,an optical boundary-layer probe .,0.17953470238550703,True
39,how can one detect transition phenomena in boundary layers .,2,959,heat transfer in separated flows .,0.17612315503873804,False
39,how can one detect transition phenomena in boundary layers .,3,337,boundary layer transition with gas injection .,0.16067664896184256,False
39,how can one detect transition phenomena in boundary layers .,4,418,transition form laminar to turbulent shear flow .,0.1603376041220657,True
39,how can one detect transition phenomena in boundary layers .,5,37,"a new technique for investigating heat transfer and
surface phenomena under hypersonic flow conditions .",0.14473812332985792,False
39,how can one detect transition phenomena in boundary layers .,6,504,"stability of compressible boundary layers induced by
a moving wave .",0.13501477323729835,False
39,how can one detect transition phenomena in boundary layers .,7,1149,similar temperature boundary layers .,0.1306939770513057,False
39,how can one detect transition phenomena in boundary layers .,8,526,"leading edge attachment in transonic flow with laminar
or turbulent boundary layers .",0.1276957840106129,False
39,how can one detect transition phenomena in boundary layers .,9,41,on transition experiments at moderate supersonic speeds .,0.12723156754597129,False
39,how can one detect transition phenomena in boundary layers .,10,272,"oscillatory aerodynamic coefficients for a unified supersonic
hypersonic strip theory .",0.12428171978434079,True
4,"can a criterion be developed to show empirically the validity of flow
solutions for chemically reacting gas mixtures based on the simplifying
assumption of instantaneous local chemical equilibrium .",1,166,flow of chemically reacting gas mixtures .,0.28043837623153073,True
4,"can a criterion be developed to show empirically the validity of flow
solutions for chemically reacting gas mixtures based on the simplifying
assumption of instantaneous local chemical equilibrium .",2,488,"a reaction-rate parameter for gasdynamics of a chemically
reacting gas mixture .",0.19626807856803635,False
4,"can a criterion be developed to show empirically the validity of flow
solutions for chemically reacting gas mixtures based on the simplifying
assumption of instantaneous local chemical equilibrium .",3,1189,nonequilibrium flow past a wedge .,0.15273118136564046,False
4,"can a criterion be developed to show empirically the validity of flow
solutions for chemically reacting gas mixtures based on the simplifying
assumption of instantaneous local chemical equilibrium .",4,1275,flow about an unsteadily rotating disc .,0.14342479480572484,False
4,"can a criterion be developed to show empirically the validity of flow
solutions for chemically reacting gas mixtures based on the simplifying
assumption of instantaneous local chemical equilibrium .",5,185,"some possibilities of using gas mixtures other than in
aerodynamic research .",0.1322588233883805,False
4,"can a criterion be developed to show empirically the validity of flow
solutions for chemically reacting gas mixtures based on the simplifying
assumption of instantaneous local chemical equilibrium .",6,1085,"note on the convergence of numerical solutions of the navier-stokes
equations .",0.12608681060142646,False
4,"can a criterion be developed to show empirically the validity of flow
solutions for chemically reacting gas mixtures based on the simplifying
assumption of instantaneous local chemical equilibrium .",7,1312,"tabulated solutions of the equilibrium gas properties
behind the incidents and reflected normal shock-wave
in a shock-tube .",0.12218095944753447,False
4,"can a criterion be developed to show empirically the validity of flow
solutions for chemically reacting gas mixtures based on the simplifying
assumption of instantaneous local chemical equilibrium .",8,1061,"turbulent mixing of a rocket exhaust jet with a supersonic stream
including chemical reactions .",0.12028448459779867,False
4,"can a criterion be developed to show empirically the validity of flow
solutions for chemically reacting gas mixtures based on the simplifying
assumption of instantaneous local chemical equilibrium .",9,236,criteria for thermodynamic equilibrium in gas flow .,0.11974510655869292,True
4,"can a criterion be developed to show empirically the validity of flow
solutions for chemically reacting gas mixtures based on the simplifying
assumption of instantaneous local chemical equilibrium .",10,410,"the supersonic flow about a blunt body of revolution
for gases at chemical equilibrium .",0.11018924957821473,False
40,how can one detect transition phenomena in hypersonic wakes .,1,536,"transition in the viscous wakes of blunt bodies at
hypersonic speeds .",0.16891729432192037,False
40,how can one detect transition phenomena in hypersonic wakes .,2,1368,three dimensional viscous wakes .,0.1679649062356999,False
40,how can one detect transition phenomena in hypersonic wakes .,3,37,"a new technique for investigating heat transfer and
surface phenomena under hypersonic flow conditions .",0.164428079204165,False
40,how can one detect transition phenomena in hypersonic wakes .,4,1152,on periodically oscillating wakes in the oseen approximation .,0.1554223829509176,False
40,how can one detect transition phenomena in hypersonic wakes .,5,1257,an optical boundary-layer probe .,0.14641735519754978,False
40,how can one detect transition phenomena in hypersonic wakes .,6,17,remarks on the eddy viscosity in compressible mixing flows .,0.11831584460344345,False
40,how can one detect transition phenomena in hypersonic wakes .,7,41,on transition experiments at moderate supersonic speeds .,0.11742167419023301,False
40,how can one detect transition phenomena in hypersonic wakes .,8,1158,the tailored-interface hypersonic shock tunnel .,0.1157868263607777,False
40,how can one detect transition phenomena in hypersonic wakes .,9,568,"shock wave effects on the laminar skin friction of
an insulated flat plate at hypersonic speeds .",0.11034779817015618,False
40,how can one detect transition phenomena in hypersonic wakes .,10,330,taylor instability of finite surface waves .,0.10787286888867577,False
41,"has anyone investigated and developed a simple model for the vortex
wake behind a cruciform wing .",1,289,"a theoretical study of the aerodynamics of slender
cruciform-wing arrangements and their wakes .",0.4278298946826958,True
41,"has anyone investigated and developed a simple model for the vortex
wake behind a cruciform wing .",2,433,"application of two dimensional vortex theory to the
prediction of flow fields behind wings of wing-body
combinations at subsonic and supersonic speeds .",0.280522447775424,True
41,"has anyone investigated and developed a simple model for the vortex
wake behind a cruciform wing .",3,1141,the wake behind an oscillating vehicle .,0.23898090901064054,False
41,"has anyone investigated and developed a simple model for the vortex
wake behind a cruciform wing .",4,288,"the rolling up of the trailing vortex sheet and its
effect on the downwash behind wings .",0.21990740308776893,True
41,"has anyone investigated and developed a simple model for the vortex
wake behind a cruciform wing .",5,927,"investigation of normal force distributions and wake
vortex characteristics of bodies of revolution at supersonic
speeds .",0.21425682144849031,False
41,"has anyone investigated and developed a simple model for the vortex
wake behind a cruciform wing .",6,432,"theoretical damping in roll and rolling moment due
to differential wing incidence for slender cruciform
wings and wing-body combinations .",0.2103790816314286,False
41,"has anyone investigated and developed a simple model for the vortex
wake behind a cruciform wing .",7,229,"interference between the wings and tail surfaces of
a combination of slender body, cruciform wings and
cruciform tail set at both incidence and yaw .",0.20948086184907944,False
41,"has anyone investigated and developed a simple model for the vortex
wake behind a cruciform wing .",8,154,"velocity and temperature distributions in the turbulent
wake behind a heated body of revolution .",0.19765351797889555,False
41,"has anyone investigated and developed a simple model for the vortex
wake behind a cruciform wing .",9,1196,growth of the turbulent wake behind a supersonic sphere .,0.1816364333471481,False
41,"has anyone investigated and developed a simple model for the vortex
wake behind a cruciform wing .",10,126,"an investigation of two-dimensional supersonic base
pressures .",0.18003178837216427,False
42,"what is a criterion that the transonic flow around an airfoil with a
round leading edge be validly analyzed by the linearized transonic flow
theory .",1,521,"a note on application of transonic linearization to
an airfoil with a round leading edge .",0.40542426195196346,False
42,"what is a criterion that the transonic flow around an airfoil with a
round leading edge be validly analyzed by the linearized transonic flow
theory .",2,526,"leading edge attachment in transonic flow with laminar
or turbulent boundary layers .",0.3339698313178997,False
42,"what is a criterion that the transonic flow around an airfoil with a
round leading edge be validly analyzed by the linearized transonic flow
theory .",3,440,"compilation of information on the transonic attachment
of flows at the leading edge of airfoils .",0.24841647605209585,False
42,"what is a criterion that the transonic flow around an airfoil with a
round leading edge be validly analyzed by the linearized transonic flow
theory .",4,503,"theoretical prediction of the transonic characteristics
of airfoils .",0.24831371311327285,False
42,"what is a criterion that the transonic flow around an airfoil with a
round leading edge be validly analyzed by the linearized transonic flow
theory .",5,496,"a theory of transonic aileron buzz, neglecting viscous
effects .",0.2469656130422972,False
42,"what is a criterion that the transonic flow around an airfoil with a
round leading edge be validly analyzed by the linearized transonic flow
theory .",6,469,"linearised transonic flow about slender bodies at zero
angle of attack .",0.24011829251141625,True
42,"what is a criterion that the transonic flow around an airfoil with a
round leading edge be validly analyzed by the linearized transonic flow
theory .",7,468,a refinement of the linearised transonic flow theory .,0.23609888901679824,True
42,"what is a criterion that the transonic flow around an airfoil with a
round leading edge be validly analyzed by the linearized transonic flow
theory .",8,439,a factor affecting transonic leading edge flow separation .,0.20422495954222392,False
42,"what is a criterion that the transonic flow around an airfoil with a
round leading edge be validly analyzed by the linearized transonic flow
theory .",9,467,"thin airfoil theory based on approximate solution of the transonic flow
equation .",0.1937703407967851,True
42,"what is a criterion that the transonic flow around an airfoil with a
round leading edge be validly analyzed by the linearized transonic flow
theory .",10,903,"two dimensional transonic unsteady flow with shock
waves .",0.19178999949114706,False
43,"can the transonic flow around an arbitrary smooth thin airfoil be
analysed in a simple approximate way .",1,467,"thin airfoil theory based on approximate solution of the transonic flow
equation .",0.23044998781439435,True
43,"can the transonic flow around an arbitrary smooth thin airfoil be
analysed in a simple approximate way .",2,194,"general theory of airfoil sections having arbitrary
shape or pressure distribution .",0.21491835853223756,False
43,"can the transonic flow around an arbitrary smooth thin airfoil be
analysed in a simple approximate way .",3,469,"linearised transonic flow about slender bodies at zero
angle of attack .",0.20723038427552026,True
43,"can the transonic flow around an arbitrary smooth thin airfoil be
analysed in a simple approximate way .",4,503,"theoretical prediction of the transonic characteristics
of airfoils .",0.16553365086648034,True
43,"can the transonic flow around an arbitrary smooth thin airfoil be
analysed in a simple approximate way .",5,496,"a theory of transonic aileron buzz, neglecting viscous
effects .",0.16437968626219035,False
43,"can the transonic flow around an arbitrary smooth thin airfoil be
analysed in a simple approximate way .",6,903,"two dimensional transonic unsteady flow with shock
waves .",0.16327566942196603,False
43,"can the transonic flow around an arbitrary smooth thin airfoil be
analysed in a simple approximate way .",7,404,two dimensional transonic flow past airfoils .,0.16031584332520107,False
43,"can the transonic flow around an arbitrary smooth thin airfoil be
analysed in a simple approximate way .",8,468,a refinement of the linearised transonic flow theory .,0.15500065864236792,True
43,"can the transonic flow around an arbitrary smooth thin airfoil be
analysed in a simple approximate way .",9,39,on the flow of a sonic stream past an airfoil surface .,0.14965876068194456,True
43,"can the transonic flow around an arbitrary smooth thin airfoil be
analysed in a simple approximate way .",10,312,"chordwise pressure distributions over several naca
16 series airfoils at transonic mach numbers up to
1.25 .",0.13568247668532088,False
44,"what are the details of the rigorous kinetic theory of gases .
(chapman-enskog theory) .",1,1190,flow of a gas near a solid surface .,0.14962992663682576,False
44,"what are the details of the rigorous kinetic theory of gases .
(chapman-enskog theory) .",2,1199,"theoretical investigations of a supersonic laminar
boundary layer with foreign-gas injection .",0.1168312615997852,False
44,"what are the details of the rigorous kinetic theory of gases .
(chapman-enskog theory) .",3,103,"theory of mixing and chemical reaction in the opposed
jet diffusion flame .",0.1140944711658778,False
44,"what are the details of the rigorous kinetic theory of gases .
(chapman-enskog theory) .",4,1148,knudsen flow through a circular capillary .,0.1085397517490924,False
44,"what are the details of the rigorous kinetic theory of gases .
(chapman-enskog theory) .",5,943,compressible free shear layer with finite initial thickness .,0.09858698311960797,False
44,"what are the details of the rigorous kinetic theory of gases .
(chapman-enskog theory) .",6,1031,note on creep buckling of columns .,0.09406684232675111,False
44,"what are the details of the rigorous kinetic theory of gases .
(chapman-enskog theory) .",7,1314,production of high temperature gases in shock tubes .,0.09166892064487259,False
44,"what are the details of the rigorous kinetic theory of gases .
(chapman-enskog theory) .",8,405,tables of thermal properties of gases .,0.09083654451988564,False
44,"what are the details of the rigorous kinetic theory of gases .
(chapman-enskog theory) .",9,583,influence coefficients for real gases .,0.08938828852850315,False
44,"what are the details of the rigorous kinetic theory of gases .
(chapman-enskog theory) .",10,108,properties of the confluent hypergeometric function .,0.08535626937150433,False
45,"has anyone investigated the effect of surface mass transfer on
hypersonic viscous interactions .",1,525,"on hypersonic viscous flow over an insulated flat plate
with surface mass transfer .",0.33340391406289177,False
45,"has anyone investigated the effect of surface mass transfer on
hypersonic viscous interactions .",2,305,"hypersonic strong viscous interaction on a flat plate
with surface mass transfer .",0.3306009636762249,True
45,"has anyone investigated the effect of surface mass transfer on
hypersonic viscous interactions .",3,1299,hypersonic viscous shock layer .,0.24249759994589004,False
45,"has anyone investigated the effect of surface mass transfer on
hypersonic viscous interactions .",4,540,"use of local similarity concepts in hypersonic viscous
interaction problems .",0.20941925181273424,False
45,"has anyone investigated the effect of surface mass transfer on
hypersonic viscous interactions .",5,84,"experimental investigation of the downstream influence
of stagnation point mass transfer .",0.1969846802895903,False
45,"has anyone investigated the effect of surface mass transfer on
hypersonic viscous interactions .",6,123,"the downstream influence of mass transfer at the nose
of a slender cone .",0.18922323878790026,False
45,"has anyone investigated the effect of surface mass transfer on
hypersonic viscous interactions .",7,26,inviscid leading-edge effect in hypersonic flow .,0.18480557022700414,False
45,"has anyone investigated the effect of surface mass transfer on
hypersonic viscous interactions .",8,1185,"an integral method for calculating heat and mass transfer
in laminar boundary layers .",0.17957674918258093,True
45,"has anyone investigated the effect of surface mass transfer on
hypersonic viscous interactions .",9,353,"the effect of helium injection at an axially symmetric stagnation
point .",0.17868595862852638,False
45,"has anyone investigated the effect of surface mass transfer on
hypersonic viscous interactions .",10,537,stagnation point viscous hypersonic flow .,0.1607608717010575,False
46,"what is the combined effect of surface heat and mass transfer on
hypersonic flow .",1,305,"hypersonic strong viscous interaction on a flat plate
with surface mass transfer .",0.33937400605632245,True
46,"what is the combined effect of surface heat and mass transfer on
hypersonic flow .",2,525,"on hypersonic viscous flow over an insulated flat plate
with surface mass transfer .",0.33718862306321784,False
46,"what is the combined effect of surface heat and mass transfer on
hypersonic flow .",3,1185,"an integral method for calculating heat and mass transfer
in laminar boundary layers .",0.26070505204161804,True
46,"what is the combined effect of surface heat and mass transfer on
hypersonic flow .",4,84,"experimental investigation of the downstream influence
of stagnation point mass transfer .",0.2434474453602731,True
46,"what is the combined effect of surface heat and mass transfer on
hypersonic flow .",5,353,"the effect of helium injection at an axially symmetric stagnation
point .",0.24299419014683948,False
46,"what is the combined effect of surface heat and mass transfer on
hypersonic flow .",6,1159,"experimental investigation of the effect of yaw on
rates of heat transfer to transverse circular
cylinders in a 6500-foot-per-second
hypersonic air stream .",0.23792229855677932,False
46,"what is the combined effect of surface heat and mass transfer on
hypersonic flow .",7,123,"the downstream influence of mass transfer at the nose
of a slender cone .",0.2368317232166934,True
46,"what is the combined effect of surface heat and mass transfer on
hypersonic flow .",8,655,"effects of boundary layer displacement and leading edge bluntness on
pressure distribution, skin friction, and heat transfer of bodies at
hypersonic speeds .",0.23391658341038443,False
46,"what is the combined effect of surface heat and mass transfer on
hypersonic flow .",9,37,"a new technique for investigating heat transfer and
surface phenomena under hypersonic flow conditions .",0.23275815079358905,False
46,"what is the combined effect of surface heat and mass transfer on
hypersonic flow .",10,666,blunt body heat transfer at hypersonic speed and low reynolds numbers .,0.22809973069085873,False
47,"what are the existing solutions for hypersonic viscous interactions over
an insulated flat plate .",1,525,"on hypersonic viscous flow over an insulated flat plate
with surface mass transfer .",0.3542241632283369,False
47,"what are the existing solutions for hypersonic viscous interactions over
an insulated flat plate .",2,568,"shock wave effects on the laminar skin friction of
an insulated flat plate at hypersonic speeds .",0.3212266783555268,False
47,"what are the existing solutions for hypersonic viscous interactions over
an insulated flat plate .",3,305,"hypersonic strong viscous interaction on a flat plate
with surface mass transfer .",0.25572115398595935,True
47,"what are the existing solutions for hypersonic viscous interactions over
an insulated flat plate .",4,327,"on local flat plate similarity in the hypersonic boundary
layer .",0.25394969466118783,False
47,"what are the existing solutions for hypersonic viscous interactions over
an insulated flat plate .",5,1299,hypersonic viscous shock layer .,0.21937639054871438,False
47,"what are the existing solutions for hypersonic viscous interactions over
an insulated flat plate .",6,570,"on the boundary layer equations in hypersonic flow
and their approximate solutions .",0.21425794599310913,True
47,"what are the existing solutions for hypersonic viscous interactions over
an insulated flat plate .",7,310,hypersonic viscous flow over a flat plate .,0.21328729767680593,True
47,"what are the existing solutions for hypersonic viscous interactions over
an insulated flat plate .",8,307,"an approximate solution of hypersonic laminar boundary
layer equations and its application .",0.20978078666107253,True
47,"what are the existing solutions for hypersonic viscous interactions over
an insulated flat plate .",9,389,"simple shear flow past a flat plate in a compressible
viscous fluid .",0.20272251179375977,False
47,"what are the existing solutions for hypersonic viscous interactions over
an insulated flat plate .",10,663,viscous flow along a flat plate moving at high speeds .,0.2010473064953473,True
48,what controls leading-edge attachment at transonic speeds .,1,526,"leading edge attachment in transonic flow with laminar
or turbulent boundary layers .",0.40737164918251006,False
48,what controls leading-edge attachment at transonic speeds .,2,440,"compilation of information on the transonic attachment
of flows at the leading edge of airfoils .",0.3994931154435943,True
48,what controls leading-edge attachment at transonic speeds .,3,683,"the use of conical camber to produce flow attachment at the leading
edge of a delta wing and to minimize the lift-dependent drag at sonic
and supersonic speeds .",0.24953877680977818,False
48,what controls leading-edge attachment at transonic speeds .,4,222,"the flow over delta wings at low speeds with leading
edge separation .",0.2435510786443701,False
48,what controls leading-edge attachment at transonic speeds .,5,797,"a study of the effect of leading-edge modifications on the flow over
a 50degree sweptback wing at transonic speeds .",0.23198111223740658,True
48,what controls leading-edge attachment at transonic speeds .,6,26,inviscid leading-edge effect in hypersonic flow .,0.18223064586224005,False
48,what controls leading-edge attachment at transonic speeds .,7,879,flutter model testing at transonic speeds .,0.18192920051586767,False
48,what controls leading-edge attachment at transonic speeds .,8,655,"effects of boundary layer displacement and leading edge bluntness on
pressure distribution, skin friction, and heat transfer of bodies at
hypersonic speeds .",0.18076947230264828,False
48,what controls leading-edge attachment at transonic speeds .,9,334,"influence of the leading-edge shock wave on the laminar boundary layer
at hypersonic speeds .",0.1779374277090527,False
48,what controls leading-edge attachment at transonic speeds .,10,521,"a note on application of transonic linearization to
an airfoil with a round leading edge .",0.1769464108555177,False
49,"can the three-point boundary-value problem for the blasius equation
be integrated numerically,  using suitable transformations,  without
iteration on the boundary conditions .",1,527,"note on the three-point boundary layer problem for
the blasius equations .",0.3632238893210142,False
49,"can the three-point boundary-value problem for the blasius equation
be integrated numerically,  using suitable transformations,  without
iteration on the boundary conditions .",2,320,"comment on improved numerical solution of the blasius problem with
three-point boundary conditions .",0.31847849719891386,True
49,"can the three-point boundary-value problem for the blasius equation
be integrated numerically,  using suitable transformations,  without
iteration on the boundary conditions .",3,322,"on the numerical solution of the blasius problem with three-point
boundary conditions .",0.30428593290414724,False
49,"can the three-point boundary-value problem for the blasius equation
be integrated numerically,  using suitable transformations,  without
iteration on the boundary conditions .",4,321,"improved numerical solution of the blasius problem with three-point
boundary conditions .",0.26107793068618124,False
49,"can the three-point boundary-value problem for the blasius equation
be integrated numerically,  using suitable transformations,  without
iteration on the boundary conditions .",5,1370,some remarks on the flat plate boundary layer .,0.1960860057311,False
49,"can the three-point boundary-value problem for the blasius equation
be integrated numerically,  using suitable transformations,  without
iteration on the boundary conditions .",6,832,accelerating convergence of iteration processes .,0.19016111959388715,False
49,"can the three-point boundary-value problem for the blasius equation
be integrated numerically,  using suitable transformations,  without
iteration on the boundary conditions .",7,1235,"a theory of the two dimensional laminar bounary layer
over a curved surface .",0.17390747520449804,False
49,"can the three-point boundary-value problem for the blasius equation
be integrated numerically,  using suitable transformations,  without
iteration on the boundary conditions .",8,476,the blasius equation with three-point boundary conditions .,0.17269471886181023,False
49,"can the three-point boundary-value problem for the blasius equation
be integrated numerically,  using suitable transformations,  without
iteration on the boundary conditions .",9,366,"helium injection into the boundary layer at an axisymmetric
stagnation point .",0.17218683155751388,False
49,"can the three-point boundary-value problem for the blasius equation
be integrated numerically,  using suitable transformations,  without
iteration on the boundary conditions .",10,349,"numerical solution of the boundary layer equations
without similarity assumptions .",0.16163210410182396,False
5,"what chemical kinetic system is applicable to hypersonic aerodynamic
problems .",1,103,"theory of mixing and chemical reaction in the opposed
jet diffusion flame .",0.22480271865961712,False
5,"what chemical kinetic system is applicable to hypersonic aerodynamic
problems .",2,943,compressible free shear layer with finite initial thickness .,0.18481132396331662,False
5,"what chemical kinetic system is applicable to hypersonic aerodynamic
problems .",3,1032,on the conservativeness of various distributed force systems .,0.15231605694264266,False
5,"what chemical kinetic system is applicable to hypersonic aerodynamic
problems .",4,1272,"oscillatory aerodynamic coefficients for a unified
supersonic hypersonic strip theory .",0.1513343969860407,False
5,"what chemical kinetic system is applicable to hypersonic aerodynamic
problems .",5,650,some design problems of hovercraft .,0.14232665689852997,False
5,"what chemical kinetic system is applicable to hypersonic aerodynamic
problems .",6,746,"aeroelastic problems in connection with high speed
flight .",0.14223136422302163,False
5,"what chemical kinetic system is applicable to hypersonic aerodynamic
problems .",7,1296,"non-equilibrium expansions of air with coupled chemical
reactions .",0.13889961612649793,True
5,"what chemical kinetic system is applicable to hypersonic aerodynamic
problems .",8,540,"use of local similarity concepts in hypersonic viscous
interaction problems .",0.13150701367193163,False
5,"what chemical kinetic system is applicable to hypersonic aerodynamic
problems .",9,1379,hypersonic flight and the re-entry problem .,0.1258472084289802,False
5,"what chemical kinetic system is applicable to hypersonic aerodynamic
problems .",10,625,viscous and inviscid nonequilibrium gas flows .,0.11785702669527584,False
50,"what are the effects of small amounts of gas rarefaction on the
characteristics of the boundary layers on slender bodies of revolution .",1,326,"forst-order slip effects on the compressible laminar
boundary layer over a slender body of revolution in
axial flow .",0.19853263523065878,True
50,"what are the effects of small amounts of gas rarefaction on the
characteristics of the boundary layers on slender bodies of revolution .",2,1301,compressible boundary layers on bodies of revolution .,0.1940373415498298,False
50,"what are the effects of small amounts of gas rarefaction on the
characteristics of the boundary layers on slender bodies of revolution .",3,192,"on the hypersonic viscous flow past slender bodies
of revolution .",0.18125898311782296,False
50,"what are the effects of small amounts of gas rarefaction on the
characteristics of the boundary layers on slender bodies of revolution .",4,1259,"second-order theory for unsteady supersonic flow past
slender pointed bodies of revolution .",0.18051758457519385,False
50,"what are the effects of small amounts of gas rarefaction on the
characteristics of the boundary layers on slender bodies of revolution .",5,27,newtonian flow theory for slender bodies .,0.1747307573540098,False
50,"what are the effects of small amounts of gas rarefaction on the
characteristics of the boundary layers on slender bodies of revolution .",6,494,"axisymmetric viscous flow plast very slender bodies
of revolution .",0.17239781767697218,False
50,"what are the effects of small amounts of gas rarefaction on the
characteristics of the boundary layers on slender bodies of revolution .",7,273,flow past slender blunt bodies - a review and extension .,0.17071435587336317,False
50,"what are the effects of small amounts of gas rarefaction on the
characteristics of the boundary layers on slender bodies of revolution .",8,922,"supersonic flow past slender bodies of revolution,
slope of whose median section is discontinuous .",0.15886118423734827,False
50,"what are the effects of small amounts of gas rarefaction on the
characteristics of the boundary layers on slender bodies of revolution .",9,1149,similar temperature boundary layers .,0.15426656772154257,False
50,"what are the effects of small amounts of gas rarefaction on the
characteristics of the boundary layers on slender bodies of revolution .",10,435,"application of similar solutions to calculations of
laminar heat transfer on bodies with yaw and large
pressure gradients in high speed flow .",0.15055230798644237,False
51,"what is the available information pertaining to boundary layers on very
slender bodies of revolution in continuum flow (the ?transverse
curvature  effect) .",1,494,"axisymmetric viscous flow plast very slender bodies
of revolution .",0.2944540466898514,True
51,"what is the available information pertaining to boundary layers on very
slender bodies of revolution in continuum flow (the ?transverse
curvature  effect) .",2,326,"forst-order slip effects on the compressible laminar
boundary layer over a slender body of revolution in
axial flow .",0.25118187168939754,True
51,"what is the available information pertaining to boundary layers on very
slender bodies of revolution in continuum flow (the ?transverse
curvature  effect) .",3,528,"first-order slip effects on the laminar boundary layer over a slender
body of revolution with zero pressure gradient .",0.2048693127126403,False
51,"what is the available information pertaining to boundary layers on very
slender bodies of revolution in continuum flow (the ?transverse
curvature  effect) .",4,1301,compressible boundary layers on bodies of revolution .,0.18527379354768367,False
51,"what is the available information pertaining to boundary layers on very
slender bodies of revolution in continuum flow (the ?transverse
curvature  effect) .",5,261,"experiments on axi-symmetric boundary layers along
a long cylinder in incompressible flow .",0.18279957484631487,True
51,"what is the available information pertaining to boundary layers on very
slender bodies of revolution in continuum flow (the ?transverse
curvature  effect) .",6,1281,"turbulent heat transfer on blunt-nosed bodies in two-dimensional
and general three-dimensional hypersonic flow .",0.17483797988326466,False
51,"what is the available information pertaining to boundary layers on very
slender bodies of revolution in continuum flow (the ?transverse
curvature  effect) .",7,23,"skin-friction and heat transfer characteristics of
a laminar boundary layer on a cylinder in axial incompressible
flow .",0.1729450659681512,True
51,"what is the available information pertaining to boundary layers on very
slender bodies of revolution in continuum flow (the ?transverse
curvature  effect) .",8,106,the transverse potential flow past a body of revolution .,0.15985990073241832,False
51,"what is the available information pertaining to boundary layers on very
slender bodies of revolution in continuum flow (the ?transverse
curvature  effect) .",9,1213,"heat transfer to slender cones in hypersonic flow,
including effects of yaw and nose bluntness .",0.15826825013951643,False
51,"what is the available information pertaining to boundary layers on very
slender bodies of revolution in continuum flow (the ?transverse
curvature  effect) .",10,922,"supersonic flow past slender bodies of revolution,
slope of whose median section is discontinuous .",0.1525802695952852,False
52,"what is the available information pertaining to the effect of slight
rarefaction on boundary layer flows (the ?slip? effect) .",1,21,on heat transfer in slip flow .,0.23182481098802357,True
52,"what is the available information pertaining to the effect of slight
rarefaction on boundary layer flows (the ?slip? effect) .",2,326,"forst-order slip effects on the compressible laminar
boundary layer over a slender body of revolution in
axial flow .",0.20221842320396713,True
52,"what is the available information pertaining to the effect of slight
rarefaction on boundary layer flows (the ?slip? effect) .",3,306,"second approximation to laminar compressible boundary
layer on flat plate in slip flow .",0.2013688411562996,True
52,"what is the available information pertaining to the effect of slight
rarefaction on boundary layer flows (the ?slip? effect) .",4,550,laminar heat transfer in tubes under slip-flow conditions .,0.20035590019387783,False
52,"what is the available information pertaining to the effect of slight
rarefaction on boundary layer flows (the ?slip? effect) .",5,1215,the effect of slip particularly for highly cooled walls .,0.1979694457217572,False
52,"what is the available information pertaining to the effect of slight
rarefaction on boundary layer flows (the ?slip? effect) .",6,22,on slip-flow heat transfer to a flat plate .,0.1564175376652222,True
52,"what is the available information pertaining to the effect of slight
rarefaction on boundary layer flows (the ?slip? effect) .",7,534,"consideration of energy separation for laminar slip
flow in a circular tube .",0.14858883388559505,False
52,"what is the available information pertaining to the effect of slight
rarefaction on boundary layer flows (the ?slip? effect) .",8,528,"first-order slip effects on the laminar boundary layer over a slender
body of revolution with zero pressure gradient .",0.14597218340926243,False
52,"what is the available information pertaining to the effect of slight
rarefaction on boundary layer flows (the ?slip? effect) .",9,629,second-order effects in laminar boundary layers .,0.13885413202804445,False
52,"what is the available information pertaining to the effect of slight
rarefaction on boundary layer flows (the ?slip? effect) .",10,1204,"experimental effect of bluntness and gas rarefaction
on drag coefficients and stagnation heat transfer on
axisymmetric shapes in hypersonic flow .",0.12759293444108918,False
53,"what investigations have been made of the flow field about a body moving
through a rarefied,  partially ionized gas in the presence of a magnetic
field .",1,208,"the hall effect in the viscous flow of ionized gas
between parallel plates under transverse magnetic field .",0.4015637530406016,True
53,"what investigations have been made of the flow field about a body moving
through a rarefied,  partially ionized gas in the presence of a magnetic
field .",2,1236,"the stagnation point boundary layer in the presence
of an applied magnetic field .",0.2672678212378186,False
53,"what investigations have been made of the flow field about a body moving
through a rarefied,  partially ionized gas in the presence of a magnetic
field .",3,298,"incompressible wedge flows of an electrically conducting
viscous fluid in the presence of a magnetic field .",0.2608198971511491,True
53,"what investigations have been made of the flow field about a body moving
through a rarefied,  partially ionized gas in the presence of a magnetic
field .",4,269,"on a laminar free-convection flow and heat transfer
of electrically conducting fluid on a vertical flat
plate in the presence of a transverse magnetic field .",0.2364503396936649,False
53,"what investigations have been made of the flow field about a body moving
through a rarefied,  partially ionized gas in the presence of a magnetic
field .",5,61,"on flow of electrically conducting fluids over a flat
plate in the presence of a transverse magnetic field .",0.23223019657527302,False
53,"what investigations have been made of the flow field about a body moving
through a rarefied,  partially ionized gas in the presence of a magnetic
field .",6,1221,"steady flow of conducting fluids in channels under
transverse magnetic fields, with consideration of hall
effect .",0.2234664246887954,False
53,"what investigations have been made of the flow field about a body moving
through a rarefied,  partially ionized gas in the presence of a magnetic
field .",7,1253,"hypersonic viscous flow near the stagnation point in
the presence of magnetic field .",0.2234067302479433,False
53,"what investigations have been made of the flow field about a body moving
through a rarefied,  partially ionized gas in the presence of a magnetic
field .",8,524,"stagnation point heat transfer in partially ionized
air .",0.2219151406820878,False
53,"what investigations have been made of the flow field about a body moving
through a rarefied,  partially ionized gas in the presence of a magnetic
field .",9,407,"stationary convection flow of an electrically conducting
liquid between parallel plates in a magnetic field .",0.21704520158725704,False
53,"what investigations have been made of the flow field about a body moving
through a rarefied,  partially ionized gas in the presence of a magnetic
field .",10,267,"steady and transient free convection of an electrically
conducting fluid from a vertical plate in the presence
of a magnetic field .",0.20731529222875594,False
54,"how is the heat transfer downstream of the mass transfer region effected
by mass transfer at the nose of a blunted cone .",1,123,"the downstream influence of mass transfer at the nose
of a slender cone .",0.3187631516008114,False
54,"how is the heat transfer downstream of the mass transfer region effected
by mass transfer at the nose of a blunted cone .",2,84,"experimental investigation of the downstream influence
of stagnation point mass transfer .",0.26134786608251015,True
54,"how is the heat transfer downstream of the mass transfer region effected
by mass transfer at the nose of a blunted cone .",3,305,"hypersonic strong viscous interaction on a flat plate
with surface mass transfer .",0.24999348340546484,False
54,"how is the heat transfer downstream of the mass transfer region effected
by mass transfer at the nose of a blunted cone .",4,525,"on hypersonic viscous flow over an insulated flat plate
with surface mass transfer .",0.24806240593981377,False
54,"how is the heat transfer downstream of the mass transfer region effected
by mass transfer at the nose of a blunted cone .",5,1185,"an integral method for calculating heat and mass transfer
in laminar boundary layers .",0.22481665906899753,False
54,"how is the heat transfer downstream of the mass transfer region effected
by mass transfer at the nose of a blunted cone .",6,354,"laminar heat-transfer and pressure measurements over blunt-nosed
cones at large angle of attack .",0.22188749551794465,False
54,"how is the heat transfer downstream of the mass transfer region effected
by mass transfer at the nose of a blunted cone .",7,1307,"laminar heat-transfer and pressure measurements at
a mach number of 6 on sharp and blunt 15 half-angle
cones at angles of attack up to 90 .",0.21800568598194967,False
54,"how is the heat transfer downstream of the mass transfer region effected
by mass transfer at the nose of a blunted cone .",8,666,blunt body heat transfer at hypersonic speed and low reynolds numbers .,0.21558981519846457,False
54,"how is the heat transfer downstream of the mass transfer region effected
by mass transfer at the nose of a blunted cone .",9,1213,"heat transfer to slender cones in hypersonic flow,
including effects of yaw and nose bluntness .",0.21349186945409393,False
54,"how is the heat transfer downstream of the mass transfer region effected
by mass transfer at the nose of a blunted cone .",10,338,mass transfer cooling at mach number 4. 8.,0.2048174663581267,False
55,"to what extent can the available information for incompressible boundary
layers be applied to problems involving compressible boundary layers .",1,460,"correlated incompressible and compressible boundary
layers .",0.31766539700541885,True
55,"to what extent can the available information for incompressible boundary
layers be applied to problems involving compressible boundary layers .",2,1185,"an integral method for calculating heat and mass transfer
in laminar boundary layers .",0.2241252185459973,False
55,"to what extent can the available information for incompressible boundary
layers be applied to problems involving compressible boundary layers .",3,376,"transformation between compressible and incompressible
boundary layer equations .",0.22042340732148397,True
55,"to what extent can the available information for incompressible boundary
layers be applied to problems involving compressible boundary layers .",4,1301,compressible boundary layers on bodies of revolution .,0.21970587126549243,False
55,"to what extent can the available information for incompressible boundary
layers be applied to problems involving compressible boundary layers .",5,1149,similar temperature boundary layers .,0.2111575178697554,False
55,"to what extent can the available information for incompressible boundary
layers be applied to problems involving compressible boundary layers .",6,17,remarks on the eddy viscosity in compressible mixing flows .,0.19826093585537527,False
55,"to what extent can the available information for incompressible boundary
layers be applied to problems involving compressible boundary layers .",7,254,"boundary layers with suction and injection . a review
of published work on skin friction .",0.1868439735008965,False
55,"to what extent can the available information for incompressible boundary
layers be applied to problems involving compressible boundary layers .",8,1109,"unsteady laminar compressible boundary layers on an
infinite plate with suction or injection .",0.18535784881542447,False
55,"to what extent can the available information for incompressible boundary
layers be applied to problems involving compressible boundary layers .",9,406,on the behaviour of boundary layers at supersonic speeds .,0.18183836501471207,False
55,"to what extent can the available information for incompressible boundary
layers be applied to problems involving compressible boundary layers .",10,16,"transformation of the compressible turbulent boundary
layer .",0.17229010023290053,True
56,"to what extent can readily available steady-state aerodynamic data be
utilized to predict lifting-surface flutter characteristics .",1,753,"development of a quasi-steady approach to flutter and
correlation with kernel-function results .",0.29053575780839,False
56,"to what extent can readily available steady-state aerodynamic data be
utilized to predict lifting-surface flutter characteristics .",2,783,"a method for calculating the subsonic steady-state loading on an
airplane with a wing of arbitrary planform and stiffness .",0.17237859061585667,False
56,"to what extent can readily available steady-state aerodynamic data be
utilized to predict lifting-surface flutter characteristics .",3,1339,"calculation of flutter characteristics for finite-span swept or unswept
wings at subsonic and supersonic speeds by a modified strip analysis .",0.13737580897914342,True
56,"to what extent can readily available steady-state aerodynamic data be
utilized to predict lifting-surface flutter characteristics .",4,391,"flutter of rectangular simply supported panels at high
supersonic speeds .",0.13603963239500452,False
56,"to what extent can readily available steady-state aerodynamic data be
utilized to predict lifting-surface flutter characteristics .",5,14,"piston theory - a new aerodynamic tool for the
aeroelastician .",0.13548345602550463,True
56,"to what extent can readily available steady-state aerodynamic data be
utilized to predict lifting-surface flutter characteristics .",6,1078,"the steady flow of a viscous fluid past a circular cylinder at reynolds
numbers 40 and 44 .",0.13317281131538478,False
56,"to what extent can readily available steady-state aerodynamic data be
utilized to predict lifting-surface flutter characteristics .",7,708,"aerodynamic characteristics of two winged reentry vehicles at supersonic
 and hypersonic speeds .",0.13262928061559418,False
56,"to what extent can readily available steady-state aerodynamic data be
utilized to predict lifting-surface flutter characteristics .",8,686,"flutter tests of some simple models at a mach number
of 7. 2 in helium flow .",0.12750556340361874,True
56,"to what extent can readily available steady-state aerodynamic data be
utilized to predict lifting-surface flutter characteristics .",9,441,"evaluation of high angle-of-attack aerodynamic derivative
data and stall-flutter prediction techniques .",0.125518872316954,False
56,"to what extent can readily available steady-state aerodynamic data be
utilized to predict lifting-surface flutter characteristics .",10,627,flutter analysis of circular panels .,0.12496962239567877,False
57,"what are the significant steady and non-steady flow characteristics
which affect the flutter mechanism .",1,753,"development of a quasi-steady approach to flutter and
correlation with kernel-function results .",0.21642060001675442,False
57,"what are the significant steady and non-steady flow characteristics
which affect the flutter mechanism .",2,1099,a theoretical study of stagnation point ablation .,0.16899971762003477,False
57,"what are the significant steady and non-steady flow characteristics
which affect the flutter mechanism .",3,380,"effect of quasi-steady air forces on incompressible
bending-torsion flutter .",0.16628038842902035,True
57,"what are the significant steady and non-steady flow characteristics
which affect the flutter mechanism .",4,1181,"steady magnetohydrodynamic flow past a non-conducting
wedge .",0.15888633252584203,False
57,"what are the significant steady and non-steady flow characteristics
which affect the flutter mechanism .",5,444,an approach to the flutter problem in real fluids .,0.1495781302232034,False
57,"what are the significant steady and non-steady flow characteristics
which affect the flutter mechanism .",6,1339,"calculation of flutter characteristics for finite-span swept or unswept
wings at subsonic and supersonic speeds by a modified strip analysis .",0.14792366887905375,False
57,"what are the significant steady and non-steady flow characteristics
which affect the flutter mechanism .",7,916,"the flow around oscillating low aspect ratio wings at transonic
speeds .",0.1410371038773382,False
57,"what are the significant steady and non-steady flow characteristics
which affect the flutter mechanism .",8,52,"procedure for calculating flutter at high supersonic
speed including camber deflections, and comparison
with experimental results .",0.1400584843602766,False
57,"what are the significant steady and non-steady flow characteristics
which affect the flutter mechanism .",9,3,the boundary layer in simple shear flow past a flat plate .,0.13247695015834965,False
57,"what are the significant steady and non-steady flow characteristics
which affect the flutter mechanism .",10,1111,some research on high speed flutter .,0.1282114593302956,False
58,"is it possible to determine rates of forced convective heat transfer
from heated cylinders of non-circular cross-section,  (the fluid flow
being along the generators) .",1,754,"heat transfer through laminar boundary layers on
semi-infinite cylinders of arbitrary cross section .",0.2637502375483171,False
58,"is it possible to determine rates of forced convective heat transfer
from heated cylinders of non-circular cross-section,  (the fluid flow
being along the generators) .",2,120,"measurement of convective heat transfer by means of
the reynolds analogy .",0.21802811445656262,False
58,"is it possible to determine rates of forced convective heat transfer
from heated cylinders of non-circular cross-section,  (the fluid flow
being along the generators) .",3,270,"on combined free and forced convection laminar magnetohydrodynamic
flow and heat transfer in channels with transverse
magnetic field .",0.2178236528370323,False
58,"is it possible to determine rates of forced convective heat transfer
from heated cylinders of non-circular cross-section,  (the fluid flow
being along the generators) .",4,1159,"experimental investigation of the effect of yaw on
rates of heat transfer to transverse circular
cylinders in a 6500-foot-per-second
hypersonic air stream .",0.21572588655433228,False
58,"is it possible to determine rates of forced convective heat transfer
from heated cylinders of non-circular cross-section,  (the fluid flow
being along the generators) .",5,785,the flow of fluid along cylinders .,0.1947348008905865,True
58,"is it possible to determine rates of forced convective heat transfer
from heated cylinders of non-circular cross-section,  (the fluid flow
being along the generators) .",6,1084,the flow past circular cylinders at low speeds .,0.18134320036545834,False
58,"is it possible to determine rates of forced convective heat transfer
from heated cylinders of non-circular cross-section,  (the fluid flow
being along the generators) .",7,788,"an approximate boundary layer theory for semi-infinite cylinders of
arbitrary cross-section .",0.17084204566194885,True
58,"is it possible to determine rates of forced convective heat transfer
from heated cylinders of non-circular cross-section,  (the fluid flow
being along the generators) .",8,398,heat transfer in turbulent shear flow .,0.16424665735343358,False
58,"is it possible to determine rates of forced convective heat transfer
from heated cylinders of non-circular cross-section,  (the fluid flow
being along the generators) .",9,873,"lagrangian thermodynamics of heat transfer in systems
including fluid motion .",0.1590268368216091,False
58,"is it possible to determine rates of forced convective heat transfer
from heated cylinders of non-circular cross-section,  (the fluid flow
being along the generators) .",10,963,a variational principle for convection of heat .,0.1549015984716063,False
59,"how much is known about boundary layer flows along non-circular
cylinders .",1,1084,the flow past circular cylinders at low speeds .,0.221851163700716,False
59,"how much is known about boundary layer flows along non-circular
cylinders .",2,1176,bending tests of ring-stiffened circular cylinders .,0.19822407822671564,False
59,"how much is known about boundary layer flows along non-circular
cylinders .",3,842,"an improvement on donnell's approximation for thin-walled
circular cylinders .",0.1975840025483117,False
59,"how much is known about boundary layer flows along non-circular
cylinders .",4,1055,non-linear bending and buckling of circular plates .,0.19082983762747982,False
59,"how much is known about boundary layer flows along non-circular
cylinders .",5,785,the flow of fluid along cylinders .,0.1785578872831484,True
59,"how much is known about boundary layer flows along non-circular
cylinders .",6,382,"a note on the laminar boundary layer on a circular cylinder in
axial incompressible flow .",0.16884679780516082,False
59,"how much is known about boundary layer flows along non-circular
cylinders .",7,1054,"iterative solutions for the non-linear bending of circular
plates .",0.16035416455648918,False
59,"how much is known about boundary layer flows along non-circular
cylinders .",8,1116,general instability of stiffened cylinders .,0.15360631155772353,False
59,"how much is known about boundary layer flows along non-circular
cylinders .",9,839,"the bending stability of thin-- walled unstiffened
circular cylinders including the effects of internal
pressure .",0.15282466786923873,False
59,"how much is known about boundary layer flows along non-circular
cylinders .",10,458,"a new series for calculation of steady laminar boundary
layer flows .",0.15174609170398676,False
6,"what theoretical and experimental guides do we have as to turbulent
couette flow behaviour .",1,491,"on the close relationship between turbulent plane-couette
and pressure flows .",0.3148599241271311,False
6,"what theoretical and experimental guides do we have as to turbulent
couette flow behaviour .",2,385,on a generalised porous-wall ?couette type? flow .,0.3019237253987367,False
6,"what theoretical and experimental guides do we have as to turbulent
couette flow behaviour .",3,386,a generalised porous-wall ?couette type? flow .,0.2635466438735913,False
6,"what theoretical and experimental guides do we have as to turbulent
couette flow behaviour .",4,1273,"magnetohydrodynamic effects on the formation of couette,
flow .",0.19000476052195767,False
6,"what theoretical and experimental guides do we have as to turbulent
couette flow behaviour .",5,257,on turbulen flow between parallel plates .,0.17809752372770626,True
6,"what theoretical and experimental guides do we have as to turbulent
couette flow behaviour .",6,1282,"compressible flat-plate boundary-layer flow with an
applied magnetic field .",0.16024879810816303,False
6,"what theoretical and experimental guides do we have as to turbulent
couette flow behaviour .",7,406,on the behaviour of boundary layers at supersonic speeds .,0.15422890734432645,False
6,"what theoretical and experimental guides do we have as to turbulent
couette flow behaviour .",8,271,"an experimental test of compressibility transformation
for turbulent boundary layer .",0.15219081495135162,False
6,"what theoretical and experimental guides do we have as to turbulent
couette flow behaviour .",9,802,"the behaviour of supersonic flow past a body of revolution
far from the axis .",0.14999890787783457,False
6,"what theoretical and experimental guides do we have as to turbulent
couette flow behaviour .",10,398,heat transfer in turbulent shear flow .,0.1375710423948939,False
60,"is there any simple,  but practical,  method for numerical integration
of the mixing problem (i.e. the blasius problem with three-point
boundary conditions) .",1,322,"on the numerical solution of the blasius problem with three-point
boundary conditions .",0.5027178529977556,False
60,"is there any simple,  but practical,  method for numerical integration
of the mixing problem (i.e. the blasius problem with three-point
boundary conditions) .",2,527,"note on the three-point boundary layer problem for
the blasius equations .",0.47225732150925204,True
60,"is there any simple,  but practical,  method for numerical integration
of the mixing problem (i.e. the blasius problem with three-point
boundary conditions) .",3,320,"comment on improved numerical solution of the blasius problem with
three-point boundary conditions .",0.45706425264902123,True
60,"is there any simple,  but practical,  method for numerical integration
of the mixing problem (i.e. the blasius problem with three-point
boundary conditions) .",4,321,"improved numerical solution of the blasius problem with three-point
boundary conditions .",0.4108454899809591,False
60,"is there any simple,  but practical,  method for numerical integration
of the mixing problem (i.e. the blasius problem with three-point
boundary conditions) .",5,107,on the mixing of two parallel streams .,0.21119519447496998,False
60,"is there any simple,  but practical,  method for numerical integration
of the mixing problem (i.e. the blasius problem with three-point
boundary conditions) .",6,1235,"a theory of the two dimensional laminar bounary layer
over a curved surface .",0.1829844529314497,False
60,"is there any simple,  but practical,  method for numerical integration
of the mixing problem (i.e. the blasius problem with three-point
boundary conditions) .",7,150,integration of the boundary layer equations .,0.1805253372936066,False
60,"is there any simple,  but practical,  method for numerical integration
of the mixing problem (i.e. the blasius problem with three-point
boundary conditions) .",8,476,the blasius equation with three-point boundary conditions .,0.17869727534843996,True
60,"is there any simple,  but practical,  method for numerical integration
of the mixing problem (i.e. the blasius problem with three-point
boundary conditions) .",9,478,"tabulation of the blasius function with blowing and
suction .",0.16699832239113185,True
60,"is there any simple,  but practical,  method for numerical integration
of the mixing problem (i.e. the blasius problem with three-point
boundary conditions) .",10,1240,"nonsimilar solutions of the compressible laminar boundary
layer equations with applications to the upstream-transpiration
cooling problem .",0.16404733650196593,False
61,"does there exist a closed-form expression for the local heat transfer
around a yawed cylinder .",1,539,"local heat transfer to a yawed, infite, circular cylinder
in laminar compressible flow .",0.3399385112153211,False
61,"does there exist a closed-form expression for the local heat transfer
around a yawed cylinder .",2,566,"investigation of local heat transfer and pressure drag
characteristics of a yawed circular cylinder at supersonic
speeds .",0.2850776961093515,True
61,"does there exist a closed-form expression for the local heat transfer
around a yawed cylinder .",3,564,"local heat transfer and recovery temperature on a yawed
cylinder at a mach number of 4. 15 and high reynolds
numbers .",0.24872108693040737,True
61,"does there exist a closed-form expression for the local heat transfer
around a yawed cylinder .",4,333,"boundary-layer interaction on a yawed infinite wing in hypersonic
flow .",0.2369529334698268,False
61,"does there exist a closed-form expression for the local heat transfer
around a yawed cylinder .",5,435,"application of similar solutions to calculations of
laminar heat transfer on bodies with yaw and large
pressure gradients in high speed flow .",0.2007813636039959,False
61,"does there exist a closed-form expression for the local heat transfer
around a yawed cylinder .",6,1192,"an integral method for calculation of supersonic laminar
boundary layer with heat transfer on yawed cone .",0.1869229068001639,False
61,"does there exist a closed-form expression for the local heat transfer
around a yawed cylinder .",7,1258,"heat transfer, recovery factor and pressure distributions
around a circular cylinder normal to a supersonic rarefied
air stream .",0.18384460532521685,False
61,"does there exist a closed-form expression for the local heat transfer
around a yawed cylinder .",8,1213,"heat transfer to slender cones in hypersonic flow,
including effects of yaw and nose bluntness .",0.17906832459362929,False
61,"does there exist a closed-form expression for the local heat transfer
around a yawed cylinder .",9,283,"laminar heat transfer around blunt bodies in dissociated
air .",0.17107155338035232,False
61,"does there exist a closed-form expression for the local heat transfer
around a yawed cylinder .",10,854,"boundary-value problems of the thin-walled circular
cylinder .",0.16968866441979855,False
62,"how far around a cylinder and under what conditions of flow,  if any,
is the velocity just outside of the boundary layer a linear function of
the distance around the cylinder .",1,483,"stagnation point shock detachment distance for flow
around spheres and cylinder .",0.32680746994084264,False
62,"how far around a cylinder and under what conditions of flow,  if any,
is the velocity just outside of the boundary layer a linear function of
the distance around the cylinder .",2,381,the axisymmetric boundary layer on a long thin cylinder .,0.22091118693167924,False
62,"how far around a cylinder and under what conditions of flow,  if any,
is the velocity just outside of the boundary layer a linear function of
the distance around the cylinder .",3,105,"the asymptotic boundary layer on a circular cylinder
in axial incompressible flow .",0.21943706642098146,False
62,"how far around a cylinder and under what conditions of flow,  if any,
is the velocity just outside of the boundary layer a linear function of
the distance around the cylinder .",4,382,"a note on the laminar boundary layer on a circular cylinder in
axial incompressible flow .",0.2189622242893214,False
62,"how far around a cylinder and under what conditions of flow,  if any,
is the velocity just outside of the boundary layer a linear function of
the distance around the cylinder .",5,1081,"numerical solution of the navier-stokes equations for the flow around a
circular cylinder at reynolds number 40 .",0.21405795794122306,True
62,"how far around a cylinder and under what conditions of flow,  if any,
is the velocity just outside of the boundary layer a linear function of
the distance around the cylinder .",6,1258,"heat transfer, recovery factor and pressure distributions
around a circular cylinder normal to a supersonic rarefied
air stream .",0.21341361329021452,False
62,"how far around a cylinder and under what conditions of flow,  if any,
is the velocity just outside of the boundary layer a linear function of
the distance around the cylinder .",7,533,"stagnation-point shock-detachment distance for flow
around spheres and cylinders in air .",0.2053908349045,False
62,"how far around a cylinder and under what conditions of flow,  if any,
is the velocity just outside of the boundary layer a linear function of
the distance around the cylinder .",8,1384,"a theoretical calculation of the laminar boundary layer
around an elliptic cylinder and its comparison with
experiment .",0.20169333171504114,False
62,"how far around a cylinder and under what conditions of flow,  if any,
is the velocity just outside of the boundary layer a linear function of
the distance around the cylinder .",9,459,on the solution of the laminar boundary layer equations .,0.201287042797683,False
62,"how far around a cylinder and under what conditions of flow,  if any,
is the velocity just outside of the boundary layer a linear function of
the distance around the cylinder .",10,1383,on the theory of laminar boundary layer involving separation .,0.19206824595704003,False
63,where can i find pressure data on surfaces of swept cylinders .,1,843,"a simplified method of elastic stability analysis for
thin cylindrical shells .",0.20309273159220737,False
63,where can i find pressure data on surfaces of swept cylinders .,2,1045,the bending strength of pressurized cylinders .,0.1979119225934746,False
63,where can i find pressure data on surfaces of swept cylinders .,3,287,"some theoretical low-speed loading characteristics
of swept wings in roll and sideslip .",0.16447746366527072,False
63,where can i find pressure data on surfaces of swept cylinders .,4,678,the effect of end plates on swept wings .,0.15967629808926734,False
63,where can i find pressure data on surfaces of swept cylinders .,5,889,"a simplified method of elastic stability analysis for
thin cylindrical shells .",0.1520706598485161,False
63,where can i find pressure data on surfaces of swept cylinders .,6,472,waves in supersonic flow .,0.1510311025297052,False
63,where can i find pressure data on surfaces of swept cylinders .,7,204,"a study of the application of airfoil section data
to the estimation of the high subsonic speed characteristics
of swept wings .",0.15004873732209897,False
63,where can i find pressure data on surfaces of swept cylinders .,8,839,"the bending stability of thin-- walled unstiffened
circular cylinders including the effects of internal
pressure .",0.14966555066337814,False
63,where can i find pressure data on surfaces of swept cylinders .,9,1118,elastic stability of orthotropic shells .,0.14881086057543172,False
63,where can i find pressure data on surfaces of swept cylinders .,10,1116,general instability of stiffened cylinders .,0.14662752450942984,False
64,"can't the static deflection shapes be used in predicting flutter in
place of vibrational shapes . if so,  can we provide a justification by
means of an example .",1,390,some panel-flutter studies using piston theory .,0.14701579364806694,True
64,"can't the static deflection shapes be used in predicting flutter in
place of vibrational shapes . if so,  can we provide a justification by
means of an example .",2,827,"a nonlinear theory of bending and buckling of thin
elastic shallow spherical shells .",0.12438347073170242,False
64,"can't the static deflection shapes be used in predicting flutter in
place of vibrational shapes . if so,  can we provide a justification by
means of an example .",3,1252,"on the approach to chemical and vibrational equilibrium
behind a strong normal shock wave .",0.1154769969245753,False
64,"can't the static deflection shapes be used in predicting flutter in
place of vibrational shapes . if so,  can we provide a justification by
means of an example .",4,1008,free-flight measurements of the static and dynamic .,0.11227349519951499,False
64,"can't the static deflection shapes be used in predicting flutter in
place of vibrational shapes . if so,  can we provide a justification by
means of an example .",5,786,the skin friction on infinite cylinders moving parallell to their length .,0.1086175883413194,False
64,"can't the static deflection shapes be used in predicting flutter in
place of vibrational shapes . if so,  can we provide a justification by
means of an example .",6,391,"flutter of rectangular simply supported panels at high
supersonic speeds .",0.10769825634953349,True
64,"can't the static deflection shapes be used in predicting flutter in
place of vibrational shapes . if so,  can we provide a justification by
means of an example .",7,914,transtability flutter of supersonic aircraft panels .,0.10683972165744926,False
64,"can't the static deflection shapes be used in predicting flutter in
place of vibrational shapes . if so,  can we provide a justification by
means of an example .",8,415,the aerodynamic design of section shapes for swept wings .,0.10393667451371708,False
64,"can't the static deflection shapes be used in predicting flutter in
place of vibrational shapes . if so,  can we provide a justification by
means of an example .",9,461,"approximate methods fore predicting separation properties
of laminar boundary layers .",0.09967464239506073,False
64,"can't the static deflection shapes be used in predicting flutter in
place of vibrational shapes . if so,  can we provide a justification by
means of an example .",10,239,"design and calibration at low speeds of a static tube
and a pitot-static tube with semi-ellipsoidal nose
shapes .",0.09933355940577297,False
65,"does the boundary layer on a flat plate in a shear flow induce a
pressure gradient .",1,3,the boundary layer in simple shear flow past a flat plate .,0.5747855816883891,True
65,"does the boundary layer on a flat plate in a shear flow induce a
pressure gradient .",2,4,"approximate solutions of the incompressible laminar
boundary layer equations for a plate in shear flow .",0.3521255846287073,True
65,"does the boundary layer on a flat plate in a shear flow induce a
pressure gradient .",3,664,"the boundary layer on a flat plate in a stream with
uniform shear .",0.35139253267796083,True
65,"does the boundary layer on a flat plate in a shear flow induce a
pressure gradient .",4,393,the shear flow along a flat plate with uniform suction .,0.3470428408398621,True
65,"does the boundary layer on a flat plate in a shear flow induce a
pressure gradient .",5,180,"boundary layer over a flat plate in presence of shear
flow .",0.34359679677548416,True
65,"does the boundary layer on a flat plate in a shear flow induce a
pressure gradient .",6,389,"simple shear flow past a flat plate in a compressible
viscous fluid .",0.28127186682698235,False
65,"does the boundary layer on a flat plate in a shear flow induce a
pressure gradient .",7,388,"the pressure gradient induced by shear flow past a
flat plate .",0.2809049656623207,False
65,"does the boundary layer on a flat plate in a shear flow induce a
pressure gradient .",8,1106,"free-flight observation of a separated turbulent flow
including heat transfer up to mach 8. 5.",0.2535111154887801,False
65,"does the boundary layer on a flat plate in a shear flow induce a
pressure gradient .",9,655,"effects of boundary layer displacement and leading edge bluntness on
pressure distribution, skin friction, and heat transfer of bodies at
hypersonic speeds .",0.226471290116378,False
65,"does the boundary layer on a flat plate in a shear flow induce a
pressure gradient .",10,1386,"analysis and calculation by integral methods of laminar
compressible boundary layer with heat transfer and
with and without pressure gradient .",0.21868267663131463,False
66,"can the procedure of matching inner and outer solutions for a viscous
flow problem be applied when the main stream is a shear flow .",1,128,"effects of free stream vorticity on the behaviour of
a viscous boundary layer .",0.2928368802284399,False
66,"can the procedure of matching inner and outer solutions for a viscous
flow problem be applied when the main stream is a shear flow .",2,389,"simple shear flow past a flat plate in a compressible
viscous fluid .",0.21274973617279935,False
66,"can the procedure of matching inner and outer solutions for a viscous
flow problem be applied when the main stream is a shear flow .",3,590,"effects of stage characteristics and matching on axial flow compressor
performance .",0.21105837310715767,False
66,"can the procedure of matching inner and outer solutions for a viscous
flow problem be applied when the main stream is a shear flow .",4,4,"approximate solutions of the incompressible laminar
boundary layer equations for a plate in shear flow .",0.19430142894760608,False
66,"can the procedure of matching inner and outer solutions for a viscous
flow problem be applied when the main stream is a shear flow .",5,1182,an approximate solution for laminar boundary layer flow .,0.19408529269489083,False
66,"can the procedure of matching inner and outer solutions for a viscous
flow problem be applied when the main stream is a shear flow .",6,664,"the boundary layer on a flat plate in a stream with
uniform shear .",0.18810530004907697,True
66,"can the procedure of matching inner and outer solutions for a viscous
flow problem be applied when the main stream is a shear flow .",7,629,second-order effects in laminar boundary layers .,0.1865846794683245,True
66,"can the procedure of matching inner and outer solutions for a viscous
flow problem be applied when the main stream is a shear flow .",8,191,a theory for the core of a leading edge vortex .,0.17983322242004754,False
66,"can the procedure of matching inner and outer solutions for a viscous
flow problem be applied when the main stream is a shear flow .",9,366,"helium injection into the boundary layer at an axisymmetric
stagnation point .",0.17646283563988646,False
66,"can the procedure of matching inner and outer solutions for a viscous
flow problem be applied when the main stream is a shear flow .",10,305,"hypersonic strong viscous interaction on a flat plate
with surface mass transfer .",0.16661033575230622,False
67,"can series expansions be found for the boundary layer on a flat plate in
a shear flow .",1,3,the boundary layer in simple shear flow past a flat plate .,0.5044166220384454,True
67,"can series expansions be found for the boundary layer on a flat plate in
a shear flow .",2,4,"approximate solutions of the incompressible laminar
boundary layer equations for a plate in shear flow .",0.3807354472307916,True
67,"can series expansions be found for the boundary layer on a flat plate in
a shear flow .",3,393,the shear flow along a flat plate with uniform suction .,0.37523973543340544,True
67,"can series expansions be found for the boundary layer on a flat plate in
a shear flow .",4,180,"boundary layer over a flat plate in presence of shear
flow .",0.37151370362741953,True
67,"can series expansions be found for the boundary layer on a flat plate in
a shear flow .",5,664,"the boundary layer on a flat plate in a stream with
uniform shear .",0.36399775065172874,True
67,"can series expansions be found for the boundary layer on a flat plate in
a shear flow .",6,389,"simple shear flow past a flat plate in a compressible
viscous fluid .",0.3041249335027165,True
67,"can series expansions be found for the boundary layer on a flat plate in
a shear flow .",7,306,"second approximation to laminar compressible boundary
layer on flat plate in slip flow .",0.24732802128046075,False
67,"can series expansions be found for the boundary layer on a flat plate in
a shear flow .",8,2,"simple shear flow past a flat plate in an incompressible fluid of small
viscosity .",0.2356343091998839,True
67,"can series expansions be found for the boundary layer on a flat plate in
a shear flow .",9,327,"on local flat plate similarity in the hypersonic boundary
layer .",0.2074485091094653,False
67,"can series expansions be found for the boundary layer on a flat plate in
a shear flow .",10,388,"the pressure gradient induced by shear flow past a
flat plate .",0.20439882084739477,False
68,"what possible techniques are available for computing the injection
distribution corresponding to an isothermal transpiration cooled
hemisphere .",1,628,thermal effects on a transpiration cooled hemisphere .,0.3782680579786683,False
68,"what possible techniques are available for computing the injection
distribution corresponding to an isothermal transpiration cooled
hemisphere .",2,662,"theoretical and experimental investigation of
aerodynamic-heating and isothermal heat transfer parameters on
a hemisphere nose with laminar boundary layer at supersonic
mach numbers .",0.17347993271170423,True
68,"what possible techniques are available for computing the injection
distribution corresponding to an isothermal transpiration cooled
hemisphere .",3,560,"a theoretical study of the effect of upstream
transpiration-cooling on the heat transfer and skin friction characteristics
of a compressible laminar boundary layer .",0.14850646690821326,False
68,"what possible techniques are available for computing the injection
distribution corresponding to an isothermal transpiration cooled
hemisphere .",4,254,"boundary layers with suction and injection . a review
of published work on skin friction .",0.1430862364293089,False
68,"what possible techniques are available for computing the injection
distribution corresponding to an isothermal transpiration cooled
hemisphere .",5,1191,"heat transfer to a hemisphere-cylinder at low reynolds
numbers .",0.1426696716154838,False
68,"what possible techniques are available for computing the injection
distribution corresponding to an isothermal transpiration cooled
hemisphere .",6,661,"summary of laminar boundary layer solutions for
wedge-type flow over convection and transpiration cooled
surfaces .",0.13994408056808855,True
68,"what possible techniques are available for computing the injection
distribution corresponding to an isothermal transpiration cooled
hemisphere .",7,1200,hypersonic viscous flow over a sweat-cooled flat plate .,0.1375499280386324,False
68,"what possible techniques are available for computing the injection
distribution corresponding to an isothermal transpiration cooled
hemisphere .",8,365,"the homogeneous boundary layer at an axisymmetric stagnation
point with large rates of injection .",0.13036205732944875,False
68,"what possible techniques are available for computing the injection
distribution corresponding to an isothermal transpiration cooled
hemisphere .",9,339,"experimental evaluation of heat transfer with transpiration
cooling in a turbulent boundary layer at m=3 .2.",0.1287267278092417,False
68,"what possible techniques are available for computing the injection
distribution corresponding to an isothermal transpiration cooled
hemisphere .",10,689,"investigation of the laminar aerodynamics heat transfer
characteristics of a hemisphere cylinder in the langley
11-inch hypersonic tunnel at a mach number of 6. 8.",0.12791652449097626,False
69,"what is known regarding asymptotic solutions to the exact boundary layer
equations .",1,4,"approximate solutions of the incompressible laminar
boundary layer equations for a plate in shear flow .",0.22029437020958628,False
69,"what is known regarding asymptotic solutions to the exact boundary layer
equations .",2,1138,asymptotic solutions of toroidal shell problems .,0.19876268127527524,False
69,"what is known regarding asymptotic solutions to the exact boundary layer
equations .",3,264,"asymptotic solution of the two dimensional oscillating
aerofoil problem for high subsonic mach numbers .",0.19500048041100548,False
69,"what is known regarding asymptotic solutions to the exact boundary layer
equations .",4,540,"use of local similarity concepts in hypersonic viscous
interaction problems .",0.1901328042758361,False
69,"what is known regarding asymptotic solutions to the exact boundary layer
equations .",5,105,"the asymptotic boundary layer on a circular cylinder
in axial incompressible flow .",0.18430142535962946,False
69,"what is known regarding asymptotic solutions to the exact boundary layer
equations .",6,306,"second approximation to laminar compressible boundary
layer on flat plate in slip flow .",0.17838760389458486,False
69,"what is known regarding asymptotic solutions to the exact boundary layer
equations .",7,128,"effects of free stream vorticity on the behaviour of
a viscous boundary layer .",0.1771142536562181,False
69,"what is known regarding asymptotic solutions to the exact boundary layer
equations .",8,570,"on the boundary layer equations in hypersonic flow
and their approximate solutions .",0.17434818541562988,True
69,"what is known regarding asymptotic solutions to the exact boundary layer
equations .",9,664,"the boundary layer on a flat plate in a stream with
uniform shear .",0.1712047786007421,False
69,"what is known regarding asymptotic solutions to the exact boundary layer
equations .",10,559,"heat transfer at the forward stagnation point of blunt
bodies .",0.16876871583055691,False
7,"is it possible to relate the available pressure distributions for an
ogive forebody at zero angle of attack to the lower surface pressures of
an equivalent ogive forebody at angle of attack .",1,492,prediction of ogive-forebody pressures at angles of attack .,0.67892743617664,False
7,"is it possible to relate the available pressure distributions for an
ogive forebody at zero angle of attack to the lower surface pressures of
an equivalent ogive forebody at angle of attack .",2,973,"interaction effects produced by jet exhausting laterally near base of
ogive-cylinder model in supersonic main stream .",0.27229162056465767,False
7,"is it possible to relate the available pressure distributions for an
ogive forebody at zero angle of attack to the lower surface pressures of
an equivalent ogive forebody at angle of attack .",3,56,"an analysis of the applicability of the hypersonic
similarity law to the study of the flow about bodies
of revolution at zero angle of attack .",0.2436633637678375,True
7,"is it possible to relate the available pressure distributions for an
ogive forebody at zero angle of attack to the lower surface pressures of
an equivalent ogive forebody at angle of attack .",4,57,"applicability of the hypersonic similarity rule to
pressure distributions which include the effects of
rotation for bodies of revolution at zero angle of
attack .",0.2388280337267149,True
7,"is it possible to relate the available pressure distributions for an
ogive forebody at zero angle of attack to the lower surface pressures of
an equivalent ogive forebody at angle of attack .",5,434,"contributions of the wing panels to the forces and
moments of supersonic wing-body combinations at combined
angles .",0.22665157390494522,False
7,"is it possible to relate the available pressure distributions for an
ogive forebody at zero angle of attack to the lower surface pressures of
an equivalent ogive forebody at angle of attack .",6,124,"a summary of the supersonic pressure drag of bodies
of revolution .",0.19391016312148834,False
7,"is it possible to relate the available pressure distributions for an
ogive forebody at zero angle of attack to the lower surface pressures of
an equivalent ogive forebody at angle of attack .",7,122,"a simplified approximate method for the calculation of the pressure
around conical bodies of arbitrary shape in supersonic and hypersonic
flow .",0.1875942299305018,False
7,"is it possible to relate the available pressure distributions for an
ogive forebody at zero angle of attack to the lower surface pressures of
an equivalent ogive forebody at angle of attack .",8,248,"the application of lighthill formula for numerical
calculation of pressure distributions on bodies of
revolution at supersonic speed and zero angle of attack .",0.17399653464101705,False
7,"is it possible to relate the available pressure distributions for an
ogive forebody at zero angle of attack to the lower surface pressures of
an equivalent ogive forebody at angle of attack .",9,1231,hypersonic flow over an elliptic cone: theory and experiment .,0.17266739117492744,False
7,"is it possible to relate the available pressure distributions for an
ogive forebody at zero angle of attack to the lower surface pressures of
an equivalent ogive forebody at angle of attack .",10,1040,"on transverse vibrations of thin, shallow elastic shells .",0.16843579609596818,False
70,previous solutions to the boundary layer similarity equations .,1,180,"boundary layer over a flat plate in presence of shear
flow .",0.34928953028245596,False
70,previous solutions to the boundary layer similarity equations .,2,540,"use of local similarity concepts in hypersonic viscous
interaction problems .",0.3286498922274312,False
70,previous solutions to the boundary layer similarity equations .,3,327,"on local flat plate similarity in the hypersonic boundary
layer .",0.2969662663463716,False
70,previous solutions to the boundary layer similarity equations .,4,4,"approximate solutions of the incompressible laminar
boundary layer equations for a plate in shear flow .",0.2847865934550018,False
70,previous solutions to the boundary layer similarity equations .,5,349,"numerical solution of the boundary layer equations
without similarity assumptions .",0.24220046031578504,False
70,previous solutions to the boundary layer similarity equations .,6,300,"on a particular class of similar solutions of the equations
of motion and energy of a viscous fluid .",0.23151298576760473,False
70,previous solutions to the boundary layer similarity equations .,7,570,"on the boundary layer equations in hypersonic flow
and their approximate solutions .",0.22538944482484838,True
70,previous solutions to the boundary layer similarity equations .,8,1311,"some simple solutions to the problem of predicting
boundary layer self-induced pressures .",0.22305532109424026,False
70,previous solutions to the boundary layer similarity equations .,9,1236,"the stagnation point boundary layer in the presence
of an applied magnetic field .",0.20987437260385128,False
70,previous solutions to the boundary layer similarity equations .,10,3,the boundary layer in simple shear flow past a flat plate .,0.20777538192113412,False
71,experimental results on hypersonic viscous interaction .,1,305,"hypersonic strong viscous interaction on a flat plate
with surface mass transfer .",0.34599025478149975,False
71,experimental results on hypersonic viscous interaction .,2,540,"use of local similarity concepts in hypersonic viscous
interaction problems .",0.3300310532222699,False
71,experimental results on hypersonic viscous interaction .,3,63,hypersonic viscous flow over slender cones .,0.31479053680623303,False
71,experimental results on hypersonic viscous interaction .,4,525,"on hypersonic viscous flow over an insulated flat plate
with surface mass transfer .",0.3138998007395199,False
71,experimental results on hypersonic viscous interaction .,5,26,inviscid leading-edge effect in hypersonic flow .,0.2859492499500916,False
71,experimental results on hypersonic viscous interaction .,6,570,"on the boundary layer equations in hypersonic flow
and their approximate solutions .",0.2828686106483932,False
71,experimental results on hypersonic viscous interaction .,7,573,viscous hypersonic similitude .,0.2783893188164046,False
71,experimental results on hypersonic viscous interaction .,8,323,"vorticity interaction at an axisymmetric stagnation
point in a viscous incompressible fluid .",0.2678391891498006,False
71,experimental results on hypersonic viscous interaction .,9,1253,"hypersonic viscous flow near the stagnation point in
the presence of magnetic field .",0.2665420441154204,False
71,experimental results on hypersonic viscous interaction .,10,310,hypersonic viscous flow over a flat plate .,0.25992402498073297,False
72,"what has been done about viscous interactions in relatively low reynolds
number flows,  particularly at high mach numbers .",1,139,viscous effects on pitot tubes at low speeds .,0.17212317169673588,False
72,"what has been done about viscous interactions in relatively low reynolds
number flows,  particularly at high mach numbers .",2,1078,"the steady flow of a viscous fluid past a circular cylinder at reynolds
numbers 40 and 44 .",0.16612654292543416,False
72,"what has been done about viscous interactions in relatively low reynolds
number flows,  particularly at high mach numbers .",3,666,blunt body heat transfer at hypersonic speed and low reynolds numbers .,0.16359839054292072,False
72,"what has been done about viscous interactions in relatively low reynolds
number flows,  particularly at high mach numbers .",4,1299,hypersonic viscous shock layer .,0.15927782068096272,False
72,"what has been done about viscous interactions in relatively low reynolds
number flows,  particularly at high mach numbers .",5,941,"viscous compressible and incompressible flow in slender
channels .",0.15323938294931516,False
72,"what has been done about viscous interactions in relatively low reynolds
number flows,  particularly at high mach numbers .",6,663,viscous flow along a flat plate moving at high speeds .,0.14876540362524743,True
72,"what has been done about viscous interactions in relatively low reynolds
number flows,  particularly at high mach numbers .",7,630,stagnation region in rarefied high mach number flow .,0.14779958323634743,True
72,"what has been done about viscous interactions in relatively low reynolds
number flows,  particularly at high mach numbers .",8,413,"turbulent skin friction at high mach numbers and reynolds
numbers in air and helium . nasa r82, 1960 .",0.14763574303555232,False
72,"what has been done about viscous interactions in relatively low reynolds
number flows,  particularly at high mach numbers .",9,1395,"low density stagnation point heat transfer measurements
in the hypersonic shock tunnel .",0.14678856044808328,False
72,"what has been done about viscous interactions in relatively low reynolds
number flows,  particularly at high mach numbers .",10,53,"transition reynolds numbers of separated flows at
supersonic speeds .",0.14257107313880266,False
73,"what role does the effect of chemical reaction (particularly when out of
equilibrium) play in the similitude laws governing hypersonic flows over
slender aerodynamic bodies .",1,332,"similitude of hypersonic real-gas flows over slender
bodies with blunted noses .",0.34023874812672383,True
73,"what role does the effect of chemical reaction (particularly when out of
equilibrium) play in the similitude laws governing hypersonic flows over
slender aerodynamic bodies .",2,541,"similitude of hypersonic flows over slender bodies
in non-equilibrium dissociated gases .",0.28149352594217236,False
73,"what role does the effect of chemical reaction (particularly when out of
equilibrium) play in the similitude laws governing hypersonic flows over
slender aerodynamic bodies .",3,573,viscous hypersonic similitude .,0.21493566467705044,True
73,"what role does the effect of chemical reaction (particularly when out of
equilibrium) play in the similitude laws governing hypersonic flows over
slender aerodynamic bodies .",4,577,on hypersonic similitude .,0.19872485868280548,True
73,"what role does the effect of chemical reaction (particularly when out of
equilibrium) play in the similitude laws governing hypersonic flows over
slender aerodynamic bodies .",5,625,viscous and inviscid nonequilibrium gas flows .,0.15374667206719794,True
73,"what role does the effect of chemical reaction (particularly when out of
equilibrium) play in the similitude laws governing hypersonic flows over
slender aerodynamic bodies .",6,401,"inviscid hypersonic airflows with coupled non-equilibrium
processes .",0.1441894401566777,True
73,"what role does the effect of chemical reaction (particularly when out of
equilibrium) play in the similitude laws governing hypersonic flows over
slender aerodynamic bodies .",7,574,"inviscid flow with nonequilibrium molecular dissociation for pressure
distributions encountered in hypersonic flight .",0.14058865528722722,True
73,"what role does the effect of chemical reaction (particularly when out of
equilibrium) play in the similitude laws governing hypersonic flows over
slender aerodynamic bodies .",8,486,similarity laws for aerothermoelastic testing .,0.13865385326223023,False
73,"what role does the effect of chemical reaction (particularly when out of
equilibrium) play in the similitude laws governing hypersonic flows over
slender aerodynamic bodies .",9,488,"a reaction-rate parameter for gasdynamics of a chemically
reacting gas mixture .",0.1343999965199568,False
73,"what role does the effect of chemical reaction (particularly when out of
equilibrium) play in the similitude laws governing hypersonic flows over
slender aerodynamic bodies .",10,494,"axisymmetric viscous flow plast very slender bodies
of revolution .",0.12681782881852155,False
74,"how significant is the possible pressure of a dissociated free stream
with respect to the realization of hypersonic simulation in high
enthalpy wind tunnels .",1,1153,"a study of the simulation of flow with free stream mach number 1 in a
choked wind tunnel .",0.23476401857881515,False
74,"how significant is the possible pressure of a dissociated free stream
with respect to the realization of hypersonic simulation in high
enthalpy wind tunnels .",2,26,inviscid leading-edge effect in hypersonic flow .,0.23375113432283684,False
74,"how significant is the possible pressure of a dissociated free stream
with respect to the realization of hypersonic simulation in high
enthalpy wind tunnels .",3,1161,"stagnation point heat transfer measurements in dissociated
air .",0.20962486758129514,False
74,"how significant is the possible pressure of a dissociated free stream
with respect to the realization of hypersonic simulation in high
enthalpy wind tunnels .",4,68,"some aspects of air-helium simulation and hypersonic
approximations .",0.1990112299540023,False
74,"how significant is the possible pressure of a dissociated free stream
with respect to the realization of hypersonic simulation in high
enthalpy wind tunnels .",5,1142,"effect of wall divergence on sonic flows in solid wall
tunnels .",0.19117372840508187,False
74,"how significant is the possible pressure of a dissociated free stream
with respect to the realization of hypersonic simulation in high
enthalpy wind tunnels .",6,625,viscous and inviscid nonequilibrium gas flows .,0.15023075637080407,False
74,"how significant is the possible pressure of a dissociated free stream
with respect to the realization of hypersonic simulation in high
enthalpy wind tunnels .",7,283,"laminar heat transfer around blunt bodies in dissociated
air .",0.1498375484015648,False
74,"how significant is the possible pressure of a dissociated free stream
with respect to the realization of hypersonic simulation in high
enthalpy wind tunnels .",8,280,"the surface oil flow technique as used in high speed
wind tunnels in the united kingdom .",0.1487364387777002,False
74,"how significant is the possible pressure of a dissociated free stream
with respect to the realization of hypersonic simulation in high
enthalpy wind tunnels .",9,608,aerodynamic noise in supersonic wind tunnels .,0.1434434837740981,False
74,"how significant is the possible pressure of a dissociated free stream
with respect to the realization of hypersonic simulation in high
enthalpy wind tunnels .",10,516,"free-flight measurements of the dynamic longitudinal
stability characteristics of a wind tunnel interference
model (m=0 .92 to 1. 35) .",0.13633643288611313,False
75,"do the discrepancies among current analyses of the vorticity effect
on stagnation-point heat transfer result primarily from the
differences in the viscosity-temperature law assumed .",1,324,"vorticity effect on the stagnation point flow of a viscous
incompressible fluid .",0.23405692216806995,True
75,"do the discrepancies among current analyses of the vorticity effect
on stagnation-point heat transfer result primarily from the
differences in the viscosity-temperature law assumed .",2,1395,"low density stagnation point heat transfer measurements
in the hypersonic shock tunnel .",0.18394929786732814,False
75,"do the discrepancies among current analyses of the vorticity effect
on stagnation-point heat transfer result primarily from the
differences in the viscosity-temperature law assumed .",3,323,"vorticity interaction at an axisymmetric stagnation
point in a viscous incompressible fluid .",0.18028346853135382,False
75,"do the discrepancies among current analyses of the vorticity effect
on stagnation-point heat transfer result primarily from the
differences in the viscosity-temperature law assumed .",4,55,"separation, stability and other properties of compressible
laminar boundary layer with pressure gradient and heat
transfer .",0.17593241423610287,False
75,"do the discrepancies among current analyses of the vorticity effect
on stagnation-point heat transfer result primarily from the
differences in the viscosity-temperature law assumed .",5,559,"heat transfer at the forward stagnation point of blunt
bodies .",0.16276640971733586,False
75,"do the discrepancies among current analyses of the vorticity effect
on stagnation-point heat transfer result primarily from the
differences in the viscosity-temperature law assumed .",6,1146,thermal buckling of cylinders .,0.15039446162511141,False
75,"do the discrepancies among current analyses of the vorticity effect
on stagnation-point heat transfer result primarily from the
differences in the viscosity-temperature law assumed .",7,629,second-order effects in laminar boundary layers .,0.1503893651105267,False
75,"do the discrepancies among current analyses of the vorticity effect
on stagnation-point heat transfer result primarily from the
differences in the viscosity-temperature law assumed .",8,50,"investigation of laminar boundary layer in compressible
fluids using the crocco method .",0.14048919714723862,False
75,"do the discrepancies among current analyses of the vorticity effect
on stagnation-point heat transfer result primarily from the
differences in the viscosity-temperature law assumed .",9,54,"method for calculation of compressible laminar boundary
layer characteristics in axial pressure gradient with
zero heat transfer .",0.14041771220283455,False
75,"do the discrepancies among current analyses of the vorticity effect
on stagnation-point heat transfer result primarily from the
differences in the viscosity-temperature law assumed .",10,1393,"heat transfer near the forward stagnation point of
a body of revolution .",0.13925563830314538,False
76,"how far can one trust the linear viscosity-temperature solution
assumed in some of the analyses of hypersonic shock layer at low
reynolds number .",1,666,blunt body heat transfer at hypersonic speed and low reynolds numbers .,0.2417037130886207,True
76,"how far can one trust the linear viscosity-temperature solution
assumed in some of the analyses of hypersonic shock layer at low
reynolds number .",2,630,stagnation region in rarefied high mach number flow .,0.22079067133196212,False
76,"how far can one trust the linear viscosity-temperature solution
assumed in some of the analyses of hypersonic shock layer at low
reynolds number .",3,670,"on blunt-body heat transfer at hypersonic speed and low reynolds
number .",0.19840760287921275,True
76,"how far can one trust the linear viscosity-temperature solution
assumed in some of the analyses of hypersonic shock layer at low
reynolds number .",4,667,"hypersonic shock layer theory of the stagnation region at low reynolds
number .",0.19488506480967366,True
76,"how far can one trust the linear viscosity-temperature solution
assumed in some of the analyses of hypersonic shock layer at low
reynolds number .",5,50,"investigation of laminar boundary layer in compressible
fluids using the crocco method .",0.18280211855845924,False
76,"how far can one trust the linear viscosity-temperature solution
assumed in some of the analyses of hypersonic shock layer at low
reynolds number .",6,55,"separation, stability and other properties of compressible
laminar boundary layer with pressure gradient and heat
transfer .",0.18143611693838751,False
76,"how far can one trust the linear viscosity-temperature solution
assumed in some of the analyses of hypersonic shock layer at low
reynolds number .",7,1395,"low density stagnation point heat transfer measurements
in the hypersonic shock tunnel .",0.18022393379353346,False
76,"how far can one trust the linear viscosity-temperature solution
assumed in some of the analyses of hypersonic shock layer at low
reynolds number .",8,1394,"stagnation point heat transfer measurements in hypersonic
low density flow .",0.17907466155179197,False
76,"how far can one trust the linear viscosity-temperature solution
assumed in some of the analyses of hypersonic shock layer at low
reynolds number .",9,1076,"an approximate method for determining the displacement effects and
viscous drag of laminar boundary layers in two-dimensional hypersonic
flow .",0.17861403047803034,False
76,"how far can one trust the linear viscosity-temperature solution
assumed in some of the analyses of hypersonic shock layer at low
reynolds number .",10,474,laminar mixing of a compressible fluid .,0.17763999912641829,False
77,"how close is the comparison of the shock layer theory with existing
experiments in the low reynolds number (merged-layer) regime .",1,329,"various aerodynamic characteristics in hypersonic rarefied
gas flow .",0.2874049239931327,True
77,"how close is the comparison of the shock layer theory with existing
experiments in the low reynolds number (merged-layer) regime .",2,1395,"low density stagnation point heat transfer measurements
in the hypersonic shock tunnel .",0.25515704194515393,False
77,"how close is the comparison of the shock layer theory with existing
experiments in the low reynolds number (merged-layer) regime .",3,630,stagnation region in rarefied high mach number flow .,0.2180637097993658,False
77,"how close is the comparison of the shock layer theory with existing
experiments in the low reynolds number (merged-layer) regime .",4,667,"hypersonic shock layer theory of the stagnation region at low reynolds
number .",0.21372407378209676,True
77,"how close is the comparison of the shock layer theory with existing
experiments in the low reynolds number (merged-layer) regime .",5,668,"measurements of stagnation point heat transfer at low
reynolds number .",0.2019691267824174,True
77,"how close is the comparison of the shock layer theory with existing
experiments in the low reynolds number (merged-layer) regime .",6,1264,"boundary layer transition and heat transfer in shock
tubes .",0.19020931263569346,False
77,"how close is the comparison of the shock layer theory with existing
experiments in the low reynolds number (merged-layer) regime .",7,670,"on blunt-body heat transfer at hypersonic speed and low reynolds
number .",0.16859819482304386,True
77,"how close is the comparison of the shock layer theory with existing
experiments in the low reynolds number (merged-layer) regime .",8,345,"the interaction of shock waves with boundary layer
on a flat surface .",0.1667932756139619,False
77,"how close is the comparison of the shock layer theory with existing
experiments in the low reynolds number (merged-layer) regime .",9,343,"transpiration cooling experiments in a turbulent boundary
layer at m=3 .",0.15706051232341717,False
77,"how close is the comparison of the shock layer theory with existing
experiments in the low reynolds number (merged-layer) regime .",10,347,boundary layer measurements in hypersonic flow .,0.1559014992657777,False
78,"has anyone explained the kink in the surge line of a multi-stage
axial compressor .",1,543,"the stacking of compressor stage characteristics to
give an overall compressor performance map .",0.3472319008325389,False
78,"has anyone explained the kink in the surge line of a multi-stage
axial compressor .",2,590,"effects of stage characteristics and matching on axial flow compressor
performance .",0.32319825952584413,True
78,"has anyone explained the kink in the surge line of a multi-stage
axial compressor .",3,589,some stall and surge phenomena in axial flow compressors .,0.31778358020229014,True
78,"has anyone explained the kink in the surge line of a multi-stage
axial compressor .",4,591,an approximate equation for the /choke line/ of a compressor .,0.23545854053049242,False
78,"has anyone explained the kink in the surge line of a multi-stage
axial compressor .",5,588,compressor operation with one or more blade rows stalled .,0.22707503715501035,True
78,"has anyone explained the kink in the surge line of a multi-stage
axial compressor .",6,578,dissociation scaling for nonequilibrium blunt nose flows .,0.21642718460816804,False
78,"has anyone explained the kink in the surge line of a multi-stage
axial compressor .",7,237,a compressor routine test code .,0.20286641459041632,False
78,"has anyone explained the kink in the surge line of a multi-stage
axial compressor .",8,216,the supersonic axial flow compressor .,0.19238117547479222,False
78,"has anyone explained the kink in the surge line of a multi-stage
axial compressor .",9,935,"buckling of thin single- and multi-layer conical and cylindrical
shells with rotationally symmetric stresses .",0.17214322795229464,False
78,"has anyone explained the kink in the surge line of a multi-stage
axial compressor .",10,426,"preliminary analysis of axial flow compressors having
supersonic velocity at the entrance of the stator .",0.15717270925097182,False
79,"have any aerodynamic derivatives been measured at hypersonic mach
numbers and comparison been made with theoretical work .",1,748,"subsonic aerodynamic flutter derivatives for wings and control surfaces,
 /compressible and incompressible flow/ .",0.3016901410898143,False
79,"have any aerodynamic derivatives been measured at hypersonic mach
numbers and comparison been made with theoretical work .",2,544,"a theoretical and experimental study of oscillating wedge shaped
aerofoils in hypersonic flow .",0.2570664772949703,False
79,"have any aerodynamic derivatives been measured at hypersonic mach
numbers and comparison been made with theoretical work .",3,567,"aerodynamic characteristics of a circular cylinder
at mach number of 6. 86 and angles of attack up to
90 .",0.23026941399554615,False
79,"have any aerodynamic derivatives been measured at hypersonic mach
numbers and comparison been made with theoretical work .",4,597,"measurements of pitching moment derivatives for blunt-nose aerofoils
oscillating in two-dimensional supersonic flow .",0.221693098701583,True
79,"have any aerodynamic derivatives been measured at hypersonic mach
numbers and comparison been made with theoretical work .",5,1066,"wind tunnel measurements of aerodynamic damping derivatives
of a launch vehicle vibrating in free-free bending
modes at mach numbers from 0. 70 to 2. 87 and comparisons
with theory .",0.21120640832789703,False
79,"have any aerodynamic derivatives been measured at hypersonic mach
numbers and comparison been made with theoretical work .",6,199,"measurement of two dimensional derivatives on a wing-aileron-tab
system .",0.2079272406316786,False
79,"have any aerodynamic derivatives been measured at hypersonic mach
numbers and comparison been made with theoretical work .",7,755,"oscillatory derivative measurements on sting-mounted
wind tunnel models method of test and results for pitch
and yaw on a cambered ogee wing at mach numbers up
to 2. 6.",0.1917780612910071,False
79,"have any aerodynamic derivatives been measured at hypersonic mach
numbers and comparison been made with theoretical work .",8,708,"aerodynamic characteristics of two winged reentry vehicles at supersonic
 and hypersonic speeds .",0.18317200329707564,True
79,"have any aerodynamic derivatives been measured at hypersonic mach
numbers and comparison been made with theoretical work .",9,347,boundary layer measurements in hypersonic flow .,0.18043208989482584,False
79,"have any aerodynamic derivatives been measured at hypersonic mach
numbers and comparison been made with theoretical work .",10,814,stability derivatives of cones at supersonic speeds .,0.17849613272372136,False
8,"what methods -dash exact or approximate -dash are presently available
for predicting body pressures at angle of attack.",1,492,prediction of ogive-forebody pressures at angles of attack .,0.2026500267697014,False
8,"what methods -dash exact or approximate -dash are presently available
for predicting body pressures at angle of attack.",2,122,"a simplified approximate method for the calculation of the pressure
around conical bodies of arbitrary shape in supersonic and hypersonic
flow .",0.17516074330259304,True
8,"what methods -dash exact or approximate -dash are presently available
for predicting body pressures at angle of attack.",3,711,"an investigation at subsonic speeds of aerodynamic characteristics at
angles of attack from -dash 4degrees to 100degrees of a delta-wing
reentry configuration having folding wingtip panels .",0.1714171995141496,False
8,"what methods -dash exact or approximate -dash are presently available
for predicting body pressures at angle of attack.",4,461,"approximate methods fore predicting separation properties
of laminar boundary layers .",0.16124848627538788,False
8,"what methods -dash exact or approximate -dash are presently available
for predicting body pressures at angle of attack.",5,232,"accuracy of approximate methods for predicting pressure
on pointed non-lifting bodies of revolution in supersonic
flow .",0.15785462317945156,False
8,"what methods -dash exact or approximate -dash are presently available
for predicting body pressures at angle of attack.",6,556,"numerical comparison between exact and approximate
theories of hypersonic inviscid flow past slender blunt
nosed bodies .",0.14702578540240557,False
8,"what methods -dash exact or approximate -dash are presently available
for predicting body pressures at angle of attack.",7,1311,"some simple solutions to the problem of predicting
boundary layer self-induced pressures .",0.14606274802386773,False
8,"what methods -dash exact or approximate -dash are presently available
for predicting body pressures at angle of attack.",8,569,"an experimental investigation of leading edge shock wave boundary layer
interaction at mach 5.8 .",0.14533836394698527,False
8,"what methods -dash exact or approximate -dash are presently available
for predicting body pressures at angle of attack.",9,1083,an investigation of fluid flow in two dimensions .,0.1444712638798538,False
8,"what methods -dash exact or approximate -dash are presently available
for predicting body pressures at angle of attack.",10,443,"calculated and measured pressure distributions over the midspan section
of the naca 4412 airfoil .",0.14331445076351385,False
80,"are methods of measuring aerodynamic derivatives available which
could be adopted for use in short running time facilities .",1,544,"a theoretical and experimental study of oscillating wedge shaped
aerofoils in hypersonic flow .",0.19805207217885124,False
80,"are methods of measuring aerodynamic derivatives available which
could be adopted for use in short running time facilities .",2,790,"a wind-tunnel test technique for measuring the dynamic rotary
stability derivatives at subsonic and supersonic speeds .",0.16761650292547875,False
80,"are methods of measuring aerodynamic derivatives available which
could be adopted for use in short running time facilities .",3,251,"a collection of longitudinal stability derivatives
of wings at supersonic speeds .",0.14367736585022992,False
80,"are methods of measuring aerodynamic derivatives available which
could be adopted for use in short running time facilities .",4,748,"subsonic aerodynamic flutter derivatives for wings and control surfaces,
 /compressible and incompressible flow/ .",0.13895579178438625,False
80,"are methods of measuring aerodynamic derivatives available which
could be adopted for use in short running time facilities .",5,878,"experimental model techniques and equipment for flutter
investigations .",0.1322817212366572,False
80,"are methods of measuring aerodynamic derivatives available which
could be adopted for use in short running time facilities .",6,546,"measurements of aerodynamic heating on a 15 cone of
graded wall thickness at a mach number of 6. 8.",0.11389162083858104,False
80,"are methods of measuring aerodynamic derivatives available which
could be adopted for use in short running time facilities .",7,1335,use of freon-12 as a fluid for aerodynamic testing .,0.11298998622591958,False
80,"are methods of measuring aerodynamic derivatives available which
could be adopted for use in short running time facilities .",8,814,stability derivatives of cones at supersonic speeds .,0.10930771076279659,False
80,"are methods of measuring aerodynamic derivatives available which
could be adopted for use in short running time facilities .",9,599,"aerodynamic forces, moments and stability derivatives
for slender bodies of general cross section .",0.10563834019997854,False
80,"are methods of measuring aerodynamic derivatives available which
could be adopted for use in short running time facilities .",10,755,"oscillatory derivative measurements on sting-mounted
wind tunnel models method of test and results for pitch
and yaw on a cambered ogee wing at mach numbers up
to 2. 6.",0.09564777409905344,False
81,"what are wind-tunnel corrections for a two-dimensional aerofoil
mounted off-centre in a tunnel .",1,631,"low speed wind tunnel tests on a two dimensional aerofoil
with split flap near the ground .",0.29571142575151793,False
81,"what are wind-tunnel corrections for a two-dimensional aerofoil
mounted off-centre in a tunnel .",2,714,"blockage corrections for three-dimensional flow closed
throat wind tunnels, with considerations of the effect
of compressibility .",0.2607091034708814,False
81,"what are wind-tunnel corrections for a two-dimensional aerofoil
mounted off-centre in a tunnel .",3,755,"oscillatory derivative measurements on sting-mounted
wind tunnel models method of test and results for pitch
and yaw on a cambered ogee wing at mach numbers up
to 2. 6.",0.1978762799517575,False
81,"what are wind-tunnel corrections for a two-dimensional aerofoil
mounted off-centre in a tunnel .",4,652,"pressure distribution on two dimensional wings near
the ground .",0.19036325144629843,False
81,"what are wind-tunnel corrections for a two-dimensional aerofoil
mounted off-centre in a tunnel .",5,264,"asymptotic solution of the two dimensional oscillating
aerofoil problem for high subsonic mach numbers .",0.18211529733628018,False
81,"what are wind-tunnel corrections for a two-dimensional aerofoil
mounted off-centre in a tunnel .",6,799,"some effects of wind-tunnel interference observed in tests on
two-dimensional aerofoils at high subsonic and transonic speeds .",0.1767706119589756,True
81,"what are wind-tunnel corrections for a two-dimensional aerofoil
mounted off-centre in a tunnel .",7,672,tunnel interference effects .,0.1727307040900661,True
81,"what are wind-tunnel corrections for a two-dimensional aerofoil
mounted off-centre in a tunnel .",8,1354,"investigation of the flow through a single stage two
dimensional nozzle in the langley 11in . hypersonic
tunnel .",0.16249382392173836,False
81,"what are wind-tunnel corrections for a two-dimensional aerofoil
mounted off-centre in a tunnel .",9,594,"wind tunnel techniques for the measurements of oscillatory
derivatives .",0.15966219075748456,False
81,"what are wind-tunnel corrections for a two-dimensional aerofoil
mounted off-centre in a tunnel .",10,795,"the operation of the npl 18in x 14in. wind tunnel in the transonic speed
 range .",0.15507846637469191,False
82,"how do kuchemann's and multhopp's methods for calculating lift
distributions on swept wings in subsonic flow compare with each other and with
experiment .",1,678,the effect of end plates on swept wings .,0.258258901287019,True
82,"how do kuchemann's and multhopp's methods for calculating lift
distributions on swept wings in subsonic flow compare with each other and with
experiment .",2,676,"a simple method for calculating the span and chordwise loading on
straight and swept wings of any aspect ratio at subsonic speeds .",0.2470902698639991,True
82,"how do kuchemann's and multhopp's methods for calculating lift
distributions on swept wings in subsonic flow compare with each other and with
experiment .",3,1334,"calculated spanwise lift distributions and aerodynamic
influence coefficients for swept wings in subsonic
flow .",0.22775278859603276,False
82,"how do kuchemann's and multhopp's methods for calculating lift
distributions on swept wings in subsonic flow compare with each other and with
experiment .",4,1339,"calculation of flutter characteristics for finite-span swept or unswept
wings at subsonic and supersonic speeds by a modified strip analysis .",0.20905628881215182,False
82,"how do kuchemann's and multhopp's methods for calculating lift
distributions on swept wings in subsonic flow compare with each other and with
experiment .",5,1332,"calculated spanwise lift distributions, influence functions
and influence coefficients for unswept wings in subsonic
flow .",0.19968604353773858,False
82,"how do kuchemann's and multhopp's methods for calculating lift
distributions on swept wings in subsonic flow compare with each other and with
experiment .",6,677,"methods for calculating the lift distribution of wings /subsonic
lifting surface theory/ .",0.17955089558210102,True
82,"how do kuchemann's and multhopp's methods for calculating lift
distributions on swept wings in subsonic flow compare with each other and with
experiment .",7,632,"calculated lift distributions in incompressible flow
on some sweptback wings .",0.177806540138677,False
82,"how do kuchemann's and multhopp's methods for calculating lift
distributions on swept wings in subsonic flow compare with each other and with
experiment .",8,637,"an integral equation relating the general time-dependent lift and
downwash distributions on finite wings in subsonic flow .",0.17371911927760406,False
82,"how do kuchemann's and multhopp's methods for calculating lift
distributions on swept wings in subsonic flow compare with each other and with
experiment .",9,247,"the calculation of the pressure distribution on thick
wings of small aspect ratio at zero lift in subsonic
flow .",0.16640939980892921,False
82,"how do kuchemann's and multhopp's methods for calculating lift
distributions on swept wings in subsonic flow compare with each other and with
experiment .",10,465,slender delta wings with sharp edges at zero lift .,0.16568740532920517,False
83,what is the present state of the theory of quasi-conical flows .,1,898,"a survey of buckling theory and experiment for circular
conical shells of constant thickness .",0.2629242574099772,False
83,what is the present state of the theory of quasi-conical flows .,2,1275,flow about an unsteadily rotating disc .,0.253534580653381,False
83,what is the present state of the theory of quasi-conical flows .,3,224,"quasi-cylindrical surfaces with prescribed loadings
in the linearised theory of supersonic flow .",0.22169681401515487,False
83,what is the present state of the theory of quasi-conical flows .,4,753,"development of a quasi-steady approach to flutter and
correlation with kernel-function results .",0.22096836198774725,False
83,what is the present state of the theory of quasi-conical flows .,5,633,"an extension of the method of generalised conical flows
for lifting wings in supersonic flow .",0.21382995728997006,False
83,what is the present state of the theory of quasi-conical flows .,6,19,"an investigation of the pressure distribution on conical bodies in
hypersonic flows .",0.21307754141937835,False
83,what is the present state of the theory of quasi-conical flows .,7,428,"the quasi-cylinder of specified thickness and shell
loading in supersonic flow .",0.20818317034926304,False
83,what is the present state of the theory of quasi-conical flows .,8,680,generalized conical flow fields in supersonic wing theory .,0.2080405993737166,True
83,what is the present state of the theory of quasi-conical flows .,9,512,"quasi-cylindrical surfaces with prescribed thickness
distributions .",0.20518208055285894,False
83,what is the present state of the theory of quasi-conical flows .,10,97,"a mixing theory for the interaction between dissipative
flows and nearly isentropic streams .",0.15523424298236937,False
84,"references on the methods available for accurately estimating
aerodynamic heat transfer to conical bodies for both laminar and turbulent
flow .",1,398,heat transfer in turbulent shear flow .,0.24520236876206178,False
84,"references on the methods available for accurately estimating
aerodynamic heat transfer to conical bodies for both laminar and turbulent
flow .",2,19,"an investigation of the pressure distribution on conical bodies in
hypersonic flows .",0.1895837445419157,False
84,"references on the methods available for accurately estimating
aerodynamic heat transfer to conical bodies for both laminar and turbulent
flow .",3,142,the problem of aerodynamic heating .,0.18411532165597996,True
84,"references on the methods available for accurately estimating
aerodynamic heat transfer to conical bodies for both laminar and turbulent
flow .",4,294,"an investigation of laminar transitional and turbulent
heat transfer on blunt-nosed bodies in hypersonic flow .",0.18082164943566084,True
84,"references on the methods available for accurately estimating
aerodynamic heat transfer to conical bodies for both laminar and turbulent
flow .",5,435,"application of similar solutions to calculations of
laminar heat transfer on bodies with yaw and large
pressure gradients in high speed flow .",0.1648937126616353,False
84,"references on the methods available for accurately estimating
aerodynamic heat transfer to conical bodies for both laminar and turbulent
flow .",6,559,"heat transfer at the forward stagnation point of blunt
bodies .",0.16322876538747286,False
84,"references on the methods available for accurately estimating
aerodynamic heat transfer to conical bodies for both laminar and turbulent
flow .",7,959,heat transfer in separated flows .,0.15884943360437193,False
84,"references on the methods available for accurately estimating
aerodynamic heat transfer to conical bodies for both laminar and turbulent
flow .",8,98,heat transfer by laminar flow to a rotating plate .,0.15672795523729952,False
84,"references on the methods available for accurately estimating
aerodynamic heat transfer to conical bodies for both laminar and turbulent
flow .",9,1281,"turbulent heat transfer on blunt-nosed bodies in two-dimensional
and general three-dimensional hypersonic flow .",0.1562432461407612,False
84,"references on the methods available for accurately estimating
aerodynamic heat transfer to conical bodies for both laminar and turbulent
flow .",10,522,"laminar, transitional and turbulent heat transfer to
a cone-cylinder-flare body at mach 8. 0.",0.1544921839084787,True
85,"what parameters can seriously influence natural transition
from laminar to turbulent flow on a model in a wind tunnel .",1,418,transition form laminar to turbulent shear flow .,0.21417237356636248,False
85,"what parameters can seriously influence natural transition
from laminar to turbulent flow on a model in a wind tunnel .",2,84,"experimental investigation of the downstream influence
of stagnation point mass transfer .",0.1759174347196393,False
85,"what parameters can seriously influence natural transition
from laminar to turbulent flow on a model in a wind tunnel .",3,1155,"some experimental investigations on the influence of wall boundary
layers upon wind tunnel measurements at high subsonic speeds .",0.1708245642474795,False
85,"what parameters can seriously influence natural transition
from laminar to turbulent flow on a model in a wind tunnel .",4,9,"transition studies and skin friction measurements on
an insulated flat plate at a mach number of 5.8 .",0.15586023093616472,False
85,"what parameters can seriously influence natural transition
from laminar to turbulent flow on a model in a wind tunnel .",5,516,"free-flight measurements of the dynamic longitudinal
stability characteristics of a wind tunnel interference
model (m=0 .92 to 1. 35) .",0.15393292205126283,False
85,"what parameters can seriously influence natural transition
from laminar to turbulent flow on a model in a wind tunnel .",6,795,"the operation of the npl 18in x 14in. wind tunnel in the transonic speed
 range .",0.1513368427500002,False
85,"what parameters can seriously influence natural transition
from laminar to turbulent flow on a model in a wind tunnel .",7,182,effect of roughness on transition in supersonic flow .,0.14837114232867477,False
85,"what parameters can seriously influence natural transition
from laminar to turbulent flow on a model in a wind tunnel .",8,710,"the smallest height of roughness capable of affecting boundary-layer
transition .",0.1476196386149163,True
85,"what parameters can seriously influence natural transition
from laminar to turbulent flow on a model in a wind tunnel .",9,314,"simplified method for determination of the critical
height of distributed roughness particles for boundary
layer transition at mach numbers from 0 to 5.",0.14388512398243586,False
85,"what parameters can seriously influence natural transition
from laminar to turbulent flow on a model in a wind tunnel .",10,315,"scale effects at high subsonic and transonic speeds
and methods for fixing transition in model experiments .",0.14076043849566722,False
86,"can a satisfactory experimental technique be developed for measuring
oscillatory derivatives on slender sting-mounted models in supersonic
wind tunnels .",1,755,"oscillatory derivative measurements on sting-mounted
wind tunnel models method of test and results for pitch
and yaw on a cambered ogee wing at mach numbers up
to 2. 6.",0.4402082842618187,False
86,"can a satisfactory experimental technique be developed for measuring
oscillatory derivatives on slender sting-mounted models in supersonic
wind tunnels .",2,594,"wind tunnel techniques for the measurements of oscillatory
derivatives .",0.29882279788538557,True
86,"can a satisfactory experimental technique be developed for measuring
oscillatory derivatives on slender sting-mounted models in supersonic
wind tunnels .",3,790,"a wind-tunnel test technique for measuring the dynamic rotary
stability derivatives at subsonic and supersonic speeds .",0.27040743605722123,True
86,"can a satisfactory experimental technique be developed for measuring
oscillatory derivatives on slender sting-mounted models in supersonic
wind tunnels .",4,431,"free-flight measurements of the zero-lift drag and
base pressure on a wind tunnel interference model (m=0 .
8 - 1. 5) .",0.2177808917792561,False
86,"can a satisfactory experimental technique be developed for measuring
oscillatory derivatives on slender sting-mounted models in supersonic
wind tunnels .",5,188,"an analysis of base pressure at supersonic velocities and
comparison with experiment .",0.17762177423046835,False
86,"can a satisfactory experimental technique be developed for measuring
oscillatory derivatives on slender sting-mounted models in supersonic
wind tunnels .",6,179,"an analysis of base pressure at supersonic speeds and
comparison with experiment .",0.17233180519662922,False
86,"can a satisfactory experimental technique be developed for measuring
oscillatory derivatives on slender sting-mounted models in supersonic
wind tunnels .",7,280,"the surface oil flow technique as used in high speed
wind tunnels in the united kingdom .",0.16497814051431933,False
86,"can a satisfactory experimental technique be developed for measuring
oscillatory derivatives on slender sting-mounted models in supersonic
wind tunnels .",8,1155,"some experimental investigations on the influence of wall boundary
layers upon wind tunnel measurements at high subsonic speeds .",0.14754897785048965,False
86,"can a satisfactory experimental technique be developed for measuring
oscillatory derivatives on slender sting-mounted models in supersonic
wind tunnels .",9,600,"the calculation of lateral stability derivatives of
slender wings at incidence including fin effectiveness,
and correlation with experiment .",0.13529045396621456,False
86,"can a satisfactory experimental technique be developed for measuring
oscillatory derivatives on slender sting-mounted models in supersonic
wind tunnels .",10,214,on the testing of supersonic compressor cascades .,0.1338345667241764,False
87,"what effect has the boundary layer in modifying the basic inviscid flow
behind the shock,  neglecting effects of leading edge and corner .",1,1228,"leading-edge separation of laminar boundary layers
in supersonic flow .",0.29734682083769626,False
87,"what effect has the boundary layer in modifying the basic inviscid flow
behind the shock,  neglecting effects of leading edge and corner .",2,26,inviscid leading-edge effect in hypersonic flow .,0.2720605500489177,False
87,"what effect has the boundary layer in modifying the basic inviscid flow
behind the shock,  neglecting effects of leading edge and corner .",3,610,corner interference effects .,0.20702658322135672,False
87,"what effect has the boundary layer in modifying the basic inviscid flow
behind the shock,  neglecting effects of leading edge and corner .",4,439,a factor affecting transonic leading edge flow separation .,0.20048849327983048,False
87,"what effect has the boundary layer in modifying the basic inviscid flow
behind the shock,  neglecting effects of leading edge and corner .",5,334,"influence of the leading-edge shock wave on the laminar boundary layer
at hypersonic speeds .",0.1893815300501675,False
87,"what effect has the boundary layer in modifying the basic inviscid flow
behind the shock,  neglecting effects of leading edge and corner .",6,655,"effects of boundary layer displacement and leading edge bluntness on
pressure distribution, skin friction, and heat transfer of bodies at
hypersonic speeds .",0.18667920318851156,False
87,"what effect has the boundary layer in modifying the basic inviscid flow
behind the shock,  neglecting effects of leading edge and corner .",7,1198,the blunt-leading-edge problem in hypersonic flow .,0.1839062585520654,False
87,"what effect has the boundary layer in modifying the basic inviscid flow
behind the shock,  neglecting effects of leading edge and corner .",8,797,"a study of the effect of leading-edge modifications on the flow over
a 50degree sweptback wing at transonic speeds .",0.16282375144478062,False
87,"what effect has the boundary layer in modifying the basic inviscid flow
behind the shock,  neglecting effects of leading edge and corner .",9,572,"boundary layer displacement and leading edge bluntness effects in high
temperature hypersonic flow .",0.15905360844882235,False
87,"what effect has the boundary layer in modifying the basic inviscid flow
behind the shock,  neglecting effects of leading edge and corner .",10,1267,on supersonic flow past thick airfoils .,0.15878177561985066,False
88,"how does a satellite orbit contract under the action of air drag in
an atmosphere in which the scale height varies with altitude .",1,617,"determination of upper-atmosphere air density profile from satellite
observations .",0.44146708778281285,True
88,"how does a satellite orbit contract under the action of air drag in
an atmosphere in which the scale height varies with altitude .",2,616,"determination of upper-atmosphere air density and scale height from
satellite observations .",0.3618153564732159,True
88,"how does a satellite orbit contract under the action of air drag in
an atmosphere in which the scale height varies with altitude .",3,548,"the contraction of satellite orbits under the influence
of air drag . pt .iv with scale height dependent on
altitude .",0.32597911788397504,False
88,"how does a satellite orbit contract under the action of air drag in
an atmosphere in which the scale height varies with altitude .",4,622,"scale height in the upper atmosphere, derived from changes in satellite
orbits .",0.3152393107744326,False
88,"how does a satellite orbit contract under the action of air drag in
an atmosphere in which the scale height varies with altitude .",5,613,"the contraction of satellite orbits under the influence of air drag
part i . with spherically symmetrical atmosphere .",0.2958599952177349,True
88,"how does a satellite orbit contract under the action of air drag in
an atmosphere in which the scale height varies with altitude .",6,1150,preliminary results of density measurements from an air force satellite.,0.2070878560194298,False
88,"how does a satellite orbit contract under the action of air drag in
an atmosphere in which the scale height varies with altitude .",7,618,orbit decay and prediction of the motion of artificial satellites .,0.20160677252466522,True
88,"how does a satellite orbit contract under the action of air drag in
an atmosphere in which the scale height varies with altitude .",8,614,the contraction of satellite orbits under the influence of air drag .,0.17358814000696995,True
88,"how does a satellite orbit contract under the action of air drag in
an atmosphere in which the scale height varies with altitude .",9,619,"density of the upper atmosphere from analysis of satellite orbits ..
further results .",0.17116583910417152,False
88,"how does a satellite orbit contract under the action of air drag in
an atmosphere in which the scale height varies with altitude .",10,615,"the contraction of satellite orbits under the influence of air drag .
part iii . high eccentricity orbits . /0.2 e 1/ .",0.16590189369656053,True
89,"how is the flow at transonic speeds about a delta wing different
from that on a closely-related tapered sweptback wing .",1,793,"the flow pattern on a tapered sweptback wing at mach numbers between 0.6
 and 1.6 .",0.27358928914778907,True
89,"how is the flow at transonic speeds about a delta wing different
from that on a closely-related tapered sweptback wing .",2,226,"aerofoil theory of a flat delta wing at supersonic
speeds .",0.22939917438303647,False
89,"how is the flow at transonic speeds about a delta wing different
from that on a closely-related tapered sweptback wing .",3,757,"an investigation of the flow about a plane half-wing
of cropped delta planform and 6( symmetrical section
at stream mach numbers between 0. 8 and 1. 41 .",0.22134520411052644,False
89,"how is the flow at transonic speeds about a delta wing different
from that on a closely-related tapered sweptback wing .",4,632,"calculated lift distributions in incompressible flow
on some sweptback wings .",0.21287126428472444,False
89,"how is the flow at transonic speeds about a delta wing different
from that on a closely-related tapered sweptback wing .",5,879,flutter model testing at transonic speeds .,0.20988979880095027,False
89,"how is the flow at transonic speeds about a delta wing different
from that on a closely-related tapered sweptback wing .",6,797,"a study of the effect of leading-edge modifications on the flow over
a 50degree sweptback wing at transonic speeds .",0.202055872247426,True
89,"how is the flow at transonic speeds about a delta wing different
from that on a closely-related tapered sweptback wing .",7,801,"experimental study of the equivalence of transonic
flow about slender cone-cylinders of circular and elliptic
cross section .",0.19534328401068474,False
89,"how is the flow at transonic speeds about a delta wing different
from that on a closely-related tapered sweptback wing .",8,1338,"investigation to determine effects of center of gravity location on the
transonic flutter characteristics of a 45degree sweptback wing .",0.19077073335094177,False
89,"how is the flow at transonic speeds about a delta wing different
from that on a closely-related tapered sweptback wing .",9,916,"the flow around oscillating low aspect ratio wings at transonic
speeds .",0.1839820633179724,False
89,"how is the flow at transonic speeds about a delta wing different
from that on a closely-related tapered sweptback wing .",10,924,"a method for calculating the lift and centre of pressure
of wing-body-tail combinations at subsonic, transonic
speeds .",0.18111258908162703,False
9,papers on internal /slip flow/ heat transfer studies .,1,21,on heat transfer in slip flow .,0.4051668670766434,True
9,papers on internal /slip flow/ heat transfer studies .,2,550,laminar heat transfer in tubes under slip-flow conditions .,0.26673778258305164,True
9,papers on internal /slip flow/ heat transfer studies .,3,22,on slip-flow heat transfer to a flat plate .,0.2616291390888491,True
9,papers on internal /slip flow/ heat transfer studies .,4,306,"second approximation to laminar compressible boundary
layer on flat plate in slip flow .",0.24682809112806545,False
9,papers on internal /slip flow/ heat transfer studies .,5,45,"an investigation of separated flows, part ii: flow
in the cavity and heat transfer .",0.21844957130350567,False
9,papers on internal /slip flow/ heat transfer studies .,6,326,"forst-order slip effects on the compressible laminar
boundary layer over a slender body of revolution in
axial flow .",0.21565343823689798,False
9,papers on internal /slip flow/ heat transfer studies .,7,571,"heat transfer to flat plate in high temperature rarefied
ultra-high mach number flow .",0.20676945787708792,False
9,papers on internal /slip flow/ heat transfer studies .,8,1215,the effect of slip particularly for highly cooled walls .,0.1951074929151033,False
9,papers on internal /slip flow/ heat transfer studies .,9,102,advantages and limitations of models .,0.18881359520495258,False
9,papers on internal /slip flow/ heat transfer studies .,10,398,heat transfer in turbulent shear flow .,0.1699717527334563,False
90,recent data on shock-induced boundary-layer separation .,1,265,"some instabilities arising from the interaction between
shock waves and boundary layer .",0.3408415657131919,False
90,recent data on shock-induced boundary-layer separation .,2,358,"on the model of the free shock separation, turbulent
boundary layer .",0.31096600242612704,False
90,recent data on shock-induced boundary-layer separation .,3,1187,"shock-induced boundary layer separation in overexpanded conical exhaust
nozzles .",0.2902976294876307,True
90,recent data on shock-induced boundary-layer separation .,4,1228,"leading-edge separation of laminar boundary layers
in supersonic flow .",0.24479172886618958,False
90,recent data on shock-induced boundary-layer separation .,5,291,"sweepback effects in the turbulent boundary-layer shock-wave
interaction .",0.2240786971910172,True
90,recent data on shock-induced boundary-layer separation .,6,293,"recent studies on the effect of cooling on boundary
layer transition at mach 4.",0.21511042994640392,False
90,recent data on shock-induced boundary-layer separation .,7,71,"laminar boundary layer behind shock advancing into
stationary fluid .",0.2060352799236463,False
90,recent data on shock-induced boundary-layer separation .,8,1257,an optical boundary-layer probe .,0.1967143545825589,False
90,recent data on shock-induced boundary-layer separation .,9,1216,"pressure distribution in regions of step-induced turbulent
separation .",0.19639648954935393,False
90,recent data on shock-induced boundary-layer separation .,10,311,"a method for predicting the onset of buffeting and other separation
effects from wind tunnel tests on rigid models .",0.1918624891605021,True
91,what interference effects are likely at transonic speeds .,1,252,"an investigation of interference effects on similar models of
different size in various transonic tunnels in the u.k. .",0.22357184209397774,True
91,what interference effects are likely at transonic speeds .,2,879,flutter model testing at transonic speeds .,0.22059420687157877,False
91,what interference effects are likely at transonic speeds .,3,799,"some effects of wind-tunnel interference observed in tests on
two-dimensional aerofoils at high subsonic and transonic speeds .",0.20867902343548958,True
91,what interference effects are likely at transonic speeds .,4,610,corner interference effects .,0.20537281320598122,False
91,what interference effects are likely at transonic speeds .,5,924,"a method for calculating the lift and centre of pressure
of wing-body-tail combinations at subsonic, transonic
speeds .",0.20105085984858528,False
91,what interference effects are likely at transonic speeds .,6,316,"the occurrence and development of boundary layer separations at high
incidences and high speeds .",0.19145211521179067,False
91,what interference effects are likely at transonic speeds .,7,672,tunnel interference effects .,0.1890578754734156,True
91,what interference effects are likely at transonic speeds .,8,431,"free-flight measurements of the zero-lift drag and
base pressure on a wind tunnel interference model (m=0 .
8 - 1. 5) .",0.18739940398645702,False
91,what interference effects are likely at transonic speeds .,9,800,wall interference at transonic speeds on a hemisphere cylinder model .,0.18614105389010707,True
91,what interference effects are likely at transonic speeds .,10,1062,"an experimental and theoretical investigation of second-order
wing-body interference at high mach number .",0.17916589638725208,False
92,"given complete freedom in the design of an airplane,  what procedure
would be used in order to minimize sonic boom intensity,  and is there a
limit to the degree of minimizing that can be accomplished .",1,758,"the lower bound of attainable sonic-boom over-pressure
and design methods of approaching this limit .",0.24646855141795754,False
92,"given complete freedom in the design of an airplane,  what procedure
would be used in order to minimize sonic boom intensity,  and is there a
limit to the degree of minimizing that can be accomplished .",2,809,"an investigation of the influence of lift on sonic-boom
intensity by means of wind tunnel measurements of the
pressure fields of several wing-body combinations at
a mach number of 2. 01 .",0.20308784544610511,True
92,"given complete freedom in the design of an airplane,  what procedure
would be used in order to minimize sonic boom intensity,  and is there a
limit to the degree of minimizing that can be accomplished .",3,1247,"the supersonic boom of a projectile related to drag
and volume .",0.18360572210754025,True
92,"given complete freedom in the design of an airplane,  what procedure
would be used in order to minimize sonic boom intensity,  and is there a
limit to the degree of minimizing that can be accomplished .",4,804,a flight test investigation of the sonic boom .,0.1707253394510576,True
92,"given complete freedom in the design of an airplane,  what procedure
would be used in order to minimize sonic boom intensity,  and is there a
limit to the degree of minimizing that can be accomplished .",5,806,"ground measurements of airplane shock wave noise at
mach numbers to 2, and at altitudes of 60,000 feet .",0.15489784795625441,True
92,"given complete freedom in the design of an airplane,  what procedure
would be used in order to minimize sonic boom intensity,  and is there a
limit to the degree of minimizing that can be accomplished .",6,810,"the shock wave noise problem of supersonic aircraft
in steady flight .",0.15013441622749374,True
92,"given complete freedom in the design of an airplane,  what procedure
would be used in order to minimize sonic boom intensity,  and is there a
limit to the degree of minimizing that can be accomplished .",7,808,"an investigation of some aspects of the sonic boom
by means of wind tunnel measurements of pressures about
several bodies at a mach number of 2. 01 .",0.14423255525364795,True
92,"given complete freedom in the design of an airplane,  what procedure
would be used in order to minimize sonic boom intensity,  and is there a
limit to the degree of minimizing that can be accomplished .",8,807,"ground measurements of the shock wave noise from
supersonic bomber airplanes in the altitude range from 30,000
to 50,000 feet .",0.13691819871750113,True
92,"given complete freedom in the design of an airplane,  what procedure
would be used in order to minimize sonic boom intensity,  and is there a
limit to the degree of minimizing that can be accomplished .",9,1219,"determination of lift or drag programs to minimize
re-entry heating .",0.12953222250477212,False
92,"given complete freedom in the design of an airplane,  what procedure
would be used in order to minimize sonic boom intensity,  and is there a
limit to the degree of minimizing that can be accomplished .",10,811,"an investigation of lifting effects on the intensity
of sonic booms .",0.12753123412676534,True
93,"can methane-air combustion product be used as a hypersonic test
medium and predict, within experimental accuracies, the results
obtained in air .",1,635,"heat transfer and pressure distributions on a hemisphere-cylinder and a
bluff-afterbody model
in methane-air combustion products and in air .",0.4095305346068107,False
93,"can methane-air combustion product be used as a hypersonic test
medium and predict, within experimental accuracies, the results
obtained in air .",2,691,"calculation procedure for thermodynamic transport, and flow properties
of the combustion products of a hydrocarbon fuel mixture burned in air
with results for ethylene-air and methane-air mixtures .",0.270119183819578,True
93,"can methane-air combustion product be used as a hypersonic test
medium and predict, within experimental accuracies, the results
obtained in air .",3,68,"some aspects of air-helium simulation and hypersonic
approximations .",0.18594222352086257,False
93,"can methane-air combustion product be used as a hypersonic test
medium and predict, within experimental accuracies, the results
obtained in air .",4,1336,"studies of the use of freon-12 as a wind tunnel testing
medium .",0.1477727782786174,False
93,"can methane-air combustion product be used as a hypersonic test
medium and predict, within experimental accuracies, the results
obtained in air .",5,1143,"a one-foot hypervelocity shock tunnel in which high-enthalpy
real gas flows can be generated with flow times of
about 180 milliseconds .",0.14624709906027883,False
93,"can methane-air combustion product be used as a hypersonic test
medium and predict, within experimental accuracies, the results
obtained in air .",6,1269,a study of supersonic combustion .,0.12650030552581454,False
93,"can methane-air combustion product be used as a hypersonic test
medium and predict, within experimental accuracies, the results
obtained in air .",7,1374,"theoretical analysis of turbulent mixing of reactive
gases with application to supersonic combustion of
hydrogen .",0.12541106538698693,False
93,"can methane-air combustion product be used as a hypersonic test
medium and predict, within experimental accuracies, the results
obtained in air .",8,355,"the injection of air into the dissociated hypersonic laminar boundary
layer .",0.12486479832413327,False
93,"can methane-air combustion product be used as a hypersonic test
medium and predict, within experimental accuracies, the results
obtained in air .",9,1254,combustion in the boundary layer on a porous surface .,0.1211589680524719,False
93,"can methane-air combustion product be used as a hypersonic test
medium and predict, within experimental accuracies, the results
obtained in air .",10,1353,investigation of a two-step nozzle in the langley 11in .,0.11834769024659754,False
94,"what is the theoretical heat transfer rate at the stagnation point of a
blunt body .",1,1393,"heat transfer near the forward stagnation point of
a body of revolution .",0.4226573653047455,True
94,"what is the theoretical heat transfer rate at the stagnation point of a
blunt body .",2,559,"heat transfer at the forward stagnation point of blunt
bodies .",0.42251328269599,True
94,"what is the theoretical heat transfer rate at the stagnation point of a
blunt body .",3,1161,"stagnation point heat transfer measurements in dissociated
air .",0.369790306751285,True
94,"what is the theoretical heat transfer rate at the stagnation point of a
blunt body .",4,283,"laminar heat transfer around blunt bodies in dissociated
air .",0.3657583201729854,True
94,"what is the theoretical heat transfer rate at the stagnation point of a
blunt body .",5,438,"stagnation point heat transfer measurements at super
satellite speeds .",0.34692041632615217,False
94,"what is the theoretical heat transfer rate at the stagnation point of a
blunt body .",6,983,"addendum to 'heat transfer to satellite vehicles re-entering the
atmosphere .",0.31992523011190227,False
94,"what is the theoretical heat transfer rate at the stagnation point of a
blunt body .",7,670,"on blunt-body heat transfer at hypersonic speed and low reynolds
number .",0.30825222569322597,False
94,"what is the theoretical heat transfer rate at the stagnation point of a
blunt body .",8,1394,"stagnation point heat transfer measurements in hypersonic
low density flow .",0.2997773447750927,False
94,"what is the theoretical heat transfer rate at the stagnation point of a
blunt body .",9,668,"measurements of stagnation point heat transfer at low
reynolds number .",0.2697868679525524,False
94,"what is the theoretical heat transfer rate at the stagnation point of a
blunt body .",10,35,stagnation point of a blunt body in hypersonic flow .,0.26802779055229203,False
95,what is the theoretical heat transfer distribution around a hemisphere .,1,635,"heat transfer and pressure distributions on a hemisphere-cylinder and a
bluff-afterbody model
in methane-air combustion products and in air .",0.29651737520378474,False
95,what is the theoretical heat transfer distribution around a hemisphere .,2,662,"theoretical and experimental investigation of
aerodynamic-heating and isothermal heat transfer parameters on
a hemisphere nose with laminar boundary layer at supersonic
mach numbers .",0.286240628194139,True
95,what is the theoretical heat transfer distribution around a hemisphere .,3,1191,"heat transfer to a hemisphere-cylinder at low reynolds
numbers .",0.2708133686226598,False
95,what is the theoretical heat transfer distribution around a hemisphere .,4,689,"investigation of the laminar aerodynamics heat transfer
characteristics of a hemisphere cylinder in the langley
11-inch hypersonic tunnel at a mach number of 6. 8.",0.24459326557637048,False
95,what is the theoretical heat transfer distribution around a hemisphere .,5,283,"laminar heat transfer around blunt bodies in dissociated
air .",0.22811935293269983,True
95,what is the theoretical heat transfer distribution around a hemisphere .,6,628,thermal effects on a transpiration cooled hemisphere .,0.22682980673775724,False
95,what is the theoretical heat transfer distribution around a hemisphere .,7,1258,"heat transfer, recovery factor and pressure distributions
around a circular cylinder normal to a supersonic rarefied
air stream .",0.22201052259054704,False
95,what is the theoretical heat transfer distribution around a hemisphere .,8,690,"investigaion of the flow over a spiked-nose hemisphere
cylinder at a mach number of 6. 8.",0.22112458264041077,False
95,what is the theoretical heat transfer distribution around a hemisphere .,9,370,"theoretical pressure distribution on a hemisphere-cylinder
combination .",0.21821316551669562,False
95,what is the theoretical heat transfer distribution around a hemisphere .,10,1395,"low density stagnation point heat transfer measurements
in the hypersonic shock tunnel .",0.2152487857873985,False
96,"has anyone investigated the unsteady lift distributions on finite
wings in subsonic flow .",1,637,"an integral equation relating the general time-dependent lift and
downwash distributions on finite wings in subsonic flow .",0.40416942841895304,False
96,"has anyone investigated the unsteady lift distributions on finite
wings in subsonic flow .",2,699,"approximate indical lift functions for several wings of finite span in
incompressible flow as obtained from oscillatory lift coefficients .",0.30391178160453186,True
96,"has anyone investigated the unsteady lift distributions on finite
wings in subsonic flow .",3,698,the unsteady lift of a wing of finite aspect ratio .,0.2865303694832507,True
96,"has anyone investigated the unsteady lift distributions on finite
wings in subsonic flow .",4,632,"calculated lift distributions in incompressible flow
on some sweptback wings .",0.27693370024484487,False
96,"has anyone investigated the unsteady lift distributions on finite
wings in subsonic flow .",5,465,slender delta wings with sharp edges at zero lift .,0.26195439433257045,False
96,"has anyone investigated the unsteady lift distributions on finite
wings in subsonic flow .",6,1339,"calculation of flutter characteristics for finite-span swept or unswept
wings at subsonic and supersonic speeds by a modified strip analysis .",0.25799207488899,True
96,"has anyone investigated the unsteady lift distributions on finite
wings in subsonic flow .",7,700,two and three-dimensional unsteady lift problems in high speed flight .,0.255177193459899,True
96,"has anyone investigated the unsteady lift distributions on finite
wings in subsonic flow .",8,1334,"calculated spanwise lift distributions and aerodynamic
influence coefficients for swept wings in subsonic
flow .",0.2502037222652763,False
96,"has anyone investigated the unsteady lift distributions on finite
wings in subsonic flow .",9,1332,"calculated spanwise lift distributions, influence functions
and influence coefficients for unswept wings in subsonic
flow .",0.24572997359385937,False
96,"has anyone investigated the unsteady lift distributions on finite
wings in subsonic flow .",10,250,"pressure distributions at zero lift for delta wings
with rhombic cross sections .",0.2302930179901641,False
97,"what information is available for dynamic response of airplanes to
gusts  or blasts in the subsonic regime .",1,779,"calculation and compilation of the unsteady lift functions for a rigid
wing subjected to sinusoidal gusts and to sinusoidal sinking
oscillations .",0.1725648406592823,True
97,"what information is available for dynamic response of airplanes to
gusts  or blasts in the subsonic regime .",2,807,"ground measurements of the shock wave noise from
supersonic bomber airplanes in the altitude range from 30,000
to 50,000 feet .",0.14168828127960117,False
97,"what information is available for dynamic response of airplanes to
gusts  or blasts in the subsonic regime .",3,1331,"calculated responses of a large sweptwing airplane
to continuous turbulence with flight-test comparisons .",0.12840182715248022,False
97,"what information is available for dynamic response of airplanes to
gusts  or blasts in the subsonic regime .",4,1289,"numerical technique to lifting surface theory for calculation
of unsteady aerodynamic forces due to continuous sinusoidal
gusts on several wing planforms at sobsonic speeds .",0.1281886268024055,True
97,"what information is available for dynamic response of airplanes to
gusts  or blasts in the subsonic regime .",5,728,free vibrations of continuous skin stringer panels .,0.11314321275507816,False
97,"what information is available for dynamic response of airplanes to
gusts  or blasts in the subsonic regime .",6,1260,"on the response of the laminar boundary layer to small
fluctuations of the free-stream velocity .",0.10928528110531002,False
97,"what information is available for dynamic response of airplanes to
gusts  or blasts in the subsonic regime .",7,1214,"the drag of elongated bodies over a wide reynolds number
range .",0.10435679639427003,False
97,"what information is available for dynamic response of airplanes to
gusts  or blasts in the subsonic regime .",8,953,"vibrations of infinitely long cylindrical shells under
initial stress .",0.1010685086504064,False
97,"what information is available for dynamic response of airplanes to
gusts  or blasts in the subsonic regime .",9,725,"the response of a typical aircraft structure to jet
noise .",0.09948234034734525,False
97,"what information is available for dynamic response of airplanes to
gusts  or blasts in the subsonic regime .",10,440,"compilation of information on the transonic attachment
of flows at the leading edge of airfoils .",0.09757451447004535,False
98,"will forward or apex located controls be effective at low subsonic
speeds and how do they compare with conventional trailing-edge
flaps .",1,638,"longitudinal aerodynamic characteristics at low subsonic
speeds of a highly swept wing utilizing nose deflection
for control .",0.22466198395447348,False
98,"will forward or apex located controls be effective at low subsonic
speeds and how do they compare with conventional trailing-edge
flaps .",2,673,"investigation of full scale split trailing edge wing
flaps with various chords and hinge locations .",0.19877509596535153,False
98,"will forward or apex located controls be effective at low subsonic
speeds and how do they compare with conventional trailing-edge
flaps .",3,1343,"formulas for the supersonic loading, lift and drag
of flat swept back wings with leading edges behind
the mach lines .",0.17707592258461097,False
98,"will forward or apex located controls be effective at low subsonic
speeds and how do they compare with conventional trailing-edge
flaps .",4,288,"the rolling up of the trailing vortex sheet and its
effect on the downwash behind wings .",0.13571067788075813,False
98,"will forward or apex located controls be effective at low subsonic
speeds and how do they compare with conventional trailing-edge
flaps .",5,1095,"investigation of effectiveness of large-chord slotted
flaps in deflecting propeller slipstreams downward
for vertical take-off and low-speed flight .",0.13218325981630585,False
98,"will forward or apex located controls be effective at low subsonic
speeds and how do they compare with conventional trailing-edge
flaps .",6,1211,"boundary layer transition at supersonic
speeds-three-dimensional roughness effects (spheres).",0.12314240611514403,False
98,"will forward or apex located controls be effective at low subsonic
speeds and how do they compare with conventional trailing-edge
flaps .",7,1091,"data from a static thrust investigation of a large
scale general research vtol-stol model in ground effect .",0.11985532252994517,False
98,"will forward or apex located controls be effective at low subsonic
speeds and how do they compare with conventional trailing-edge
flaps .",8,222,"the flow over delta wings at low speeds with leading
edge separation .",0.1151406644551941,False
98,"will forward or apex located controls be effective at low subsonic
speeds and how do they compare with conventional trailing-edge
flaps .",9,1064,"propeller slipstream effects as determined from wing
pressure distribution on a large-scale six-propeller
vtol model at static thrust .",0.11298728645410613,False
98,"will forward or apex located controls be effective at low subsonic
speeds and how do they compare with conventional trailing-edge
flaps .",10,1285,"experiments at hypersonic speeds on circular cones
at incidence .",0.11288279374525768,False
99,"given that an uncontrolled vehicle will tumble as it enters an
atmosphere, is it possible to predict when and how it will stop
tumbling and its subsequent motion .",1,639,"analytical study of the tumbling motions of vehicles
entering planetary atmospheres .",0.2628380903893438,False
99,"given that an uncontrolled vehicle will tumble as it enters an
atmosphere, is it possible to predict when and how it will stop
tumbling and its subsequent motion .",2,719,tumbling bodies entering the atmosphere .,0.21724896068157803,True
99,"given that an uncontrolled vehicle will tumble as it enters an
atmosphere, is it possible to predict when and how it will stop
tumbling and its subsequent motion .",3,715,"motion of a ballistic missile angularly misaligned
with the flight path upon entering the atmosphere and
its effect upon aerodynamic heating, aerodynamic loads
and miss distance .",0.167230131570505,False
99,"given that an uncontrolled vehicle will tumble as it enters an
atmosphere, is it possible to predict when and how it will stop
tumbling and its subsequent motion .",4,1345,"the use of aerodynamic lift during entry into the earth's
atmosphere .",0.12798208304612532,False
99,"given that an uncontrolled vehicle will tumble as it enters an
atmosphere, is it possible to predict when and how it will stop
tumbling and its subsequent motion .",5,958,air scooping vehicle .,0.12686266338795693,False
99,"given that an uncontrolled vehicle will tumble as it enters an
atmosphere, is it possible to predict when and how it will stop
tumbling and its subsequent motion .",6,944,"one dimensional heat conduction through the skin of
a vehicle upon entering a planetary atmosphere at constant
velocity and entry angle .",0.1244144325635257,False
99,"given that an uncontrolled vehicle will tumble as it enters an
atmosphere, is it possible to predict when and how it will stop
tumbling and its subsequent motion .",7,1379,hypersonic flight and the re-entry problem .,0.12398710987151751,True
99,"given that an uncontrolled vehicle will tumble as it enters an
atmosphere, is it possible to predict when and how it will stop
tumbling and its subsequent motion .",8,716,"study of the oscillatory motion of manned vehicles
entering the earth's atmosphere .",0.11698805146742214,False
99,"given that an uncontrolled vehicle will tumble as it enters an
atmosphere, is it possible to predict when and how it will stop
tumbling and its subsequent motion .",9,32,"the dynamic motion of a missile descending through
the atmosphere .",0.11561659915233512,False
99,"given that an uncontrolled vehicle will tumble as it enters an
atmosphere, is it possible to predict when and how it will stop
tumbling and its subsequent motion .",10,553,"ablation of glassy materials around blunt bodies of
revolution .",0.11389388780425018,False
