query_id;query_text;rank;document_id;document_title;score;relevant
1;"what similarity laws must be obeyed when constructing aeroelastic models
of heated high speed aircraft .";1;51;"theory of aircraft structural models subjected to aerodynamic
heating and external loads .";0.26345373018319856;True
1;"what similarity laws must be obeyed when constructing aeroelastic models
of heated high speed aircraft .";2;184;scale models for thermo-aeroelastic research .;0.22588065848774522;True
1;"what similarity laws must be obeyed when constructing aeroelastic models
of heated high speed aircraft .";3;12;"some structural and aerelastic considerations of high
speed flight .";0.2148275110631548;True
1;"what similarity laws must be obeyed when constructing aeroelastic models
of heated high speed aircraft .";4;486;similarity laws for aerothermoelastic testing .;0.21423099584577;False
1;"what similarity laws must be obeyed when constructing aeroelastic models
of heated high speed aircraft .";5;878;"experimental model techniques and equipment for flutter
investigations .";0.18877666625244108;False
1;"what similarity laws must be obeyed when constructing aeroelastic models
of heated high speed aircraft .";6;573;viscous hypersonic similitude .;0.18831476310820924;False
1;"what similarity laws must be obeyed when constructing aeroelastic models
of heated high speed aircraft .";7;746;"aeroelastic problems in connection with high speed
flight .";0.18329801195378542;False
1;"what similarity laws must be obeyed when constructing aeroelastic models
of heated high speed aircraft .";8;875;models for aeroelastic investigation .;0.1831836105144943;True
1;"what similarity laws must be obeyed when constructing aeroelastic models
of heated high speed aircraft .";9;879;flutter model testing at transonic speeds .;0.1779483404534828;True
1;"what similarity laws must be obeyed when constructing aeroelastic models
of heated high speed aircraft .";10;665;"on the theory of hypersonic gas flow with a power law
shock wave .";0.17711908257463604;False
10;"are real-gas transport properties for air available over a wide range of
enthalpies and densities .";1;302;"approximations for the thermodynamic and transport properties of high
temperature air .";0.30898849207873635;True
10;"are real-gas transport properties for air available over a wide range of
enthalpies and densities .";2;493;"real-gas laminar boundary layer skin friction and heat
transfer .";0.2878522397058575;False
10;"are real-gas transport properties for air available over a wide range of
enthalpies and densities .";3;1143;"a one-foot hypervelocity shock tunnel in which high-enthalpy
real gas flows can be generated with flow times of
about 180 milliseconds .";0.27606229780600255;False
10;"are real-gas transport properties for air available over a wide range of
enthalpies and densities .";4;949;"charts for equilibrium flow properties of air in
hyper-velocity nozzles .";0.23974464628987646;False
10;"are real-gas transport properties for air available over a wide range of
enthalpies and densities .";5;524;"stagnation point heat transfer in partially ionized
air .";0.21483445063154333;False
10;"are real-gas transport properties for air available over a wide range of
enthalpies and densities .";6;1199;"theoretical investigations of a supersonic laminar
boundary layer with foreign-gas injection .";0.1952676108891169;False
10;"are real-gas transport properties for air available over a wide range of
enthalpies and densities .";7;1286;"equilibrium real-gas performance charts for a shypersonic
shock-tube wind-tunnel employing nitrogen .";0.18810139699159126;False
10;"are real-gas transport properties for air available over a wide range of
enthalpies and densities .";8;1009;free-flight measurements of the static and dynamic .;0.18780458269952222;False
10;"are real-gas transport properties for air available over a wide range of
enthalpies and densities .";9;405;tables of thermal properties of gases .;0.18459089121416322;True
10;"are real-gas transport properties for air available over a wide range of
enthalpies and densities .";10;691;"calculation procedure for thermodynamic transport, and flow properties
of the combustion products of a hydrocarbon fuel mixture burned in air
with results for ethylene-air and methane-air mixtures .";0.17905305393866078;False
100;"what are the effects of initial imperfections on the elastic buckling of
cylindrical shells under axial compression .";1;760;"inelastic buckling of initially imperfect cylindrical
shells subject to axial compression .";0.47179005166822396;False
100;"what are the effects of initial imperfections on the elastic buckling of
cylindrical shells under axial compression .";2;1122;"on the role of initial imperfections in plastic buckling
of cylinders under axial compression .";0.41338488577141375;True
100;"what are the effects of initial imperfections on the elastic buckling of
cylindrical shells under axial compression .";3;822;"effects of imperfections on buckling of thin cylinders
and columns under axial compression .";0.40460893419806987;True
100;"what are the effects of initial imperfections on the elastic buckling of
cylindrical shells under axial compression .";4;1126;"an engineer's conceptual approach to the buckling of
cylindrical shell (axial loading) .";0.3907330131121939;False
100;"what are the effects of initial imperfections on the elastic buckling of
cylindrical shells under axial compression .";5;1171;"the stability under axial compression and lateral pressure
of circular cylindrical shells with a soft elastic
core .";0.389827486369093;False
100;"what are the effects of initial imperfections on the elastic buckling of
cylindrical shells under axial compression .";6;897;"some results on buckling and postbuckling of cylindrical
shells .";0.3844050599097143;False
100;"what are the effects of initial imperfections on the elastic buckling of
cylindrical shells under axial compression .";7;885;"buckling of thin cylindrical shells under hoop stresses
varying in axial direction .";0.37719655231888216;False
100;"what are the effects of initial imperfections on the elastic buckling of
cylindrical shells under axial compression .";8;1172;"elastic stability of circular cylindrical shells stabilized
by a soft elastic core .";0.3739001296066175;False
100;"what are the effects of initial imperfections on the elastic buckling of
cylindrical shells under axial compression .";9;741;"the behaviour of thin cylindrical shells after buckling
under axial compression .";0.36958865475683633;False
100;"what are the effects of initial imperfections on the elastic buckling of
cylindrical shells under axial compression .";10;740;"the behaviour of a cylindrical shell under axial compression
when the buckling load has been exceeded .";0.340800423344089;False
101;"why does the incremental theory and the deformation theory of plastic
stress-strain relationship differ greatly when applied to stability
problems .";1;817;loading paths and the incremental stress law .;0.4249449344364471;True
101;"why does the incremental theory and the deformation theory of plastic
stress-strain relationship differ greatly when applied to stability
problems .";2;819;"stresses in the plastic range around a normally loaded
circular hole in an infinite sheet .";0.3781325055628871;True
101;"why does the incremental theory and the deformation theory of plastic
stress-strain relationship differ greatly when applied to stability
problems .";3;818;"a quantitative comparison of flow and deformation theories
of plasticity .";0.3538816509810964;True
101;"why does the incremental theory and the deformation theory of plastic
stress-strain relationship differ greatly when applied to stability
problems .";4;823;"plastic torsional buckling strength of cylinders including
the effects of imperfections .";0.30698496177053586;False
101;"why does the incremental theory and the deformation theory of plastic
stress-strain relationship differ greatly when applied to stability
problems .";5;820;theories of plastic buckling .;0.29737614742445295;True
101;"why does the incremental theory and the deformation theory of plastic
stress-strain relationship differ greatly when applied to stability
problems .";6;1119;plastic stability theory of thin shells .;0.28592760363012737;False
101;"why does the incremental theory and the deformation theory of plastic
stress-strain relationship differ greatly when applied to stability
problems .";7;760;"inelastic buckling of initially imperfect cylindrical
shells subject to axial compression .";0.2833486963817339;False
101;"why does the incremental theory and the deformation theory of plastic
stress-strain relationship differ greatly when applied to stability
problems .";8;825;inelastic instability and incremental theories of plasticity .;0.25855852972674837;True
101;"why does the incremental theory and the deformation theory of plastic
stress-strain relationship differ greatly when applied to stability
problems .";9;837;"inelastic behaviour of structures subjected to cyclic
thermal and mechanical stressing conditions .";0.2170478565251117;False
101;"why does the incremental theory and the deformation theory of plastic
stress-strain relationship differ greatly when applied to stability
problems .";10;1121;"compressive and torsional buckling of thin-wall cylinders
in the yield region .";0.20792423034407737;False
102;basic dynamic characteristics of structures continuous over many spans .;1;910;"natural frequencies of continuous beams of uniform
span length .";0.25260243565561913;True
102;basic dynamic characteristics of structures continuous over many spans .;2;1339;"calculation of flutter characteristics for finite-span swept or unswept
wings at subsonic and supersonic speeds by a modified strip analysis .";0.16319947272079185;False
102;basic dynamic characteristics of structures continuous over many spans .;3;728;free vibrations of continuous skin stringer panels .;0.15819174049379908;True
102;basic dynamic characteristics of structures continuous over many spans .;4;516;"free-flight measurements of the dynamic longitudinal
stability characteristics of a wind tunnel interference
model (m=0 .92 to 1. 35) .";0.15018619541121606;False
102;basic dynamic characteristics of structures continuous over many spans .;5;1007;free-flight measurements of the static and dynamic .;0.14829712691473756;False
102;basic dynamic characteristics of structures continuous over many spans .;6;729;stresses in continuous skin stiffener panels under random loading .;0.14624881148333804;False
102;basic dynamic characteristics of structures continuous over many spans .;7;1001;"wind tunnel investigation of the static and dynamic stability
characteristics of a 10degree semivertex angle blunted cone .";0.14138052239878998;False
102;basic dynamic characteristics of structures continuous over many spans .;8;287;"some theoretical low-speed loading characteristics
of swept wings in roll and sideslip .";0.1368786798274487;False
102;basic dynamic characteristics of structures continuous over many spans .;9;1290;"measured and calculated subsonic and transonic flutter
characteristics of a 45 sweptback wing planform in
air and in freon-12 in the langley transonic dynamics
tunnel .";0.1294630547566564;False
102;basic dynamic characteristics of structures continuous over many spans .;10;1289;"numerical technique to lifting surface theory for calculation
of unsteady aerodynamic forces due to continuous sinusoidal
gusts on several wing planforms at sobsonic speeds .";0.1279129514909209;False
103;is the information on the buckling of sandwich sphere available .;1;761;buckling of sandwich under normal pressure .;0.45587234296474133;False
103;is the information on the buckling of sandwich sphere available .;2;1048;a small deflection theory for curved sandwich plates .;0.31340813853006894;False
103;is the information on the buckling of sandwich sphere available .;3;1050;"compressive buckling of simply supported curved plates
and cylinders of sandwich construction .";0.29243852492514755;False
103;is the information on the buckling of sandwich sphere available .;4;1214;"the drag of elongated bodies over a wide reynolds number
range .";0.24091001105289267;False
103;is the information on the buckling of sandwich sphere available .;5;1049;elastic constants for corrugated core sandwich plates .;0.2330529523496791;False
103;is the information on the buckling of sandwich sphere available .;6;1127;the buckling of sandwich type panels .;0.21560192399834377;False
103;is the information on the buckling of sandwich sphere available .;7;720;"a note on the use of sandwich structures in severe acoustic
environments .";0.18284786324303032;False
103;is the information on the buckling of sandwich sphere available .;8;956;"elastic stability of simply supported corrugated core
sand- wich cylinders .";0.18252655095108325;False
103;is the information on the buckling of sandwich sphere available .;9;483;"stagnation point shock detachment distance for flow
around spheres and cylinder .";0.1803618165415907;False
103;is the information on the buckling of sandwich sphere available .;10;411;"data on shape and location of detached shock waves
in cones and sphere .";0.17796682055646837;False
104;"can the load deformation characteristics of a beam be obtained with the
material being inelastic and a non uniform temperature being present .";1;762;"allowable axial loads and bending moments for inelastic structures
under nonuniform temperature distribution .";0.30498039582963743;False
104;"can the load deformation characteristics of a beam be obtained with the
material being inelastic and a non uniform temperature being present .";2;910;"natural frequencies of continuous beams of uniform
span length .";0.22895426523880893;False
104;"can the load deformation characteristics of a beam be obtained with the
material being inelastic and a non uniform temperature being present .";3;644;"a study of the cantilever square plate subjected to
a uniform loading .";0.21725335346987862;False
104;"can the load deformation characteristics of a beam be obtained with the
material being inelastic and a non uniform temperature being present .";4;462;photo-thermoelasticity .;0.20639433221838926;False
104;"can the load deformation characteristics of a beam be obtained with the
material being inelastic and a non uniform temperature being present .";5;1177;effects of rapid heating on strength of airframe components .;0.20301208218276892;False
104;"can the load deformation characteristics of a beam be obtained with the
material being inelastic and a non uniform temperature being present .";6;1024;note on creep buckling of columns .;0.19539868108522568;False
104;"can the load deformation characteristics of a beam be obtained with the
material being inelastic and a non uniform temperature being present .";7;837;"inelastic behaviour of structures subjected to cyclic
thermal and mechanical stressing conditions .";0.19267569805547477;True
104;"can the load deformation characteristics of a beam be obtained with the
material being inelastic and a non uniform temperature being present .";8;824;on the concept of stability of inelastic systems .;0.18895147627996922;False
104;"can the load deformation characteristics of a beam be obtained with the
material being inelastic and a non uniform temperature being present .";9;821;inelastic column theory .;0.18752403978793558;False
104;"can the load deformation characteristics of a beam be obtained with the
material being inelastic and a non uniform temperature being present .";10;760;"inelastic buckling of initially imperfect cylindrical
shells subject to axial compression .";0.18568597261495076;False
105;"what is the effect of an internal liquid column on the breathing
vibrations of a cylindrical shell .";1;848;"the effect of an internal compressible fluid column
on the breathing vibrations of a thin pressurised cylindrical
shell .";0.6073707685213842;True
105;"what is the effect of an internal liquid column on the breathing
vibrations of a cylindrical shell .";2;764;"breathing vibrations of a circular shell with an internal
liquid .";0.4796339766317074;False
105;"what is the effect of an internal liquid column on the breathing
vibrations of a cylindrical shell .";3;847;"experimental study of the vibrations of a circular
cylindrical shell .";0.2925098514753359;True
105;"what is the effect of an internal liquid column on the breathing
vibrations of a cylindrical shell .";4;763;"effects of internal pressure on the buckling of circular-cylindrical
shells under bending.";0.251654528406718;False
105;"what is the effect of an internal liquid column on the breathing
vibrations of a cylindrical shell .";5;953;"vibrations of infinitely long cylindrical shells under
initial stress .";0.24978372539185562;False
105;"what is the effect of an internal liquid column on the breathing
vibrations of a cylindrical shell .";6;846;"on the vibration of thin cylindrical shells under internal
pressure .";0.24407417975754558;True
105;"what is the effect of an internal liquid column on the breathing
vibrations of a cylindrical shell .";7;1067;"plastic stability theory of geometrically orthotropic
plates and cylindrical shells .";0.19642577547104423;False
105;"what is the effect of an internal liquid column on the breathing
vibrations of a cylindrical shell .";8;1037;on transverse vibrations of thin, shallow elastic shells .;0.1849851130079406;False
105;"what is the effect of an internal liquid column on the breathing
vibrations of a cylindrical shell .";9;743;"new developments in the nonlinear theories of the buckling of thin
cylindrical shells .";0.1781269177397217;False
105;"what is the effect of an internal liquid column on the breathing
vibrations of a cylindrical shell .";10;1126;"an engineer's conceptual approach to the buckling of
cylindrical shell (axial loading) .";0.17656170773207946;False
106;experimental techniques in shell vibration .;1;847;"experimental study of the vibrations of a circular
cylindrical shell .";0.34431559824408176;True
106;experimental techniques in shell vibration .;2;953;"vibrations of infinitely long cylindrical shells under
initial stress .";0.29622818003441675;False
106;experimental techniques in shell vibration .;3;848;"the effect of an internal compressible fluid column
on the breathing vibrations of a thin pressurised cylindrical
shell .";0.28061607030823277;False
106;experimental techniques in shell vibration .;4;1036;on transverse vibrations of thin, shallow elastic shells .;0.25685511162531505;False
106;experimental techniques in shell vibration .;5;1042;on transverse vibrations of thin, shallow elastic shells .;0.23656316855936083;False
106;experimental techniques in shell vibration .;6;1037;on transverse vibrations of thin, shallow elastic shells .;0.23592463823968476;False
106;experimental techniques in shell vibration .;7;1038;on transverse vibrations of thin, shallow elastic shells .;0.23429274571453823;False
106;experimental techniques in shell vibration .;8;764;"breathing vibrations of a circular shell with an internal
liquid .";0.23229489212044402;False
106;experimental techniques in shell vibration .;9;844;"flexural vibrations of the walls of thin cylindrical
shells having freely supported ends .";0.22337913101807447;True
106;experimental techniques in shell vibration .;10;1043;on transverse vibrations of thin, shallow elastic shells .;0.22102269951516149;False
107;"in summarizing theoretical and experimental work on the behaviour of a
typical aircraft structure in a noise environment is it possible to
develop a design procedure .";1;640;the design of structures to resist jet noise fatigue .;0.2874601884173222;False
107;"in summarizing theoretical and experimental work on the behaviour of a
typical aircraft structure in a noise environment is it possible to
develop a design procedure .";2;725;"the response of a typical aircraft structure to jet
noise .";0.28374826865229213;True
107;"in summarizing theoretical and experimental work on the behaviour of a
typical aircraft structure in a noise environment is it possible to
develop a design procedure .";3;909;the effect of jet noise on aircraft structures .;0.27040529934202795;True
107;"in summarizing theoretical and experimental work on the behaviour of a
typical aircraft structure in a noise environment is it possible to
develop a design procedure .";4;883;correlated fatigue data for aircraft structural joints .;0.23015018272945736;False
107;"in summarizing theoretical and experimental work on the behaviour of a
typical aircraft structure in a noise environment is it possible to
develop a design procedure .";5;720;"a note on the use of sandwich structures in severe acoustic
environments .";0.1814276085884249;True
107;"in summarizing theoretical and experimental work on the behaviour of a
typical aircraft structure in a noise environment is it possible to
develop a design procedure .";6;911;"experimental study of the random vibrations of an aircraft
structure excited by jet noise .";0.17903385448290096;True
107;"in summarizing theoretical and experimental work on the behaviour of a
typical aircraft structure in a noise environment is it possible to
develop a design procedure .";7;12;"some structural and aerelastic considerations of high
speed flight .";0.17565100498984643;False
107;"in summarizing theoretical and experimental work on the behaviour of a
typical aircraft structure in a noise environment is it possible to
develop a design procedure .";8;29;"a simple model study of transient temperature and thermal
stress distribution due to aerodynamic heating .";0.17475495460768767;False
107;"in summarizing theoretical and experimental work on the behaviour of a
typical aircraft structure in a noise environment is it possible to
develop a design procedure .";9;220;"a general purpose analogue correlator for the analysis of
random noise signals .";0.16514781071833765;False
107;"in summarizing theoretical and experimental work on the behaviour of a
typical aircraft structure in a noise environment is it possible to
develop a design procedure .";10;870;effect of rheological behaviour on thermal stresses .;0.16514643079885521;False
108;what data is there on the fatigue of structures under acoustic loading .;1;75;studies of structural failure due to acoustic loading .;0.5016439407823988;True
108;what data is there on the fatigue of structures under acoustic loading .;2;724;structural acoustic proof testing .;0.4110854334567183;True
108;what data is there on the fatigue of structures under acoustic loading .;3;726;on structural fatigue under random loading .;0.3618340167568789;True
108;what data is there on the fatigue of structures under acoustic loading .;4;884;the estimation of fatigue damage on structural elements .;0.356950499623781;False
108;what data is there on the fatigue of structures under acoustic loading .;5;720;"a note on the use of sandwich structures in severe acoustic
environments .";0.3310596515364651;True
108;what data is there on the fatigue of structures under acoustic loading .;6;883;correlated fatigue data for aircraft structural joints .;0.31133647824116734;False
108;what data is there on the fatigue of structures under acoustic loading .;7;727;"a study of the acoustic fatigue characteristics of
some flat and curved aluminium panels exposed to random
and discrete noise .";0.2886801772605755;True
108;what data is there on the fatigue of structures under acoustic loading .;8;768;"formulae for use with the fatigue load meter in the
assessment of wing fatigue life .";0.28207673354759794;False
108;what data is there on the fatigue of structures under acoustic loading .;9;909;the effect of jet noise on aircraft structures .;0.2625053516707328;True
108;what data is there on the fatigue of structures under acoustic loading .;10;640;the design of structures to resist jet noise fatigue .;0.22674159454711665;False
109;panels subjected to aerodynamic heating .;1;31;thermal buckling of supersonic wing panels .;0.3503901390716686;False
109;panels subjected to aerodynamic heating .;2;391;"flutter of rectangular simply supported panels at high
supersonic speeds .";0.34265871779995294;False
109;panels subjected to aerodynamic heating .;3;1008;free-flight measurements of the static and dynamic .;0.3259350976604495;False
109;panels subjected to aerodynamic heating .;4;627;flutter analysis of circular panels .;0.2912419518736043;False
109;panels subjected to aerodynamic heating .;5;864;status of flutter of flat and curved panels .;0.2679970225775799;False
109;panels subjected to aerodynamic heating .;6;859;"flutter of aerodynamically heated aluminium-alloy and
stainless steel panels with length-width ratio of 10
at mach 3. 0.";0.26487103228674486;False
109;panels subjected to aerodynamic heating .;7;658;"review of panel flutter and effects of aerodynamic noise
part i..  panel flutter .";0.2604266368045507;False
109;panels subjected to aerodynamic heating .;8;390;some panel-flutter studies using piston theory .;0.2534717840749746;False
109;panels subjected to aerodynamic heating .;9;51;"theory of aircraft structural models subjected to aerodynamic
heating and external loads .";0.2436304327982527;False
109;panels subjected to aerodynamic heating .;10;5;"one-dimensional transient heat conduction into a double-layer
slab subjected to a linear heat input for a small time
internal .";0.2403733030424767;False
11;"is it possible to find an analytical,  similar solution of the strong
blast wave problem in the newtonian approximation .";1;495;"on similar solutions for strong blast waves and their
application to steady hypersonic flow .";0.48914127498118376;False
11;"is it possible to find an analytical,  similar solution of the strong
blast wave problem in the newtonian approximation .";2;654;"on the propagation and structure of the blast wave .
 part 1.";0.24377545183437932;True
11;"is it possible to find an analytical,  similar solution of the strong
blast wave problem in the newtonian approximation .";3;556;"numerical comparison between exact and approximate
theories of hypersonic inviscid flow past slender blunt
nosed bodies .";0.2262048162095398;False
11;"is it possible to find an analytical,  similar solution of the strong
blast wave problem in the newtonian approximation .";4;1327;on the propagation and structure of the blast wave .;0.21279336671089435;False
11;"is it possible to find an analytical,  similar solution of the strong
blast wave problem in the newtonian approximation .";5;472;waves in supersonic flow .;0.20284391559869985;False
11;"is it possible to find an analytical,  similar solution of the strong
blast wave problem in the newtonian approximation .";6;1186;"lift of slender delta wings according to newtonian
theory .";0.1952475690438135;False
11;"is it possible to find an analytical,  similar solution of the strong
blast wave problem in the newtonian approximation .";7;305;"hypersonic strong viscous interaction on a flat plate
with surface mass transfer .";0.19167983258816682;False
11;"is it possible to find an analytical,  similar solution of the strong
blast wave problem in the newtonian approximation .";8;570;"on the boundary layer equations in hypersonic flow
and their approximate solutions .";0.17998283172261087;False
11;"is it possible to find an analytical,  similar solution of the strong
blast wave problem in the newtonian approximation .";9;28;"a note on the explosion solution of sedov with application
to the newtonian theory of unsteady hypersonic flow .";0.1698295006159073;True
11;"is it possible to find an analytical,  similar solution of the strong
blast wave problem in the newtonian approximation .";10;72;"boundary layer behind shock or thin expansion wave
moving into stationary fluid .";0.16574103022602077;False
110;"can increasing the edge loading of a plate beyond the critical value for
buckling change the buckling mode .";1;862;"the phenomenon of change in buckle pattern in elastic
structures .";0.32413485553473487;True
110;"can increasing the edge loading of a plate beyond the critical value for
buckling change the buckling mode .";2;642;"the buckling strength of a uniform circular cylinder
loaded in axial compression .";0.250828293995298;False
110;"can increasing the edge loading of a plate beyond the critical value for
buckling change the buckling mode .";3;15;on two-dimensional panel flutter .;0.2434837737026101;False
110;"can increasing the edge loading of a plate beyond the critical value for
buckling change the buckling mode .";4;915;a buckled plate in a supersonic stream .;0.23861704167421988;False
110;"can increasing the edge loading of a plate beyond the critical value for
buckling change the buckling mode .";5;1023;note on creep buckling of columns .;0.22344640418569459;False
110;"can increasing the edge loading of a plate beyond the critical value for
buckling change the buckling mode .";6;412;"critical combinations of shear and transverse direct
stress for an infinitely long flat plate with
edges elastically restrained against rotation .";0.22314501291380368;False
110;"can increasing the edge loading of a plate beyond the critical value for
buckling change the buckling mode .";7;1177;effects of rapid heating on strength of airframe components .;0.22214245353646916;False
110;"can increasing the edge loading of a plate beyond the critical value for
buckling change the buckling mode .";8;1060;buckled states of circular plates .;0.2162801208559552;False
110;"can increasing the edge loading of a plate beyond the critical value for
buckling change the buckling mode .";9;1173;the buckling of cylindrical shells under longitudinally varying loads .;0.21492953525585778;False
110;"can increasing the edge loading of a plate beyond the critical value for
buckling change the buckling mode .";10;1015;principles of creep buckling weight-strength analysis .;0.21389486553177062;False
111;"have the effects of an elastic edge restraint been considered in
previous papers on panel flutter .";1;894;"flutter of a two dimensional simply supported buckled
panel with elastic restraint against edge displacement .";0.39557852234062313;False
111;"have the effects of an elastic edge restraint been considered in
previous papers on panel flutter .";2;1008;free-flight measurements of the static and dynamic .;0.29961419900582503;False
111;"have the effects of an elastic edge restraint been considered in
previous papers on panel flutter .";3;857;"experimental studies of flutter of buckled rectangular
panels at mach numbers from 1. 2 to 3. 0 including
effects of pressure differential and of panel
width-length ratio .";0.2839746691719484;False
111;"have the effects of an elastic edge restraint been considered in
previous papers on panel flutter .";4;627;flutter analysis of circular panels .;0.2813714191216621;True
111;"have the effects of an elastic edge restraint been considered in
previous papers on panel flutter .";5;390;some panel-flutter studies using piston theory .;0.2780118466858198;False
111;"have the effects of an elastic edge restraint been considered in
previous papers on panel flutter .";6;864;status of flutter of flat and curved panels .;0.27683187287038374;True
111;"have the effects of an elastic edge restraint been considered in
previous papers on panel flutter .";7;1131;"the effect of axial constraint on the instability of
thin conical shells under external pressure .";0.2746390525925931;False
111;"have the effects of an elastic edge restraint been considered in
previous papers on panel flutter .";8;856;"some experimental studies of panel flutter at mach
1 .3.";0.2731806290759397;False
111;"have the effects of an elastic edge restraint been considered in
previous papers on panel flutter .";9;285;on the flutter of panels at high mach numbers .;0.2566796654540542;False
111;"have the effects of an elastic edge restraint been considered in
previous papers on panel flutter .";10;391;"flutter of rectangular simply supported panels at high
supersonic speeds .";0.24973659282430954;True
112;"has the solution of the clamped plate problem,  in the classical theory
of bending,  been reduced to two successive membrane boundary value
problems .";1;641;"reduction of the clamped plate to two membrane problems
with an application to uniformly loaded sectors .";0.5284211871097904;False
112;"has the solution of the clamped plate problem,  in the classical theory
of bending,  been reduced to two successive membrane boundary value
problems .";2;730;on the bending of a clamped plate .;0.3558269057898732;True
112;"has the solution of the clamped plate problem,  in the classical theory
of bending,  been reduced to two successive membrane boundary value
problems .";3;1045;the bending strength of pressurized cylinders .;0.31382276436329;False
112;"has the solution of the clamped plate problem,  in the classical theory
of bending,  been reduced to two successive membrane boundary value
problems .";4;735;"the bending of uniformly loaded sectorial plates with
clamped edges .";0.3006906766740231;False
112;"has the solution of the clamped plate problem,  in the classical theory
of bending,  been reduced to two successive membrane boundary value
problems .";5;736;the bending of a wedge shaped plate .;0.2825670779933876;False
112;"has the solution of the clamped plate problem,  in the classical theory
of bending,  been reduced to two successive membrane boundary value
problems .";6;734;"the bending of uniformly loaded clamped plate in the
form of a circular sector .";0.27307663073454214;False
112;"has the solution of the clamped plate problem,  in the classical theory
of bending,  been reduced to two successive membrane boundary value
problems .";7;422;"bending of a square plate with two adjacent edges free
and the others clamped or simply supported .";0.2704835402376773;False
112;"has the solution of the clamped plate problem,  in the classical theory
of bending,  been reduced to two successive membrane boundary value
problems .";8;955;"the membrane approach to bending instability of pressureized
cylindrical shells .";0.2701641348168153;False
112;"has the solution of the clamped plate problem,  in the classical theory
of bending,  been reduced to two successive membrane boundary value
problems .";9;854;"boundary-value problems of the thin-walled circular
cylinder .";0.26558878658019724;False
112;"has the solution of the clamped plate problem,  in the classical theory
of bending,  been reduced to two successive membrane boundary value
problems .";10;840;analysis of partly wrinkled membrane .;0.2533556698950533;False
113;"what data exists on oscillatory aerodynamic forces on control surfaces
at transonic mach numbers .";1;748;"subsonic aerodynamic flutter derivatives for wings and control surfaces,
 /compressible and incompressible flow/ .";0.27307262188829856;True
113;"what data exists on oscillatory aerodynamic forces on control surfaces
at transonic mach numbers .";2;1272;"oscillatory aerodynamic coefficients for a unified
supersonic hypersonic strip theory .";0.23616907380048224;False
113;"what data exists on oscillatory aerodynamic forces on control surfaces
at transonic mach numbers .";3;594;"wind tunnel techniques for the measurements of oscillatory
derivatives .";0.2034201019847878;False
113;"what data exists on oscillatory aerodynamic forces on control surfaces
at transonic mach numbers .";4;467;"thin airfoil theory based on approximate solution of the transonic flow
equation .";0.19962576174868682;False
113;"what data exists on oscillatory aerodynamic forces on control surfaces
at transonic mach numbers .";5;704;"a systematic kernel function procedure for determining aerodynamic
forces on oscillating or steady finite wings at subsonic speeds .";0.1969650231558122;False
113;"what data exists on oscillatory aerodynamic forces on control surfaces
at transonic mach numbers .";6;716;"study of the oscillatory motion of manned vehicles
entering the earth's atmosphere .";0.19616232577232923;False
113;"what data exists on oscillatory aerodynamic forces on control surfaces
at transonic mach numbers .";7;708;"aerodynamic characteristics of two winged reentry vehicles at supersonic
 and hypersonic speeds .";0.19439511402075302;False
113;"what data exists on oscillatory aerodynamic forces on control surfaces
at transonic mach numbers .";8;265;"some instabilities arising from the interaction between
shock waves and boundary layer .";0.19325739218526683;True
113;"what data exists on oscillatory aerodynamic forces on control surfaces
at transonic mach numbers .";9;815;"investigation of several blunt bodies to determine
trans- onic aerodynamic characteristics including effects
of spinning and of extendible afterbody flaps and some
measurements of unsteady base pressures .";0.1895858802929042;False
113;"what data exists on oscillatory aerodynamic forces on control surfaces
at transonic mach numbers .";10;197;"pressure distributions on three bodies of revolution
to determine the effect of reynolds number up to and
including the transonic speed range .";0.18793342633771573;False
114;"it is not likely that the airforces on a wing of general planform
oscillating in transonic flow can be determined by purely analytical
methods . is it possible to determine the airforces on a single
particular planform, such as the rectangular one by such method .";1;895;"the airforces on the low aspect ratio rectangular wing
oscillating in sonic flow .";0.40908231104233717;False
114;"it is not likely that the airforces on a wing of general planform
oscillating in transonic flow can be determined by purely analytical
methods . is it possible to determine the airforces on a single
particular planform, such as the rectangular one by such method .";2;712;"low-speed longitudinal aerodynamic characteristics associated with a
series of low-aspect ratio wings having variations in leading-edge
contour .";0.18848985298023047;False
114;"it is not likely that the airforces on a wing of general planform
oscillating in transonic flow can be determined by purely analytical
methods . is it possible to determine the airforces on a single
particular planform, such as the rectangular one by such method .";3;919;"theoretical studies of unsteady transonic flow . part iii . the
oscillating low aspect ratio rectangular wing .";0.18024242247765754;True
114;"it is not likely that the airforces on a wing of general planform
oscillating in transonic flow can be determined by purely analytical
methods . is it possible to determine the airforces on a single
particular planform, such as the rectangular one by such method .";4;918;"on the low aspect ratio oscillating rectangular wing
in supersonic flow .";0.17983333908354415;False
114;"it is not likely that the airforces on a wing of general planform
oscillating in transonic flow can be determined by purely analytical
methods . is it possible to determine the airforces on a single
particular planform, such as the rectangular one by such method .";5;1290;"measured and calculated subsonic and transonic flutter
characteristics of a 45 sweptback wing planform in
air and in freon-12 in the langley transonic dynamics
tunnel .";0.1671444781135608;False
114;"it is not likely that the airforces on a wing of general planform
oscillating in transonic flow can be determined by purely analytical
methods . is it possible to determine the airforces on a single
particular planform, such as the rectangular one by such method .";6;1266;minimum wing wave drag with volume constraint .;0.16338340590941286;False
114;"it is not likely that the airforces on a wing of general planform
oscillating in transonic flow can be determined by purely analytical
methods . is it possible to determine the airforces on a single
particular planform, such as the rectangular one by such method .";7;780;"the transonic characteristics of 38 cambered rectangular
wings of varying aspect ratio and thickness as determined
by transonic-bump technique .";0.1615594164058915;False
114;"it is not likely that the airforces on a wing of general planform
oscillating in transonic flow can be determined by purely analytical
methods . is it possible to determine the airforces on a single
particular planform, such as the rectangular one by such method .";8;632;"calculated lift distributions in incompressible flow
on some sweptback wings .";0.1595551956291972;False
114;"it is not likely that the airforces on a wing of general planform
oscillating in transonic flow can be determined by purely analytical
methods . is it possible to determine the airforces on a single
particular planform, such as the rectangular one by such method .";9;685;"aerodynamic effects of some configuration variables
on the aeroelastic characteristics of lifting surfaces
at mach numbers from 0. 7 to 6. 86 .";0.14467716571966127;False
114;"it is not likely that the airforces on a wing of general planform
oscillating in transonic flow can be determined by purely analytical
methods . is it possible to determine the airforces on a single
particular planform, such as the rectangular one by such method .";10;609;"on three dimensional bodies of delta planform which
can support plane attached shock waves .";0.14201321952866197;False
115;"is the problem of similarity for representative investigations of
aeroelastic effects in heated flow as intractable as previous investigations
imply .";1;875;models for aeroelastic investigation .;0.18401759098687645;False
115;"is the problem of similarity for representative investigations of
aeroelastic effects in heated flow as intractable as previous investigations
imply .";2;184;scale models for thermo-aeroelastic research .;0.17666284743792196;False
115;"is the problem of similarity for representative investigations of
aeroelastic effects in heated flow as intractable as previous investigations
imply .";3;746;"aeroelastic problems in connection with high speed
flight .";0.1703515314896469;False
115;"is the problem of similarity for representative investigations of
aeroelastic effects in heated flow as intractable as previous investigations
imply .";4;540;"use of local similarity concepts in hypersonic viscous
interaction problems .";0.1487399383106629;False
115;"is the problem of similarity for representative investigations of
aeroelastic effects in heated flow as intractable as previous investigations
imply .";5;422;"bending of a square plate with two adjacent edges free
and the others clamped or simply supported .";0.12882075159306114;False
115;"is the problem of similarity for representative investigations of
aeroelastic effects in heated flow as intractable as previous investigations
imply .";6;486;similarity laws for aerothermoelastic testing .;0.12604403316506466;False
115;"is the problem of similarity for representative investigations of
aeroelastic effects in heated flow as intractable as previous investigations
imply .";7;102;advantages and limitations of models .;0.10847959064356509;False
115;"is the problem of similarity for representative investigations of
aeroelastic effects in heated flow as intractable as previous investigations
imply .";8;81;"compressible laminar flow and heat transfer about a
rotating isothermal disk .";0.10592650091800943;False
115;"is the problem of similarity for representative investigations of
aeroelastic effects in heated flow as intractable as previous investigations
imply .";9;12;"some structural and aerelastic considerations of high
speed flight .";0.10362872873052693;False
115;"is the problem of similarity for representative investigations of
aeroelastic effects in heated flow as intractable as previous investigations
imply .";10;371;"note on tip-bluntness effects in the supersonic and
hypersonic regimes .";0.10141839586045828;False
116;"what is the magnitude and distribution of lift over the cone and the
cylindrical portion of a cone-cylinder configuration .";1;1038;on transverse vibrations of thin, shallow elastic shells .;0.25652238947432515;False
116;"what is the magnitude and distribution of lift over the cone and the
cylindrical portion of a cone-cylinder configuration .";2;1106;"free-flight observation of a separated turbulent flow
including heat transfer up to mach 8. 5.";0.25187009236130903;False
116;"what is the magnitude and distribution of lift over the cone and the
cylindrical portion of a cone-cylinder configuration .";3;605;"pressure measurements on a cone-cylinder-flare configuration at small
incidences for m 6.8 .";0.24870022583128584;True
116;"what is the magnitude and distribution of lift over the cone and the
cylindrical portion of a cone-cylinder configuration .";4;522;"laminar, transitional and turbulent heat transfer to
a cone-cylinder-flare body at mach 8. 0.";0.2427852299538405;False
116;"what is the magnitude and distribution of lift over the cone and the
cylindrical portion of a cone-cylinder configuration .";5;48;"supersonic flow at the surface of a circular cone at
angle of attack .";0.23081429286343885;False
116;"what is the magnitude and distribution of lift over the cone and the
cylindrical portion of a cone-cylinder configuration .";6;384;"application of second-order shock-expansion theory
to several types of bodies of revolution .";0.21605303446415688;False
116;"what is the magnitude and distribution of lift over the cone and the
cylindrical portion of a cone-cylinder configuration .";7;272;"oscillatory aerodynamic coefficients for a unified supersonic
hypersonic strip theory .";0.20845622960491356;False
116;"what is the magnitude and distribution of lift over the cone and the
cylindrical portion of a cone-cylinder configuration .";8;1378;blunt-cone pressure distributions at hypersonic mach numbers .;0.20653521023332824;False
116;"what is the magnitude and distribution of lift over the cone and the
cylindrical portion of a cone-cylinder configuration .";9;932;buckling of circular cones under axial compression .;0.19617839267280604;False
116;"what is the magnitude and distribution of lift over the cone and the
cylindrical portion of a cone-cylinder configuration .";10;759;"stability investigation of a blunted cone and a blunted
ogive with a flared cylinder afterbody at mach numbers
from 0. 30 to 2. 85 .";0.19222550750757766;False
117;"is there any information on how the addition of a /boat-tail/ affects
the normal force on the body of various angles of incidence .";1;282;"jet effects on base pressure of conical afterbodies
at mach 1. 91 and 3. 12 .";0.2669576459939977;False
117;"is there any information on how the addition of a /boat-tail/ affects
the normal force on the body of various angles of incidence .";2;229;"interference between the wings and tail surfaces of
a combination of slender body, cruciform wings and
cruciform tail set at both incidence and yaw .";0.23270295089412113;False
117;"is there any information on how the addition of a /boat-tail/ affects
the normal force on the body of various angles of incidence .";3;230;"interference between the wings and tail plane of a
slender wing-body tailplane combination .";0.21500169149910264;False
117;"is there any information on how the addition of a /boat-tail/ affects
the normal force on the body of various angles of incidence .";4;242;"an approximate theory of base pressure in two dimensional
flow at supersonic speeds .";0.21172515881967177;False
117;"is there any information on how the addition of a /boat-tail/ affects
the normal force on the body of various angles of incidence .";5;60;"estimation forces and moments due to rolling for several
slender tail configurations at supersonic speeds .";0.21035118724766125;False
117;"is there any information on how the addition of a /boat-tail/ affects
the normal force on the body of various angles of incidence .";6;924;"a method for calculating the lift and centre of pressure
of wing-body-tail combinations at subsonic, transonic
speeds .";0.18657165263307457;False
117;"is there any information on how the addition of a /boat-tail/ affects
the normal force on the body of various angles of incidence .";7;1285;"experiments at hypersonic speeds on circular cones
at incidence .";0.18346008467604719;False
117;"is there any information on how the addition of a /boat-tail/ affects
the normal force on the body of various angles of incidence .";8;925;factors affecting loads at hypersonic speeds .;0.18214578726840758;False
117;"is there any information on how the addition of a /boat-tail/ affects
the normal force on the body of various angles of incidence .";9;1304;newtonian flow over a surface .;0.17761777934156991;False
117;"is there any information on how the addition of a /boat-tail/ affects
the normal force on the body of various angles of incidence .";10;782;"calculated subsonic span loads and resulting stability derivatives of
unswept and 45degree sweptback tail surfaces in sideslip and steady roll .";0.1659179469900971;False
118;"what are the aerodynamic interference effects on the fin lift and body
lift of a fin-body combination .";1;246;"the design of minimum drag tip fins . with an appendix
- on the conformal transformation of a wing with a
fin .";0.3719806111718005;False
118;"what are the aerodynamic interference effects on the fin lift and body
lift of a fin-body combination .";2;520;"wing-tail interference as a cause of 'magnus' effects
on a finned missile .";0.3046857563775653;False
118;"what are the aerodynamic interference effects on the fin lift and body
lift of a fin-body combination .";3;923;"methods for estimating lift interference of wing-body
combinations at supersonic speeds .";0.29187140302624914;True
118;"what are the aerodynamic interference effects on the fin lift and body
lift of a fin-body combination .";4;1062;"an experimental and theoretical investigation of second-order
wing-body interference at high mach number .";0.2739640311576363;False
118;"what are the aerodynamic interference effects on the fin lift and body
lift of a fin-body combination .";5;545;"calculation of sideslip derivatives and pressure distribution
in asymmetric flight conditions on a slender wing-fin
configuration .";0.2714556748048194;False
118;"what are the aerodynamic interference effects on the fin lift and body
lift of a fin-body combination .";6;803;"the shock pattern of a wing-body combination far from
the flight path .";0.254214114556099;False
118;"what are the aerodynamic interference effects on the fin lift and body
lift of a fin-body combination .";7;1075;"an experimental and theoretical investigation of second-order supersonic
 wing-body interference, for a non-lifting body with wings at incidence .";0.24985274462566429;False
118;"what are the aerodynamic interference effects on the fin lift and body
lift of a fin-body combination .";8;1074;"theoretical and experimental investigation of second-order supersonic
wing-body interference .";0.24441922259172322;False
118;"what are the aerodynamic interference effects on the fin lift and body
lift of a fin-body combination .";9;229;"interference between the wings and tail surfaces of
a combination of slender body, cruciform wings and
cruciform tail set at both incidence and yaw .";0.24188833294504825;False
118;"what are the aerodynamic interference effects on the fin lift and body
lift of a fin-body combination .";10;924;"a method for calculating the lift and centre of pressure
of wing-body-tail combinations at subsonic, transonic
speeds .";0.22562544169497928;True
119;"what is the effect of initial axisymmetric deviations from circularity
on the non linear (large-deflection) load-deflection response of
cylinders under hydrostatic pressure .";1;926;"post buckling behaviour of circular cylinderical shells
under hydrostatic pressure .";0.3003764680802433;True
119;"what is the effect of initial axisymmetric deviations from circularity
on the non linear (large-deflection) load-deflection response of
cylinders under hydrostatic pressure .";2;1055;non-linear bending and buckling of circular plates .;0.23281700044010673;False
119;"what is the effect of initial axisymmetric deviations from circularity
on the non linear (large-deflection) load-deflection response of
cylinders under hydrostatic pressure .";3;897;"some results on buckling and postbuckling of cylindrical
shells .";0.21183728374573318;False
119;"what is the effect of initial axisymmetric deviations from circularity
on the non linear (large-deflection) load-deflection response of
cylinders under hydrostatic pressure .";4;765;"clamped short oval cylindrical shells under hydrostatic
pressure .";0.20688205147463326;False
119;"what is the effect of initial axisymmetric deviations from circularity
on the non linear (large-deflection) load-deflection response of
cylinders under hydrostatic pressure .";5;1024;note on creep buckling of columns .;0.2050598714768478;False
119;"what is the effect of initial axisymmetric deviations from circularity
on the non linear (large-deflection) load-deflection response of
cylinders under hydrostatic pressure .";6;1056;"axisymmetric large deflections of circular plates subjected
to thermal and mechanical load .";0.20501699967642215;False
119;"what is the effect of initial axisymmetric deviations from circularity
on the non linear (large-deflection) load-deflection response of
cylinders under hydrostatic pressure .";7;928;"a new theory for the buckling of thin cylinders under
axial compression and bending .";0.20409351352120955;False
119;"what is the effect of initial axisymmetric deviations from circularity
on the non linear (large-deflection) load-deflection response of
cylinders under hydrostatic pressure .";8;744;"lower buckling load in the non-linear buckling theory
of thin shells .";0.2021066975355623;False
119;"what is the effect of initial axisymmetric deviations from circularity
on the non linear (large-deflection) load-deflection response of
cylinders under hydrostatic pressure .";9;1362;"non-linear analysis of heated, cambered wings by the matrix force
method .";0.19450976133778877;False
119;"what is the effect of initial axisymmetric deviations from circularity
on the non linear (large-deflection) load-deflection response of
cylinders under hydrostatic pressure .";10;1129;"general instability of a ring stiffened circular cylindrical
shell under hydrostatic pressure .";0.19306135737422486;False
12;"how can the aerodynamic performance of channel flow ground effect
machines be calculated .";1;624;cruise performance of channel-flow ground effect machines .;0.35360443085266424;False
12;"how can the aerodynamic performance of channel flow ground effect
machines be calculated .";2;941;"viscous compressible and incompressible flow in slender
channels .";0.2853610183675258;False
12;"how can the aerodynamic performance of channel flow ground effect
machines be calculated .";3;650;some design problems of hovercraft .;0.27326972595596377;True
12;"how can the aerodynamic performance of channel flow ground effect
machines be calculated .";4;966;"on fully developed channel flows,. some solutions and limitations, and
effects of compressibility, variable properties, and body forces .";0.22975414475825118;False
12;"how can the aerodynamic performance of channel flow ground effect
machines be calculated .";5;1221;"steady flow of conducting fluids in channels under
transverse magnetic fields, with consideration of hall
effect .";0.2286777983334881;False
12;"how can the aerodynamic performance of channel flow ground effect
machines be calculated .";6;652;"pressure distribution on two dimensional wings near
the ground .";0.2076552205188592;True
12;"how can the aerodynamic performance of channel flow ground effect
machines be calculated .";7;1223;"inviscid-incompressible-flow theory of static two-dimensional
solid jets, in proximity to the ground .";0.18754899778905365;False
12;"how can the aerodynamic performance of channel flow ground effect
machines be calculated .";8;270;"on combined free and forced convection laminar magnetohydrodynamic
flow and heat transfer in channels with transverse
magnetic field .";0.17083918967800135;False
12;"how can the aerodynamic performance of channel flow ground effect
machines be calculated .";9;245;the ground effect on the jet flap in two dimensions .;0.16712749630888024;False
12;"how can the aerodynamic performance of channel flow ground effect
machines be calculated .";10;649;the hovercraft - a new concept in maritime transport .;0.16688677857074033;True
120;"are previous analyses of circumferential thermal buckling of circular
cylindrical shells unnecessarily involved or even inaccurate due to the
assumed forms of buckling mode .";1;769;"local circumferential buckling of thin circular cylindrical
shells .";0.4488153807824754;False
120;"are previous analyses of circumferential thermal buckling of circular
cylindrical shells unnecessarily involved or even inaccurate due to the
assumed forms of buckling mode .";2;887;"buckling due to thermal stress of cylindrical shells
subjected to axial temperature distributions .";0.37225476046744804;True
120;"are previous analyses of circumferential thermal buckling of circular
cylindrical shells unnecessarily involved or even inaccurate due to the
assumed forms of buckling mode .";3;1146;thermal buckling of cylinders .;0.3145291951025878;True
120;"are previous analyses of circumferential thermal buckling of circular
cylindrical shells unnecessarily involved or even inaccurate due to the
assumed forms of buckling mode .";4;890;comments on 'thermal buckling of clamped cylindrical shells' .;0.2776446313013712;True
120;"are previous analyses of circumferential thermal buckling of circular
cylindrical shells unnecessarily involved or even inaccurate due to the
assumed forms of buckling mode .";5;886;thermal buckling of clamped cylindrical shells .;0.2701110027470557;True
120;"are previous analyses of circumferential thermal buckling of circular
cylindrical shells unnecessarily involved or even inaccurate due to the
assumed forms of buckling mode .";6;885;"buckling of thin cylindrical shells under hoop stresses
varying in axial direction .";0.24929403807323355;True
120;"are previous analyses of circumferential thermal buckling of circular
cylindrical shells unnecessarily involved or even inaccurate due to the
assumed forms of buckling mode .";7;741;"the behaviour of thin cylindrical shells after buckling
under axial compression .";0.23942204878827297;False
120;"are previous analyses of circumferential thermal buckling of circular
cylindrical shells unnecessarily involved or even inaccurate due to the
assumed forms of buckling mode .";8;897;"some results on buckling and postbuckling of cylindrical
shells .";0.23183068568062506;False
120;"are previous analyses of circumferential thermal buckling of circular
cylindrical shells unnecessarily involved or even inaccurate due to the
assumed forms of buckling mode .";9;1172;"elastic stability of circular cylindrical shells stabilized
by a soft elastic core .";0.22778838592008643;False
120;"are previous analyses of circumferential thermal buckling of circular
cylindrical shells unnecessarily involved or even inaccurate due to the
assumed forms of buckling mode .";10;891;"buckling of a finite length cylindrical shell under
a circumferential band of pressure .";0.22426792246981556;True
121;"what papers are there dealing with circumferential buckling either
thermal buckling or due to mechanical loading .";1;1146;thermal buckling of cylinders .;0.4187779863613526;True
121;"what papers are there dealing with circumferential buckling either
thermal buckling or due to mechanical loading .";2;887;"buckling due to thermal stress of cylindrical shells
subjected to axial temperature distributions .";0.3209824840518412;True
121;"what papers are there dealing with circumferential buckling either
thermal buckling or due to mechanical loading .";3;769;"local circumferential buckling of thin circular cylindrical
shells .";0.31951171380853954;False
121;"what papers are there dealing with circumferential buckling either
thermal buckling or due to mechanical loading .";4;888;"combinations of temperature and axial compression required
for buckling of a ring-stiffened cylinder .";0.2830892876197761;True
121;"what papers are there dealing with circumferential buckling either
thermal buckling or due to mechanical loading .";5;31;thermal buckling of supersonic wing panels .;0.26662441613180216;False
121;"what papers are there dealing with circumferential buckling either
thermal buckling or due to mechanical loading .";6;890;comments on 'thermal buckling of clamped cylindrical shells' .;0.23663271062286287;True
121;"what papers are there dealing with circumferential buckling either
thermal buckling or due to mechanical loading .";7;1017;note on creep buckling of columns .;0.22725941829346294;False
121;"what papers are there dealing with circumferential buckling either
thermal buckling or due to mechanical loading .";8;1177;effects of rapid heating on strength of airframe components .;0.2122286016237314;False
121;"what papers are there dealing with circumferential buckling either
thermal buckling or due to mechanical loading .";9;1178;"buckling of ring-stiffened cylinders under a pure bending
moment and a nonuniform temperature distribution .";0.2093608369783778;False
121;"what papers are there dealing with circumferential buckling either
thermal buckling or due to mechanical loading .";10;891;"buckling of a finite length cylindrical shell under
a circumferential band of pressure .";0.19823045167780953;True
122;"what analytical investigations have been made of the stability of
conical shells . how do the results compare with experiment .";1;898;"a survey of buckling theory and experiment for circular
conical shells of constant thickness .";0.4225486248365243;False
122;"what analytical investigations have been made of the stability of
conical shells . how do the results compare with experiment .";2;1070;buckling of orthotropic and stiffened conical shells .;0.3246954749731009;False
122;"what analytical investigations have been made of the stability of
conical shells . how do the results compare with experiment .";3;931;stability equations for conical shells .;0.310554369253616;True
122;"what analytical investigations have been made of the stability of
conical shells . how do the results compare with experiment .";4;930;"general theory of large deflections of thin shells
with special applications to conical shells .";0.2663420378066362;False
122;"what analytical investigations have been made of the stability of
conical shells . how do the results compare with experiment .";5;935;"buckling of thin single- and multi-layer conical and cylindrical
shells with rotationally symmetric stresses .";0.25757672724381214;True
122;"what analytical investigations have been made of the stability of
conical shells . how do the results compare with experiment .";6;938;"calculations for the stability of thin conical frustums
subjected to external uniform hydrostatic pressure
and axial loads .";0.2521155855218015;True
122;"what analytical investigations have been made of the stability of
conical shells . how do the results compare with experiment .";7;1171;"the stability under axial compression and lateral pressure
of circular cylindrical shells with a soft elastic
core .";0.22672245427070684;False
122;"what analytical investigations have been made of the stability of
conical shells . how do the results compare with experiment .";8;934;"stability of cylindrical and conical shells of circular
cross section, with simultaneous action of axial compression
and external normal pressure .";0.2200647895459629;True
122;"what analytical investigations have been made of the stability of
conical shells . how do the results compare with experiment .";9;1071;"stability of thin torispherical shells under uniform
internal pressure .";0.20936441657014612;False
122;"what analytical investigations have been made of the stability of
conical shells . how do the results compare with experiment .";10;1118;elastic stability of orthotropic shells .;0.2022542165279614;False
123;"has any work been done on determining the nature of compressible
viscous flow in a straight channel .";1;941;"viscous compressible and incompressible flow in slender
channels .";0.3676773927817194;False
123;"has any work been done on determining the nature of compressible
viscous flow in a straight channel .";2;1221;"steady flow of conducting fluids in channels under
transverse magnetic fields, with consideration of hall
effect .";0.22635691504371003;False
123;"has any work been done on determining the nature of compressible
viscous flow in a straight channel .";3;1360;"simplified analysis of general instability of stiffened
shells in pure bending .";0.19399856726468423;False
123;"has any work been done on determining the nature of compressible
viscous flow in a straight channel .";4;775;studies on two dimensional flows of compressible fluid.;0.16617725239755007;False
123;"has any work been done on determining the nature of compressible
viscous flow in a straight channel .";5;112;"steady motion of conducting fluids in pipes under transverse
magnetic fields .";0.16492163525233278;False
123;"has any work been done on determining the nature of compressible
viscous flow in a straight channel .";6;389;"simple shear flow past a flat plate in a compressible
viscous fluid .";0.16491348231811828;False
123;"has any work been done on determining the nature of compressible
viscous flow in a straight channel .";7;966;"on fully developed channel flows,. some solutions and limitations, and
effects of compressibility, variable properties, and body forces .";0.1636694432596294;True
123;"has any work been done on determining the nature of compressible
viscous flow in a straight channel .";8;537;stagnation point viscous hypersonic flow .;0.1610275355314873;False
123;"has any work been done on determining the nature of compressible
viscous flow in a straight channel .";9;1222;axisymmetric magnetohydrodynamic channel flow .;0.16091300463833516;False
123;"has any work been done on determining the nature of compressible
viscous flow in a straight channel .";10;742;"post-buckling behaviour of axially compressed circular
cylinder shells .";0.1590902423273512;False
124;"in what areas, other than low density wind tunnel flows, is viscous
compressible flow in slender channels a problem .
what analytical investigations have been made of the stability of
conical shells . how do the results compare with experiment .";1;941;"viscous compressible and incompressible flow in slender
channels .";0.4175848926246459;False
124;"in what areas, other than low density wind tunnel flows, is viscous
compressible flow in slender channels a problem .
what analytical investigations have been made of the stability of
conical shells . how do the results compare with experiment .";2;898;"a survey of buckling theory and experiment for circular
conical shells of constant thickness .";0.26087189128344135;False
124;"in what areas, other than low density wind tunnel flows, is viscous
compressible flow in slender channels a problem .
what analytical investigations have been made of the stability of
conical shells . how do the results compare with experiment .";3;1070;buckling of orthotropic and stiffened conical shells .;0.21627082380352652;False
124;"in what areas, other than low density wind tunnel flows, is viscous
compressible flow in slender channels a problem .
what analytical investigations have been made of the stability of
conical shells . how do the results compare with experiment .";4;516;"free-flight measurements of the dynamic longitudinal
stability characteristics of a wind tunnel interference
model (m=0 .92 to 1. 35) .";0.21295226941293524;False
124;"in what areas, other than low density wind tunnel flows, is viscous
compressible flow in slender channels a problem .
what analytical investigations have been made of the stability of
conical shells . how do the results compare with experiment .";5;1222;axisymmetric magnetohydrodynamic channel flow .;0.19297707816973345;False
124;"in what areas, other than low density wind tunnel flows, is viscous
compressible flow in slender channels a problem .
what analytical investigations have been made of the stability of
conical shells . how do the results compare with experiment .";6;931;stability equations for conical shells .;0.19172919018460916;False
124;"in what areas, other than low density wind tunnel flows, is viscous
compressible flow in slender channels a problem .
what analytical investigations have been made of the stability of
conical shells . how do the results compare with experiment .";7;938;"calculations for the stability of thin conical frustums
subjected to external uniform hydrostatic pressure
and axial loads .";0.18766656247109578;False
124;"in what areas, other than low density wind tunnel flows, is viscous
compressible flow in slender channels a problem .
what analytical investigations have been made of the stability of
conical shells . how do the results compare with experiment .";8;934;"stability of cylindrical and conical shells of circular
cross section, with simultaneous action of axial compression
and external normal pressure .";0.18369712643892622;False
124;"in what areas, other than low density wind tunnel flows, is viscous
compressible flow in slender channels a problem .
what analytical investigations have been made of the stability of
conical shells . how do the results compare with experiment .";9;1171;"the stability under axial compression and lateral pressure
of circular cylindrical shells with a soft elastic
core .";0.18366596939946694;False
124;"in what areas, other than low density wind tunnel flows, is viscous
compressible flow in slender channels a problem .
what analytical investigations have been made of the stability of
conical shells . how do the results compare with experiment .";10;514;"pressure distributions and flow patterns on some conical
shapes with sharp edges and symmetrical cross-sections
at m=4 .0.";0.1792620994947929;False
125;jet interference with supersonic flow  -dash experimental papers .;1;176;"base pressure at subsonic speeds in the presence of
a supersonic jet .";0.2695474116749825;True
125;jet interference with supersonic flow  -dash experimental papers .;2;997;experimental and theoretical studies of axisymmetric free jets .;0.24897020146050425;True
125;jet interference with supersonic flow  -dash experimental papers .;3;993;"the extent of the jet interference flow fields .
jet effects on cylindrical afterbodies housing sonic and supersonic
nozzles which exhaust against a supersonic stream at angles of attack
from 90degree to 180degree .";0.24433722283719597;False
125;jet interference with supersonic flow  -dash experimental papers .;4;1074;"theoretical and experimental investigation of second-order supersonic
wing-body interference .";0.22650448951945923;False
125;jet interference with supersonic flow  -dash experimental papers .;5;1083;an investigation of fluid flow in two dimensions .;0.2261562521854841;False
125;jet interference with supersonic flow  -dash experimental papers .;6;1062;"an experimental and theoretical investigation of second-order
wing-body interference at high mach number .";0.21491303334398598;False
125;jet interference with supersonic flow  -dash experimental papers .;7;610;corner interference effects .;0.21263506536770743;False
125;jet interference with supersonic flow  -dash experimental papers .;8;1075;"an experimental and theoretical investigation of second-order supersonic
 wing-body interference, for a non-lifting body with wings at incidence .";0.1963160554492827;False
125;jet interference with supersonic flow  -dash experimental papers .;9;519;"base pressure at supersonic speeds in the presence
of a supersonic jet .";0.19615813585426048;False
125;jet interference with supersonic flow  -dash experimental papers .;10;1350;"effects of jet billowing on stability of missile-type
bodies at mach 3. 85 .";0.1932385787236093;False
126;thrust vector control by fluid injection -dash papers .;1;1288;"analysis of the fluid mechanics of secondary injection
for thrust vector control .";0.4378718602325939;False
126;thrust vector control by fluid injection -dash papers .;2;1326;"interaction of secondary injectants and rocket exhaust
for thrust vector control .";0.38835150116675476;True
126;thrust vector control by fluid injection -dash papers .;3;974;approximate analysis of thrust vector control by fluid injection .;0.38797265566358746;True
126;thrust vector control by fluid injection -dash papers .;4;1083;an investigation of fluid flow in two dimensions .;0.21565710653268194;False
126;thrust vector control by fluid injection -dash papers .;5;1095;"investigation of effectiveness of large-chord slotted
flaps in deflecting propeller slipstreams downward
for vertical take-off and low-speed flight .";0.2135070072177303;False
126;thrust vector control by fluid injection -dash papers .;6;397;"a sublayer for fluid injection into the incompressible
turbulent boundary layer .";0.19097744083455184;False
126;thrust vector control by fluid injection -dash papers .;7;1265;"on the thrust hypothesis for the jet flap including
jet-mixing effects .";0.18220248216712182;False
126;thrust vector control by fluid injection -dash papers .;8;773;"q . app . math . 7, 1950, 381 . experiments on porous-wall
cooling and flow separation control in a supersonic
nozzle .";0.1815519441016465;False
126;thrust vector control by fluid injection -dash papers .;9;1237;"foreign-gas injection into a compressible turbulent
boundary layer on a flat plate .";0.1553520002610686;False
126;thrust vector control by fluid injection -dash papers .;10;254;"boundary layers with suction and injection . a review
of published work on skin friction .";0.14123285878888941;False
127;"is it possible to obtain a reasonably simple analytical solution to the
heat equation for an exponential (in time) heat input .";1;5;"one-dimensional transient heat conduction into a double-layer
slab subjected to a linear heat input for a small time
internal .";0.33071946849808387;False
127;"is it possible to obtain a reasonably simple analytical solution to the
heat equation for an exponential (in time) heat input .";2;6;"one-dimensional transient heat flow in a multilayer
slab .";0.2666377175804367;False
127;"is it possible to obtain a reasonably simple analytical solution to the
heat equation for an exponential (in time) heat input .";3;981;"solutions to the heat-conduction equation with time dependent boundary
conditions .";0.2589318373250517;True
127;"is it possible to obtain a reasonably simple analytical solution to the
heat equation for an exponential (in time) heat input .";4;869;"the calculation of transient temperature in turbine
blades and tapered discs using biot's variational method .";0.19616167780747182;False
127;"is it possible to obtain a reasonably simple analytical solution to the
heat equation for an exponential (in time) heat input .";5;158;"temperature charts for induction and constant temperature
heating .";0.1878112248462278;False
127;"is it possible to obtain a reasonably simple analytical solution to the
heat equation for an exponential (in time) heat input .";6;582;the melting of finite slabs .;0.1721590011616093;False
127;"is it possible to obtain a reasonably simple analytical solution to the
heat equation for an exponential (in time) heat input .";7;944;"one dimensional heat conduction through the skin of
a vehicle upon entering a planetary atmosphere at constant
velocity and entry angle .";0.16667701813873131;False
127;"is it possible to obtain a reasonably simple analytical solution to the
heat equation for an exponential (in time) heat input .";8;587;variational analysis of ablation .;0.16442654360685233;False
127;"is it possible to obtain a reasonably simple analytical solution to the
heat equation for an exponential (in time) heat input .";9;339;"experimental evaluation of heat transfer with transpiration
cooling in a turbulent boundary layer at m=3 .2.";0.15409537982939958;False
127;"is it possible to obtain a reasonably simple analytical solution to the
heat equation for an exponential (in time) heat input .";10;1073;"a practical method for numerical evaluation of solutions
of partial differential equations of the heat-conduction
type .";0.15131306942478873;False
128;"has anyone programmed a pump design method for a high-speed digital
computer .";1;945;"method for design of pump impellers using a high speed
digital computer .";0.5635722462172159;False
128;"has anyone programmed a pump design method for a high-speed digital
computer .";2;1063;"on obtaining solutions to the navier-stokes equations
with high speed digital computers .";0.3229435278591267;False
128;"has anyone programmed a pump design method for a high-speed digital
computer .";3;988;"nonviscous flow through a pump impeller on a blade-to-blade surface of
revolution .";0.2334612500891546;False
128;"has anyone programmed a pump design method for a high-speed digital
computer .";4;745;"an automatic method for finding the greatest or least
value function .";0.21988482713096832;False
128;"has anyone programmed a pump design method for a high-speed digital
computer .";5;92;"the analysis of redundant structures by the use of
high-speed digital computers .";0.21580334193466486;False
128;"has anyone programmed a pump design method for a high-speed digital
computer .";6;248;"the application of lighthill formula for numerical
calculation of pressure distributions on bodies of
revolution at supersonic speed and zero angle of attack .";0.20170642272898356;False
128;"has anyone programmed a pump design method for a high-speed digital
computer .";7;1246;"solution of subsonic nonplanar lifting surface problems
by means of high-speed digital computers .";0.18533667921289906;False
128;"has anyone programmed a pump design method for a high-speed digital
computer .";8;1219;"determination of lift or drag programs to minimize
re-entry heating .";0.1758444362581474;False
128;"has anyone programmed a pump design method for a high-speed digital
computer .";9;1388;"a process for the step-by-step integration of differential
equations in an automatic digital computing machine .";0.17370299917514812;False
128;"has anyone programmed a pump design method for a high-speed digital
computer .";10;1087;"convergence rates of iterative treatments of partial differential
equations .";0.16708578539528382;False
129;"has anyone derived simplified pump design equation from the fundamental
three-dimensional equations for incompressible nonviscous flow .";1;945;"method for design of pump impellers using a high speed
digital computer .";0.4124635742702356;False
129;"has anyone derived simplified pump design equation from the fundamental
three-dimensional equations for incompressible nonviscous flow .";2;988;"nonviscous flow through a pump impeller on a blade-to-blade surface of
revolution .";0.3711834068366055;True
129;"has anyone derived simplified pump design equation from the fundamental
three-dimensional equations for incompressible nonviscous flow .";3;989;"incompressible nonviscous blade-to-blade flow through a pump rotor with
splitter vanes .";0.25850010538207424;True
129;"has anyone derived simplified pump design equation from the fundamental
three-dimensional equations for incompressible nonviscous flow .";4;987;"a general theory of three dimensional flow in subsonic and supersonic
turbo-machines of axial-radial-and mixed-flow types .";0.19353220356883102;True
129;"has anyone derived simplified pump design equation from the fundamental
three-dimensional equations for incompressible nonviscous flow .";5;527;"note on the three-point boundary layer problem for
the blasius equations .";0.17991300372995714;False
129;"has anyone derived simplified pump design equation from the fundamental
three-dimensional equations for incompressible nonviscous flow .";6;4;"approximate solutions of the incompressible laminar
boundary layer equations for a plate in shear flow .";0.16396079033670183;False
129;"has anyone derived simplified pump design equation from the fundamental
three-dimensional equations for incompressible nonviscous flow .";7;872;"fundamentals of boundary layer heat transfer with streamwise
temperature variations .";0.14743060380488884;False
129;"has anyone derived simplified pump design equation from the fundamental
three-dimensional equations for incompressible nonviscous flow .";8;507;energy equation approximations in fluid mechanics .;0.1418412213500024;False
129;"has anyone derived simplified pump design equation from the fundamental
three-dimensional equations for incompressible nonviscous flow .";9;985;"a rapid approximate method for the design of hub shroud profiles of
centrifugal impellers of given blade shape .";0.14180920623068993;True
129;"has anyone derived simplified pump design equation from the fundamental
three-dimensional equations for incompressible nonviscous flow .";10;376;"transformation between compressible and incompressible
boundary layer equations .";0.13640232893637433;False
13;what is the basic mechanism of the transonic aileron buzz .;1;496;"a theory of transonic aileron buzz, neglecting viscous
effects .";0.518738936491934;False
13;what is the basic mechanism of the transonic aileron buzz .;2;903;"two dimensional transonic unsteady flow with shock
waves .";0.23349666010852363;False
13;what is the basic mechanism of the transonic aileron buzz .;3;313;"on alternative forms for the basic equations of transonic
flow theory .";0.21931528277904627;False
13;what is the basic mechanism of the transonic aileron buzz .;4;643;"an investigation of wing-aileron flutter using ground
launched rocket models .";0.1860547793315406;False
13;what is the basic mechanism of the transonic aileron buzz .;5;507;energy equation approximations in fluid mechanics .;0.16329048190786025;False
13;what is the basic mechanism of the transonic aileron buzz .;6;199;"measurement of two dimensional derivatives on a wing-aileron-tab
system .";0.14729341958342254;False
13;what is the basic mechanism of the transonic aileron buzz .;7;520;"wing-tail interference as a cause of 'magnus' effects
on a finned missile .";0.14684760022026935;False
13;what is the basic mechanism of the transonic aileron buzz .;8;440;"compilation of information on the transonic attachment
of flows at the leading edge of airfoils .";0.14311840637302603;False
13;what is the basic mechanism of the transonic aileron buzz .;9;38;"on the prediction of mixed subsonic/supersonic pressure
distributions .";0.13779246263633432;False
13;what is the basic mechanism of the transonic aileron buzz .;10;879;flutter model testing at transonic speeds .;0.12853252925881004;False
130;"what are the flutter characteristics of the exposed skin panels of the
x-15 vertical stabilizer when subjected to aerodynamic heating .";1;948;"panel flutter tests on full scale x-15 lower vertical
stabilizer at mach number of 3. 0.";0.3824366221359284;False
130;"what are the flutter characteristics of the exposed skin panels of the
x-15 vertical stabilizer when subjected to aerodynamic heating .";2;859;"flutter of aerodynamically heated aluminium-alloy and
stainless steel panels with length-width ratio of 10
at mach 3. 0.";0.33238795532775084;True
130;"what are the flutter characteristics of the exposed skin panels of the
x-15 vertical stabilizer when subjected to aerodynamic heating .";3;391;"flutter of rectangular simply supported panels at high
supersonic speeds .";0.2944210084383853;False
130;"what are the flutter characteristics of the exposed skin panels of the
x-15 vertical stabilizer when subjected to aerodynamic heating .";4;1008;free-flight measurements of the static and dynamic .;0.2809854506519269;True
130;"what are the flutter characteristics of the exposed skin panels of the
x-15 vertical stabilizer when subjected to aerodynamic heating .";5;766;"experimental investigation at mach number of 3. 0 of
effects of thermal stress and buckling on flutter characteristics
of flat single-bay panels of length-width ratio 0. 96 .";0.2702330457938547;True
130;"what are the flutter characteristics of the exposed skin panels of the
x-15 vertical stabilizer when subjected to aerodynamic heating .";6;864;status of flutter of flat and curved panels .;0.2493733281641679;False
130;"what are the flutter characteristics of the exposed skin panels of the
x-15 vertical stabilizer when subjected to aerodynamic heating .";7;856;"some experimental studies of panel flutter at mach
1 .3.";0.24100213824271266;False
130;"what are the flutter characteristics of the exposed skin panels of the
x-15 vertical stabilizer when subjected to aerodynamic heating .";8;627;flutter analysis of circular panels .;0.23932446014026193;False
130;"what are the flutter characteristics of the exposed skin panels of the
x-15 vertical stabilizer when subjected to aerodynamic heating .";9;729;stresses in continuous skin stiffener panels under random loading .;0.23139129165416264;False
130;"what are the flutter characteristics of the exposed skin panels of the
x-15 vertical stabilizer when subjected to aerodynamic heating .";10;285;on the flutter of panels at high mach numbers .;0.23121998844516203;False
131;"what agreement is found between theoretically predicted instability
times and experimentally measured collapse times for compressed columns
in creep .";1;1021;note on creep buckling of columns .;0.5212338454711807;False
131;"what agreement is found between theoretically predicted instability
times and experimentally measured collapse times for compressed columns
in creep .";2;950;"comparison of theoretical and experimental creep buckling
times of initially straight, centrally loaded columns .";0.453166456001617;False
131;"what agreement is found between theoretically predicted instability
times and experimentally measured collapse times for compressed columns
in creep .";3;1023;note on creep buckling of columns .;0.44747842647324104;False
131;"what agreement is found between theoretically predicted instability
times and experimentally measured collapse times for compressed columns
in creep .";4;1025;note on creep buckling of columns .;0.37080069117705555;False
131;"what agreement is found between theoretically predicted instability
times and experimentally measured collapse times for compressed columns
in creep .";5;1022;note on creep buckling of columns .;0.36068690907435913;False
131;"what agreement is found between theoretically predicted instability
times and experimentally measured collapse times for compressed columns
in creep .";6;1026;note on creep buckling of columns .;0.35112017509209387;False
131;"what agreement is found between theoretically predicted instability
times and experimentally measured collapse times for compressed columns
in creep .";7;952;"study of creep collapse of a long circular cylindrical
shell under various distributed force systems .";0.3353787867464243;False
131;"what agreement is found between theoretically predicted instability
times and experimentally measured collapse times for compressed columns
in creep .";8;1020;note on creep buckling of columns .;0.3060250800900876;True
131;"what agreement is found between theoretically predicted instability
times and experimentally measured collapse times for compressed columns
in creep .";9;1012;"principles of creep buckling weight-strength analysis
of aircraft structures .";0.3022114732256708;True
131;"what agreement is found between theoretically predicted instability
times and experimentally measured collapse times for compressed columns
in creep .";10;1017;note on creep buckling of columns .;0.29525928153623815;True
132;theoretical studies of creep buckling .;1;1021;note on creep buckling of columns .;0.46700585014587775;False
132;theoretical studies of creep buckling .;2;1026;note on creep buckling of columns .;0.4378932614450171;True
132;theoretical studies of creep buckling .;3;1023;note on creep buckling of columns .;0.4094968507637061;True
132;theoretical studies of creep buckling .;4;1014;principles of creep buckling weight-strength analysis .;0.37551912569170975;True
132;theoretical studies of creep buckling .;5;1017;note on creep buckling of columns .;0.3558720151812206;True
132;theoretical studies of creep buckling .;6;1029;note on creep buckling of columns .;0.35411816817945196;False
132;theoretical studies of creep buckling .;7;1030;note on creep buckling of columns .;0.34761218458531645;False
132;theoretical studies of creep buckling .;8;951;a unified theory of creep buckling under normal loads .;0.343016418821878;True
132;theoretical studies of creep buckling .;9;1020;note on creep buckling of columns .;0.3346776086857222;True
132;theoretical studies of creep buckling .;10;1013;principles of creep buckling weight-strength analysis .;0.3345760892348534;True
133;experimental studies of creep buckling .;1;1026;note on creep buckling of columns .;0.446701738958793;False
133;experimental studies of creep buckling .;2;1023;note on creep buckling of columns .;0.4177341179689862;False
133;experimental studies of creep buckling .;3;1021;note on creep buckling of columns .;0.38809965538605845;False
133;experimental studies of creep buckling .;4;1014;principles of creep buckling weight-strength analysis .;0.38307291120494846;False
133;experimental studies of creep buckling .;5;951;a unified theory of creep buckling under normal loads .;0.37678739718370297;False
133;experimental studies of creep buckling .;6;1029;note on creep buckling of columns .;0.3612414609913462;False
133;experimental studies of creep buckling .;7;1030;note on creep buckling of columns .;0.35460460575510133;False
133;experimental studies of creep buckling .;8;1020;note on creep buckling of columns .;0.3414098433420498;True
133;experimental studies of creep buckling .;9;1013;principles of creep buckling weight-strength analysis .;0.3413062817684106;False
133;experimental studies of creep buckling .;10;1015;principles of creep buckling weight-strength analysis .;0.315991015020202;False
134;"is it possible to correlate the results on the creep buckling of widely
different structures within the framework of a single theory .";1;951;a unified theory of creep buckling under normal loads .;0.31147020406805476;False
134;"is it possible to correlate the results on the creep buckling of widely
different structures within the framework of a single theory .";2;1012;"principles of creep buckling weight-strength analysis
of aircraft structures .";0.24696011267906218;False
134;"is it possible to correlate the results on the creep buckling of widely
different structures within the framework of a single theory .";3;1014;principles of creep buckling weight-strength analysis .;0.2368205162545816;False
134;"is it possible to correlate the results on the creep buckling of widely
different structures within the framework of a single theory .";4;1026;note on creep buckling of columns .;0.23542697285138933;False
134;"is it possible to correlate the results on the creep buckling of widely
different structures within the framework of a single theory .";5;1028;note on creep buckling of columns .;0.23333473431809632;True
134;"is it possible to correlate the results on the creep buckling of widely
different structures within the framework of a single theory .";6;1023;note on creep buckling of columns .;0.23318101988685805;False
134;"is it possible to correlate the results on the creep buckling of widely
different structures within the framework of a single theory .";7;1021;note on creep buckling of columns .;0.22576840910710952;False
134;"is it possible to correlate the results on the creep buckling of widely
different structures within the framework of a single theory .";8;1015;principles of creep buckling weight-strength analysis .;0.22309159306697188;False
134;"is it possible to correlate the results on the creep buckling of widely
different structures within the framework of a single theory .";9;866;regularities in creep and hot fatigue data .;0.21686518639436325;False
134;"is it possible to correlate the results on the creep buckling of widely
different structures within the framework of a single theory .";10;1013;principles of creep buckling weight-strength analysis .;0.1998884927493274;False
135;what are the experimental results for the creep buckling of columns .;1;1026;note on creep buckling of columns .;0.626023847996006;True
135;what are the experimental results for the creep buckling of columns .;2;1023;note on creep buckling of columns .;0.5707899613461391;True
135;what are the experimental results for the creep buckling of columns .;3;1029;note on creep buckling of columns .;0.5324517496023551;False
135;what are the experimental results for the creep buckling of columns .;4;1021;note on creep buckling of columns .;0.5161519062485553;False
135;what are the experimental results for the creep buckling of columns .;5;1030;note on creep buckling of columns .;0.5006906889512469;False
135;what are the experimental results for the creep buckling of columns .;6;1020;note on creep buckling of columns .;0.479509506724248;False
135;what are the experimental results for the creep buckling of columns .;7;1017;note on creep buckling of columns .;0.46791496827157053;True
135;what are the experimental results for the creep buckling of columns .;8;951;a unified theory of creep buckling under normal loads .;0.46679068626944187;False
135;what are the experimental results for the creep buckling of columns .;9;1014;principles of creep buckling weight-strength analysis .;0.44090772174131204;False
135;what are the experimental results for the creep buckling of columns .;10;1018;note on creep buckling of columns .;0.423636820221133;True
136;"what are the results for the creep buckling of round tubes under
external pressure .";1;1021;note on creep buckling of columns .;0.3454901668715569;True
136;"what are the results for the creep buckling of round tubes under
external pressure .";2;951;a unified theory of creep buckling under normal loads .;0.3213998711459221;False
136;"what are the results for the creep buckling of round tubes under
external pressure .";3;1026;note on creep buckling of columns .;0.30375038956378775;False
136;"what are the results for the creep buckling of round tubes under
external pressure .";4;1023;note on creep buckling of columns .;0.28405284779710643;False
136;"what are the results for the creep buckling of round tubes under
external pressure .";5;1014;principles of creep buckling weight-strength analysis .;0.27110219984074146;False
136;"what are the results for the creep buckling of round tubes under
external pressure .";6;1031;note on creep buckling of columns .;0.25108609823998174;False
136;"what are the results for the creep buckling of round tubes under
external pressure .";7;1029;note on creep buckling of columns .;0.2456387001279063;False
136;"what are the results for the creep buckling of round tubes under
external pressure .";8;1020;note on creep buckling of columns .;0.24512422551111815;False
136;"what are the results for the creep buckling of round tubes under
external pressure .";9;1030;note on creep buckling of columns .;0.24112573949294935;False
136;"what are the results for the creep buckling of round tubes under
external pressure .";10;1013;principles of creep buckling weight-strength analysis .;0.23921980337564058;False
137;"have any analytical studies been conducted on the time-to-failure
mechanism associated with creep collapse for a long circular cylindrical
shell which exhibits both primary and secondary creep as well as elastic
deformations under various distributed force systems .";1;952;"study of creep collapse of a long circular cylindrical
shell under various distributed force systems .";0.5626314168984208;False
137;"have any analytical studies been conducted on the time-to-failure
mechanism associated with creep collapse for a long circular cylindrical
shell which exhibits both primary and secondary creep as well as elastic
deformations under various distributed force systems .";2;1023;note on creep buckling of columns .;0.35945027399841545;False
137;"have any analytical studies been conducted on the time-to-failure
mechanism associated with creep collapse for a long circular cylindrical
shell which exhibits both primary and secondary creep as well as elastic
deformations under various distributed force systems .";3;1026;note on creep buckling of columns .;0.32985961690510074;False
137;"have any analytical studies been conducted on the time-to-failure
mechanism associated with creep collapse for a long circular cylindrical
shell which exhibits both primary and secondary creep as well as elastic
deformations under various distributed force systems .";4;1021;note on creep buckling of columns .;0.31387710734629315;True
137;"have any analytical studies been conducted on the time-to-failure
mechanism associated with creep collapse for a long circular cylindrical
shell which exhibits both primary and secondary creep as well as elastic
deformations under various distributed force systems .";5;1034;note on creep buckling of columns .;0.2606043730845124;True
137;"have any analytical studies been conducted on the time-to-failure
mechanism associated with creep collapse for a long circular cylindrical
shell which exhibits both primary and secondary creep as well as elastic
deformations under various distributed force systems .";6;1024;note on creep buckling of columns .;0.22646131449500315;False
137;"have any analytical studies been conducted on the time-to-failure
mechanism associated with creep collapse for a long circular cylindrical
shell which exhibits both primary and secondary creep as well as elastic
deformations under various distributed force systems .";7;955;"the membrane approach to bending instability of pressureized
cylindrical shells .";0.2078065188310914;False
137;"have any analytical studies been conducted on the time-to-failure
mechanism associated with creep collapse for a long circular cylindrical
shell which exhibits both primary and secondary creep as well as elastic
deformations under various distributed force systems .";8;1013;principles of creep buckling weight-strength analysis .;0.2057161588299994;False
137;"have any analytical studies been conducted on the time-to-failure
mechanism associated with creep collapse for a long circular cylindrical
shell which exhibits both primary and secondary creep as well as elastic
deformations under various distributed force systems .";9;1025;note on creep buckling of columns .;0.20135027388376528;False
137;"have any analytical studies been conducted on the time-to-failure
mechanism associated with creep collapse for a long circular cylindrical
shell which exhibits both primary and secondary creep as well as elastic
deformations under various distributed force systems .";10;1017;note on creep buckling of columns .;0.1936666554210518;False
138;"has the effect of initial stresses,  on the frequencies of vibration of
circular cylindrical shells,  been investigated .";1;953;"vibrations of infinitely long cylindrical shells under
initial stress .";0.5144642330752406;False
138;"has the effect of initial stresses,  on the frequencies of vibration of
circular cylindrical shells,  been investigated .";2;847;"experimental study of the vibrations of a circular
cylindrical shell .";0.46597151221830857;False
138;"has the effect of initial stresses,  on the frequencies of vibration of
circular cylindrical shells,  been investigated .";3;897;"some results on buckling and postbuckling of cylindrical
shells .";0.3615732015868967;False
138;"has the effect of initial stresses,  on the frequencies of vibration of
circular cylindrical shells,  been investigated .";4;848;"the effect of an internal compressible fluid column
on the breathing vibrations of a thin pressurised cylindrical
shell .";0.352314411779634;False
138;"has the effect of initial stresses,  on the frequencies of vibration of
circular cylindrical shells,  been investigated .";5;841;"on the bending of circular cylindrical shells under
pure bending .";0.34792029468393476;False
138;"has the effect of initial stresses,  on the frequencies of vibration of
circular cylindrical shells,  been investigated .";6;846;"on the vibration of thin cylindrical shells under internal
pressure .";0.3267437812863001;True
138;"has the effect of initial stresses,  on the frequencies of vibration of
circular cylindrical shells,  been investigated .";7;887;"buckling due to thermal stress of cylindrical shells
subjected to axial temperature distributions .";0.3223902907140868;False
138;"has the effect of initial stresses,  on the frequencies of vibration of
circular cylindrical shells,  been investigated .";8;764;"breathing vibrations of a circular shell with an internal
liquid .";0.31973090791998543;False
138;"has the effect of initial stresses,  on the frequencies of vibration of
circular cylindrical shells,  been investigated .";9;844;"flexural vibrations of the walls of thin cylindrical
shells having freely supported ends .";0.3075814233463652;False
138;"has the effect of initial stresses,  on the frequencies of vibration of
circular cylindrical shells,  been investigated .";10;769;"local circumferential buckling of thin circular cylindrical
shells .";0.28483883145157474;False
139;"has the effect of the change of initial pressure due to deformation,  on
the frequencies of vibration of circular cylindrical shells been
investigated .";1;847;"experimental study of the vibrations of a circular
cylindrical shell .";0.4129121376207837;False
139;"has the effect of the change of initial pressure due to deformation,  on
the frequencies of vibration of circular cylindrical shells been
investigated .";2;953;"vibrations of infinitely long cylindrical shells under
initial stress .";0.37320629245979897;False
139;"has the effect of the change of initial pressure due to deformation,  on
the frequencies of vibration of circular cylindrical shells been
investigated .";3;897;"some results on buckling and postbuckling of cylindrical
shells .";0.35942138705427146;False
139;"has the effect of the change of initial pressure due to deformation,  on
the frequencies of vibration of circular cylindrical shells been
investigated .";4;763;"effects of internal pressure on the buckling of circular-cylindrical
shells under bending.";0.3164053413552118;False
139;"has the effect of the change of initial pressure due to deformation,  on
the frequencies of vibration of circular cylindrical shells been
investigated .";5;848;"the effect of an internal compressible fluid column
on the breathing vibrations of a thin pressurised cylindrical
shell .";0.3145916661700266;False
139;"has the effect of the change of initial pressure due to deformation,  on
the frequencies of vibration of circular cylindrical shells been
investigated .";6;846;"on the vibration of thin cylindrical shells under internal
pressure .";0.30225904744789256;False
139;"has the effect of the change of initial pressure due to deformation,  on
the frequencies of vibration of circular cylindrical shells been
investigated .";7;1038;on transverse vibrations of thin, shallow elastic shells .;0.2925892620174799;False
139;"has the effect of the change of initial pressure due to deformation,  on
the frequencies of vibration of circular cylindrical shells been
investigated .";8;887;"buckling due to thermal stress of cylindrical shells
subjected to axial temperature distributions .";0.2876249091197459;False
139;"has the effect of the change of initial pressure due to deformation,  on
the frequencies of vibration of circular cylindrical shells been
investigated .";9;844;"flexural vibrations of the walls of thin cylindrical
shells having freely supported ends .";0.28406825252398793;False
139;"has the effect of the change of initial pressure due to deformation,  on
the frequencies of vibration of circular cylindrical shells been
investigated .";10;764;"breathing vibrations of a circular shell with an internal
liquid .";0.2765320856545812;False
14;papers on shock-sound wave interaction .;1;64;"unsteady oblique interaction of a shock wave with plane
disturbances .";0.4017432033482485;True
14;papers on shock-sound wave interaction .;2;335;"the interaction between boundary layer and shock waves in transonic
flow .";0.3185783529439075;False
14;papers on shock-sound wave interaction .;3;256;"an experimental study of the glancing interaction between
a shock wave and a turbulent boundary layer .";0.2920822952081053;False
14;papers on shock-sound wave interaction .;4;291;"sweepback effects in the turbulent boundary-layer shock-wave
interaction .";0.29186280094765704;False
14;papers on shock-sound wave interaction .;5;170;"the interaction of a reflected shock wave with the
boundary layer in a shock tube .";0.27621911020331164;False
14;papers on shock-sound wave interaction .;6;1364;"an experimental investigation of the interaction between shock waves and
 boundary layers .";0.27617199894273003;False
14;papers on shock-sound wave interaction .;7;345;"the interaction of shock waves with boundary layer
on a flat surface .";0.2761226210793918;False
14;papers on shock-sound wave interaction .;8;402;magnetohydrodynamics shocks .;0.2696275984155604;False
14;papers on shock-sound wave interaction .;9;65;"convection of a pattern of vorticity through a shock
wave .";0.24954937814922662;True
14;papers on shock-sound wave interaction .;10;265;"some instabilities arising from the interaction between
shock waves and boundary layer .";0.22860148566492347;False
140;"what are the discontinuity stresses at junctions in pressurized
structures .";1;954;"analysis of stress at several junctions in pressurized
shells .";0.4707020337014914;False
140;"what are the discontinuity stresses at junctions in pressurized
structures .";2;1038;on transverse vibrations of thin, shallow elastic shells .;0.24193626989416983;True
140;"what are the discontinuity stresses at junctions in pressurized
structures .";3;887;"buckling due to thermal stress of cylindrical shells
subjected to axial temperature distributions .";0.21956280832129776;False
140;"what are the discontinuity stresses at junctions in pressurized
structures .";4;890;comments on 'thermal buckling of clamped cylindrical shells' .;0.21527445927275576;False
140;"what are the discontinuity stresses at junctions in pressurized
structures .";5;922;"supersonic flow past slender bodies of revolution,
slope of whose median section is discontinuous .";0.2028587259300847;False
140;"what are the discontinuity stresses at junctions in pressurized
structures .";6;1039;on transverse vibrations of thin, shallow elastic shells .;0.17688941459301957;True
140;"what are the discontinuity stresses at junctions in pressurized
structures .";7;1202;"uniformly valid second-order solution for supersonic
flow over cruciform surfaces .";0.16800407139074708;False
140;"what are the discontinuity stresses at junctions in pressurized
structures .";8;726;on structural fatigue under random loading .;0.16139716035893478;False
140;"what are the discontinuity stresses at junctions in pressurized
structures .";9;497;"theoretical and experimental investigation of thermal
stresses in hypersonic aircraft wing structures .";0.15472822051062768;False
140;"what are the discontinuity stresses at junctions in pressurized
structures .";10;146;"supersonic flow past slender bodies with discontinuous
profile slope .";0.14802998656760294;False
141;"what analytical solutions are available for stresses in edge-loaded
shells of revolution .";1;843;"a simplified method of elastic stability analysis for
thin cylindrical shells .";0.25401762130195626;False
141;"what analytical solutions are available for stresses in edge-loaded
shells of revolution .";2;889;"a simplified method of elastic stability analysis for
thin cylindrical shells .";0.24095385523107388;False
141;"what analytical solutions are available for stresses in edge-loaded
shells of revolution .";3;1043;on transverse vibrations of thin, shallow elastic shells .;0.23587432611182022;True
141;"what analytical solutions are available for stresses in edge-loaded
shells of revolution .";4;851;"energy expressions and differential equations for stress
and displacement analysis of arbitrary cylindrical
shells .";0.23127849526309285;False
141;"what analytical solutions are available for stresses in edge-loaded
shells of revolution .";5;424;cantilever plate with concentrated edge load .;0.2249147836798471;False
141;"what analytical solutions are available for stresses in edge-loaded
shells of revolution .";6;1135;"limit analysis of symmetrically loaded thin shells
of revolution .";0.22385000495312005;False
141;"what analytical solutions are available for stresses in edge-loaded
shells of revolution .";7;852;"stress and displacement analysis of simply supported
non- circular cylindrical shell under lateral pressure .";0.2208890168453731;False
141;"what analytical solutions are available for stresses in edge-loaded
shells of revolution .";8;930;"general theory of large deflections of thin shells
with special applications to conical shells .";0.21972276494236728;False
141;"what analytical solutions are available for stresses in edge-loaded
shells of revolution .";9;887;"buckling due to thermal stress of cylindrical shells
subjected to axial temperature distributions .";0.21611883415864874;False
141;"what analytical solutions are available for stresses in edge-loaded
shells of revolution .";10;736;the bending of a wedge shaped plate .;0.20817703424855152;False
142;"what dome contours minimize discontinuity stresses when used as closures
on cylindrical pressure vessels .";1;954;"analysis of stress at several junctions in pressurized
shells .";0.2969141970862197;False
142;"what dome contours minimize discontinuity stresses when used as closures
on cylindrical pressure vessels .";2;887;"buckling due to thermal stress of cylindrical shells
subjected to axial temperature distributions .";0.17586404381859275;False
142;"what dome contours minimize discontinuity stresses when used as closures
on cylindrical pressure vessels .";3;827;"a nonlinear theory of bending and buckling of thin
elastic shallow spherical shells .";0.162768206695241;False
142;"what dome contours minimize discontinuity stresses when used as closures
on cylindrical pressure vessels .";4;1136;"design of thin walled torispherical and toriconical
pressure - vessel heads .";0.1455997856395283;False
142;"what dome contours minimize discontinuity stresses when used as closures
on cylindrical pressure vessels .";5;741;"the behaviour of thin cylindrical shells after buckling
under axial compression .";0.13635781364592114;False
142;"what dome contours minimize discontinuity stresses when used as closures
on cylindrical pressure vessels .";6;1125;"collapse by instability of thin cylindrical shells
under external pressure .";0.13475705942741145;False
142;"what dome contours minimize discontinuity stresses when used as closures
on cylindrical pressure vessels .";7;1175;"stresses from local loadings in cylindrical pressure
vessels .";0.13160280446316522;False
142;"what dome contours minimize discontinuity stresses when used as closures
on cylindrical pressure vessels .";8;1135;"limit analysis of symmetrically loaded thin shells
of revolution .";0.13122958242451427;False
142;"what dome contours minimize discontinuity stresses when used as closures
on cylindrical pressure vessels .";9;769;"local circumferential buckling of thin circular cylindrical
shells .";0.13010153191629323;False
142;"what dome contours minimize discontinuity stresses when used as closures
on cylindrical pressure vessels .";10;1134;torispherical shells - a caution to designers .;0.129749588323894;False
143;"what general solutions for the stresses in pressurized shells of
revolution are available .";1;930;"general theory of large deflections of thin shells
with special applications to conical shells .";0.30040427856005675;False
143;"what general solutions for the stresses in pressurized shells of
revolution are available .";2;1043;on transverse vibrations of thin, shallow elastic shells .;0.2845588543677926;True
143;"what general solutions for the stresses in pressurized shells of
revolution are available .";3;953;"vibrations of infinitely long cylindrical shells under
initial stress .";0.2564768483562332;False
143;"what general solutions for the stresses in pressurized shells of
revolution are available .";4;1135;"limit analysis of symmetrically loaded thin shells
of revolution .";0.21814103585968214;False
143;"what general solutions for the stresses in pressurized shells of
revolution are available .";5;1171;"the stability under axial compression and lateral pressure
of circular cylindrical shells with a soft elastic
core .";0.21661674820209498;False
143;"what general solutions for the stresses in pressurized shells of
revolution are available .";6;1129;"general instability of a ring stiffened circular cylindrical
shell under hydrostatic pressure .";0.2154429298351739;False
143;"what general solutions for the stresses in pressurized shells of
revolution are available .";7;887;"buckling due to thermal stress of cylindrical shells
subjected to axial temperature distributions .";0.2149188993689846;False
143;"what general solutions for the stresses in pressurized shells of
revolution are available .";8;885;"buckling of thin cylindrical shells under hoop stresses
varying in axial direction .";0.21373908741514358;False
143;"what general solutions for the stresses in pressurized shells of
revolution are available .";9;954;"analysis of stress at several junctions in pressurized
shells .";0.2131603498032472;False
143;"what general solutions for the stresses in pressurized shells of
revolution are available .";10;1044;on the theory of thin elastic shells .;0.2129683442314563;True
144;"can studies of pure membrane cylinders having no wall bending stiffness
but maintaining their shape by virtue of internal pressure provide any
insight into the behaviour of pressurized cylinders with finite wall
stiffness .";1;1045;the bending strength of pressurized cylinders .;0.35630669096564854;True
144;"can studies of pure membrane cylinders having no wall bending stiffness
but maintaining their shape by virtue of internal pressure provide any
insight into the behaviour of pressurized cylinders with finite wall
stiffness .";2;955;"the membrane approach to bending instability of pressureized
cylindrical shells .";0.28805479458581795;False
144;"can studies of pure membrane cylinders having no wall bending stiffness
but maintaining their shape by virtue of internal pressure provide any
insight into the behaviour of pressurized cylinders with finite wall
stiffness .";3;763;"effects of internal pressure on the buckling of circular-cylindrical
shells under bending.";0.26160318401363153;True
144;"can studies of pure membrane cylinders having no wall bending stiffness
but maintaining their shape by virtue of internal pressure provide any
insight into the behaviour of pressurized cylinders with finite wall
stiffness .";4;840;analysis of partly wrinkled membrane .;0.21887246290545267;True
144;"can studies of pure membrane cylinders having no wall bending stiffness
but maintaining their shape by virtue of internal pressure provide any
insight into the behaviour of pressurized cylinders with finite wall
stiffness .";5;839;"the bending stability of thin-- walled unstiffened
circular cylinders including the effects of internal
pressure .";0.2179437565618763;True
144;"can studies of pure membrane cylinders having no wall bending stiffness
but maintaining their shape by virtue of internal pressure provide any
insight into the behaviour of pressurized cylinders with finite wall
stiffness .";6;854;"boundary-value problems of the thin-walled circular
cylinder .";0.21572882288041206;False
144;"can studies of pure membrane cylinders having no wall bending stiffness
but maintaining their shape by virtue of internal pressure provide any
insight into the behaviour of pressurized cylinders with finite wall
stiffness .";7;1363;"a characteristic type of instability in the large deflections
of elastic plates .";0.2117908853201741;False
144;"can studies of pure membrane cylinders having no wall bending stiffness
but maintaining their shape by virtue of internal pressure provide any
insight into the behaviour of pressurized cylinders with finite wall
stiffness .";8;838;"bending and compression tests of pressurised ring-stiffened
cylinders .";0.20267005148808076;True
144;"can studies of pure membrane cylinders having no wall bending stiffness
but maintaining their shape by virtue of internal pressure provide any
insight into the behaviour of pressurized cylinders with finite wall
stiffness .";9;1340;"method of controlling stiffness properties of a solid-construction
model wing .";0.20073545755812233;False
144;"can studies of pure membrane cylinders having no wall bending stiffness
but maintaining their shape by virtue of internal pressure provide any
insight into the behaviour of pressurized cylinders with finite wall
stiffness .";10;1046;the bending strength of pressurized cylinders .;0.19789283119170958;False
145;"what are the best experimental data and classical small deflection
theory analyses available for pressurized cylinders in bending .";1;1045;the bending strength of pressurized cylinders .;0.36933532366368194;True
145;"what are the best experimental data and classical small deflection
theory analyses available for pressurized cylinders in bending .";2;1051;"the stability of thin-walled unstiffened circular cylinders
under axial compression including the effects of internal
pressure .";0.2807881616956349;False
145;"what are the best experimental data and classical small deflection
theory analyses available for pressurized cylinders in bending .";3;839;"the bending stability of thin-- walled unstiffened
circular cylinders including the effects of internal
pressure .";0.24779953466490162;True
145;"what are the best experimental data and classical small deflection
theory analyses available for pressurized cylinders in bending .";4;838;"bending and compression tests of pressurised ring-stiffened
cylinders .";0.24349336738964716;True
145;"what are the best experimental data and classical small deflection
theory analyses available for pressurized cylinders in bending .";5;763;"effects of internal pressure on the buckling of circular-cylindrical
shells under bending.";0.238076915371885;True
145;"what are the best experimental data and classical small deflection
theory analyses available for pressurized cylinders in bending .";6;1046;the bending strength of pressurized cylinders .;0.22607959128954214;False
145;"what are the best experimental data and classical small deflection
theory analyses available for pressurized cylinders in bending .";7;1118;elastic stability of orthotropic shells .;0.20225732486000067;False
145;"what are the best experimental data and classical small deflection
theory analyses available for pressurized cylinders in bending .";8;1126;"an engineer's conceptual approach to the buckling of
cylindrical shell (axial loading) .";0.1892575503336752;False
145;"what are the best experimental data and classical small deflection
theory analyses available for pressurized cylinders in bending .";9;1048;a small deflection theory for curved sandwich plates .;0.18149111677425236;False
145;"what are the best experimental data and classical small deflection
theory analyses available for pressurized cylinders in bending .";10;827;"a nonlinear theory of bending and buckling of thin
elastic shallow spherical shells .";0.17930957278385856;False
146;"does a membrane theory exist by which the behaviour of pressurized
membrane cylinders in bending can be predicted .";1;1045;the bending strength of pressurized cylinders .;0.5551825531326325;True
146;"does a membrane theory exist by which the behaviour of pressurized
membrane cylinders in bending can be predicted .";2;955;"the membrane approach to bending instability of pressureized
cylindrical shells .";0.460216490795418;False
146;"does a membrane theory exist by which the behaviour of pressurized
membrane cylinders in bending can be predicted .";3;840;analysis of partly wrinkled membrane .;0.3686198992732746;True
146;"does a membrane theory exist by which the behaviour of pressurized
membrane cylinders in bending can be predicted .";4;641;"reduction of the clamped plate to two membrane problems
with an application to uniformly loaded sectors .";0.293962955033095;False
146;"does a membrane theory exist by which the behaviour of pressurized
membrane cylinders in bending can be predicted .";5;854;"boundary-value problems of the thin-walled circular
cylinder .";0.2795261655184927;False
146;"does a membrane theory exist by which the behaviour of pressurized
membrane cylinders in bending can be predicted .";6;730;on the bending of a clamped plate .;0.23088743631033934;False
146;"does a membrane theory exist by which the behaviour of pressurized
membrane cylinders in bending can be predicted .";7;1175;"stresses from local loadings in cylindrical pressure
vessels .";0.21463239758711922;False
146;"does a membrane theory exist by which the behaviour of pressurized
membrane cylinders in bending can be predicted .";8;1046;the bending strength of pressurized cylinders .;0.1738503147580714;False
146;"does a membrane theory exist by which the behaviour of pressurized
membrane cylinders in bending can be predicted .";9;763;"effects of internal pressure on the buckling of circular-cylindrical
shells under bending.";0.1705056446422174;False
146;"does a membrane theory exist by which the behaviour of pressurized
membrane cylinders in bending can be predicted .";10;838;"bending and compression tests of pressurised ring-stiffened
cylinders .";0.16175648488360653;False
147;"what are the equations which define the stability of simply supported
corrugated core sandwich cylinders .";1;1050;"compressive buckling of simply supported curved plates
and cylinders of sandwich construction .";0.5917407157947755;True
147;"what are the equations which define the stability of simply supported
corrugated core sandwich cylinders .";2;956;"elastic stability of simply supported corrugated core
sand- wich cylinders .";0.5753747823134528;False
147;"what are the equations which define the stability of simply supported
corrugated core sandwich cylinders .";3;1049;elastic constants for corrugated core sandwich plates .;0.46252023576168555;True
147;"what are the equations which define the stability of simply supported
corrugated core sandwich cylinders .";4;1069;"design and testing of honeycomb sandwich cylinders
under axial compression .";0.26962593448466615;False
147;"what are the equations which define the stability of simply supported
corrugated core sandwich cylinders .";5;1358;"compressive buckling of simply supported plates with
transverse stiffeners .";0.2616520925328953;False
147;"what are the equations which define the stability of simply supported
corrugated core sandwich cylinders .";6;1171;"the stability under axial compression and lateral pressure
of circular cylindrical shells with a soft elastic
core .";0.24036772742616178;False
147;"what are the equations which define the stability of simply supported
corrugated core sandwich cylinders .";7;1128;face wrinkling and core strength in sandwich construction .;0.23553691276291158;False
147;"what are the equations which define the stability of simply supported
corrugated core sandwich cylinders .";8;1145;"buckling of core-stabilized cylinders under axisymmetric external
loads .";0.2305982045402847;False
147;"what are the equations which define the stability of simply supported
corrugated core sandwich cylinders .";9;761;buckling of sandwich under normal pressure .;0.22036786588115592;False
147;"what are the equations which define the stability of simply supported
corrugated core sandwich cylinders .";10;843;"a simplified method of elastic stability analysis for
thin cylindrical shells .";0.2144454291569568;True
148;papers on small deflection theory for buckling of sandwich cylinders .;1;1048;a small deflection theory for curved sandwich plates .;0.5748186940482345;True
148;papers on small deflection theory for buckling of sandwich cylinders .;2;1050;"compressive buckling of simply supported curved plates
and cylinders of sandwich construction .";0.4289372096279647;True
148;papers on small deflection theory for buckling of sandwich cylinders .;3;956;"elastic stability of simply supported corrugated core
sand- wich cylinders .";0.3530378243604171;False
148;papers on small deflection theory for buckling of sandwich cylinders .;4;761;buckling of sandwich under normal pressure .;0.34811486538952663;False
148;papers on small deflection theory for buckling of sandwich cylinders .;5;1126;"an engineer's conceptual approach to the buckling of
cylindrical shell (axial loading) .";0.310947971115084;False
148;papers on small deflection theory for buckling of sandwich cylinders .;6;1127;the buckling of sandwich type panels .;0.2678876913842463;False
148;papers on small deflection theory for buckling of sandwich cylinders .;7;1049;elastic constants for corrugated core sandwich plates .;0.2619699145321512;True
148;papers on small deflection theory for buckling of sandwich cylinders .;8;1069;"design and testing of honeycomb sandwich cylinders
under axial compression .";0.25581419555219126;False
148;papers on small deflection theory for buckling of sandwich cylinders .;9;826;small bending and stretching of sandwich type shells .;0.25192085419436305;False
148;papers on small deflection theory for buckling of sandwich cylinders .;10;642;"the buckling strength of a uniform circular cylinder
loaded in axial compression .";0.2402481131111694;False
149;"has anyone developed an analysis which accurately establishes the large
deflection behaviour of conical shells .";1;930;"general theory of large deflections of thin shells
with special applications to conical shells .";0.3574333609607835;True
149;"has anyone developed an analysis which accurately establishes the large
deflection behaviour of conical shells .";2;1070;buckling of orthotropic and stiffened conical shells .;0.2680423526268813;False
149;"has anyone developed an analysis which accurately establishes the large
deflection behaviour of conical shells .";3;926;"post buckling behaviour of circular cylinderical shells
under hydrostatic pressure .";0.2449507460884572;False
149;"has anyone developed an analysis which accurately establishes the large
deflection behaviour of conical shells .";4;1058;the conical disk spring .;0.2306212456947658;True
149;"has anyone developed an analysis which accurately establishes the large
deflection behaviour of conical shells .";5;931;stability equations for conical shells .;0.21724736077287093;True
149;"has anyone developed an analysis which accurately establishes the large
deflection behaviour of conical shells .";6;898;"a survey of buckling theory and experiment for circular
conical shells of constant thickness .";0.2041085669397003;False
149;"has anyone developed an analysis which accurately establishes the large
deflection behaviour of conical shells .";7;1068;"instability analysis of cylindrical shells under hydrostatic
pressure .";0.20114274968666393;False
149;"has anyone developed an analysis which accurately establishes the large
deflection behaviour of conical shells .";8;741;"the behaviour of thin cylindrical shells after buckling
under axial compression .";0.18684979592860435;False
149;"has anyone developed an analysis which accurately establishes the large
deflection behaviour of conical shells .";9;1363;"a characteristic type of instability in the large deflections
of elastic plates .";0.1825439656798817;False
149;"has anyone developed an analysis which accurately establishes the large
deflection behaviour of conical shells .";10;935;"buckling of thin single- and multi-layer conical and cylindrical
shells with rotationally symmetric stresses .";0.17809593627702522;False
15;material properties of photoelastic materials .;1;462;photo-thermoelasticity .;0.2925359327083481;True
15;material properties of photoelastic materials .;2;1099;a theoretical study of stagnation point ablation .;0.17803983632700737;False
15;material properties of photoelastic materials .;3;761;buckling of sandwich under normal pressure .;0.1710595969520162;False
15;material properties of photoelastic materials .;4;463;"physical properties of plastics for photo-thermoelastic
investigation .";0.1688302296869626;True
15;material properties of photoelastic materials .;5;1025;note on creep buckling of columns .;0.16269508871662774;False
15;material properties of photoelastic materials .;6;1340;"method of controlling stiffness properties of a solid-construction
model wing .";0.15335706099194882;False
15;material properties of photoelastic materials .;7;553;"ablation of glassy materials around blunt bodies of
revolution .";0.14834907110338333;False
15;material properties of photoelastic materials .;8;1043;on transverse vibrations of thin, shallow elastic shells .;0.1481207421741227;False
15;material properties of photoelastic materials .;9;1096;"qualitative measurements of the effective heats of
ablation of several materials in supersonic air jets
at stagnation temperature up to 11,000 f.";0.14321756205632039;False
15;material properties of photoelastic materials .;10;542;biot's variational principle in heat conduction .;0.13793568350924804;False
150;"what is the magnitude of second-order wing-body interference
at high supersonic mach number .";1;1062;"an experimental and theoretical investigation of second-order
wing-body interference at high mach number .";0.5776363995399313;False
150;"what is the magnitude of second-order wing-body interference
at high supersonic mach number .";2;1074;"theoretical and experimental investigation of second-order supersonic
wing-body interference .";0.5022589172495278;True
150;"what is the magnitude of second-order wing-body interference
at high supersonic mach number .";3;1075;"an experimental and theoretical investigation of second-order supersonic
 wing-body interference, for a non-lifting body with wings at incidence .";0.42987871218583823;True
150;"what is the magnitude of second-order wing-body interference
at high supersonic mach number .";4;1243;supersonic boom of wing-body configurations .;0.2776123032172542;False
150;"what is the magnitude of second-order wing-body interference
at high supersonic mach number .";5;923;"methods for estimating lift interference of wing-body
combinations at supersonic speeds .";0.27527172540268674;False
150;"what is the magnitude of second-order wing-body interference
at high supersonic mach number .";6;672;tunnel interference effects .;0.24773418328757157;False
150;"what is the magnitude of second-order wing-body interference
at high supersonic mach number .";7;1259;"second-order theory for unsteady supersonic flow past
slender pointed bodies of revolution .";0.23986649612439365;False
150;"what is the magnitude of second-order wing-body interference
at high supersonic mach number .";8;231;"practical calculation of second-order supersonic flow
past non-lifting bodies of revolution .";0.2388627629722059;False
150;"what is the magnitude of second-order wing-body interference
at high supersonic mach number .";9;1108;a study of second-order supersonic flow theory .;0.22889329460823712;False
150;"what is the magnitude of second-order wing-body interference
at high supersonic mach number .";10;124;"a summary of the supersonic pressure drag of bodies
of revolution .";0.22676083269341282;False
151;"what is the best theoretical method for calculating pressure on the
surface of a wing alone .";1;1062;"an experimental and theoretical investigation of second-order
wing-body interference at high mach number .";0.19436678183584494;False
151;"what is the best theoretical method for calculating pressure on the
surface of a wing alone .";2;251;"a collection of longitudinal stability derivatives
of wings at supersonic speeds .";0.18114767647327393;False
151;"what is the best theoretical method for calculating pressure on the
surface of a wing alone .";3;433;"application of two dimensional vortex theory to the
prediction of flow fields behind wings of wing-body
combinations at subsonic and supersonic speeds .";0.17333972290282493;False
151;"what is the best theoretical method for calculating pressure on the
surface of a wing alone .";4;678;the effect of end plates on swept wings .;0.16585326110033233;False
151;"what is the best theoretical method for calculating pressure on the
surface of a wing alone .";5;676;"a simple method for calculating the span and chordwise loading on
straight and swept wings of any aspect ratio at subsonic speeds .";0.16381015974536;False
151;"what is the best theoretical method for calculating pressure on the
surface of a wing alone .";6;225;elliptic cones alone and with wings at supersonic speeds .;0.16189592191101748;False
151;"what is the best theoretical method for calculating pressure on the
surface of a wing alone .";7;465;slender delta wings with sharp edges at zero lift .;0.15895797485931265;False
151;"what is the best theoretical method for calculating pressure on the
surface of a wing alone .";8;287;"some theoretical low-speed loading characteristics
of swept wings in roll and sideslip .";0.15338967200549786;False
151;"what is the best theoretical method for calculating pressure on the
surface of a wing alone .";9;101;"laminar heat transfer over blunt-nosed bodies at hypersonic flight
speeds .";0.15233320228359623;False
151;"what is the best theoretical method for calculating pressure on the
surface of a wing alone .";10;652;"pressure distribution on two dimensional wings near
the ground .";0.14405179000987672;False
152;"how can the effect of the boundary-layer on wing pressure be calculated,
and what is its magnitude .";1;671;"pressure and boundary-layer measurements on a two dimensional wing at
low speed .";0.3419588846445525;False
152;"how can the effect of the boundary-layer on wing pressure be calculated,
and what is its magnitude .";2;336;"simplified laminar boundary layer calculations for
bodies of revolution and for yawed wings .";0.2661403867735116;False
152;"how can the effect of the boundary-layer on wing pressure be calculated,
and what is its magnitude .";3;1225;"the effect of adverse pressure gradients on the characteristics of
turbulent boundary layers in supersonic streams .";0.22784210423843415;False
152;"how can the effect of the boundary-layer on wing pressure be calculated,
and what is its magnitude .";4;1076;"an approximate method for determining the displacement effects and
viscous drag of laminar boundary layers in two-dimensional hypersonic
flow .";0.22534511080084207;True
152;"how can the effect of the boundary-layer on wing pressure be calculated,
and what is its magnitude .";5;1355;"boundary layer displacement effects in air at mach
numbers of 6. 8 and 9. 6.";0.22365771734498638;False
152;"how can the effect of the boundary-layer on wing pressure be calculated,
and what is its magnitude .";6;652;"pressure distribution on two dimensional wings near
the ground .";0.21450577534518833;False
152;"how can the effect of the boundary-layer on wing pressure be calculated,
and what is its magnitude .";7;3;the boundary layer in simple shear flow past a flat plate .;0.21306059468962313;False
152;"how can the effect of the boundary-layer on wing pressure be calculated,
and what is its magnitude .";8;333;"boundary-layer interaction on a yawed infinite wing in hypersonic
flow .";0.2130458886394766;False
152;"how can the effect of the boundary-layer on wing pressure be calculated,
and what is its magnitude .";9;678;the effect of end plates on swept wings .;0.2072457523200864;False
152;"how can the effect of the boundary-layer on wing pressure be calculated,
and what is its magnitude .";10;547;boundary layer characteristics of caret wings .;0.20646621763788933;False
153;how should the navier-stokes difference equations be solved .;1;1063;"on obtaining solutions to the navier-stokes equations
with high speed digital computers .";0.5439072513167476;False
153;how should the navier-stokes difference equations be solved .;2;1085;"note on the convergence of numerical solutions of the navier-stokes
equations .";0.41969347013122915;True
153;how should the navier-stokes difference equations be solved .;3;1081;"numerical solution of the navier-stokes equations for the flow around a
circular cylinder at reynolds number 40 .";0.37571588114335597;True
153;how should the navier-stokes difference equations be solved .;4;228;navier-stokes solutions at large distances from a finite body .;0.3111529096567292;False
153;how should the navier-stokes difference equations be solved .;5;1082;"the flow past pitot tube at low reynolds numbers, part 1-dash the
numerical solution of the navier-stokes equations for steady viscous
axisymmetric flow, part 2-dash the effects of viscosity and orifice
size on a pitot tube at low reynolds numbers .";0.28918331086268895;True
153;how should the navier-stokes difference equations be solved .;6;393;the shear flow along a flat plate with uniform suction .;0.2604047977301317;False
153;how should the navier-stokes difference equations be solved .;7;117;the motion of a viscous liquid past a paraboloid .;0.2398664514942729;False
153;how should the navier-stokes difference equations be solved .;8;323;"vorticity interaction at an axisymmetric stagnation
point in a viscous incompressible fluid .";0.22287687602038236;False
153;how should the navier-stokes difference equations be solved .;9;394;"the viscous flow near a stagnation point when the external flow has
uniform vorticity .";0.21936025410065502;False
153;how should the navier-stokes difference equations be solved .;10;149;"expansions at small reynolds number for the flow past
a sphere and a circular cylinder .";0.21385220926521817;False
154;"which  iterative method for solving linear elliptic
difference equations is most rapidly convergent .";1;832;accelerating convergence of iteration processes .;0.4362790805197556;False
154;"which  iterative method for solving linear elliptic
difference equations is most rapidly convergent .";2;1088;"iterative methods for solving partial difference equations of elliptic
type .";0.40496644185929404;True
154;"which  iterative method for solving linear elliptic
difference equations is most rapidly convergent .";3;1054;"iterative solutions for the non-linear bending of circular
plates .";0.32743662438895704;False
154;"which  iterative method for solving linear elliptic
difference equations is most rapidly convergent .";4;1087;"convergence rates of iterative treatments of partial differential
equations .";0.30173023998175486;True
154;"which  iterative method for solving linear elliptic
difference equations is most rapidly convergent .";5;1262;"an extension of the linearized characteristics method
for calculating the supersonic flow around elliptic
cones .";0.2305240956746263;False
154;"which  iterative method for solving linear elliptic
difference equations is most rapidly convergent .";6;1086;"a note on the numerical solution of fourth order differential
equations .";0.22866064228775157;False
154;"which  iterative method for solving linear elliptic
difference equations is most rapidly convergent .";7;111;"the laminar boundary layer equation: a method of solution
by means of an automatic computer .";0.2216707418911815;False
154;"which  iterative method for solving linear elliptic
difference equations is most rapidly convergent .";8;1055;non-linear bending and buckling of circular plates .;0.21875177381845262;False
154;"which  iterative method for solving linear elliptic
difference equations is most rapidly convergent .";9;1063;"on obtaining solutions to the navier-stokes equations
with high speed digital computers .";0.21021623400501754;False
154;"which  iterative method for solving linear elliptic
difference equations is most rapidly convergent .";10;1108;a study of second-order supersonic flow theory .;0.2036442620511894;False
155;technical report on measurement of ablation during flight .;1;1065;"a free-flight investigation of ablation of a blunt
body to a mach number of 13 .1.";0.27977395313799563;False
155;technical report on measurement of ablation during flight .;2;1101;a sensor for obtaining ablation rates .;0.2728203155417501;True
155;technical report on measurement of ablation during flight .;3;1099;a theoretical study of stagnation point ablation .;0.27159167222800085;True
155;technical report on measurement of ablation during flight .;4;553;"ablation of glassy materials around blunt bodies of
revolution .";0.24626509579877456;False
155;technical report on measurement of ablation during flight .;5;1100;an analytical investigation of ablation .;0.21654604661954974;True
155;technical report on measurement of ablation during flight .;6;1096;"qualitative measurements of the effective heats of
ablation of several materials in supersonic air jets
at stagnation temperature up to 11,000 f.";0.18920100890151517;False
155;technical report on measurement of ablation during flight .;7;1241;"the turbulent boundary layer on chemically active ablating
surfaces .";0.18295783364349139;False
155;technical report on measurement of ablation during flight .;8;1097;experimental ablation cooling .;0.1744967571226524;False
155;technical report on measurement of ablation during flight .;9;1098;"an experimental investigation of ablating material
at low and high enthalpy potentials .";0.16898850124088283;False
155;technical report on measurement of ablation during flight .;10;587;variational analysis of ablation .;0.15386996360861227;False
156;"what qualitative and quantitative material is available on ablation
materials research .";1;1099;a theoretical study of stagnation point ablation .;0.3307408545939364;True
156;"what qualitative and quantitative material is available on ablation
materials research .";2;1096;"qualitative measurements of the effective heats of
ablation of several materials in supersonic air jets
at stagnation temperature up to 11,000 f.";0.31451825842262066;True
156;"what qualitative and quantitative material is available on ablation
materials research .";3;553;"ablation of glassy materials around blunt bodies of
revolution .";0.2982211023345809;True
156;"what qualitative and quantitative material is available on ablation
materials research .";4;1100;an analytical investigation of ablation .;0.2637069978263651;True
156;"what qualitative and quantitative material is available on ablation
materials research .";5;1065;"a free-flight investigation of ablation of a blunt
body to a mach number of 13 .1.";0.26347601577658836;False
156;"what qualitative and quantitative material is available on ablation
materials research .";6;1097;experimental ablation cooling .;0.249191418651442;True
156;"what qualitative and quantitative material is available on ablation
materials research .";7;1098;"an experimental investigation of ablating material
at low and high enthalpy potentials .";0.2463314475513393;True
156;"what qualitative and quantitative material is available on ablation
materials research .";8;818;"a quantitative comparison of flow and deformation theories
of plasticity .";0.15968456972196401;False
156;"what qualitative and quantitative material is available on ablation
materials research .";9;1101;a sensor for obtaining ablation rates .;0.1550597624012146;True
156;"what qualitative and quantitative material is available on ablation
materials research .";10;761;buckling of sandwich under normal pressure .;0.14708906708895375;False
157;"have flow fields been calculated for blunt-nosed bodies and compared
with experiment for a wide range of free stream conditions and body
shapes .";1;1006;free-flight measurements of the static and dynamic .;0.3602799622504266;False
157;"have flow fields been calculated for blunt-nosed bodies and compared
with experiment for a wide range of free stream conditions and body
shapes .";2;1377;"theoretical investigation of the flow field about blunt
nosed bodies in supersonic flight .";0.2967796486403124;False
157;"have flow fields been calculated for blunt-nosed bodies and compared
with experiment for a wide range of free stream conditions and body
shapes .";3;25;inviscid hypersonic flow over blunt-nosed slender bodies .;0.2787612741528811;True
157;"have flow fields been calculated for blunt-nosed bodies and compared
with experiment for a wide range of free stream conditions and body
shapes .";4;318;inviscid hypersonic flow past blunt bodies .;0.27301384348540514;True
157;"have flow fields been calculated for blunt-nosed bodies and compared
with experiment for a wide range of free stream conditions and body
shapes .";5;421;"analytic study of induced pressure on long bodies of
revolution with varying nose bluntness at hypersonic
speeds .";0.2683197589859937;True
157;"have flow fields been calculated for blunt-nosed bodies and compared
with experiment for a wide range of free stream conditions and body
shapes .";6;556;"numerical comparison between exact and approximate
theories of hypersonic inviscid flow past slender blunt
nosed bodies .";0.26639574191114684;True
157;"have flow fields been calculated for blunt-nosed bodies and compared
with experiment for a wide range of free stream conditions and body
shapes .";7;666;blunt body heat transfer at hypersonic speed and low reynolds numbers .;0.26571407859977997;True
157;"have flow fields been calculated for blunt-nosed bodies and compared
with experiment for a wide range of free stream conditions and body
shapes .";8;160;"approximate analytical solutions for hypersonic flow
past slender power-law bodies .";0.26177453328156514;True
157;"have flow fields been calculated for blunt-nosed bodies and compared
with experiment for a wide range of free stream conditions and body
shapes .";9;332;"similitude of hypersonic real-gas flows over slender
bodies with blunted noses .";0.25909451716795884;False
157;"have flow fields been calculated for blunt-nosed bodies and compared
with experiment for a wide range of free stream conditions and body
shapes .";10;1234;"direct calculation of pressure distribution on blunt
hypersonic nose shapes with sharp corners .";0.25374618186522674;False
158;what are the available properties of high-temperature air .;1;302;"approximations for the thermodynamic and transport properties of high
temperature air .";0.30342184015559853;True
158;what are the available properties of high-temperature air .;2;949;"charts for equilibrium flow properties of air in
hyper-velocity nozzles .";0.21912201684827096;False
158;what are the available properties of high-temperature air .;3;552;chemical kinetics of high temperature air .;0.20479100253287327;True
158;what are the available properties of high-temperature air .;4;405;tables of thermal properties of gases .;0.18694357114547883;False
158;what are the available properties of high-temperature air .;5;691;"calculation procedure for thermodynamic transport, and flow properties
of the combustion products of a hydrocarbon fuel mixture burned in air
with results for ethylene-air and methane-air mixtures .";0.18378210881767326;False
158;what are the available properties of high-temperature air .;6;378;"engineering relations for friction and heat transfer to surfaces in high
 velocity flow .";0.18323875435134374;False
158;what are the available properties of high-temperature air .;7;328;"the boundary layer near the stagnation point in hypersonic
flow past a sphere .";0.17776136263101075;False
158;what are the available properties of high-temperature air .;8;1011;free-flight measurements of the static and dynamic .;0.1772063527617019;True
158;what are the available properties of high-temperature air .;9;1335;use of freon-12 as a fluid for aerodynamic testing .;0.171742660386865;False
158;what are the available properties of high-temperature air .;10;1230;"hypersonic nozzle expansion of air with atom recombination
present .";0.1713617280935723;False
159;"what is the magnitude of aerodynamic damping in flexible vibration modes
of a slender body of revolution characteristic of launch vehicles .";1;1066;"wind tunnel measurements of aerodynamic damping derivatives
of a launch vehicle vibrating in free-free bending
modes at mach numbers from 0. 70 to 2. 87 and comparisons
with theory .";0.40884810288008944;False
159;"what is the magnitude of aerodynamic damping in flexible vibration modes
of a slender body of revolution characteristic of launch vehicles .";2;1197;"unsteady aerodynamic forces on slender supersonic aircraft
with flexible wings and bodies .";0.25482976810330454;False
159;"what is the magnitude of aerodynamic damping in flexible vibration modes
of a slender body of revolution characteristic of launch vehicles .";3;1112;"unsteady aerodynamic forces on a slender body of revolution
in supersonic flow .";0.21763787738660134;True
159;"what is the magnitude of aerodynamic damping in flexible vibration modes
of a slender body of revolution characteristic of launch vehicles .";4;1259;"second-order theory for unsteady supersonic flow past
slender pointed bodies of revolution .";0.19906011937705223;False
159;"what is the magnitude of aerodynamic damping in flexible vibration modes
of a slender body of revolution characteristic of launch vehicles .";5;1115;"measurements of aerodynamic forces for various mean
angles of attack on an airfoil oscillating in pitch
and on two finite-span wings oscillating in bending
with emphasis on damping in the stall .";0.17309132662531668;True
159;"what is the magnitude of aerodynamic damping in flexible vibration modes
of a slender body of revolution characteristic of launch vehicles .";6;1339;"calculation of flutter characteristics for finite-span swept or unswept
wings at subsonic and supersonic speeds by a modified strip analysis .";0.1724094787348362;False
159;"what is the magnitude of aerodynamic damping in flexible vibration modes
of a slender body of revolution characteristic of launch vehicles .";7;801;"experimental study of the equivalence of transonic
flow about slender cone-cylinders of circular and elliptic
cross section .";0.17225162226127227;False
159;"what is the magnitude of aerodynamic damping in flexible vibration modes
of a slender body of revolution characteristic of launch vehicles .";8;849;"a theory of imperfection for the vibrations of elastic bodies of
revolution .";0.17050676373120077;False
159;"what is the magnitude of aerodynamic damping in flexible vibration modes
of a slender body of revolution characteristic of launch vehicles .";9;1287;"progress report on an experiment on the effect of surface
flexibility on the stability of laminar flow .";0.1671588438403037;False
159;"what is the magnitude of aerodynamic damping in flexible vibration modes
of a slender body of revolution characteristic of launch vehicles .";10;846;"on the vibration of thin cylindrical shells under internal
pressure .";0.16282297547710145;False
16;"can the transverse potential flow about a body of revolution be
calculated efficiently by an electronic computer .";1;106;the transverse potential flow past a body of revolution .;0.3790032725246237;True
16;"can the transverse potential flow about a body of revolution be
calculated efficiently by an electronic computer .";2;498;"calculation of potential flow about bodies of revolution
having axes perpendicular to the free-stream direction .";0.3786648807365378;False
16;"can the transverse potential flow about a body of revolution be
calculated efficiently by an electronic computer .";3;231;"practical calculation of second-order supersonic flow
past non-lifting bodies of revolution .";0.24058598104116882;False
16;"can the transverse potential flow about a body of revolution be
calculated efficiently by an electronic computer .";4;248;"the application of lighthill formula for numerical
calculation of pressure distributions on bodies of
revolution at supersonic speed and zero angle of attack .";0.22444683989320627;False
16;"can the transverse potential flow about a body of revolution be
calculated efficiently by an electronic computer .";5;494;"axisymmetric viscous flow plast very slender bodies
of revolution .";0.2138931691014829;False
16;"can the transverse potential flow about a body of revolution be
calculated efficiently by an electronic computer .";6;1255;the flow about a charged body moving in the lower atmosphere .;0.2126684306897106;False
16;"can the transverse potential flow about a body of revolution be
calculated efficiently by an electronic computer .";7;326;"forst-order slip effects on the compressible laminar
boundary layer over a slender body of revolution in
axial flow .";0.19463956952871148;False
16;"can the transverse potential flow about a body of revolution be
calculated efficiently by an electronic computer .";8;1328;"the production of aerodynamic forces by heat addition
on external surfaces of aircraft .";0.19328281522465376;False
16;"can the transverse potential flow about a body of revolution be
calculated efficiently by an electronic computer .";9;1112;"unsteady aerodynamic forces on a slender body of revolution
in supersonic flow .";0.19106835735723574;False
16;"can the transverse potential flow about a body of revolution be
calculated efficiently by an electronic computer .";10;814;stability derivatives of cones at supersonic speeds .;0.1775076048841025;False
160;"compressive circumferential stresses in a torispherical shell reveal
the possibility of buckling under internal pressure . has anyone
investigated for which ranges of shell parameters these stresses are
sufficiently large to cause elastic buckling .";1;1071;"stability of thin torispherical shells under uniform
internal pressure .";0.5095366865625081;False
160;"compressive circumferential stresses in a torispherical shell reveal
the possibility of buckling under internal pressure . has anyone
investigated for which ranges of shell parameters these stresses are
sufficiently large to cause elastic buckling .";2;887;"buckling due to thermal stress of cylindrical shells
subjected to axial temperature distributions .";0.321010779095625;False
160;"compressive circumferential stresses in a torispherical shell reveal
the possibility of buckling under internal pressure . has anyone
investigated for which ranges of shell parameters these stresses are
sufficiently large to cause elastic buckling .";3;885;"buckling of thin cylindrical shells under hoop stresses
varying in axial direction .";0.3192047808802649;False
160;"compressive circumferential stresses in a torispherical shell reveal
the possibility of buckling under internal pressure . has anyone
investigated for which ranges of shell parameters these stresses are
sufficiently large to cause elastic buckling .";4;769;"local circumferential buckling of thin circular cylindrical
shells .";0.31375184018088437;False
160;"compressive circumferential stresses in a torispherical shell reveal
the possibility of buckling under internal pressure . has anyone
investigated for which ranges of shell parameters these stresses are
sufficiently large to cause elastic buckling .";5;741;"the behaviour of thin cylindrical shells after buckling
under axial compression .";0.31362334970766564;False
160;"compressive circumferential stresses in a torispherical shell reveal
the possibility of buckling under internal pressure . has anyone
investigated for which ranges of shell parameters these stresses are
sufficiently large to cause elastic buckling .";6;1134;torispherical shells - a caution to designers .;0.29960645650379186;True
160;"compressive circumferential stresses in a torispherical shell reveal
the possibility of buckling under internal pressure . has anyone
investigated for which ranges of shell parameters these stresses are
sufficiently large to cause elastic buckling .";7;763;"effects of internal pressure on the buckling of circular-cylindrical
shells under bending.";0.29735150559356727;False
160;"compressive circumferential stresses in a torispherical shell reveal
the possibility of buckling under internal pressure . has anyone
investigated for which ranges of shell parameters these stresses are
sufficiently large to cause elastic buckling .";8;890;comments on 'thermal buckling of clamped cylindrical shells' .;0.2790306609553086;False
160;"compressive circumferential stresses in a torispherical shell reveal
the possibility of buckling under internal pressure . has anyone
investigated for which ranges of shell parameters these stresses are
sufficiently large to cause elastic buckling .";9;1172;"elastic stability of circular cylindrical shells stabilized
by a soft elastic core .";0.25694749927668387;False
160;"compressive circumferential stresses in a torispherical shell reveal
the possibility of buckling under internal pressure . has anyone
investigated for which ranges of shell parameters these stresses are
sufficiently large to cause elastic buckling .";10;1037;on transverse vibrations of thin, shallow elastic shells .;0.2519603976544287;False
161;"is there an integral method to give a single and sufficiently accurate
method of calculating the laminar separate point for various
incompressible and compressible boundary layers with zero heat transfer .";1;1386;"analysis and calculation by integral methods of laminar
compressible boundary layer with heat transfer and
with and without pressure gradient .";0.40306869377162474;True
161;"is there an integral method to give a single and sufficiently accurate
method of calculating the laminar separate point for various
incompressible and compressible boundary layers with zero heat transfer .";2;55;"separation, stability and other properties of compressible
laminar boundary layer with pressure gradient and heat
transfer .";0.34883034826070886;True
161;"is there an integral method to give a single and sufficiently accurate
method of calculating the laminar separate point for various
incompressible and compressible boundary layers with zero heat transfer .";3;54;"method for calculation of compressible laminar boundary
layer characteristics in axial pressure gradient with
zero heat transfer .";0.3269746341337292;True
161;"is there an integral method to give a single and sufficiently accurate
method of calculating the laminar separate point for various
incompressible and compressible boundary layers with zero heat transfer .";4;460;"correlated incompressible and compressible boundary
layers .";0.31117303030278093;False
161;"is there an integral method to give a single and sufficiently accurate
method of calculating the laminar separate point for various
incompressible and compressible boundary layers with zero heat transfer .";5;1192;"an integral method for calculation of supersonic laminar
boundary layer with heat transfer on yawed cone .";0.3060320808871743;False
161;"is there an integral method to give a single and sufficiently accurate
method of calculating the laminar separate point for various
incompressible and compressible boundary layers with zero heat transfer .";6;145;"skin friction in the laminar boundary layer in compressible
flow .";0.2836152250343997;False
161;"is there an integral method to give a single and sufficiently accurate
method of calculating the laminar separate point for various
incompressible and compressible boundary layers with zero heat transfer .";7;1185;"an integral method for calculating heat and mass transfer
in laminar boundary layers .";0.25902497708870187;False
161;"is there an integral method to give a single and sufficiently accurate
method of calculating the laminar separate point for various
incompressible and compressible boundary layers with zero heat transfer .";8;366;"helium injection into the boundary layer at an axisymmetric
stagnation point .";0.2573918088381554;False
161;"is there an integral method to give a single and sufficiently accurate
method of calculating the laminar separate point for various
incompressible and compressible boundary layers with zero heat transfer .";9;461;"approximate methods fore predicting separation properties
of laminar boundary layers .";0.256389861983377;False
161;"is there an integral method to give a single and sufficiently accurate
method of calculating the laminar separate point for various
incompressible and compressible boundary layers with zero heat transfer .";10;348;turbulent boundary layer in compressible fluids .;0.2557601160140465;False
162;"what accurate or exact solutions of the laminar separation point for
various incompressible and compressible boundary layers with zero heat
transfer are available .";1;55;"separation, stability and other properties of compressible
laminar boundary layer with pressure gradient and heat
transfer .";0.3805900103510894;False
162;"what accurate or exact solutions of the laminar separation point for
various incompressible and compressible boundary layers with zero heat
transfer are available .";2;460;"correlated incompressible and compressible boundary
layers .";0.3398305384102419;True
162;"what accurate or exact solutions of the laminar separation point for
various incompressible and compressible boundary layers with zero heat
transfer are available .";3;559;"heat transfer at the forward stagnation point of blunt
bodies .";0.3141956204033697;False
162;"what accurate or exact solutions of the laminar separation point for
various incompressible and compressible boundary layers with zero heat
transfer are available .";4;1386;"analysis and calculation by integral methods of laminar
compressible boundary layer with heat transfer and
with and without pressure gradient .";0.3075701388542158;False
162;"what accurate or exact solutions of the laminar separation point for
various incompressible and compressible boundary layers with zero heat
transfer are available .";5;145;"skin friction in the laminar boundary layer in compressible
flow .";0.2910549918069163;False
162;"what accurate or exact solutions of the laminar separation point for
various incompressible and compressible boundary layers with zero heat
transfer are available .";6;54;"method for calculation of compressible laminar boundary
layer characteristics in axial pressure gradient with
zero heat transfer .";0.28899886398393204;True
162;"what accurate or exact solutions of the laminar separation point for
various incompressible and compressible boundary layers with zero heat
transfer are available .";7;366;"helium injection into the boundary layer at an axisymmetric
stagnation point .";0.2885493071290844;False
162;"what accurate or exact solutions of the laminar separation point for
various incompressible and compressible boundary layers with zero heat
transfer are available .";8;959;heat transfer in separated flows .;0.2753625730379945;False
162;"what accurate or exact solutions of the laminar separation point for
various incompressible and compressible boundary layers with zero heat
transfer are available .";9;306;"second approximation to laminar compressible boundary
layer on flat plate in slip flow .";0.26966358196498186;False
162;"what accurate or exact solutions of the laminar separation point for
various incompressible and compressible boundary layers with zero heat
transfer are available .";10;348;turbulent boundary layer in compressible fluids .;0.26828276515758265;False
163;"can the hypersonic similarity results be applied to the technique of
predicting surface pressures of an ogive forebody at angle of attack .";1;492;prediction of ogive-forebody pressures at angles of attack .;0.7346322308469102;False
163;"can the hypersonic similarity results be applied to the technique of
predicting surface pressures of an ogive forebody at angle of attack .";2;56;"an analysis of the applicability of the hypersonic
similarity law to the study of the flow about bodies
of revolution at zero angle of attack .";0.30846241184042605;True
163;"can the hypersonic similarity results be applied to the technique of
predicting surface pressures of an ogive forebody at angle of attack .";3;57;"applicability of the hypersonic similarity rule to
pressure distributions which include the effects of
rotation for bodies of revolution at zero angle of
attack .";0.3027194213369739;True
163;"can the hypersonic similarity results be applied to the technique of
predicting surface pressures of an ogive forebody at angle of attack .";4;232;"accuracy of approximate methods for predicting pressure
on pointed non-lifting bodies of revolution in supersonic
flow .";0.28914023172848624;False
163;"can the hypersonic similarity results be applied to the technique of
predicting surface pressures of an ogive forebody at angle of attack .";5;973;"interaction effects produced by jet exhausting laterally near base of
ogive-cylinder model in supersonic main stream .";0.28316162320512034;False
163;"can the hypersonic similarity results be applied to the technique of
predicting surface pressures of an ogive forebody at angle of attack .";6;434;"contributions of the wing panels to the forces and
moments of supersonic wing-body combinations at combined
angles .";0.2777674002623447;False
163;"can the hypersonic similarity results be applied to the technique of
predicting surface pressures of an ogive forebody at angle of attack .";7;1231;hypersonic flow over an elliptic cone: theory and experiment .;0.24806777823735493;False
163;"can the hypersonic similarity results be applied to the technique of
predicting surface pressures of an ogive forebody at angle of attack .";8;37;"a new technique for investigating heat transfer and
surface phenomena under hypersonic flow conditions .";0.24224765829931472;False
163;"can the hypersonic similarity results be applied to the technique of
predicting surface pressures of an ogive forebody at angle of attack .";9;373;"the generalized expansion method and its application
to bodies travelling at high supersonic airspeeds .";0.22086945977149056;False
163;"can the hypersonic similarity results be applied to the technique of
predicting surface pressures of an ogive forebody at angle of attack .";10;124;"a summary of the supersonic pressure drag of bodies
of revolution .";0.21908955525765658;False
164;what determines the onset of shock-induced boundary-layer separation .;1;311;"a method for predicting the onset of buffeting and other separation
effects from wind tunnel tests on rigid models .";0.32150045147881445;True
164;what determines the onset of shock-induced boundary-layer separation .;2;503;"theoretical prediction of the transonic characteristics
of airfoils .";0.3154985704187161;False
164;what determines the onset of shock-induced boundary-layer separation .;3;358;"on the model of the free shock separation, turbulent
boundary layer .";0.3119992408723345;False
164;what determines the onset of shock-induced boundary-layer separation .;4;265;"some instabilities arising from the interaction between
shock waves and boundary layer .";0.2721189126904255;False
164;what determines the onset of shock-induced boundary-layer separation .;5;316;"the occurrence and development of boundary layer separations at high
incidences and high speeds .";0.26502746385547005;True
164;what determines the onset of shock-induced boundary-layer separation .;6;1187;"shock-induced boundary layer separation in overexpanded conical exhaust
nozzles .";0.25698977347478313;False
164;what determines the onset of shock-induced boundary-layer separation .;7;415;the aerodynamic design of section shapes for swept wings .;0.2184400187173226;True
164;what determines the onset of shock-induced boundary-layer separation .;8;71;"laminar boundary layer behind shock advancing into
stationary fluid .";0.21558855416425934;False
164;what determines the onset of shock-induced boundary-layer separation .;9;1364;"an experimental investigation of the interaction between shock waves and
 boundary layers .";0.21545675734380298;True
164;what determines the onset of shock-induced boundary-layer separation .;10;504;"stability of compressible boundary layers induced by
a moving wave .";0.21284808549578701;False
165;"are the stable profiles of a compressible boundary layer induced by a
moving wave known .";1;504;"stability of compressible boundary layers induced by
a moving wave .";0.3460507580674173;False
165;"are the stable profiles of a compressible boundary layer induced by a
moving wave known .";2;71;"laminar boundary layer behind shock advancing into
stationary fluid .";0.22628174693468098;True
165;"are the stable profiles of a compressible boundary layer induced by a
moving wave known .";3;72;"boundary layer behind shock or thin expansion wave
moving into stationary fluid .";0.22266493428051362;True
165;"are the stable profiles of a compressible boundary layer induced by a
moving wave known .";4;978;temperature profiles inafinite solid with moving boundary .;0.21076303606545774;False
165;"are the stable profiles of a compressible boundary layer induced by a
moving wave known .";5;335;"the interaction between boundary layer and shock waves in transonic
flow .";0.19343841010251683;False
165;"are the stable profiles of a compressible boundary layer induced by a
moving wave known .";6;663;viscous flow along a flat plate moving at high speeds .;0.18178368102169132;False
165;"are the stable profiles of a compressible boundary layer induced by a
moving wave known .";7;569;"an experimental investigation of leading edge shock wave boundary layer
interaction at mach 5.8 .";0.18065129232972457;False
165;"are the stable profiles of a compressible boundary layer induced by a
moving wave known .";8;209;boundary layer induced noise in the interior of aircraft .;0.17760555253213012;False
165;"are the stable profiles of a compressible boundary layer induced by a
moving wave known .";9;1276;"a three-dimensional linearized analysis of the forces
exerted on a rigid wing by a shock wave .";0.1740363434331999;False
165;"are the stable profiles of a compressible boundary layer induced by a
moving wave known .";10;1311;"some simple solutions to the problem of predicting
boundary layer self-induced pressures .";0.17123220471652373;False
166;"are there experimental results on the stability of a compressible
boundary layer induced by a moving wave .";1;504;"stability of compressible boundary layers induced by
a moving wave .";0.4299332806250392;False
166;"are there experimental results on the stability of a compressible
boundary layer induced by a moving wave .";2;663;viscous flow along a flat plate moving at high speeds .;0.25155994160495243;False
166;"are there experimental results on the stability of a compressible
boundary layer induced by a moving wave .";3;55;"separation, stability and other properties of compressible
laminar boundary layer with pressure gradient and heat
transfer .";0.24136567830255726;False
166;"are there experimental results on the stability of a compressible
boundary layer induced by a moving wave .";4;72;"boundary layer behind shock or thin expansion wave
moving into stationary fluid .";0.2368629100500433;False
166;"are there experimental results on the stability of a compressible
boundary layer induced by a moving wave .";5;271;"an experimental test of compressibility transformation
for turbulent boundary layer .";0.224606870148473;False
166;"are there experimental results on the stability of a compressible
boundary layer induced by a moving wave .";6;71;"laminar boundary layer behind shock advancing into
stationary fluid .";0.22385758124090907;False
166;"are there experimental results on the stability of a compressible
boundary layer induced by a moving wave .";7;209;boundary layer induced noise in the interior of aircraft .;0.2217876342809543;False
166;"are there experimental results on the stability of a compressible
boundary layer induced by a moving wave .";8;569;"an experimental investigation of leading edge shock wave boundary layer
interaction at mach 5.8 .";0.21632532391872916;False
166;"are there experimental results on the stability of a compressible
boundary layer induced by a moving wave .";9;1302;"the development of the boundary layer in supersonic
shear flow .";0.21467291967484597;False
166;"are there experimental results on the stability of a compressible
boundary layer induced by a moving wave .";10;1276;"a three-dimensional linearized analysis of the forces
exerted on a rigid wing by a shock wave .";0.20789167405882025;False
167;"exact solution methods for calculating the ablative mass loss of a
material ablating at high temperatures in a hypersonic flight
environment .";1;553;"ablation of glassy materials around blunt bodies of
revolution .";0.2777125052165538;False
167;"exact solution methods for calculating the ablative mass loss of a
material ablating at high temperatures in a hypersonic flight
environment .";2;1279;sublimation in a hypersonic environment .;0.26015183729888747;False
167;"exact solution methods for calculating the ablative mass loss of a
material ablating at high temperatures in a hypersonic flight
environment .";3;1099;a theoretical study of stagnation point ablation .;0.23623180270686833;False
167;"exact solution methods for calculating the ablative mass loss of a
material ablating at high temperatures in a hypersonic flight
environment .";4;1100;an analytical investigation of ablation .;0.21429013160643723;False
167;"exact solution methods for calculating the ablative mass loss of a
material ablating at high temperatures in a hypersonic flight
environment .";5;1065;"a free-flight investigation of ablation of a blunt
body to a mach number of 13 .1.";0.2055454143543548;False
167;"exact solution methods for calculating the ablative mass loss of a
material ablating at high temperatures in a hypersonic flight
environment .";6;1098;"an experimental investigation of ablating material
at low and high enthalpy potentials .";0.2019298167402238;False
167;"exact solution methods for calculating the ablative mass loss of a
material ablating at high temperatures in a hypersonic flight
environment .";7;274;"analysis of quartz and teflon shields for a particular
re-entry mission .";0.19375792096669459;True
167;"exact solution methods for calculating the ablative mass loss of a
material ablating at high temperatures in a hypersonic flight
environment .";8;1096;"qualitative measurements of the effective heats of
ablation of several materials in supersonic air jets
at stagnation temperature up to 11,000 f.";0.1877091274949855;False
167;"exact solution methods for calculating the ablative mass loss of a
material ablating at high temperatures in a hypersonic flight
environment .";9;1101;a sensor for obtaining ablation rates .;0.18477382786209784;False
167;"exact solution methods for calculating the ablative mass loss of a
material ablating at high temperatures in a hypersonic flight
environment .";10;82;"theoretical investigation of the ablation of a glass-type
heat protection shield of varied material properties
at the stagnation point of a re-entering irbm .";0.17594021957123832;True
168;"what approximate solutions are known to the direct problem of transonic
flow in the throat of a nozzle,  i.e. finding the flow in a given
nozzle .";1;750;"transonic flow in two dimensional and axially symmetrical
nozzles .";0.4562004455025269;False
168;"what approximate solutions are known to the direct problem of transonic
flow in the throat of a nozzle,  i.e. finding the flow in a given
nozzle .";2;965;analytic determination of discharge coefficients of flow nozzles .;0.3249653556354685;False
168;"what approximate solutions are known to the direct problem of transonic
flow in the throat of a nozzle,  i.e. finding the flow in a given
nozzle .";3;118;"the transonic flow of a compressible fluid through
an axially symmetrical nozzle .";0.295808357548628;False
168;"what approximate solutions are known to the direct problem of transonic
flow in the throat of a nozzle,  i.e. finding the flow in a given
nozzle .";4;341;"the analytical design of an axially symmetric laval
nozzle for a parallel and uniform jet .";0.2647887779763763;False
168;"what approximate solutions are known to the direct problem of transonic
flow in the throat of a nozzle,  i.e. finding the flow in a given
nozzle .";5;217;flow pattern in a converging-diverging nozzle .;0.2521701055828284;True
168;"what approximate solutions are known to the direct problem of transonic
flow in the throat of a nozzle,  i.e. finding the flow in a given
nozzle .";6;774;"general characteristics of the flow through nozzles
at near critical speeds .";0.21210371308104337;True
168;"what approximate solutions are known to the direct problem of transonic
flow in the throat of a nozzle,  i.e. finding the flow in a given
nozzle .";7;157;the hodographic transformation in transonic flow .;0.20789190475425953;False
168;"what approximate solutions are known to the direct problem of transonic
flow in the throat of a nozzle,  i.e. finding the flow in a given
nozzle .";8;136;recent developments in rocket nozzle configurations .;0.2048186078467784;False
168;"what approximate solutions are known to the direct problem of transonic
flow in the throat of a nozzle,  i.e. finding the flow in a given
nozzle .";9;127;supersonic axially symmetric nozzles .;0.19506302382755286;False
168;"what approximate solutions are known to the direct problem of transonic
flow in the throat of a nozzle,  i.e. finding the flow in a given
nozzle .";10;696;"pressure loads produced on a flat-plate wing by rocket jets exhausting
in a spanwise direction below the wing and perpendicular to a
free-stream flow of mach number 2.0 .";0.1864484427449144;False
169;"what approximate solutions are known to the indirect problem of
transonic flow in the throat of a nozzle,  i.e. finding a nozzle which
has a given axial velocity distribution .";1;750;"transonic flow in two dimensional and axially symmetrical
nozzles .";0.4508823933196869;False
169;"what approximate solutions are known to the indirect problem of
transonic flow in the throat of a nozzle,  i.e. finding a nozzle which
has a given axial velocity distribution .";2;965;analytic determination of discharge coefficients of flow nozzles .;0.2878807839716399;False
169;"what approximate solutions are known to the indirect problem of
transonic flow in the throat of a nozzle,  i.e. finding a nozzle which
has a given axial velocity distribution .";3;118;"the transonic flow of a compressible fluid through
an axially symmetrical nozzle .";0.2874310624733613;True
169;"what approximate solutions are known to the indirect problem of
transonic flow in the throat of a nozzle,  i.e. finding a nozzle which
has a given axial velocity distribution .";4;341;"the analytical design of an axially symmetric laval
nozzle for a parallel and uniform jet .";0.2520077333485179;False
169;"what approximate solutions are known to the indirect problem of
transonic flow in the throat of a nozzle,  i.e. finding a nozzle which
has a given axial velocity distribution .";5;217;flow pattern in a converging-diverging nozzle .;0.2515893845086784;False
169;"what approximate solutions are known to the indirect problem of
transonic flow in the throat of a nozzle,  i.e. finding a nozzle which
has a given axial velocity distribution .";6;472;waves in supersonic flow .;0.219006579009292;False
169;"what approximate solutions are known to the indirect problem of
transonic flow in the throat of a nozzle,  i.e. finding a nozzle which
has a given axial velocity distribution .";7;774;"general characteristics of the flow through nozzles
at near critical speeds .";0.20993880569565082;True
169;"what approximate solutions are known to the indirect problem of
transonic flow in the throat of a nozzle,  i.e. finding a nozzle which
has a given axial velocity distribution .";8;127;supersonic axially symmetric nozzles .;0.2076812244620126;False
169;"what approximate solutions are known to the indirect problem of
transonic flow in the throat of a nozzle,  i.e. finding a nozzle which
has a given axial velocity distribution .";9;157;the hodographic transformation in transonic flow .;0.20609330720706046;True
169;"what approximate solutions are known to the indirect problem of
transonic flow in the throat of a nozzle,  i.e. finding a nozzle which
has a given axial velocity distribution .";10;136;recent developments in rocket nozzle configurations .;0.17695332250774254;False
17;"can the three-dimensional problem of a transverse potential flow about
a body of revolution be reduced to a two-dimensional problem .";1;106;the transverse potential flow past a body of revolution .;0.3840056819881326;True
17;"can the three-dimensional problem of a transverse potential flow about
a body of revolution be reduced to a two-dimensional problem .";2;700;two and three-dimensional unsteady lift problems in high speed flight .;0.2943530014986312;False
17;"can the three-dimensional problem of a transverse potential flow about
a body of revolution be reduced to a two-dimensional problem .";3;1281;"turbulent heat transfer on blunt-nosed bodies in two-dimensional
and general three-dimensional hypersonic flow .";0.2847206797741209;False
17;"can the three-dimensional problem of a transverse potential flow about
a body of revolution be reduced to a two-dimensional problem .";4;336;"simplified laminar boundary layer calculations for
bodies of revolution and for yawed wings .";0.2780852468804852;False
17;"can the three-dimensional problem of a transverse potential flow about
a body of revolution be reduced to a two-dimensional problem .";5;1301;compressible boundary layers on bodies of revolution .;0.2756448369248745;False
17;"can the three-dimensional problem of a transverse potential flow about
a body of revolution be reduced to a two-dimensional problem .";6;1108;a study of second-order supersonic flow theory .;0.2686296935500336;False
17;"can the three-dimensional problem of a transverse potential flow about
a body of revolution be reduced to a two-dimensional problem .";7;498;"calculation of potential flow about bodies of revolution
having axes perpendicular to the free-stream direction .";0.24810077417024812;False
17;"can the three-dimensional problem of a transverse potential flow about
a body of revolution be reduced to a two-dimensional problem .";8;445;"on the application of mathieu functions in the theory
of subsonic compressible flow past oscillating airfoils .";0.23046891027019506;False
17;"can the three-dimensional problem of a transverse potential flow about
a body of revolution be reduced to a two-dimensional problem .";9;527;"note on the three-point boundary layer problem for
the blasius equations .";0.22969775670281542;False
17;"can the three-dimensional problem of a transverse potential flow about
a body of revolution be reduced to a two-dimensional problem .";10;494;"axisymmetric viscous flow plast very slender bodies
of revolution .";0.20331645970085602;False
170;"why do users of orthodox pitot-static tubes often find that the
calibrations appear to be,. - (a) significantly different from those formerly
specified,  (b) wildly variable at low reynolds numbers .";1;238;"on a determination of the pitot-static tube factor
at low reynolds numbers, with special reference to
the measurement of low air speeds .";0.36139202653063934;True
170;"why do users of orthodox pitot-static tubes often find that the
calibrations appear to be,. - (a) significantly different from those formerly
specified,  (b) wildly variable at low reynolds numbers .";2;893;"a new design of pitot-static tube with a discussion
of pitot-static tubes and their calibration factors .";0.3183719841476512;False
170;"why do users of orthodox pitot-static tubes often find that the
calibrations appear to be,. - (a) significantly different from those formerly
specified,  (b) wildly variable at low reynolds numbers .";3;239;"design and calibration at low speeds of a static tube
and a pitot-static tube with semi-ellipsoidal nose
shapes .";0.27801793427786886;True
170;"why do users of orthodox pitot-static tubes often find that the
calibrations appear to be,. - (a) significantly different from those formerly
specified,  (b) wildly variable at low reynolds numbers .";4;139;viscous effects on pitot tubes at low speeds .;0.2544504397420691;True
170;"why do users of orthodox pitot-static tubes often find that the
calibrations appear to be,. - (a) significantly different from those formerly
specified,  (b) wildly variable at low reynolds numbers .";5;904;"calibration of the standard pitot-static head used
in the rae low speed wind tunnels .";0.2521284776029733;True
170;"why do users of orthodox pitot-static tubes often find that the
calibrations appear to be,. - (a) significantly different from those formerly
specified,  (b) wildly variable at low reynolds numbers .";6;905;comparative tests of pitot-static tubes .;0.22731997357671355;False
170;"why do users of orthodox pitot-static tubes often find that the
calibrations appear to be,. - (a) significantly different from those formerly
specified,  (b) wildly variable at low reynolds numbers .";7;1082;"the flow past pitot tube at low reynolds numbers, part 1-dash the
numerical solution of the navier-stokes equations for steady viscous
axisymmetric flow, part 2-dash the effects of viscosity and orifice
size on a pitot tube at low reynolds numbers .";0.20973099450984656;False
170;"why do users of orthodox pitot-static tubes often find that the
calibrations appear to be,. - (a) significantly different from those formerly
specified,  (b) wildly variable at low reynolds numbers .";8;175;experiments with static tubes in a supersonic airstream .;0.18501016605461051;False
170;"why do users of orthodox pitot-static tubes often find that the
calibrations appear to be,. - (a) significantly different from those formerly
specified,  (b) wildly variable at low reynolds numbers .";9;223;a note on the theory of the stanton tube .;0.1815803992204174;False
170;"why do users of orthodox pitot-static tubes often find that the
calibrations appear to be,. - (a) significantly different from those formerly
specified,  (b) wildly variable at low reynolds numbers .";10;906;review of the pitot tube .;0.18069587529761127;True
171;"has a comparison been made between interference-free drag measurements
using free-flight models and similar measurements made in a low-blockage
wind tunnel .";1;516;"free-flight measurements of the dynamic longitudinal
stability characteristics of a wind tunnel interference
model (m=0 .92 to 1. 35) .";0.5298324400392181;False
171;"has a comparison been made between interference-free drag measurements
using free-flight models and similar measurements made in a low-blockage
wind tunnel .";2;431;"free-flight measurements of the zero-lift drag and
base pressure on a wind tunnel interference model (m=0 .
8 - 1. 5) .";0.42600577914666277;True
171;"has a comparison been made between interference-free drag measurements
using free-flight models and similar measurements made in a low-blockage
wind tunnel .";3;672;tunnel interference effects .;0.32597142610725294;False
171;"has a comparison been made between interference-free drag measurements
using free-flight models and similar measurements made in a low-blockage
wind tunnel .";4;714;"blockage corrections for three-dimensional flow closed
throat wind tunnels, with considerations of the effect
of compressibility .";0.3218831987428928;False
171;"has a comparison been made between interference-free drag measurements
using free-flight models and similar measurements made in a low-blockage
wind tunnel .";5;800;wall interference at transonic speeds on a hemisphere cylinder model .;0.2969657529634659;False
171;"has a comparison been made between interference-free drag measurements
using free-flight models and similar measurements made in a low-blockage
wind tunnel .";6;252;"an investigation of interference effects on similar models of
different size in various transonic tunnels in the u.k. .";0.2967331651980435;True
171;"has a comparison been made between interference-free drag measurements
using free-flight models and similar measurements made in a low-blockage
wind tunnel .";7;141;free-flight techniques for high speed aerodynamic research .;0.29074653083400165;True
171;"has a comparison been made between interference-free drag measurements
using free-flight models and similar measurements made in a low-blockage
wind tunnel .";8;799;"some effects of wind-tunnel interference observed in tests on
two-dimensional aerofoils at high subsonic and transonic speeds .";0.24506905856190075;False
171;"has a comparison been made between interference-free drag measurements
using free-flight models and similar measurements made in a low-blockage
wind tunnel .";9;1074;"theoretical and experimental investigation of second-order supersonic
wing-body interference .";0.24427799174926504;False
171;"has a comparison been made between interference-free drag measurements
using free-flight models and similar measurements made in a low-blockage
wind tunnel .";10;594;"wind tunnel techniques for the measurements of oscillatory
derivatives .";0.2425693394375679;False
172;solution of the blasius problem with three-point boundary conditions .;1;320;"comment on improved numerical solution of the blasius problem with
three-point boundary conditions .";0.6696620550437028;True
172;solution of the blasius problem with three-point boundary conditions .;2;322;"on the numerical solution of the blasius problem with three-point
boundary conditions .";0.6402345308018673;True
172;solution of the blasius problem with three-point boundary conditions .;3;527;"note on the three-point boundary layer problem for
the blasius equations .";0.6311102050078792;False
172;solution of the blasius problem with three-point boundary conditions .;4;321;"improved numerical solution of the blasius problem with three-point
boundary conditions .";0.4912129043700093;True
172;solution of the blasius problem with three-point boundary conditions .;5;476;the blasius equation with three-point boundary conditions .;0.32398461538327084;True
172;solution of the blasius problem with three-point boundary conditions .;6;478;"tabulation of the blasius function with blowing and
suction .";0.31585731880859164;False
172;solution of the blasius problem with three-point boundary conditions .;7;1370;some remarks on the flat plate boundary layer .;0.2501622791483034;False
172;solution of the blasius problem with three-point boundary conditions .;8;107;on the mixing of two parallel streams .;0.24696311393121306;False
172;solution of the blasius problem with three-point boundary conditions .;9;1235;"a theory of the two dimensional laminar bounary layer
over a curved surface .";0.23812803348593822;False
172;solution of the blasius problem with three-point boundary conditions .;10;1251;viscous flow past a quarter infinite plate .;0.18010015314555036;False
173;"references on lyapunov's method on the stability of linear
differential equations with periodic coefficients .";1;532;"pitch-yaw stability of a missile oscillating in roll
via the second method of lyapunov .";0.40753663676146634;False
173;"references on lyapunov's method on the stability of linear
differential equations with periodic coefficients .";2;367;"control system and analysis and design via the second method of
lyapunov .";0.33374174320845185;True
173;"references on lyapunov's method on the stability of linear
differential equations with periodic coefficients .";3;451;liapunov's methods in automatic control theory .;0.27252328812000387;True
173;"references on lyapunov's method on the stability of linear
differential equations with periodic coefficients .";4;931;stability equations for conical shells .;0.17089704691315807;False
173;"references on lyapunov's method on the stability of linear
differential equations with periodic coefficients .";5;703;general airfoil theory .;0.15906829910692782;False
173;"references on lyapunov's method on the stability of linear
differential equations with periodic coefficients .";6;917;"a method of calculating the short period longitudinal
stability derivatives of a wing in linearised unsteady
compressible flow .";0.15753043798488392;False
173;"references on lyapunov's method on the stability of linear
differential equations with periodic coefficients .";7;251;"a collection of longitudinal stability derivatives
of wings at supersonic speeds .";0.15610488355549834;False
173;"references on lyapunov's method on the stability of linear
differential equations with periodic coefficients .";8;1073;"a practical method for numerical evaluation of solutions
of partial differential equations of the heat-conduction
type .";0.15308220701777486;False
173;"references on lyapunov's method on the stability of linear
differential equations with periodic coefficients .";9;1067;"plastic stability theory of geometrically orthotropic
plates and cylindrical shells .";0.13832140921023733;False
173;"references on lyapunov's method on the stability of linear
differential equations with periodic coefficients .";10;538;"the conpressibility transformation and the turbulent
boundary layer equations .";0.1373661607146008;False
174;"obtain all papers and reports that contain shock detachment distance
data .";1;483;"stagnation point shock detachment distance for flow
around spheres and cylinder .";0.4329159406436644;False
174;"obtain all papers and reports that contain shock detachment distance
data .";2;411;"data on shape and location of detached shock waves
in cones and sphere .";0.3504638341106791;True
174;"obtain all papers and reports that contain shock detachment distance
data .";3;533;"stagnation-point shock-detachment distance for flow
around spheres and cylinders in air .";0.2985013255280769;False
174;"obtain all papers and reports that contain shock detachment distance
data .";4;501;"stagnation-point shock detachment of blunt bodies in
supersonic flow .";0.29755280475263723;False
174;"obtain all papers and reports that contain shock detachment distance
data .";5;1157;hypersonic shock tunnel .;0.259274164279124;False
174;"obtain all papers and reports that contain shock detachment distance
data .";6;523;"approximate determination of position of the sonic
line for a blunt body in hypersonic flow .";0.251654359778683;False
174;"obtain all papers and reports that contain shock detachment distance
data .";7;1319;real gas effects in flow over blunt bodies at hypersonic speeds .;0.24789670024771868;False
174;"obtain all papers and reports that contain shock detachment distance
data .";8;1390;"on the numerical calculation of detached bow shock
waves in hypersonic flow .";0.24487942423880132;False
174;"obtain all papers and reports that contain shock detachment distance
data .";9;1274;real gas effects in flow over blunt bodies at hypersonic speeds .;0.24139029426076467;False
174;"obtain all papers and reports that contain shock detachment distance
data .";10;35;stagnation point of a blunt body in hypersonic flow .;0.23897027717324232;False
175;work on flow in channels at low reynolds numbers .;1;941;"viscous compressible and incompressible flow in slender
channels .";0.4087960596039198;False
175;work on flow in channels at low reynolds numbers .;2;1221;"steady flow of conducting fluids in channels under
transverse magnetic fields, with consideration of hall
effect .";0.324338303995442;False
175;work on flow in channels at low reynolds numbers .;3;1222;axisymmetric magnetohydrodynamic channel flow .;0.2464719863698054;False
175;work on flow in channels at low reynolds numbers .;4;670;"on blunt-body heat transfer at hypersonic speed and low reynolds
number .";0.2336213529185733;False
175;work on flow in channels at low reynolds numbers .;5;139;viscous effects on pitot tubes at low speeds .;0.22597700091798825;False
175;work on flow in channels at low reynolds numbers .;6;491;"on the close relationship between turbulent plane-couette
and pressure flows .";0.22348501243902083;False
175;work on flow in channels at low reynolds numbers .;7;668;"measurements of stagnation point heat transfer at low
reynolds number .";0.22236910341793042;False
175;work on flow in channels at low reynolds numbers .;8;666;blunt body heat transfer at hypersonic speed and low reynolds numbers .;0.2220549977415777;False
175;work on flow in channels at low reynolds numbers .;9;34;constant-temperature magneto-gasdynamic channel flow .;0.21948656476561684;False
175;work on flow in channels at low reynolds numbers .;10;238;"on a determination of the pitot-static tube factor
at low reynolds numbers, with special reference to
the measurement of low air speeds .";0.21879520681054293;False
176;"some approximate analytical heat conduction solutions using methods
other than biot's principle .";1;963;a variational principle for convection of heat .;0.4031222693573623;False
176;"some approximate analytical heat conduction solutions using methods
other than biot's principle .";2;542;biot's variational principle in heat conduction .;0.3938515193836557;False
176;"some approximate analytical heat conduction solutions using methods
other than biot's principle .";3;869;"the calculation of transient temperature in turbine
blades and tapered discs using biot's variational method .";0.21471823731750994;False
176;"some approximate analytical heat conduction solutions using methods
other than biot's principle .";4;1073;"a practical method for numerical evaluation of solutions
of partial differential equations of the heat-conduction
type .";0.2073605486285024;False
176;"some approximate analytical heat conduction solutions using methods
other than biot's principle .";5;5;"one-dimensional transient heat conduction into a double-layer
slab subjected to a linear heat input for a small time
internal .";0.17607464421581734;False
176;"some approximate analytical heat conduction solutions using methods
other than biot's principle .";6;981;"solutions to the heat-conduction equation with time dependent boundary
conditions .";0.1722916396560182;False
176;"some approximate analytical heat conduction solutions using methods
other than biot's principle .";7;307;"an approximate solution of hypersonic laminar boundary
layer equations and its application .";0.1682610926480663;False
176;"some approximate analytical heat conduction solutions using methods
other than biot's principle .";8;606;"formulae and approximations for aerodynamic heating rates in high speed
flight .";0.163360126837227;False
176;"some approximate analytical heat conduction solutions using methods
other than biot's principle .";9;497;"theoretical and experimental investigation of thermal
stresses in hypersonic aircraft wing structures .";0.16194306187429341;False
176;"some approximate analytical heat conduction solutions using methods
other than biot's principle .";10;872;"fundamentals of boundary layer heat transfer with streamwise
temperature variations .";0.15862956874571219;False
177;"what mode of stalling can be expected for each stage of an axial
compressor .";1;589;some stall and surge phenomena in axial flow compressors .;0.42439021134334015;True
177;"what mode of stalling can be expected for each stage of an axial
compressor .";2;590;"effects of stage characteristics and matching on axial flow compressor
performance .";0.41504729381084227;True
177;"what mode of stalling can be expected for each stage of an axial
compressor .";3;588;compressor operation with one or more blade rows stalled .;0.394462170091013;True
177;"what mode of stalling can be expected for each stage of an axial
compressor .";4;543;"the stacking of compressor stage characteristics to
give an overall compressor performance map .";0.36340880201495973;False
177;"what mode of stalling can be expected for each stage of an axial
compressor .";5;592;design of axial compressors .;0.3191694831586771;True
177;"what mode of stalling can be expected for each stage of an axial
compressor .";6;576;"viscous and inviscid stagnation flow in a dissociated hypervelocity free
 stream .";0.29118124380259297;False
177;"what mode of stalling can be expected for each stage of an axial
compressor .";7;578;dissociation scaling for nonequilibrium blunt nose flows .;0.28858194204979354;False
177;"what mode of stalling can be expected for each stage of an axial
compressor .";8;216;the supersonic axial flow compressor .;0.273092018880741;False
177;"what mode of stalling can be expected for each stage of an axial
compressor .";9;772;an experimental study of jet-flap compressor blades .;0.2544247425061863;True
177;"what mode of stalling can be expected for each stage of an axial
compressor .";10;138;wakes in axial compressors .;0.2390540114952051;False
178;"has a criterion been established for determining the axial compressor
choking line .";1;591;an approximate equation for the /choke line/ of a compressor .;0.503614470943914;True
178;"has a criterion been established for determining the axial compressor
choking line .";2;592;design of axial compressors .;0.23488479772933643;False
178;"has a criterion been established for determining the axial compressor
choking line .";3;590;"effects of stage characteristics and matching on axial flow compressor
performance .";0.22992715880235004;True
178;"has a criterion been established for determining the axial compressor
choking line .";4;543;"the stacking of compressor stage characteristics to
give an overall compressor performance map .";0.20514258402473273;False
178;"has a criterion been established for determining the axial compressor
choking line .";5;772;an experimental study of jet-flap compressor blades .;0.18857751915097165;False
178;"has a criterion been established for determining the axial compressor
choking line .";6;214;on the testing of supersonic compressor cascades .;0.185540122696833;False
178;"has a criterion been established for determining the axial compressor
choking line .";7;216;the supersonic axial flow compressor .;0.18176357996051748;False
178;"has a criterion been established for determining the axial compressor
choking line .";8;31;thermal buckling of supersonic wing panels .;0.17287775628486424;False
178;"has a criterion been established for determining the axial compressor
choking line .";9;1153;"a study of the simulation of flow with free stream mach number 1 in a
choked wind tunnel .";0.17241621174212093;False
178;"has a criterion been established for determining the axial compressor
choking line .";10;426;"preliminary analysis of axial flow compressors having
supersonic velocity at the entrance of the stator .";0.16978701329373372;False
179;"has a theory of quasi-conical flows been developed, in supersonic
linearised theory, for which the upwash distribution on the lifting
surface, apart from being a homogeneous function in the
co-ordinate, is permitted to have a quite general functional form .";1;633;"an extension of the method of generalised conical flows
for lifting wings in supersonic flow .";0.33806559926947405;False
179;"has a theory of quasi-conical flows been developed, in supersonic
linearised theory, for which the upwash distribution on the lifting
surface, apart from being a homogeneous function in the
co-ordinate, is permitted to have a quite general functional form .";2;224;"quasi-cylindrical surfaces with prescribed loadings
in the linearised theory of supersonic flow .";0.2854456383447644;False
179;"has a theory of quasi-conical flows been developed, in supersonic
linearised theory, for which the upwash distribution on the lifting
surface, apart from being a homogeneous function in the
co-ordinate, is permitted to have a quite general functional form .";3;680;generalized conical flow fields in supersonic wing theory .;0.24386149612199656;True
179;"has a theory of quasi-conical flows been developed, in supersonic
linearised theory, for which the upwash distribution on the lifting
surface, apart from being a homogeneous function in the
co-ordinate, is permitted to have a quite general functional form .";4;682;the lift of twisted and cambered wings in supersonic flow .;0.22606677032978678;True
179;"has a theory of quasi-conical flows been developed, in supersonic
linearised theory, for which the upwash distribution on the lifting
surface, apart from being a homogeneous function in the
co-ordinate, is permitted to have a quite general functional form .";5;918;"on the low aspect ratio oscillating rectangular wing
in supersonic flow .";0.1981315061589106;False
179;"has a theory of quasi-conical flows been developed, in supersonic
linearised theory, for which the upwash distribution on the lifting
surface, apart from being a homogeneous function in the
co-ordinate, is permitted to have a quite general functional form .";6;428;"the quasi-cylinder of specified thickness and shell
loading in supersonic flow .";0.19130850730932977;False
179;"has a theory of quasi-conical flows been developed, in supersonic
linearised theory, for which the upwash distribution on the lifting
surface, apart from being a homogeneous function in the
co-ordinate, is permitted to have a quite general functional form .";7;512;"quasi-cylindrical surfaces with prescribed thickness
distributions .";0.17578384832125196;False
179;"has a theory of quasi-conical flows been developed, in supersonic
linearised theory, for which the upwash distribution on the lifting
surface, apart from being a homogeneous function in the
co-ordinate, is permitted to have a quite general functional form .";8;930;"general theory of large deflections of thin shells
with special applications to conical shells .";0.168646309062056;False
179;"has a theory of quasi-conical flows been developed, in supersonic
linearised theory, for which the upwash distribution on the lifting
surface, apart from being a homogeneous function in the
co-ordinate, is permitted to have a quite general functional form .";9;753;"development of a quasi-steady approach to flutter and
correlation with kernel-function results .";0.16724727516682808;False
179;"has a theory of quasi-conical flows been developed, in supersonic
linearised theory, for which the upwash distribution on the lifting
surface, apart from being a homogeneous function in the
co-ordinate, is permitted to have a quite general functional form .";10;122;"a simplified approximate method for the calculation of the pressure
around conical bodies of arbitrary shape in supersonic and hypersonic
flow .";0.15821527817259606;False
18;"are experimental pressure distributions on bodies of revolution at angle
of attack available .";1;248;"the application of lighthill formula for numerical
calculation of pressure distributions on bodies of
revolution at supersonic speed and zero angle of attack .";0.39710337129552054;False
18;"are experimental pressure distributions on bodies of revolution at angle
of attack available .";2;197;"pressure distributions on three bodies of revolution
to determine the effect of reynolds number up to and
including the transonic speed range .";0.3688343808172121;True
18;"are experimental pressure distributions on bodies of revolution at angle
of attack available .";3;492;prediction of ogive-forebody pressures at angles of attack .;0.34973982534027237;False
18;"are experimental pressure distributions on bodies of revolution at angle
of attack available .";4;498;"calculation of potential flow about bodies of revolution
having axes perpendicular to the free-stream direction .";0.31938848605891484;False
18;"are experimental pressure distributions on bodies of revolution at angle
of attack available .";5;56;"an analysis of the applicability of the hypersonic
similarity law to the study of the flow about bodies
of revolution at zero angle of attack .";0.31374789897713085;False
18;"are experimental pressure distributions on bodies of revolution at angle
of attack available .";6;57;"applicability of the hypersonic similarity rule to
pressure distributions which include the effects of
rotation for bodies of revolution at zero angle of
attack .";0.2717970960565212;False
18;"are experimental pressure distributions on bodies of revolution at angle
of attack available .";7;234;"a second order shock-expansion method applicable to
bodies of revolution near zero lift .";0.27141670139663004;False
18;"are experimental pressure distributions on bodies of revolution at angle
of attack available .";8;354;"laminar heat-transfer and pressure measurements over blunt-nosed
cones at large angle of attack .";0.26644516609418173;False
18;"are experimental pressure distributions on bodies of revolution at angle
of attack available .";9;106;the transverse potential flow past a body of revolution .;0.26296160353803666;False
18;"are experimental pressure distributions on bodies of revolution at angle
of attack available .";10;1231;hypersonic flow over an elliptic cone: theory and experiment .;0.25482412794182213;False
180;how does scale height vary with altitude in an atmosphere .;1;548;"the contraction of satellite orbits under the influence
of air drag . pt .iv with scale height dependent on
altitude .";0.34792860922346314;False
180;how does scale height vary with altitude in an atmosphere .;2;616;"determination of upper-atmosphere air density and scale height from
satellite observations .";0.3233843879345432;True
180;how does scale height vary with altitude in an atmosphere .;3;617;"determination of upper-atmosphere air density profile from satellite
observations .";0.30183161133333003;True
180;how does scale height vary with altitude in an atmosphere .;4;622;"scale height in the upper atmosphere, derived from changes in satellite
orbits .";0.2990898839798965;True
180;how does scale height vary with altitude in an atmosphere .;5;882;"the variation of gust frequency with gust velocity
and altitude .";0.20304241119099373;False
180;how does scale height vary with altitude in an atmosphere .;6;1103;pressures, densities and temperatures in the upper atmosphere .;0.18894295439250894;False
180;how does scale height vary with altitude in an atmosphere .;7;1324;"the effect on transition of isolated surface excrescences
in the boundary layer .";0.17665145552855233;False
180;how does scale height vary with altitude in an atmosphere .;8;719;tumbling bodies entering the atmosphere .;0.17075224777031442;False
180;how does scale height vary with altitude in an atmosphere .;9;314;"simplified method for determination of the critical
height of distributed roughness particles for boundary
layer transition at mach numbers from 0 to 5.";0.16521264906592514;False
180;how does scale height vary with altitude in an atmosphere .;10;1391;shock wave and flow field development in hypersonic re-entry .;0.15995583865548962;False
181;"jet interference with supersonic flows
theoretical papers .";1;997;experimental and theoretical studies of axisymmetric free jets .;0.3188482523597152;True
181;"jet interference with supersonic flows
theoretical papers .";2;176;"base pressure at subsonic speeds in the presence of
a supersonic jet .";0.30456482152056713;False
181;"jet interference with supersonic flows
theoretical papers .";3;993;"the extent of the jet interference flow fields .
jet effects on cylindrical afterbodies housing sonic and supersonic
nozzles which exhaust against a supersonic stream at angles of attack
from 90degree to 180degree .";0.2993993350020867;False
181;"jet interference with supersonic flows
theoretical papers .";4;1074;"theoretical and experimental investigation of second-order supersonic
wing-body interference .";0.29178911351571163;False
181;"jet interference with supersonic flows
theoretical papers .";5;1062;"an experimental and theoretical investigation of second-order
wing-body interference at high mach number .";0.2913641996506792;False
181;"jet interference with supersonic flows
theoretical papers .";6;610;corner interference effects .;0.28717912476062435;False
181;"jet interference with supersonic flows
theoretical papers .";7;1075;"an experimental and theoretical investigation of second-order supersonic
 wing-body interference, for a non-lifting body with wings at incidence .";0.25240804788082416;False
181;"jet interference with supersonic flows
theoretical papers .";8;409;"on the base pressure resulting from the interaction of a supersonic
external stream with a sonic or subsonic jet .";0.24812804835191107;True
181;"jet interference with supersonic flows
theoretical papers .";9;243;"investigation with an interferometer of the turbulent
mixing of a free supersonic jet .";0.24748322219572746;False
181;"jet interference with supersonic flows
theoretical papers .";10;1350;"effects of jet billowing on stability of missile-type
bodies at mach 3. 85 .";0.23678546107216178;False
182;"effects of leading-edge bluntness on the flutter characteristics of some
square-planform double-wedge airfoils at mach numbers less than 15.4.";1;634;"effects of leading edge bluntness on flutter characteristics
of some square- planform double-wedge airfoils at a
mach number of 15 .4.";0.694255111487561;False
182;"effects of leading-edge bluntness on the flutter characteristics of some
square-planform double-wedge airfoils at mach numbers less than 15.4.";2;685;"aerodynamic effects of some configuration variables
on the aeroelastic characteristics of lifting surfaces
at mach numbers from 0. 7 to 6. 86 .";0.5069169035206856;True
182;"effects of leading-edge bluntness on the flutter characteristics of some
square-planform double-wedge airfoils at mach numbers less than 15.4.";3;686;"flutter tests of some simple models at a mach number
of 7. 2 in helium flow .";0.34973041565356155;True
182;"effects of leading-edge bluntness on the flutter characteristics of some
square-planform double-wedge airfoils at mach numbers less than 15.4.";4;593;"theoretical considerations of flutter at high mach
number .";0.29311475536634246;False
182;"effects of leading-edge bluntness on the flutter characteristics of some
square-planform double-wedge airfoils at mach numbers less than 15.4.";5;211;"effect of slight blunting of leading edge of an immersed
body on the flow around it at hypersonic speed .";0.2233179051885619;False
182;"effects of leading-edge bluntness on the flutter characteristics of some
square-planform double-wedge airfoils at mach numbers less than 15.4.";6;1300;"some effects of bluntness on boundary layer transition
and heat transfer at supersonic speeds .";0.22286109143292654;False
182;"effects of leading-edge bluntness on the flutter characteristics of some
square-planform double-wedge airfoils at mach numbers less than 15.4.";7;1290;"measured and calculated subsonic and transonic flutter
characteristics of a 45 sweptback wing planform in
air and in freon-12 in the langley transonic dynamics
tunnel .";0.2174290370957524;False
182;"effects of leading-edge bluntness on the flutter characteristics of some
square-planform double-wedge airfoils at mach numbers less than 15.4.";8;712;"low-speed longitudinal aerodynamic characteristics associated with a
series of low-aspect ratio wings having variations in leading-edge
contour .";0.21100366261493997;False
182;"effects of leading-edge bluntness on the flutter characteristics of some
square-planform double-wedge airfoils at mach numbers less than 15.4.";9;597;"measurements of pitching moment derivatives for blunt-nose aerofoils
oscillating in two-dimensional supersonic flow .";0.2071295425456732;False
182;"effects of leading-edge bluntness on the flutter characteristics of some
square-planform double-wedge airfoils at mach numbers less than 15.4.";10;26;inviscid leading-edge effect in hypersonic flow .;0.19243834538091506;False
183;"what factors have been shown to have a primary influence on sonic boom
strength .";1;809;"an investigation of the influence of lift on sonic-boom
intensity by means of wind tunnel measurements of the
pressure fields of several wing-body combinations at
a mach number of 2. 01 .";0.28981419989497775;True
183;"what factors have been shown to have a primary influence on sonic boom
strength .";2;804;a flight test investigation of the sonic boom .;0.24256130268230036;True
183;"what factors have been shown to have a primary influence on sonic boom
strength .";3;758;"the lower bound of attainable sonic-boom over-pressure
and design methods of approaching this limit .";0.24246475008735036;False
183;"what factors have been shown to have a primary influence on sonic boom
strength .";4;808;"an investigation of some aspects of the sonic boom
by means of wind tunnel measurements of pressures about
several bodies at a mach number of 2. 01 .";0.2421252580408965;True
183;"what factors have been shown to have a primary influence on sonic boom
strength .";5;1243;supersonic boom of wing-body configurations .;0.23844177951251333;True
183;"what factors have been shown to have a primary influence on sonic boom
strength .";6;811;"an investigation of lifting effects on the intensity
of sonic booms .";0.19372582157590792;True
183;"what factors have been shown to have a primary influence on sonic boom
strength .";7;1247;"the supersonic boom of a projectile related to drag
and volume .";0.18302521205613176;True
183;"what factors have been shown to have a primary influence on sonic boom
strength .";8;806;"ground measurements of airplane shock wave noise at
mach numbers to 2, and at altitudes of 60,000 feet .";0.16757812902259459;True
183;"what factors have been shown to have a primary influence on sonic boom
strength .";9;39;on the flow of a sonic stream past an airfoil surface .;0.16604890647387877;False
183;"what factors have been shown to have a primary influence on sonic boom
strength .";10;1045;the bending strength of pressurized cylinders .;0.15377055047638966;False
184;work on small-oscillation re-entry motions .;1;554;generalized heat transfer formulas and graphs .;0.24990673122604112;False
184;work on small-oscillation re-entry motions .;2;207;"laminar boundary layer oscillations and transition
on a flat plate .";0.23462332745995065;False
184;work on small-oscillation re-entry motions .;3;1217;"application of inequality constraints to variational
problems of lifting re-entry .";0.21174691398036133;False
184;work on small-oscillation re-entry motions .;4;1219;"determination of lift or drag programs to minimize
re-entry heating .";0.20698056459682826;False
184;work on small-oscillation re-entry motions .;5;716;"study of the oscillatory motion of manned vehicles
entering the earth's atmosphere .";0.19571584005149772;True
184;work on small-oscillation re-entry motions .;6;1379;hypersonic flight and the re-entry problem .;0.1951343884357266;True
184;work on small-oscillation re-entry motions .;7;82;"theoretical investigation of the ablation of a glass-type
heat protection shield of varied material properties
at the stagnation point of a re-entering irbm .";0.19227873837601042;False
184;work on small-oscillation re-entry motions .;8;515;"self sustained oscillations of a system with non-linear
damping of a particular type .";0.18793054643658055;False
184;work on small-oscillation re-entry motions .;9;509;"a graphical approximation for temperatures and sublimation rates at
surfaces subjected to small net and large gross heat transfer rates .";0.1808025400800162;False
184;work on small-oscillation re-entry motions .;10;1391;shock wave and flow field development in hypersonic re-entry .;0.17474555965560395;False
185;experimental studies on panel flutter .;1;856;"some experimental studies of panel flutter at mach
1 .3.";0.4741842591565446;True
185;experimental studies on panel flutter .;2;1008;free-flight measurements of the static and dynamic .;0.4660199481165481;True
185;experimental studies on panel flutter .;3;857;"experimental studies of flutter of buckled rectangular
panels at mach numbers from 1. 2 to 3. 0 including
effects of pressure differential and of panel
width-length ratio .";0.45394096536575224;True
185;experimental studies on panel flutter .;4;864;status of flutter of flat and curved panels .;0.45323943866887245;False
185;experimental studies on panel flutter .;5;285;on the flutter of panels at high mach numbers .;0.42024549515142057;True
185;experimental studies on panel flutter .;6;391;"flutter of rectangular simply supported panels at high
supersonic speeds .";0.4088780384033455;False
185;experimental studies on panel flutter .;7;390;some panel-flutter studies using piston theory .;0.4088224754737351;False
185;experimental studies on panel flutter .;8;766;"experimental investigation at mach number of 3. 0 of
effects of thermal stress and buckling on flutter characteristics
of flat single-bay panels of length-width ratio 0. 96 .";0.38087072516139125;True
185;experimental studies on panel flutter .;9;627;flutter analysis of circular panels .;0.35441836544020433;False
185;experimental studies on panel flutter .;10;858;"experimental investigation at mach numbers 3. 0 of
the effects of thermal stress and buckling on the flutter
of four-bay aluminium alloy panels with length-width
ratios of 10 .";0.3524676802575036;True
186;"how can wing-body,  flow field interference effects be approximated
rationally .";1;1062;"an experimental and theoretical investigation of second-order
wing-body interference at high mach number .";0.31974485860091495;True
186;"how can wing-body,  flow field interference effects be approximated
rationally .";2;1074;"theoretical and experimental investigation of second-order supersonic
wing-body interference .";0.2920658724140717;True
186;"how can wing-body,  flow field interference effects be approximated
rationally .";3;1243;supersonic boom of wing-body configurations .;0.27537927479795027;False
186;"how can wing-body,  flow field interference effects be approximated
rationally .";4;1075;"an experimental and theoretical investigation of second-order supersonic
 wing-body interference, for a non-lifting body with wings at incidence .";0.25379341173767755;True
186;"how can wing-body,  flow field interference effects be approximated
rationally .";5;923;"methods for estimating lift interference of wing-body
combinations at supersonic speeds .";0.24308517307511215;True
186;"how can wing-body,  flow field interference effects be approximated
rationally .";6;803;"the shock pattern of a wing-body combination far from
the flight path .";0.23623660050265702;False
186;"how can wing-body,  flow field interference effects be approximated
rationally .";7;672;tunnel interference effects .;0.22668027378982356;False
186;"how can wing-body,  flow field interference effects be approximated
rationally .";8;230;"interference between the wings and tail plane of a
slender wing-body tailplane combination .";0.22442105328853804;False
186;"how can wing-body,  flow field interference effects be approximated
rationally .";9;610;corner interference effects .;0.21880506794287286;False
186;"how can wing-body,  flow field interference effects be approximated
rationally .";10;229;"interference between the wings and tail surfaces of
a combination of slender body, cruciform wings and
cruciform tail set at both incidence and yaw .";0.20782308274797018;False
187;"has anyone analytically or experimentally investigated the effects of
internal pressure on the buckling of circular-cylindrical shells under
bending .";1;763;"effects of internal pressure on the buckling of circular-cylindrical
shells under bending.";0.5856275204457926;False
187;"has anyone analytically or experimentally investigated the effects of
internal pressure on the buckling of circular-cylindrical shells under
bending .";2;841;"on the bending of circular cylindrical shells under
pure bending .";0.41643278753334584;False
187;"has anyone analytically or experimentally investigated the effects of
internal pressure on the buckling of circular-cylindrical shells under
bending .";3;839;"the bending stability of thin-- walled unstiffened
circular cylinders including the effects of internal
pressure .";0.3608248882485672;True
187;"has anyone analytically or experimentally investigated the effects of
internal pressure on the buckling of circular-cylindrical shells under
bending .";4;847;"experimental study of the vibrations of a circular
cylindrical shell .";0.34494119074292673;False
187;"has anyone analytically or experimentally investigated the effects of
internal pressure on the buckling of circular-cylindrical shells under
bending .";5;887;"buckling due to thermal stress of cylindrical shells
subjected to axial temperature distributions .";0.33711729596120166;False
187;"has anyone analytically or experimentally investigated the effects of
internal pressure on the buckling of circular-cylindrical shells under
bending .";6;1126;"an engineer's conceptual approach to the buckling of
cylindrical shell (axial loading) .";0.3346508605355012;False
187;"has anyone analytically or experimentally investigated the effects of
internal pressure on the buckling of circular-cylindrical shells under
bending .";7;897;"some results on buckling and postbuckling of cylindrical
shells .";0.3298237570419932;False
187;"has anyone analytically or experimentally investigated the effects of
internal pressure on the buckling of circular-cylindrical shells under
bending .";8;1068;"instability analysis of cylindrical shells under hydrostatic
pressure .";0.3275487576041515;False
187;"has anyone analytically or experimentally investigated the effects of
internal pressure on the buckling of circular-cylindrical shells under
bending .";9;955;"the membrane approach to bending instability of pressureized
cylindrical shells .";0.32025244745271964;False
187;"has anyone analytically or experimentally investigated the effects of
internal pressure on the buckling of circular-cylindrical shells under
bending .";10;743;"new developments in the nonlinear theories of the buckling of thin
cylindrical shells .";0.3084490494863055;True
188;"what theoretical and experimental work has been done on the excitation
and response of typical structures in a noise environment .";1;725;"the response of a typical aircraft structure to jet
noise .";0.38767324829462796;True
188;"what theoretical and experimental work has been done on the excitation
and response of typical structures in a noise environment .";2;909;the effect of jet noise on aircraft structures .;0.2622908092615685;True
188;"what theoretical and experimental work has been done on the excitation
and response of typical structures in a noise environment .";3;722;random excitation of a tailplane section by jet noise .;0.244081388779908;True
188;"what theoretical and experimental work has been done on the excitation
and response of typical structures in a noise environment .";4;720;"a note on the use of sandwich structures in severe acoustic
environments .";0.24016283965912774;False
188;"what theoretical and experimental work has been done on the excitation
and response of typical structures in a noise environment .";5;911;"experimental study of the random vibrations of an aircraft
structure excited by jet noise .";0.2207990452267991;True
188;"what theoretical and experimental work has been done on the excitation
and response of typical structures in a noise environment .";6;640;the design of structures to resist jet noise fatigue .;0.20737881182375212;False
188;"what theoretical and experimental work has been done on the excitation
and response of typical structures in a noise environment .";7;908;random vibration .;0.18390760099999934;False
188;"what theoretical and experimental work has been done on the excitation
and response of typical structures in a noise environment .";8;102;advantages and limitations of models .;0.17503205902471497;False
188;"what theoretical and experimental work has been done on the excitation
and response of typical structures in a noise environment .";9;1279;sublimation in a hypersonic environment .;0.16275772339796105;False
188;"what theoretical and experimental work has been done on the excitation
and response of typical structures in a noise environment .";10;1360;"simplified analysis of general instability of stiffened
shells in pure bending .";0.16166442389229507;False
189;"is there a design method for calculating thermal fatigue endurances of
components of various types and sizes in a variety of circumstances .";1;767;"mathematical techniques applying to the thermal fatigue behaviour
of high temperature alloys .";0.30783752638677314;False
189;"is there a design method for calculating thermal fatigue endurances of
components of various types and sizes in a variety of circumstances .";2;726;on structural fatigue under random loading .;0.15051054184408066;False
189;"is there a design method for calculating thermal fatigue endurances of
components of various types and sizes in a variety of circumstances .";3;883;correlated fatigue data for aircraft structural joints .;0.14630999701345238;False
189;"is there a design method for calculating thermal fatigue endurances of
components of various types and sizes in a variety of circumstances .";4;768;"formulae for use with the fatigue load meter in the
assessment of wing fatigue life .";0.14418438106928474;False
189;"is there a design method for calculating thermal fatigue endurances of
components of various types and sizes in a variety of circumstances .";5;865;"a study of the thermal fatigue behaviour of metals .
 the effect of test conditions on nickel-base high
temperature alloys .";0.14202664305904053;True
189;"is there a design method for calculating thermal fatigue endurances of
components of various types and sizes in a variety of circumstances .";6;640;the design of structures to resist jet noise fatigue .;0.1355849440865388;False
189;"is there a design method for calculating thermal fatigue endurances of
components of various types and sizes in a variety of circumstances .";7;909;the effect of jet noise on aircraft structures .;0.13497911289459177;False
189;"is there a design method for calculating thermal fatigue endurances of
components of various types and sizes in a variety of circumstances .";8;884;the estimation of fatigue damage on structural elements .;0.12678914912073005;False
189;"is there a design method for calculating thermal fatigue endurances of
components of various types and sizes in a variety of circumstances .";9;1146;thermal buckling of cylinders .;0.12596491257858958;False
189;"is there a design method for calculating thermal fatigue endurances of
components of various types and sizes in a variety of circumstances .";10;881;cumulative damage in fatigue .;0.12570595753474986;False
19;"does there exist a good basic treatment of the dynamics of re-entry
combining consideration of realistic effects with relative simplicity of
results .";1;82;"theoretical investigation of the ablation of a glass-type
heat protection shield of varied material properties
at the stagnation point of a re-entering irbm .";0.16301599132408828;False
19;"does there exist a good basic treatment of the dynamics of re-entry
combining consideration of realistic effects with relative simplicity of
results .";2;554;generalized heat transfer formulas and graphs .;0.16025612775473944;False
19;"does there exist a good basic treatment of the dynamics of re-entry
combining consideration of realistic effects with relative simplicity of
results .";3;713;"static longitudinal stability characteristics of a blunted glider
re-entry configuration having 79.5degree sweepback and 45degree dihedral at
 a mach number of 6.2 and angles of attack up to 20degree .";0.15383435950401192;False
19;"does there exist a good basic treatment of the dynamics of re-entry
combining consideration of realistic effects with relative simplicity of
results .";4;1219;"determination of lift or drag programs to minimize
re-entry heating .";0.14248746357590417;False
19;"does there exist a good basic treatment of the dynamics of re-entry
combining consideration of realistic effects with relative simplicity of
results .";5;482;"a re-examination of the use of the simple concepts
for prediction the shape and location of detached shock
waves .";0.13755647314225258;False
19;"does there exist a good basic treatment of the dynamics of re-entry
combining consideration of realistic effects with relative simplicity of
results .";6;1217;"application of inequality constraints to variational
problems of lifting re-entry .";0.1350107055191929;False
19;"does there exist a good basic treatment of the dynamics of re-entry
combining consideration of realistic effects with relative simplicity of
results .";7;1379;hypersonic flight and the re-entry problem .;0.1241397515410894;True
19;"does there exist a good basic treatment of the dynamics of re-entry
combining consideration of realistic effects with relative simplicity of
results .";8;1000;"free-flight measurements of the static and dynamic
stability and drag of a 10 blunted cone at mach numbers
3 .5 and 8 .5 .";0.11541439552455211;False
19;"does there exist a good basic treatment of the dynamics of re-entry
combining consideration of realistic effects with relative simplicity of
results .";9;353;"the effect of helium injection at an axially symmetric stagnation
point .";0.11362513187393242;False
19;"does there exist a good basic treatment of the dynamics of re-entry
combining consideration of realistic effects with relative simplicity of
results .";10;303;"effect of variable heat recombination on stagnation
point heat transfer .";0.11361663930770909;False
190;"will an analysis of panel flutter based on arbitrarily assumed modes of
deformation prove satisfactory,  and if so,  what is the minimum number
of modes that need be considered .";1;390;some panel-flutter studies using piston theory .;0.2838300255121797;True
190;"will an analysis of panel flutter based on arbitrarily assumed modes of
deformation prove satisfactory,  and if so,  what is the minimum number
of modes that need be considered .";2;627;flutter analysis of circular panels .;0.2534214302045341;False
190;"will an analysis of panel flutter based on arbitrarily assumed modes of
deformation prove satisfactory,  and if so,  what is the minimum number
of modes that need be considered .";3;856;"some experimental studies of panel flutter at mach
1 .3.";0.23051099824055424;False
190;"will an analysis of panel flutter based on arbitrarily assumed modes of
deformation prove satisfactory,  and if so,  what is the minimum number
of modes that need be considered .";4;1008;free-flight measurements of the static and dynamic .;0.22756613560538347;False
190;"will an analysis of panel flutter based on arbitrarily assumed modes of
deformation prove satisfactory,  and if so,  what is the minimum number
of modes that need be considered .";5;15;on two-dimensional panel flutter .;0.22669907790011595;True
190;"will an analysis of panel flutter based on arbitrarily assumed modes of
deformation prove satisfactory,  and if so,  what is the minimum number
of modes that need be considered .";6;391;"flutter of rectangular simply supported panels at high
supersonic speeds .";0.2204435870105256;True
190;"will an analysis of panel flutter based on arbitrarily assumed modes of
deformation prove satisfactory,  and if so,  what is the minimum number
of modes that need be considered .";7;285;on the flutter of panels at high mach numbers .;0.2014473468564552;True
190;"will an analysis of panel flutter based on arbitrarily assumed modes of
deformation prove satisfactory,  and if so,  what is the minimum number
of modes that need be considered .";8;864;status of flutter of flat and curved panels .;0.1981027486167534;True
190;"will an analysis of panel flutter based on arbitrarily assumed modes of
deformation prove satisfactory,  and if so,  what is the minimum number
of modes that need be considered .";9;766;"experimental investigation at mach number of 3. 0 of
effects of thermal stress and buckling on flutter characteristics
of flat single-bay panels of length-width ratio 0. 96 .";0.19268425980077414;False
190;"will an analysis of panel flutter based on arbitrarily assumed modes of
deformation prove satisfactory,  and if so,  what is the minimum number
of modes that need be considered .";10;52;"procedure for calculating flutter at high supersonic
speed including camber deflections, and comparison
with experimental results .";0.18985093690597704;False
191;"what is the criterion for true panel flutter,  as opposed to small
amplitude vibration arising from acoustic disturbances .";1;766;"experimental investigation at mach number of 3. 0 of
effects of thermal stress and buckling on flutter characteristics
of flat single-bay panels of length-width ratio 0. 96 .";0.21214911945562523;False
191;"what is the criterion for true panel flutter,  as opposed to small
amplitude vibration arising from acoustic disturbances .";2;864;status of flutter of flat and curved panels .;0.19963882917535292;True
191;"what is the criterion for true panel flutter,  as opposed to small
amplitude vibration arising from acoustic disturbances .";3;627;flutter analysis of circular panels .;0.19550142311452134;False
191;"what is the criterion for true panel flutter,  as opposed to small
amplitude vibration arising from acoustic disturbances .";4;1008;free-flight measurements of the static and dynamic .;0.1935696584901175;True
191;"what is the criterion for true panel flutter,  as opposed to small
amplitude vibration arising from acoustic disturbances .";5;15;on two-dimensional panel flutter .;0.19325483626201073;True
191;"what is the criterion for true panel flutter,  as opposed to small
amplitude vibration arising from acoustic disturbances .";6;31;thermal buckling of supersonic wing panels .;0.18791366410171007;False
191;"what is the criterion for true panel flutter,  as opposed to small
amplitude vibration arising from acoustic disturbances .";7;285;on the flutter of panels at high mach numbers .;0.18510595385221923;True
191;"what is the criterion for true panel flutter,  as opposed to small
amplitude vibration arising from acoustic disturbances .";8;391;"flutter of rectangular simply supported panels at high
supersonic speeds .";0.18009891880127094;True
191;"what is the criterion for true panel flutter,  as opposed to small
amplitude vibration arising from acoustic disturbances .";9;728;free vibrations of continuous skin stringer panels .;0.17596413618068438;False
191;"what is the criterion for true panel flutter,  as opposed to small
amplitude vibration arising from acoustic disturbances .";10;75;studies of structural failure due to acoustic loading .;0.17084057673105643;False
192;papers dealing with uniformly loaded sectors .;1;641;"reduction of the clamped plate to two membrane problems
with an application to uniformly loaded sectors .";0.3905000750458738;False
192;papers dealing with uniformly loaded sectors .;2;734;"the bending of uniformly loaded clamped plate in the
form of a circular sector .";0.33949358907630356;True
192;papers dealing with uniformly loaded sectors .;3;735;"the bending of uniformly loaded sectorial plates with
clamped edges .";0.277427464978385;True
192;papers dealing with uniformly loaded sectors .;4;733;the bending of a sectorial plate .;0.2726306358787578;True
192;papers dealing with uniformly loaded sectors .;5;925;factors affecting loads at hypersonic speeds .;0.21801389766814178;False
192;papers dealing with uniformly loaded sectors .;6;647;"bending of a uniformly loaded rectangular plate with
two adjacent edges and the others either simply supported
or free .";0.19158213669907356;False
192;papers dealing with uniformly loaded sectors .;7;875;models for aeroelastic investigation .;0.1366227323650741;False
192;papers dealing with uniformly loaded sectors .;8;1175;"stresses from local loadings in cylindrical pressure
vessels .";0.13352077707291787;False
192;papers dealing with uniformly loaded sectors .;9;1084;the flow past circular cylinders at low speeds .;0.13342138132861683;False
192;papers dealing with uniformly loaded sectors .;10;850;remarks on donnell's equations .;0.12564097885740064;False
193;general methods of solving clamped plate problems .;1;730;on the bending of a clamped plate .;0.33898758532971823;True
193;general methods of solving clamped plate problems .;2;735;"the bending of uniformly loaded sectorial plates with
clamped edges .";0.33724658180890726;True
193;general methods of solving clamped plate problems .;3;733;the bending of a sectorial plate .;0.3214425054917274;True
193;general methods of solving clamped plate problems .;4;422;"bending of a square plate with two adjacent edges free
and the others clamped or simply supported .";0.31560133162943077;True
193;general methods of solving clamped plate problems .;5;641;"reduction of the clamped plate to two membrane problems
with an application to uniformly loaded sectors .";0.31197216824487706;False
193;general methods of solving clamped plate problems .;6;400;buckling stress of clamped rectangular plates in shear .;0.30040239229786264;False
193;general methods of solving clamped plate problems .;7;734;"the bending of uniformly loaded clamped plate in the
form of a circular sector .";0.28296302122750794;True
193;general methods of solving clamped plate problems .;8;648;"the approximate analysis of certain boundary value
problems .";0.28249973650864957;True
193;general methods of solving clamped plate problems .;9;736;the bending of a wedge shaped plate .;0.28159137733464584;True
193;general methods of solving clamped plate problems .;10;1396;"shear buckling of clamped and simply-supported infinitely
long plates reinforced by transverse stiffeners .";0.2233090624873695;False
194;"how can the analytical solution of the buckling strength of a uniform
circular cylinder loaded in axial compression be refined so as to lower
the buckling load .";1;642;"the buckling strength of a uniform circular cylinder
loaded in axial compression .";0.5557007784916902;False
194;"how can the analytical solution of the buckling strength of a uniform
circular cylinder loaded in axial compression be refined so as to lower
the buckling load .";2;932;buckling of circular cones under axial compression .;0.45172577862980784;False
194;"how can the analytical solution of the buckling strength of a uniform
circular cylinder loaded in axial compression be refined so as to lower
the buckling load .";3;888;"combinations of temperature and axial compression required
for buckling of a ring-stiffened cylinder .";0.3363026939502374;False
194;"how can the analytical solution of the buckling strength of a uniform
circular cylinder loaded in axial compression be refined so as to lower
the buckling load .";4;1126;"an engineer's conceptual approach to the buckling of
cylindrical shell (axial loading) .";0.29857202279535483;False
194;"how can the analytical solution of the buckling strength of a uniform
circular cylinder loaded in axial compression be refined so as to lower
the buckling load .";5;1045;the bending strength of pressurized cylinders .;0.2866936035581416;False
194;"how can the analytical solution of the buckling strength of a uniform
circular cylinder loaded in axial compression be refined so as to lower
the buckling load .";6;744;"lower buckling load in the non-linear buckling theory
of thin shells .";0.28120670624049277;True
194;"how can the analytical solution of the buckling strength of a uniform
circular cylinder loaded in axial compression be refined so as to lower
the buckling load .";7;1173;the buckling of cylindrical shells under longitudinally varying loads .;0.2736721752052175;False
194;"how can the analytical solution of the buckling strength of a uniform
circular cylinder loaded in axial compression be refined so as to lower
the buckling load .";8;1177;effects of rapid heating on strength of airframe components .;0.27257376999217775;False
194;"how can the analytical solution of the buckling strength of a uniform
circular cylinder loaded in axial compression be refined so as to lower
the buckling load .";9;957;axisymmetric snap buckling of conical shells .;0.27093006771668776;False
194;"how can the analytical solution of the buckling strength of a uniform
circular cylinder loaded in axial compression be refined so as to lower
the buckling load .";10;1172;"elastic stability of circular cylindrical shells stabilized
by a soft elastic core .";0.2707935095320151;False
195;"in the problem of the buckling strength of uniform circular cylinders
loaded in axial compression,  does the linear solution help with
improving the non-linear one .";1;642;"the buckling strength of a uniform circular cylinder
loaded in axial compression .";0.49143827204892837;False
195;"in the problem of the buckling strength of uniform circular cylinders
loaded in axial compression,  does the linear solution help with
improving the non-linear one .";2;932;buckling of circular cones under axial compression .;0.35336963825552914;False
195;"in the problem of the buckling strength of uniform circular cylinders
loaded in axial compression,  does the linear solution help with
improving the non-linear one .";3;1055;non-linear bending and buckling of circular plates .;0.3257106340958825;False
195;"in the problem of the buckling strength of uniform circular cylinders
loaded in axial compression,  does the linear solution help with
improving the non-linear one .";4;744;"lower buckling load in the non-linear buckling theory
of thin shells .";0.2822251809940619;False
195;"in the problem of the buckling strength of uniform circular cylinders
loaded in axial compression,  does the linear solution help with
improving the non-linear one .";5;831;buckling of shallow shells under external pressure .;0.2611152281619189;False
195;"in the problem of the buckling strength of uniform circular cylinders
loaded in axial compression,  does the linear solution help with
improving the non-linear one .";6;1054;"iterative solutions for the non-linear bending of circular
plates .";0.254781913288949;False
195;"in the problem of the buckling strength of uniform circular cylinders
loaded in axial compression,  does the linear solution help with
improving the non-linear one .";7;888;"combinations of temperature and axial compression required
for buckling of a ring-stiffened cylinder .";0.2511956302272276;False
195;"in the problem of the buckling strength of uniform circular cylinders
loaded in axial compression,  does the linear solution help with
improving the non-linear one .";8;1045;the bending strength of pressurized cylinders .;0.24592387239800392;False
195;"in the problem of the buckling strength of uniform circular cylinders
loaded in axial compression,  does the linear solution help with
improving the non-linear one .";9;739;"the buckling of thin cylindrical shells under axial
compression .";0.2313378944014434;True
195;"in the problem of the buckling strength of uniform circular cylinders
loaded in axial compression,  does the linear solution help with
improving the non-linear one .";10;1126;"an engineer's conceptual approach to the buckling of
cylindrical shell (axial loading) .";0.2253466460201946;False
196;"the problem of similarity for representative investigation of
aeroelastic effects in a flow with the absence of heating effects .";1;746;"aeroelastic problems in connection with high speed
flight .";0.2335356697628912;True
196;"the problem of similarity for representative investigation of
aeroelastic effects in a flow with the absence of heating effects .";2;184;scale models for thermo-aeroelastic research .;0.2287348844792929;False
196;"the problem of similarity for representative investigation of
aeroelastic effects in a flow with the absence of heating effects .";3;875;models for aeroelastic investigation .;0.2271804335956862;True
196;"the problem of similarity for representative investigation of
aeroelastic effects in a flow with the absence of heating effects .";4;1237;"foreign-gas injection into a compressible turbulent
boundary layer on a flat plate .";0.1736370429286158;False
196;"the problem of similarity for representative investigation of
aeroelastic effects in a flow with the absence of heating effects .";5;486;similarity laws for aerothermoelastic testing .;0.15830815278536753;False
196;"the problem of similarity for representative investigation of
aeroelastic effects in a flow with the absence of heating effects .";6;1281;"turbulent heat transfer on blunt-nosed bodies in two-dimensional
and general three-dimensional hypersonic flow .";0.147843124745435;False
196;"the problem of similarity for representative investigation of
aeroelastic effects in a flow with the absence of heating effects .";7;1361;"large deflections of structures subjected to heating
and external loads .";0.14042793554210947;False
196;"the problem of similarity for representative investigation of
aeroelastic effects in a flow with the absence of heating effects .";8;102;advantages and limitations of models .;0.13808073885390437;False
196;"the problem of similarity for representative investigation of
aeroelastic effects in a flow with the absence of heating effects .";9;540;"use of local similarity concepts in hypersonic viscous
interaction problems .";0.13642870755614123;False
196;"the problem of similarity for representative investigation of
aeroelastic effects in a flow with the absence of heating effects .";10;12;"some structural and aerelastic considerations of high
speed flight .";0.1357247203779348;True
197;how is fatigue damage estimated using the normal long-hand method .;1;884;the estimation of fatigue damage on structural elements .;0.45415042950904666;True
197;how is fatigue damage estimated using the normal long-hand method .;2;881;cumulative damage in fatigue .;0.30517706482880846;True
197;how is fatigue damage estimated using the normal long-hand method .;3;726;on structural fatigue under random loading .;0.25048026907594195;False
197;how is fatigue damage estimated using the normal long-hand method .;4;723;"on the fatigue failure of structures due to vibrations excited
by random pressure fields .";0.24389200424603674;False
197;how is fatigue damage estimated using the normal long-hand method .;5;768;"formulae for use with the fatigue load meter in the
assessment of wing fatigue life .";0.2390368541817798;False
197;how is fatigue damage estimated using the normal long-hand method .;6;865;"a study of the thermal fatigue behaviour of metals .
 the effect of test conditions on nickel-base high
temperature alloys .";0.192124150822925;False
197;how is fatigue damage estimated using the normal long-hand method .;7;909;the effect of jet noise on aircraft structures .;0.19152133916909794;False
197;how is fatigue damage estimated using the normal long-hand method .;8;746;"aeroelastic problems in connection with high speed
flight .";0.1866340080013866;False
197;how is fatigue damage estimated using the normal long-hand method .;9;640;the design of structures to resist jet noise fatigue .;0.15337022325026417;False
197;how is fatigue damage estimated using the normal long-hand method .;10;883;correlated fatigue data for aircraft structural joints .;0.15144161119497343;True
198;"is there any information available on the difference in the effects of
various edge conditions on the buckling of cylindrical shells .";1;886;thermal buckling of clamped cylindrical shells .;0.30284004814485505;False
198;"is there any information available on the difference in the effects of
various edge conditions on the buckling of cylindrical shells .";2;887;"buckling due to thermal stress of cylindrical shells
subjected to axial temperature distributions .";0.29843322363580993;True
198;"is there any information available on the difference in the effects of
various edge conditions on the buckling of cylindrical shells .";3;897;"some results on buckling and postbuckling of cylindrical
shells .";0.27673298204622715;False
198;"is there any information available on the difference in the effects of
various edge conditions on the buckling of cylindrical shells .";4;889;"a simplified method of elastic stability analysis for
thin cylindrical shells .";0.2719704221753627;True
198;"is there any information available on the difference in the effects of
various edge conditions on the buckling of cylindrical shells .";5;1126;"an engineer's conceptual approach to the buckling of
cylindrical shell (axial loading) .";0.2633178770959811;False
198;"is there any information available on the difference in the effects of
various edge conditions on the buckling of cylindrical shells .";6;743;"new developments in the nonlinear theories of the buckling of thin
cylindrical shells .";0.2627174390428401;False
198;"is there any information available on the difference in the effects of
various edge conditions on the buckling of cylindrical shells .";7;1068;"instability analysis of cylindrical shells under hydrostatic
pressure .";0.25569577514608616;False
198;"is there any information available on the difference in the effects of
various edge conditions on the buckling of cylindrical shells .";8;885;"buckling of thin cylindrical shells under hoop stresses
varying in axial direction .";0.24924730385178237;False
198;"is there any information available on the difference in the effects of
various edge conditions on the buckling of cylindrical shells .";9;769;"local circumferential buckling of thin circular cylindrical
shells .";0.24909353966200065;False
198;"is there any information available on the difference in the effects of
various edge conditions on the buckling of cylindrical shells .";10;741;"the behaviour of thin cylindrical shells after buckling
under axial compression .";0.24816130983671533;False
199;"have non-linear large deflection analyses been conducted for shell
shapes other than conical .";1;930;"general theory of large deflections of thin shells
with special applications to conical shells .";0.33177275522876337;False
199;"have non-linear large deflection analyses been conducted for shell
shapes other than conical .";2;1070;buckling of orthotropic and stiffened conical shells .;0.2718738982912661;False
199;"have non-linear large deflection analyses been conducted for shell
shapes other than conical .";3;931;stability equations for conical shells .;0.25296940164429926;False
199;"have non-linear large deflection analyses been conducted for shell
shapes other than conical .";4;744;"lower buckling load in the non-linear buckling theory
of thin shells .";0.2165019617147804;True
199;"have non-linear large deflection analyses been conducted for shell
shapes other than conical .";5;1058;the conical disk spring .;0.21563312436107226;False
199;"have non-linear large deflection analyses been conducted for shell
shapes other than conical .";6;739;"the buckling of thin cylindrical shells under axial
compression .";0.21245778353107203;False
199;"have non-linear large deflection analyses been conducted for shell
shapes other than conical .";7;898;"a survey of buckling theory and experiment for circular
conical shells of constant thickness .";0.2073306502793685;False
199;"have non-linear large deflection analyses been conducted for shell
shapes other than conical .";8;1055;non-linear bending and buckling of circular plates .;0.20338150040250233;True
199;"have non-linear large deflection analyses been conducted for shell
shapes other than conical .";9;1362;"non-linear analysis of heated, cambered wings by the matrix force
method .";0.19672429769760272;False
199;"have non-linear large deflection analyses been conducted for shell
shapes other than conical .";10;1294;"non-linear shallow shell analysis by the matrix force
method .";0.19547113170282585;False
2;"what are the structural and aeroelastic problems associated with flight
of high speed aircraft .";1;12;"some structural and aerelastic considerations of high
speed flight .";0.4340808279092286;True
2;"what are the structural and aeroelastic problems associated with flight
of high speed aircraft .";2;746;"aeroelastic problems in connection with high speed
flight .";0.31368306694015924;True
2;"what are the structural and aeroelastic problems associated with flight
of high speed aircraft .";3;51;"theory of aircraft structural models subjected to aerodynamic
heating and external loads .";0.2525260750486022;True
2;"what are the structural and aeroelastic problems associated with flight
of high speed aircraft .";4;875;models for aeroelastic investigation .;0.23077099063179005;False
2;"what are the structural and aeroelastic problems associated with flight
of high speed aircraft .";5;184;scale models for thermo-aeroelastic research .;0.22504327454171916;True
2;"what are the structural and aeroelastic problems associated with flight
of high speed aircraft .";6;141;free-flight techniques for high speed aerodynamic research .;0.21671396156046602;False
2;"what are the structural and aeroelastic problems associated with flight
of high speed aircraft .";7;909;the effect of jet noise on aircraft structures .;0.19949715189817985;False
2;"what are the structural and aeroelastic problems associated with flight
of high speed aircraft .";8;884;the estimation of fatigue damage on structural elements .;0.19078838424270025;False
2;"what are the structural and aeroelastic problems associated with flight
of high speed aircraft .";9;700;two and three-dimensional unsteady lift problems in high speed flight .;0.18958744053917098;False
2;"what are the structural and aeroelastic problems associated with flight
of high speed aircraft .";10;1169;"hangling qualities experience with several vtol research
aircraft .";0.1769053959143049;False
20;"has anyone formally determined the influence of joule heating,  produced
by the induced current,  in magnetohydrodynamic free convection flows
under general conditions .";1;500;"joule heating in magnetohydrodynamic free-convection
flows .";0.49040714369384636;False
20;"has anyone formally determined the influence of joule heating,  produced
by the induced current,  in magnetohydrodynamic free convection flows
under general conditions .";2;268;several magnetohydrodynamic free-convection solutions .;0.277608353589144;True
20;"has anyone formally determined the influence of joule heating,  produced
by the induced current,  in magnetohydrodynamic free convection flows
under general conditions .";3;88;magnetohydrodynamic free-convection pipe flow .;0.24846541669146419;True
20;"has anyone formally determined the influence of joule heating,  produced
by the induced current,  in magnetohydrodynamic free convection flows
under general conditions .";4;87;free-convection magnetohydrodynamic flow past a porous flat plate .;0.21423357108316515;True
20;"has anyone formally determined the influence of joule heating,  produced
by the induced current,  in magnetohydrodynamic free convection flows
under general conditions .";5;450;some physical interpretations of magnetohydrodynamic duct flows .;0.19667962412050724;False
20;"has anyone formally determined the influence of joule heating,  produced
by the induced current,  in magnetohydrodynamic free convection flows
under general conditions .";6;270;"on combined free and forced convection laminar magnetohydrodynamic
flow and heat transfer in channels with transverse
magnetic field .";0.18561607143541572;True
20;"has anyone formally determined the influence of joule heating,  produced
by the induced current,  in magnetohydrodynamic free convection flows
under general conditions .";7;407;"stationary convection flow of an electrically conducting
liquid between parallel plates in a magnetic field .";0.17020544181623204;True
20;"has anyone formally determined the influence of joule heating,  produced
by the induced current,  in magnetohydrodynamic free convection flows
under general conditions .";8;408;"on convective motion of a conducting fluid between
parallel vertical plates in a magnetic field .";0.160437776056765;True
20;"has anyone formally determined the influence of joule heating,  produced
by the induced current,  in magnetohydrodynamic free convection flows
under general conditions .";9;963;a variational principle for convection of heat .;0.15397313485067415;False
20;"has anyone formally determined the influence of joule heating,  produced
by the induced current,  in magnetohydrodynamic free convection flows
under general conditions .";10;584;"conduction of heat in a solid with a power law of heat
transfer at its surface .";0.15216224159696154;False
200;"are asymptotic methods sufficiently accurate in the determination of
pre-buckling stresses in torispherical shells,  or must we resort to
numerical methods .";1;1071;"stability of thin torispherical shells under uniform
internal pressure .";0.33151944591323246;False
200;"are asymptotic methods sufficiently accurate in the determination of
pre-buckling stresses in torispherical shells,  or must we resort to
numerical methods .";2;1134;torispherical shells - a caution to designers .;0.19582150421590513;True
200;"are asymptotic methods sufficiently accurate in the determination of
pre-buckling stresses in torispherical shells,  or must we resort to
numerical methods .";3;885;"buckling of thin cylindrical shells under hoop stresses
varying in axial direction .";0.1706690328171579;False
200;"are asymptotic methods sufficiently accurate in the determination of
pre-buckling stresses in torispherical shells,  or must we resort to
numerical methods .";4;1053;spherical cap snapping .;0.16823445726255395;False
200;"are asymptotic methods sufficiently accurate in the determination of
pre-buckling stresses in torispherical shells,  or must we resort to
numerical methods .";5;887;"buckling due to thermal stress of cylindrical shells
subjected to axial temperature distributions .";0.15690151300912708;False
200;"are asymptotic methods sufficiently accurate in the determination of
pre-buckling stresses in torispherical shells,  or must we resort to
numerical methods .";6;1138;asymptotic solutions of toroidal shell problems .;0.1488821146260831;True
200;"are asymptotic methods sufficiently accurate in the determination of
pre-buckling stresses in torispherical shells,  or must we resort to
numerical methods .";7;897;"some results on buckling and postbuckling of cylindrical
shells .";0.1467430704808497;False
200;"are asymptotic methods sufficiently accurate in the determination of
pre-buckling stresses in torispherical shells,  or must we resort to
numerical methods .";8;889;"a simplified method of elastic stability analysis for
thin cylindrical shells .";0.13784123036592172;False
200;"are asymptotic methods sufficiently accurate in the determination of
pre-buckling stresses in torispherical shells,  or must we resort to
numerical methods .";9;940;of a turbulent free shear layer .;0.1376565095751743;False
200;"are asymptotic methods sufficiently accurate in the determination of
pre-buckling stresses in torispherical shells,  or must we resort to
numerical methods .";10;741;"the behaviour of thin cylindrical shells after buckling
under axial compression .";0.13484235257141836;False
201;"what are the nonequilibrium chemical constituents in the viscous shock
layer ahead of a blunt re-entry vehicle .";1;625;viscous and inviscid nonequilibrium gas flows .;0.29733210648788855;True
201;"what are the nonequilibrium chemical constituents in the viscous shock
layer ahead of a blunt re-entry vehicle .";2;1379;hypersonic flight and the re-entry problem .;0.18672707914780318;False
201;"what are the nonequilibrium chemical constituents in the viscous shock
layer ahead of a blunt re-entry vehicle .";3;1297;ionization nonequilibrium in expanding flows .;0.1809204981160176;False
201;"what are the nonequilibrium chemical constituents in the viscous shock
layer ahead of a blunt re-entry vehicle .";4;1217;"application of inequality constraints to variational
problems of lifting re-entry .";0.17933389822665732;False
201;"what are the nonequilibrium chemical constituents in the viscous shock
layer ahead of a blunt re-entry vehicle .";5;1219;"determination of lift or drag programs to minimize
re-entry heating .";0.17529715455379088;False
201;"what are the nonequilibrium chemical constituents in the viscous shock
layer ahead of a blunt re-entry vehicle .";6;410;"the supersonic flow about a blunt body of revolution
for gases at chemical equilibrium .";0.16965445811958324;False
201;"what are the nonequilibrium chemical constituents in the viscous shock
layer ahead of a blunt re-entry vehicle .";7;1391;shock wave and flow field development in hypersonic re-entry .;0.1653294255598866;True
201;"what are the nonequilibrium chemical constituents in the viscous shock
layer ahead of a blunt re-entry vehicle .";8;983;"addendum to 'heat transfer to satellite vehicles re-entering the
atmosphere .";0.1644027113189855;False
201;"what are the nonequilibrium chemical constituents in the viscous shock
layer ahead of a blunt re-entry vehicle .";9;554;generalized heat transfer formulas and graphs .;0.1603987802273185;False
201;"what are the nonequilibrium chemical constituents in the viscous shock
layer ahead of a blunt re-entry vehicle .";10;1189;nonequilibrium flow past a wedge .;0.15985509468733333;False
202;"how accurate are existing analytical theories in estimating pressure
distributions on cones at incidence,  at hypersonic speeds .";1;1285;"experiments at hypersonic speeds on circular cones
at incidence .";0.4653104798346958;False
202;"how accurate are existing analytical theories in estimating pressure
distributions on cones at incidence,  at hypersonic speeds .";2;1310;"survey of inviscid hypersonic flow theory for geometrically
slender shapes .";0.24154079483184965;True
202;"how accurate are existing analytical theories in estimating pressure
distributions on cones at incidence,  at hypersonic speeds .";3;1378;blunt-cone pressure distributions at hypersonic mach numbers .;0.23532708097104388;False
202;"how accurate are existing analytical theories in estimating pressure
distributions on cones at incidence,  at hypersonic speeds .";4;19;"an investigation of the pressure distribution on conical bodies in
hypersonic flows .";0.22865731209010665;False
202;"how accurate are existing analytical theories in estimating pressure
distributions on cones at incidence,  at hypersonic speeds .";5;232;"accuracy of approximate methods for predicting pressure
on pointed non-lifting bodies of revolution in supersonic
flow .";0.2253832447543371;True
202;"how accurate are existing analytical theories in estimating pressure
distributions on cones at incidence,  at hypersonic speeds .";6;1231;hypersonic flow over an elliptic cone: theory and experiment .;0.22022282821619082;False
202;"how accurate are existing analytical theories in estimating pressure
distributions on cones at incidence,  at hypersonic speeds .";7;186;base pressure in supersonic flow .;0.21135655431878314;False
202;"how accurate are existing analytical theories in estimating pressure
distributions on cones at incidence,  at hypersonic speeds .";8;605;"pressure measurements on a cone-cylinder-flare configuration at small
incidences for m 6.8 .";0.20965349697040306;True
202;"how accurate are existing analytical theories in estimating pressure
distributions on cones at incidence,  at hypersonic speeds .";9;411;"data on shape and location of detached shock waves
in cones and sphere .";0.20234328015864766;False
202;"how accurate are existing analytical theories in estimating pressure
distributions on cones at incidence,  at hypersonic speeds .";10;122;"a simplified approximate method for the calculation of the pressure
around conical bodies of arbitrary shape in supersonic and hypersonic
flow .";0.1985194332485863;False
203;"are simple empirical methods of any use for estimating pressure
distribution in cones .";1;1285;"experiments at hypersonic speeds on circular cones
at incidence .";0.2887973349796646;False
203;"are simple empirical methods of any use for estimating pressure
distribution in cones .";2;38;"on the prediction of mixed subsonic/supersonic pressure
distributions .";0.27805896556038345;False
203;"are simple empirical methods of any use for estimating pressure
distribution in cones .";3;58;"pressure measurements on sharp and blunt 5 and 15 half-angle
cones at mach number 3.86 and angles of attack to
100 .";0.2232175460643855;True
203;"are simple empirical methods of any use for estimating pressure
distribution in cones .";4;1378;blunt-cone pressure distributions at hypersonic mach numbers .;0.2067179264464476;False
203;"are simple empirical methods of any use for estimating pressure
distribution in cones .";5;1308;a guide to the use of the m. i. t.  cone tables .;0.20068048732486582;False
203;"are simple empirical methods of any use for estimating pressure
distribution in cones .";6;1262;"an extension of the linearized characteristics method
for calculating the supersonic flow around elliptic
cones .";0.19711363685953845;False
203;"are simple empirical methods of any use for estimating pressure
distribution in cones .";7;1231;hypersonic flow over an elliptic cone: theory and experiment .;0.19469391624230406;False
203;"are simple empirical methods of any use for estimating pressure
distribution in cones .";8;411;"data on shape and location of detached shock waves
in cones and sphere .";0.18335169582692637;False
203;"are simple empirical methods of any use for estimating pressure
distribution in cones .";9;1306;"experiments on circular cones at yaw in supersonic
flow .";0.18101865353038918;True
203;"are simple empirical methods of any use for estimating pressure
distribution in cones .";10;48;"supersonic flow at the surface of a circular cone at
angle of attack .";0.17949340931245342;False
204;do viscous effects seriously modify pressure distributions .;1;147;"supersonic flow past slender pointed wings with ?similar?
cross sections at zero lift .";0.21458640679026214;False
204;do viscous effects seriously modify pressure distributions .;2;1080;viscous flow round a sphere at low reynolds numbers . /l40/ .;0.1539284525179204;False
204;do viscous effects seriously modify pressure distributions .;3;1076;"an approximate method for determining the displacement effects and
viscous drag of laminar boundary layers in two-dimensional hypersonic
flow .";0.14983117900988321;False
204;do viscous effects seriously modify pressure distributions .;4;1311;"some simple solutions to the problem of predicting
boundary layer self-induced pressures .";0.1474192096146395;True
204;do viscous effects seriously modify pressure distributions .;5;443;"calculated and measured pressure distributions over the midspan section
of the naca 4412 airfoil .";0.14593907591136382;False
204;do viscous effects seriously modify pressure distributions .;6;937;on the buckling of truncated conical shells in torsion .;0.14486735884540639;False
204;do viscous effects seriously modify pressure distributions .;7;573;viscous hypersonic similitude .;0.13975912562384665;False
204;do viscous effects seriously modify pressure distributions .;8;208;"the hall effect in the viscous flow of ionized gas
between parallel plates under transverse magnetic field .";0.13331336986177444;False
204;do viscous effects seriously modify pressure distributions .;9;133;"some effects of surface curvature on laminar boundary
layer flow .";0.12909721304023752;False
204;do viscous effects seriously modify pressure distributions .;10;310;hypersonic viscous flow over a flat plate .;0.12591112340894006;False
205;"has anyone investigated theoretically whether surface flexibility
can stabilize a laminar boundary layer .";1;1287;"progress report on an experiment on the effect of surface
flexibility on the stability of laminar flow .";0.31812885962575943;False
205;"has anyone investigated theoretically whether surface flexibility
can stabilize a laminar boundary layer .";2;1321;effects of a flexible boundary on hydrodynamic stability .;0.2618566405431977;True
205;"has anyone investigated theoretically whether surface flexibility
can stabilize a laminar boundary layer .";3;55;"separation, stability and other properties of compressible
laminar boundary layer with pressure gradient and heat
transfer .";0.22890806915306178;False
205;"has anyone investigated theoretically whether surface flexibility
can stabilize a laminar boundary layer .";4;1322;"qualitiative solutions of the stability equation for a boundary layer in
 contact with various forms of flexible surface .";0.20784611144979373;True
205;"has anyone investigated theoretically whether surface flexibility
can stabilize a laminar boundary layer .";5;337;boundary layer transition with gas injection .;0.18706481847337678;False
205;"has anyone investigated theoretically whether surface flexibility
can stabilize a laminar boundary layer .";6;78;"an analytical treatment of aircraft propeller precession
instability .";0.1863311251767795;False
205;"has anyone investigated theoretically whether surface flexibility
can stabilize a laminar boundary layer .";7;1323;"an investigation of the use of an auxiliary slot to
re-establish laminar flow on low drag aerofoils .";0.18180500432162544;False
205;"has anyone investigated theoretically whether surface flexibility
can stabilize a laminar boundary layer .";8;1367;"a theoretical investigation of the effects of mach number, reynolds
number, wall temperature and surface curvature on laminar separation in
supersonic flow .";0.18138764159497872;False
205;"has anyone investigated theoretically whether surface flexibility
can stabilize a laminar boundary layer .";9;1381;"effect of mach number on boundary layer transition
in the presence of pressure rise and surface roughness
on an ogive-cylinder body with cold wall conditions .";0.16824632803408876;False
205;"has anyone investigated theoretically whether surface flexibility
can stabilize a laminar boundary layer .";10;73;"investigation of the stability of the laminar boundary
layer in a compressible fluid .";0.167745376509164;False
206;"how do subsonic and transonic flutter data measured in the new langley
transonic dynamics tunnel compare with similar data obtained in other
facilities .";1;1290;"measured and calculated subsonic and transonic flutter
characteristics of a 45 sweptback wing planform in
air and in freon-12 in the langley transonic dynamics
tunnel .";0.478891943689243;False
206;"how do subsonic and transonic flutter data measured in the new langley
transonic dynamics tunnel compare with similar data obtained in other
facilities .";2;879;flutter model testing at transonic speeds .;0.3781862666142654;False
206;"how do subsonic and transonic flutter data measured in the new langley
transonic dynamics tunnel compare with similar data obtained in other
facilities .";3;1338;"investigation to determine effects of center of gravity location on the
transonic flutter characteristics of a 45degree sweptback wing .";0.2424086045831349;True
206;"how do subsonic and transonic flutter data measured in the new langley
transonic dynamics tunnel compare with similar data obtained in other
facilities .";4;516;"free-flight measurements of the dynamic longitudinal
stability characteristics of a wind tunnel interference
model (m=0 .92 to 1. 35) .";0.23187893647778493;False
206;"how do subsonic and transonic flutter data measured in the new langley
transonic dynamics tunnel compare with similar data obtained in other
facilities .";5;1341;"investigation of wing flutter at transonic speeds for six systematically
 varied wing plan forms .";0.22294596669738886;True
206;"how do subsonic and transonic flutter data measured in the new langley
transonic dynamics tunnel compare with similar data obtained in other
facilities .";6;312;"chordwise pressure distributions over several naca
16 series airfoils at transonic mach numbers up to
1.25 .";0.21621938606258442;False
206;"how do subsonic and transonic flutter data measured in the new langley
transonic dynamics tunnel compare with similar data obtained in other
facilities .";7;880;the design and testing of supersonic flutter models .;0.20206964366636915;False
206;"how do subsonic and transonic flutter data measured in the new langley
transonic dynamics tunnel compare with similar data obtained in other
facilities .";8;876;on flutter testing in high speed wind tunnels .;0.19966765631941535;False
206;"how do subsonic and transonic flutter data measured in the new langley
transonic dynamics tunnel compare with similar data obtained in other
facilities .";9;598;new test techniques for a hypervelocity wind tunnel .;0.19642644083905625;False
206;"how do subsonic and transonic flutter data measured in the new langley
transonic dynamics tunnel compare with similar data obtained in other
facilities .";10;38;"on the prediction of mixed subsonic/supersonic pressure
distributions .";0.19501224060150607;False
207;"how do large changes in new mass ratio quantitatively affect
wing-flutter boundaries .";1;1338;"investigation to determine effects of center of gravity location on the
transonic flutter characteristics of a 45degree sweptback wing .";0.2042630773641493;True
207;"how do large changes in new mass ratio quantitatively affect
wing-flutter boundaries .";2;1290;"measured and calculated subsonic and transonic flutter
characteristics of a 45 sweptback wing planform in
air and in freon-12 in the langley transonic dynamics
tunnel .";0.20066723250179574;False
207;"how do large changes in new mass ratio quantitatively affect
wing-flutter boundaries .";3;1341;"investigation of wing flutter at transonic speeds for six systematically
 varied wing plan forms .";0.2006604920016822;True
207;"how do large changes in new mass ratio quantitatively affect
wing-flutter boundaries .";4;362;three-dimensional effect of flutter in a real fluid .;0.1938273002053758;False
207;"how do large changes in new mass ratio quantitatively affect
wing-flutter boundaries .";5;749;"the aerodynamic effects of aspect ratio and sweepback
on wing flutter .";0.19362005526731838;False
207;"how do large changes in new mass ratio quantitatively affect
wing-flutter boundaries .";6;365;"the homogeneous boundary layer at an axisymmetric stagnation
point with large rates of injection .";0.18767566188465892;False
207;"how do large changes in new mass ratio quantitatively affect
wing-flutter boundaries .";7;593;"theoretical considerations of flutter at high mach
number .";0.18097083357796714;False
207;"how do large changes in new mass ratio quantitatively affect
wing-flutter boundaries .";8;1111;some research on high speed flutter .;0.17997765461626059;False
207;"how do large changes in new mass ratio quantitatively affect
wing-flutter boundaries .";9;442;"some effects of variations in several parameters including
fluid density on the flutter speed of light uniform
cantilever wings .";0.17744641350804144;False
207;"how do large changes in new mass ratio quantitatively affect
wing-flutter boundaries .";10;879;flutter model testing at transonic speeds .;0.17456775959214146;True
208;"what is the effect of the shape of the drag polar of a lifting
spacecraft on the amount of reduction in maximum deceleration obtainable by
continuously varying the aerodynamic coefficients during re-entry .";1;1291;"atmosphere entries with spacecraft lift-drag ratios
modulated to limit decelerations .";0.5358444208340557;False
208;"what is the effect of the shape of the drag polar of a lifting
spacecraft on the amount of reduction in maximum deceleration obtainable by
continuously varying the aerodynamic coefficients during re-entry .";2;1344;"atmospheric entries with vehicle lift-drag ratio modulated
to limit deceleration and rate of deceleration vehicles
with maximum lift-drag ratio of 0. 5.";0.36727921119250484;True
208;"what is the effect of the shape of the drag polar of a lifting
spacecraft on the amount of reduction in maximum deceleration obtainable by
continuously varying the aerodynamic coefficients during re-entry .";3;163;"an analysis of the corridor and guidance requirements
for supercircular entry planetary atmospheres .";0.2225929252348055;True
208;"what is the effect of the shape of the drag polar of a lifting
spacecraft on the amount of reduction in maximum deceleration obtainable by
continuously varying the aerodynamic coefficients during re-entry .";4;1345;"the use of aerodynamic lift during entry into the earth's
atmosphere .";0.2147377984213057;True
208;"what is the effect of the shape of the drag polar of a lifting
spacecraft on the amount of reduction in maximum deceleration obtainable by
continuously varying the aerodynamic coefficients during re-entry .";5;1217;"application of inequality constraints to variational
problems of lifting re-entry .";0.18947302088303583;False
208;"what is the effect of the shape of the drag polar of a lifting
spacecraft on the amount of reduction in maximum deceleration obtainable by
continuously varying the aerodynamic coefficients during re-entry .";6;566;"investigation of local heat transfer and pressure drag
characteristics of a yawed circular cylinder at supersonic
speeds .";0.18909832836222049;False
208;"what is the effect of the shape of the drag polar of a lifting
spacecraft on the amount of reduction in maximum deceleration obtainable by
continuously varying the aerodynamic coefficients during re-entry .";7;1219;"determination of lift or drag programs to minimize
re-entry heating .";0.1835150288162135;False
208;"what is the effect of the shape of the drag polar of a lifting
spacecraft on the amount of reduction in maximum deceleration obtainable by
continuously varying the aerodynamic coefficients during re-entry .";8;1346;modulated entry .;0.17313836139644795;True
208;"what is the effect of the shape of the drag polar of a lifting
spacecraft on the amount of reduction in maximum deceleration obtainable by
continuously varying the aerodynamic coefficients during re-entry .";9;1347;"approximate analysis of atmospheric entry corridors
and angles .";0.1717058136381612;True
208;"what is the effect of the shape of the drag polar of a lifting
spacecraft on the amount of reduction in maximum deceleration obtainable by
continuously varying the aerodynamic coefficients during re-entry .";10;1352;"aerodynamic investigation of a parabolic body of revolution
at mach number of 1. 92 and some effects of an annular
supersonic jet exhausting from the base .";0.16866433696233685;False
209;"what are the physical significance and characteristics of separated
laminar and turbulent boundary layer flows .";1;358;"on the model of the free shock separation, turbulent
boundary layer .";0.33365663558794395;False
209;"what are the physical significance and characteristics of separated
laminar and turbulent boundary layer flows .";2;959;heat transfer in separated flows .;0.3217937313330506;False
209;"what are the physical significance and characteristics of separated
laminar and turbulent boundary layer flows .";3;55;"separation, stability and other properties of compressible
laminar boundary layer with pressure gradient and heat
transfer .";0.26315173020395377;True
209;"what are the physical significance and characteristics of separated
laminar and turbulent boundary layer flows .";4;461;"approximate methods fore predicting separation properties
of laminar boundary layers .";0.2590887765533942;False
209;"what are the physical significance and characteristics of separated
laminar and turbulent boundary layer flows .";5;1228;"leading-edge separation of laminar boundary layers
in supersonic flow .";0.25476730290348526;True
209;"what are the physical significance and characteristics of separated
laminar and turbulent boundary layer flows .";6;23;"skin-friction and heat transfer characteristics of
a laminar boundary layer on a cylinder in axial incompressible
flow .";0.25047962112329236;False
209;"what are the physical significance and characteristics of separated
laminar and turbulent boundary layer flows .";7;339;"experimental evaluation of heat transfer with transpiration
cooling in a turbulent boundary layer at m=3 .2.";0.24616934712604013;False
209;"what are the physical significance and characteristics of separated
laminar and turbulent boundary layer flows .";8;1364;"an experimental investigation of the interaction between shock waves and
 boundary layers .";0.24555206043880756;False
209;"what are the physical significance and characteristics of separated
laminar and turbulent boundary layer flows .";9;996;"extension of boundary layer separation criteria to
a m=6 .5 utilizing flat plates with forward-facing
steps .";0.2448359088918091;False
209;"what are the physical significance and characteristics of separated
laminar and turbulent boundary layer flows .";10;291;"sweepback effects in the turbulent boundary-layer shock-wave
interaction .";0.23648492841734542;False
21;"why does the compressibility transformation fail to correlate the high
speed data for helium and air .";1;502;on squire's test of the compressibility transformation .;0.4260607400125903;False
21;"why does the compressibility transformation fail to correlate the high
speed data for helium and air .";2;68;"some aspects of air-helium simulation and hypersonic
approximations .";0.2972200366003525;False
21;"why does the compressibility transformation fail to correlate the high
speed data for helium and air .";3;421;"analytic study of induced pressure on long bodies of
revolution with varying nose bluntness at hypersonic
speeds .";0.21178493076220753;False
21;"why does the compressibility transformation fail to correlate the high
speed data for helium and air .";4;686;"flutter tests of some simple models at a mach number
of 7. 2 in helium flow .";0.19767378287135365;False
21;"why does the compressibility transformation fail to correlate the high
speed data for helium and air .";5;413;"turbulent skin friction at high mach numbers and reynolds
numbers in air and helium . nasa r82, 1960 .";0.19635322453204543;True
21;"why does the compressibility transformation fail to correlate the high
speed data for helium and air .";6;271;"an experimental test of compressibility transformation
for turbulent boundary layer .";0.1949242592302133;True
21;"why does the compressibility transformation fail to correlate the high
speed data for helium and air .";7;460;"correlated incompressible and compressible boundary
layers .";0.19239211010062468;False
21;"why does the compressibility transformation fail to correlate the high
speed data for helium and air .";8;376;"transformation between compressible and incompressible
boundary layer equations .";0.1915334884570299;False
21;"why does the compressibility transformation fail to correlate the high
speed data for helium and air .";9;1007;free-flight measurements of the static and dynamic .;0.17918233128130642;False
21;"why does the compressibility transformation fail to correlate the high
speed data for helium and air .";10;16;"transformation of the compressible turbulent boundary
layer .";0.17676319142910532;True
210;"has anyone analytically investigated the stabilizing influence of soft
elastic cores on the buckling strength of cylindrical shells subjected
to non-uniform external pressure .";1;1172;"elastic stability of circular cylindrical shells stabilized
by a soft elastic core .";0.543016087099978;True
210;"has anyone analytically investigated the stabilizing influence of soft
elastic cores on the buckling strength of cylindrical shells subjected
to non-uniform external pressure .";2;1171;"the stability under axial compression and lateral pressure
of circular cylindrical shells with a soft elastic
core .";0.5121589194292788;True
210;"has anyone analytically investigated the stabilizing influence of soft
elastic cores on the buckling strength of cylindrical shells subjected
to non-uniform external pressure .";3;1145;"buckling of core-stabilized cylinders under axisymmetric external
loads .";0.49851251912701644;False
210;"has anyone analytically investigated the stabilizing influence of soft
elastic cores on the buckling strength of cylindrical shells subjected
to non-uniform external pressure .";4;1126;"an engineer's conceptual approach to the buckling of
cylindrical shell (axial loading) .";0.2824528794845594;False
210;"has anyone analytically investigated the stabilizing influence of soft
elastic cores on the buckling strength of cylindrical shells subjected
to non-uniform external pressure .";5;938;"calculations for the stability of thin conical frustums
subjected to external uniform hydrostatic pressure
and axial loads .";0.27367473251385355;False
210;"has anyone analytically investigated the stabilizing influence of soft
elastic cores on the buckling strength of cylindrical shells subjected
to non-uniform external pressure .";6;887;"buckling due to thermal stress of cylindrical shells
subjected to axial temperature distributions .";0.2603401713186048;False
210;"has anyone analytically investigated the stabilizing influence of soft
elastic cores on the buckling strength of cylindrical shells subjected
to non-uniform external pressure .";7;831;buckling of shallow shells under external pressure .;0.2431060304189265;False
210;"has anyone analytically investigated the stabilizing influence of soft
elastic cores on the buckling strength of cylindrical shells subjected
to non-uniform external pressure .";8;956;"elastic stability of simply supported corrugated core
sand- wich cylinders .";0.24221822236155932;False
210;"has anyone analytically investigated the stabilizing influence of soft
elastic cores on the buckling strength of cylindrical shells subjected
to non-uniform external pressure .";9;1071;"stability of thin torispherical shells under uniform
internal pressure .";0.2414360778188945;False
210;"has anyone analytically investigated the stabilizing influence of soft
elastic cores on the buckling strength of cylindrical shells subjected
to non-uniform external pressure .";10;743;"new developments in the nonlinear theories of the buckling of thin
cylindrical shells .";0.23785227284284577;False
211;"what papers are available on the buckling of empty cylindrical shells
under non-uniform pressure .";1;739;"the buckling of thin cylindrical shells under axial
compression .";0.3245621676488617;False
211;"what papers are available on the buckling of empty cylindrical shells
under non-uniform pressure .";2;887;"buckling due to thermal stress of cylindrical shells
subjected to axial temperature distributions .";0.32039961919568355;False
211;"what papers are available on the buckling of empty cylindrical shells
under non-uniform pressure .";3;897;"some results on buckling and postbuckling of cylindrical
shells .";0.31850210076241847;False
211;"what papers are available on the buckling of empty cylindrical shells
under non-uniform pressure .";4;885;"buckling of thin cylindrical shells under hoop stresses
varying in axial direction .";0.30774461906832734;False
211;"what papers are available on the buckling of empty cylindrical shells
under non-uniform pressure .";5;953;"vibrations of infinitely long cylindrical shells under
initial stress .";0.29682545107087643;False
211;"what papers are available on the buckling of empty cylindrical shells
under non-uniform pressure .";6;769;"local circumferential buckling of thin circular cylindrical
shells .";0.2943089874900899;True
211;"what papers are available on the buckling of empty cylindrical shells
under non-uniform pressure .";7;852;"stress and displacement analysis of simply supported
non- circular cylindrical shell under lateral pressure .";0.28878067469089586;False
211;"what papers are available on the buckling of empty cylindrical shells
under non-uniform pressure .";8;743;"new developments in the nonlinear theories of the buckling of thin
cylindrical shells .";0.2856560783562813;False
211;"what papers are available on the buckling of empty cylindrical shells
under non-uniform pressure .";9;1117;"stability of orthotropic cylindrical shells under combined
loading .";0.2843584472572451;False
211;"what papers are available on the buckling of empty cylindrical shells
under non-uniform pressure .";10;886;thermal buckling of clamped cylindrical shells .;0.27742266654764086;False
212;"what effect do thermal stresses have on the compressive buckling
strength of ring-stiffened cylinders .";1;888;"combinations of temperature and axial compression required
for buckling of a ring-stiffened cylinder .";0.5884809134174264;True
212;"what effect do thermal stresses have on the compressive buckling
strength of ring-stiffened cylinders .";2;1178;"buckling of ring-stiffened cylinders under a pure bending
moment and a nonuniform temperature distribution .";0.5618073813529233;True
212;"what effect do thermal stresses have on the compressive buckling
strength of ring-stiffened cylinders .";3;1176;bending tests of ring-stiffened circular cylinders .;0.4927314538848658;True
212;"what effect do thermal stresses have on the compressive buckling
strength of ring-stiffened cylinders .";4;1177;effects of rapid heating on strength of airframe components .;0.4730619829350606;True
212;"what effect do thermal stresses have on the compressive buckling
strength of ring-stiffened cylinders .";5;838;"bending and compression tests of pressurised ring-stiffened
cylinders .";0.4721337934713529;False
212;"what effect do thermal stresses have on the compressive buckling
strength of ring-stiffened cylinders .";6;1293;design of stiffened cylinders in axial compression .;0.4420779377098306;False
212;"what effect do thermal stresses have on the compressive buckling
strength of ring-stiffened cylinders .";7;1146;thermal buckling of cylinders .;0.3739201405752608;False
212;"what effect do thermal stresses have on the compressive buckling
strength of ring-stiffened cylinders .";8;886;thermal buckling of clamped cylindrical shells .;0.34319574935065605;True
212;"what effect do thermal stresses have on the compressive buckling
strength of ring-stiffened cylinders .";9;1070;buckling of orthotropic and stiffened conical shells .;0.3413772173598152;False
212;"what effect do thermal stresses have on the compressive buckling
strength of ring-stiffened cylinders .";10;642;"the buckling strength of a uniform circular cylinder
loaded in axial compression .";0.3353178500080788;False
213;"what is the effect on cylinder buckling of a circumferential stress
system that varies in the axial direction .";1;1146;thermal buckling of cylinders .;0.428317325951382;False
213;"what is the effect on cylinder buckling of a circumferential stress
system that varies in the axial direction .";2;885;"buckling of thin cylindrical shells under hoop stresses
varying in axial direction .";0.4140796188749879;True
213;"what is the effect on cylinder buckling of a circumferential stress
system that varies in the axial direction .";3;769;"local circumferential buckling of thin circular cylindrical
shells .";0.38674422216224763;True
213;"what is the effect on cylinder buckling of a circumferential stress
system that varies in the axial direction .";4;888;"combinations of temperature and axial compression required
for buckling of a ring-stiffened cylinder .";0.3696811587429994;True
213;"what is the effect on cylinder buckling of a circumferential stress
system that varies in the axial direction .";5;741;"the behaviour of thin cylindrical shells after buckling
under axial compression .";0.31591096357207704;False
213;"what is the effect on cylinder buckling of a circumferential stress
system that varies in the axial direction .";6;1116;general instability of stiffened cylinders .;0.30297034999751604;False
213;"what is the effect on cylinder buckling of a circumferential stress
system that varies in the axial direction .";7;887;"buckling due to thermal stress of cylindrical shells
subjected to axial temperature distributions .";0.2983576318181967;True
213;"what is the effect on cylinder buckling of a circumferential stress
system that varies in the axial direction .";8;1173;the buckling of cylindrical shells under longitudinally varying loads .;0.2976445820913589;True
213;"what is the effect on cylinder buckling of a circumferential stress
system that varies in the axial direction .";9;642;"the buckling strength of a uniform circular cylinder
loaded in axial compression .";0.2901257306615732;False
213;"what is the effect on cylinder buckling of a circumferential stress
system that varies in the axial direction .";10;1145;"buckling of core-stabilized cylinders under axisymmetric external
loads .";0.2691350847181923;False
214;"can non-linear shallow shell analysis be reduced to an engineering
technique by use of the matrix .";1;1294;"non-linear shallow shell analysis by the matrix force
method .";0.47010687406747287;False
214;"can non-linear shallow shell analysis be reduced to an engineering
technique by use of the matrix .";2;1362;"non-linear analysis of heated, cambered wings by the matrix force
method .";0.3218664170435288;True
214;"can non-linear shallow shell analysis be reduced to an engineering
technique by use of the matrix .";3;831;buckling of shallow shells under external pressure .;0.28111443921082935;False
214;"can non-linear shallow shell analysis be reduced to an engineering
technique by use of the matrix .";4;828;"stresses and small displacements of shallow spherical
shells .";0.27081396162499605;False
214;"can non-linear shallow shell analysis be reduced to an engineering
technique by use of the matrix .";5;1042;on transverse vibrations of thin, shallow elastic shells .;0.19705377626447182;False
214;"can non-linear shallow shell analysis be reduced to an engineering
technique by use of the matrix .";6;930;"general theory of large deflections of thin shells
with special applications to conical shells .";0.19140511526641124;False
214;"can non-linear shallow shell analysis be reduced to an engineering
technique by use of the matrix .";7;1043;on transverse vibrations of thin, shallow elastic shells .;0.18871393830060929;False
214;"can non-linear shallow shell analysis be reduced to an engineering
technique by use of the matrix .";8;1036;on transverse vibrations of thin, shallow elastic shells .;0.18757572495586017;False
214;"can non-linear shallow shell analysis be reduced to an engineering
technique by use of the matrix .";9;1126;"an engineer's conceptual approach to the buckling of
cylindrical shell (axial loading) .";0.18376377029449734;False
214;"can non-linear shallow shell analysis be reduced to an engineering
technique by use of the matrix .";10;47;analysis of low-aspect-ratio aircraft structures .;0.17466784825546733;False
215;"is it possible to predict the shape of a shroud which will allow
simulation of the nose region flow field for a sphere in hypersonic flow .";1;535;"shroud design for simulating hypersonic flow over the nose of a
hemisphere .";0.45851456729798373;False
215;"is it possible to predict the shape of a shroud which will allow
simulation of the nose region flow field for a sphere in hypersonic flow .";2;1253;"hypersonic viscous flow near the stagnation point in
the presence of magnetic field .";0.27424033998277436;False
215;"is it possible to predict the shape of a shroud which will allow
simulation of the nose region flow field for a sphere in hypersonic flow .";3;1234;"direct calculation of pressure distribution on blunt
hypersonic nose shapes with sharp corners .";0.24986783696169185;False
215;"is it possible to predict the shape of a shroud which will allow
simulation of the nose region flow field for a sphere in hypersonic flow .";4;1205;"effects of cooling on boundary layer transition on
a hemi- sphere in simulated hypersonic flow .";0.23819554015395653;False
215;"is it possible to predict the shape of a shroud which will allow
simulation of the nose region flow field for a sphere in hypersonic flow .";5;68;"some aspects of air-helium simulation and hypersonic
approximations .";0.19957126181439194;False
215;"is it possible to predict the shape of a shroud which will allow
simulation of the nose region flow field for a sphere in hypersonic flow .";6;666;blunt body heat transfer at hypersonic speed and low reynolds numbers .;0.19957011691317794;False
215;"is it possible to predict the shape of a shroud which will allow
simulation of the nose region flow field for a sphere in hypersonic flow .";7;332;"similitude of hypersonic real-gas flows over slender
bodies with blunted noses .";0.1963148737526791;False
215;"is it possible to predict the shape of a shroud which will allow
simulation of the nose region flow field for a sphere in hypersonic flow .";8;295;a note on transitional heat transfer under hypersonic conditions .;0.19420648508431046;False
215;"is it possible to predict the shape of a shroud which will allow
simulation of the nose region flow field for a sphere in hypersonic flow .";9;1377;"theoretical investigation of the flow field about blunt
nosed bodies in supersonic flight .";0.19324134705854232;False
215;"is it possible to predict the shape of a shroud which will allow
simulation of the nose region flow field for a sphere in hypersonic flow .";10;25;inviscid hypersonic flow over blunt-nosed slender bodies .;0.1861505201782367;False
216;"what investigations have been made of the wave system created by a
static pressure distribution over a liquid surface .";1;175;experiments with static tubes in a supersonic airstream .;0.19688669049522112;False
216;"what investigations have been made of the wave system created by a
static pressure distribution over a liquid surface .";2;1225;"the effect of adverse pressure gradients on the characteristics of
turbulent boundary layers in supersonic streams .";0.1965310437918184;False
216;"what investigations have been made of the wave system created by a
static pressure distribution over a liquid surface .";3;407;"stationary convection flow of an electrically conducting
liquid between parallel plates in a magnetic field .";0.1958647512599715;False
216;"what investigations have been made of the wave system created by a
static pressure distribution over a liquid surface .";4;958;air scooping vehicle .;0.18795531568577337;False
216;"what investigations have been made of the wave system created by a
static pressure distribution over a liquid surface .";5;39;on the flow of a sonic stream past an airfoil surface .;0.17604327935397748;False
216;"what investigations have been made of the wave system created by a
static pressure distribution over a liquid surface .";6;1269;a study of supersonic combustion .;0.17099009119522146;False
216;"what investigations have been made of the wave system created by a
static pressure distribution over a liquid surface .";7;905;comparative tests of pitot-static tubes .;0.1651710759538741;False
216;"what investigations have been made of the wave system created by a
static pressure distribution over a liquid surface .";8;974;approximate analysis of thrust vector control by fluid injection .;0.1587347136668531;False
216;"what investigations have been made of the wave system created by a
static pressure distribution over a liquid surface .";9;1364;"an experimental investigation of the interaction between shock waves and
 boundary layers .";0.15356077168643156;False
216;"what investigations have been made of the wave system created by a
static pressure distribution over a liquid surface .";10;117;the motion of a viscous liquid past a paraboloid .;0.15161421785594392;False
217;"has anyone investigated the effect of shock generated vorticity on heat
transfer to a blunt body .";1;1395;"low density stagnation point heat transfer measurements
in the hypersonic shock tunnel .";0.33112374217665663;True
217;"has anyone investigated the effect of shock generated vorticity on heat
transfer to a blunt body .";2;559;"heat transfer at the forward stagnation point of blunt
bodies .";0.32402981635437983;True
217;"has anyone investigated the effect of shock generated vorticity on heat
transfer to a blunt body .";3;655;"effects of boundary layer displacement and leading edge bluntness on
pressure distribution, skin friction, and heat transfer of bodies at
hypersonic speeds .";0.31996975173171666;False
217;"has anyone investigated the effect of shock generated vorticity on heat
transfer to a blunt body .";4;670;"on blunt-body heat transfer at hypersonic speed and low reynolds
number .";0.31717951452472815;True
217;"has anyone investigated the effect of shock generated vorticity on heat
transfer to a blunt body .";5;666;blunt body heat transfer at hypersonic speed and low reynolds numbers .;0.2971311310587236;True
217;"has anyone investigated the effect of shock generated vorticity on heat
transfer to a blunt body .";6;1213;"heat transfer to slender cones in hypersonic flow,
including effects of yaw and nose bluntness .";0.2830868818926096;True
217;"has anyone investigated the effect of shock generated vorticity on heat
transfer to a blunt body .";7;323;"vorticity interaction at an axisymmetric stagnation
point in a viscous incompressible fluid .";0.2798074446993595;False
217;"has anyone investigated the effect of shock generated vorticity on heat
transfer to a blunt body .";8;324;"vorticity effect on the stagnation point flow of a viscous
incompressible fluid .";0.26328236346564504;False
217;"has anyone investigated the effect of shock generated vorticity on heat
transfer to a blunt body .";9;1161;"stagnation point heat transfer measurements in dissociated
air .";0.26026252297590646;False
217;"has anyone investigated the effect of shock generated vorticity on heat
transfer to a blunt body .";10;1107;"the flow field over blunted flat plates and its effect
on turbulent boundary growth and heat transfer at a
mach number of 4. 7.";0.2602543714609081;True
218;what is the heat transfer to a blunt body in the absence of vorticity .;1;670;"on blunt-body heat transfer at hypersonic speed and low reynolds
number .";0.29337055390841965;False
218;what is the heat transfer to a blunt body in the absence of vorticity .;2;559;"heat transfer at the forward stagnation point of blunt
bodies .";0.28461124388927067;True
218;what is the heat transfer to a blunt body in the absence of vorticity .;3;655;"effects of boundary layer displacement and leading edge bluntness on
pressure distribution, skin friction, and heat transfer of bodies at
hypersonic speeds .";0.24685013722784535;False
218;what is the heat transfer to a blunt body in the absence of vorticity .;4;666;blunt body heat transfer at hypersonic speed and low reynolds numbers .;0.23591922835533224;True
218;what is the heat transfer to a blunt body in the absence of vorticity .;5;323;"vorticity interaction at an axisymmetric stagnation
point in a viscous incompressible fluid .";0.23008220635161986;False
218;what is the heat transfer to a blunt body in the absence of vorticity .;6;1395;"low density stagnation point heat transfer measurements
in the hypersonic shock tunnel .";0.2292139889196469;False
218;what is the heat transfer to a blunt body in the absence of vorticity .;7;1281;"turbulent heat transfer on blunt-nosed bodies in two-dimensional
and general three-dimensional hypersonic flow .";0.22562687136099796;False
218;what is the heat transfer to a blunt body in the absence of vorticity .;8;1393;"heat transfer near the forward stagnation point of
a body of revolution .";0.21123787577359449;True
218;what is the heat transfer to a blunt body in the absence of vorticity .;9;283;"laminar heat transfer around blunt bodies in dissociated
air .";0.20795203928192033;False
218;what is the heat transfer to a blunt body in the absence of vorticity .;10;154;"velocity and temperature distributions in the turbulent
wake behind a heated body of revolution .";0.19063452168299974;False
219;"what are the general effects on flow fields when the reynolds number is
small .";1;1221;"steady flow of conducting fluids in channels under
transverse magnetic fields, with consideration of hall
effect .";0.26781815931138225;False
219;"what are the general effects on flow fields when the reynolds number is
small .";2;1222;axisymmetric magnetohydrodynamic channel flow .;0.24825465828623813;False
219;"what are the general effects on flow fields when the reynolds number is
small .";3;208;"the hall effect in the viscous flow of ionized gas
between parallel plates under transverse magnetic field .";0.22460895363732736;False
219;"what are the general effects on flow fields when the reynolds number is
small .";4;197;"pressure distributions on three bodies of revolution
to determine the effect of reynolds number up to and
including the transonic speed range .";0.20883514421884533;False
219;"what are the general effects on flow fields when the reynolds number is
small .";5;992;"the effects of a small jet of air exhausting from the nose of a body
of revolution in supersonic flow .";0.20819553998492768;False
219;"what are the general effects on flow fields when the reynolds number is
small .";6;1078;"the steady flow of a viscous fluid past a circular cylinder at reynolds
numbers 40 and 44 .";0.20798735394958795;True
219;"what are the general effects on flow fields when the reynolds number is
small .";7;993;"the extent of the jet interference flow fields .
jet effects on cylindrical afterbodies housing sonic and supersonic
nozzles which exhaust against a supersonic stream at angles of attack
from 90degree to 180degree .";0.2023786860303288;False
219;"what are the general effects on flow fields when the reynolds number is
small .";8;530;"an aerodynamic analysis for flutter in oseen-type viscous
flow .";0.20220292630918585;False
219;"what are the general effects on flow fields when the reynolds number is
small .";9;1367;"a theoretical investigation of the effects of mach number, reynolds
number, wall temperature and surface curvature on laminar separation in
supersonic flow .";0.2000053232135427;False
219;"what are the general effects on flow fields when the reynolds number is
small .";10;666;blunt body heat transfer at hypersonic speed and low reynolds numbers .;0.19252419825787317;True
22;"did anyone else discover that the turbulent skin friction is not over
sensitive to the nature of the variation of the viscosity with
temperature .";1;125;"measurements of skin friction of the compressible turbulent
boundary layer on a cone with foreign gas injection .";0.24681481215060846;False
22;"did anyone else discover that the turbulent skin friction is not over
sensitive to the nature of the variation of the viscosity with
temperature .";2;413;"turbulent skin friction at high mach numbers and reynolds
numbers in air and helium . nasa r82, 1960 .";0.2219410919699496;False
22;"did anyone else discover that the turbulent skin friction is not over
sensitive to the nature of the variation of the viscosity with
temperature .";3;254;"boundary layers with suction and injection . a review
of published work on skin friction .";0.21338385216704217;False
22;"did anyone else discover that the turbulent skin friction is not over
sensitive to the nature of the variation of the viscosity with
temperature .";4;348;turbulent boundary layer in compressible fluids .;0.21066685549915382;False
22;"did anyone else discover that the turbulent skin friction is not over
sensitive to the nature of the variation of the viscosity with
temperature .";5;207;"laminar boundary layer oscillations and transition
on a flat plate .";0.19988219607854385;False
22;"did anyone else discover that the turbulent skin friction is not over
sensitive to the nature of the variation of the viscosity with
temperature .";6;560;"a theoretical study of the effect of upstream
transpiration-cooling on the heat transfer and skin friction characteristics
of a compressible laminar boundary layer .";0.19591897400209857;False
22;"did anyone else discover that the turbulent skin friction is not over
sensitive to the nature of the variation of the viscosity with
temperature .";7;50;"investigation of laminar boundary layer in compressible
fluids using the crocco method .";0.19574277524654446;False
22;"did anyone else discover that the turbulent skin friction is not over
sensitive to the nature of the variation of the viscosity with
temperature .";8;565;"similar solutions for the compressible boundary layer
on a yawed cylinder with transpiration cooling .";0.17935028785178703;False
22;"did anyone else discover that the turbulent skin friction is not over
sensitive to the nature of the variation of the viscosity with
temperature .";9;153;"on the steady motion of viscous, incompressible fluids,
with particular reference to a variation principle .";0.17900772273228902;False
22;"did anyone else discover that the turbulent skin friction is not over
sensitive to the nature of the variation of the viscosity with
temperature .";10;861;"charts adapted from van driest's turbulent flat-plate
theory for determining values of turbulent aerodynamic
friction and heat transfer coefficients .";0.16623861315711283;False
220;"find a calculation procedure applicable to all incompressible laminar
boundary layer flow problems having good accuracy and reasonable
computation time .";1;382;"a note on the laminar boundary layer on a circular cylinder in
axial incompressible flow .";0.28204927976167066;False
220;"find a calculation procedure applicable to all incompressible laminar
boundary layer flow problems having good accuracy and reasonable
computation time .";2;4;"approximate solutions of the incompressible laminar
boundary layer equations for a plate in shear flow .";0.2630286124548117;False
220;"find a calculation procedure applicable to all incompressible laminar
boundary layer flow problems having good accuracy and reasonable
computation time .";3;1192;"an integral method for calculation of supersonic laminar
boundary layer with heat transfer on yawed cone .";0.21674017068707785;False
220;"find a calculation procedure applicable to all incompressible laminar
boundary layer flow problems having good accuracy and reasonable
computation time .";4;527;"note on the three-point boundary layer problem for
the blasius equations .";0.21536263147537124;False
220;"find a calculation procedure applicable to all incompressible laminar
boundary layer flow problems having good accuracy and reasonable
computation time .";5;292;"rapid laminar boundary layer calculations by piece-wise
application of similar solutions .";0.21306714394381182;True
220;"find a calculation procedure applicable to all incompressible laminar
boundary layer flow problems having good accuracy and reasonable
computation time .";6;629;second-order effects in laminar boundary layers .;0.20908142416719566;False
220;"find a calculation procedure applicable to all incompressible laminar
boundary layer flow problems having good accuracy and reasonable
computation time .";7;111;"the laminar boundary layer equation: a method of solution
by means of an automatic computer .";0.20583096700477163;True
220;"find a calculation procedure applicable to all incompressible laminar
boundary layer flow problems having good accuracy and reasonable
computation time .";8;16;"transformation of the compressible turbulent boundary
layer .";0.200828474782945;False
220;"find a calculation procedure applicable to all incompressible laminar
boundary layer flow problems having good accuracy and reasonable
computation time .";9;461;"approximate methods fore predicting separation properties
of laminar boundary layers .";0.19849019796127348;False
220;"find a calculation procedure applicable to all incompressible laminar
boundary layer flow problems having good accuracy and reasonable
computation time .";10;242;"an approximate theory of base pressure in two dimensional
flow at supersonic speeds .";0.1979880579897281;False
221;"papers applicable to this problem (calculation procedures for laminar
incompressible flow with arbitrary pressure gradient) .";1;1366;"the compressible laminar boundary layer with heat transfer
and arbitrary pressure gradient .";0.2746210789022842;True
221;"papers applicable to this problem (calculation procedures for laminar
incompressible flow with arbitrary pressure gradient) .";2;435;"application of similar solutions to calculations of
laminar heat transfer on bodies with yaw and large
pressure gradients in high speed flow .";0.2488467700183442;False
221;"papers applicable to this problem (calculation procedures for laminar
incompressible flow with arbitrary pressure gradient) .";3;194;"general theory of airfoil sections having arbitrary
shape or pressure distribution .";0.22885214385153257;False
221;"papers applicable to this problem (calculation procedures for laminar
incompressible flow with arbitrary pressure gradient) .";4;1386;"analysis and calculation by integral methods of laminar
compressible boundary layer with heat transfer and
with and without pressure gradient .";0.22369527631574518;True
221;"papers applicable to this problem (calculation procedures for laminar
incompressible flow with arbitrary pressure gradient) .";5;1225;"the effect of adverse pressure gradients on the characteristics of
turbulent boundary layers in supersonic streams .";0.21768825114882265;False
221;"papers applicable to this problem (calculation procedures for laminar
incompressible flow with arbitrary pressure gradient) .";6;4;"approximate solutions of the incompressible laminar
boundary layer equations for a plate in shear flow .";0.21762635264352817;False
221;"papers applicable to this problem (calculation procedures for laminar
incompressible flow with arbitrary pressure gradient) .";7;3;the boundary layer in simple shear flow past a flat plate .;0.21200289859647342;False
221;"papers applicable to this problem (calculation procedures for laminar
incompressible flow with arbitrary pressure gradient) .";8;292;"rapid laminar boundary layer calculations by piece-wise
application of similar solutions .";0.21072971856725253;True
221;"papers applicable to this problem (calculation procedures for laminar
incompressible flow with arbitrary pressure gradient) .";9;754;"heat transfer through laminar boundary layers on
semi-infinite cylinders of arbitrary cross section .";0.205066899640754;False
221;"papers applicable to this problem (calculation procedures for laminar
incompressible flow with arbitrary pressure gradient) .";10;382;"a note on the laminar boundary layer on a circular cylinder in
axial incompressible flow .";0.20413674376491275;False
222;has anyone investigated the shear buckling of stiffened plates .;1;1399;buckling of transverse stiffened plates under shear .;0.5253395712410376;True
222;has anyone investigated the shear buckling of stiffened plates .;2;1400;"the buckling shear stress of simply-supported infinitely
long plates with transverse stiffeners .";0.48396676112065606;True
222;has anyone investigated the shear buckling of stiffened plates .;3;419;"the design of intermediate vertical stiffeners on web
plates subjected to shear .";0.42379627212910864;True
222;has anyone investigated the shear buckling of stiffened plates .;4;1358;"compressive buckling of simply supported plates with
transverse stiffeners .";0.4132120163239826;False
222;has anyone investigated the shear buckling of stiffened plates .;5;1398;"stability of rectangular plates under shear and bending
forces .";0.3785019368839662;True
222;has anyone investigated the shear buckling of stiffened plates .;6;1396;"shear buckling of clamped and simply-supported infinitely
long plates reinforced by transverse stiffeners .";0.37649573501242684;False
222;has anyone investigated the shear buckling of stiffened plates .;7;1357;"compressive buckling of simply supplorted plates with
longitudinal stiffeners .";0.37523158882879154;False
222;has anyone investigated the shear buckling of stiffened plates .;8;1397;"critical shear stress of an infinitely long simply
supported plate with transverse stiffeners .";0.36010391980564943;True
222;has anyone investigated the shear buckling of stiffened plates .;9;1130;"handbook of structural stability . pt .vi . strength
of stiffened curved plates and shells .";0.3600109659213398;False
222;has anyone investigated the shear buckling of stiffened plates .;10;400;buckling stress of clamped rectangular plates in shear .;0.33016073131308377;True
223;papers on shear buckling of unstiffened rectangular plates under shear .;1;400;buckling stress of clamped rectangular plates in shear .;0.40084545406687516;True
223;papers on shear buckling of unstiffened rectangular plates under shear .;2;1399;buckling of transverse stiffened plates under shear .;0.36437378770287626;False
223;papers on shear buckling of unstiffened rectangular plates under shear .;3;3;the boundary layer in simple shear flow past a flat plate .;0.28644029113729275;False
223;papers on shear buckling of unstiffened rectangular plates under shear .;4;1398;"stability of rectangular plates under shear and bending
forces .";0.276713191203279;True
223;papers on shear buckling of unstiffened rectangular plates under shear .;5;393;the shear flow along a flat plate with uniform suction .;0.2554842164110346;False
223;papers on shear buckling of unstiffened rectangular plates under shear .;6;4;"approximate solutions of the incompressible laminar
boundary layer equations for a plate in shear flow .";0.24458690090986324;False
223;papers on shear buckling of unstiffened rectangular plates under shear .;7;389;"simple shear flow past a flat plate in a compressible
viscous fluid .";0.24084965991386684;False
223;papers on shear buckling of unstiffened rectangular plates under shear .;8;180;"boundary layer over a flat plate in presence of shear
flow .";0.23580133948411275;False
223;papers on shear buckling of unstiffened rectangular plates under shear .;9;1400;"the buckling shear stress of simply-supported infinitely
long plates with transverse stiffeners .";0.23364217602366275;False
223;papers on shear buckling of unstiffened rectangular plates under shear .;10;664;"the boundary layer on a flat plate in a stream with
uniform shear .";0.233130305625697;False
224;"in practice, how close to reality are the assumptions that the flow
in a hypersonic shock tube using nitrogen is non-viscous and in
thermodynamic equilibrium .";1;1312;"tabulated solutions of the equilibrium gas properties
behind the incidents and reflected normal shock-wave
in a shock-tube .";0.38475046256891754;False
224;"in practice, how close to reality are the assumptions that the flow
in a hypersonic shock tube using nitrogen is non-viscous and in
thermodynamic equilibrium .";2;1286;"equilibrium real-gas performance charts for a shypersonic
shock-tube wind-tunnel employing nitrogen .";0.28875647423632916;False
224;"in practice, how close to reality are the assumptions that the flow
in a hypersonic shock tube using nitrogen is non-viscous and in
thermodynamic equilibrium .";3;317;non-equilibrium flow of an ideal dissociating gas .;0.2634088458770879;False
224;"in practice, how close to reality are the assumptions that the flow
in a hypersonic shock tube using nitrogen is non-viscous and in
thermodynamic equilibrium .";4;236;criteria for thermodynamic equilibrium in gas flow .;0.21389566977762028;False
224;"in practice, how close to reality are the assumptions that the flow
in a hypersonic shock tube using nitrogen is non-viscous and in
thermodynamic equilibrium .";5;401;"inviscid hypersonic airflows with coupled non-equilibrium
processes .";0.20716983011903245;False
224;"in practice, how close to reality are the assumptions that the flow
in a hypersonic shock tube using nitrogen is non-viscous and in
thermodynamic equilibrium .";6;1314;production of high temperature gases in shock tubes .;0.20714422721002887;False
224;"in practice, how close to reality are the assumptions that the flow
in a hypersonic shock tube using nitrogen is non-viscous and in
thermodynamic equilibrium .";7;537;stagnation point viscous hypersonic flow .;0.2005980538131117;False
224;"in practice, how close to reality are the assumptions that the flow
in a hypersonic shock tube using nitrogen is non-viscous and in
thermodynamic equilibrium .";8;1296;"non-equilibrium expansions of air with coupled chemical
reactions .";0.18811156053925798;False
224;"in practice, how close to reality are the assumptions that the flow
in a hypersonic shock tube using nitrogen is non-viscous and in
thermodynamic equilibrium .";9;175;experiments with static tubes in a supersonic airstream .;0.18797061892348865;False
224;"in practice, how close to reality are the assumptions that the flow
in a hypersonic shock tube using nitrogen is non-viscous and in
thermodynamic equilibrium .";10;656;departure from dissociation equilibrium in a hypersonic nozzle .;0.1867514517596538;True
225;"what design factors can be used to control lift-drag ratios at mach
numbers above 5 .";1;1188;"factors affecting lift-drag ratios at mach numbers
from 5 to 20 .";0.34439253834752553;False
225;"what design factors can be used to control lift-drag ratios at mach
numbers above 5 .";2;1124;"design of missile bodies for minimum drag at very high
speeds - thickness ratio, lift, and center of pressure
given .";0.3329181277422503;True
225;"what design factors can be used to control lift-drag ratios at mach
numbers above 5 .";3;1380;the problem of obtaining high lift-drag ratios at supersonic speeds .;0.3080003504240003;True
225;"what design factors can be used to control lift-drag ratios at mach
numbers above 5 .";4;674;"the shapes and lift-dependent drags on some sweptback
wings designed for m= 1. 2.";0.26437481042059346;False
225;"what design factors can be used to control lift-drag ratios at mach
numbers above 5 .";5;638;"longitudinal aerodynamic characteristics at low subsonic
speeds of a highly swept wing utilizing nose deflection
for control .";0.24096026159878467;False
225;"what design factors can be used to control lift-drag ratios at mach
numbers above 5 .";6;816;"experimental investigation at a mach number of 3. 11
of the lift, drag and pitching moment characteristics
of a number of blunt low-fineness-ratio bodies .";0.23255634062338695;False
225;"what design factors can be used to control lift-drag ratios at mach
numbers above 5 .";7;748;"subsonic aerodynamic flutter derivatives for wings and control surfaces,
 /compressible and incompressible flow/ .";0.22965414745867782;False
225;"what design factors can be used to control lift-drag ratios at mach
numbers above 5 .";8;226;"aerofoil theory of a flat delta wing at supersonic
speeds .";0.22931482102580347;False
225;"what design factors can be used to control lift-drag ratios at mach
numbers above 5 .";9;1256;"fluctuating lift and drag acting on a cylinder in a
flow at supercritical reynolds numbers .";0.222101618841737;False
225;"what design factors can be used to control lift-drag ratios at mach
numbers above 5 .";10;566;"investigation of local heat transfer and pressure drag
characteristics of a yawed circular cylinder at supersonic
speeds .";0.2065166653351705;False
23;what progress has been made in research on unsteady aerodynamics .;1;892;research on unsteady flow .;0.36393440253066695;False
23;what progress has been made in research on unsteady aerodynamics .;2;899;aerodynamic effects on boundary layer unsteadiness .;0.22099387492328232;True
23;what progress has been made in research on unsteady aerodynamics .;3;1259;"second-order theory for unsteady supersonic flow past
slender pointed bodies of revolution .";0.18569441740117223;True
23;what progress has been made in research on unsteady aerodynamics .;4;1109;"unsteady laminar compressible boundary layers on an
infinite plate with suction or injection .";0.1802592289467897;True
23;what progress has been made in research on unsteady aerodynamics .;5;902;"some current and proposed investigations into the flow
for slender delta and other wings in unsteady motion .";0.1638145567822388;True
23;what progress has been made in research on unsteady aerodynamics .;6;1112;"unsteady aerodynamic forces on a slender body of revolution
in supersonic flow .";0.1630751081195651;True
23;what progress has been made in research on unsteady aerodynamics .;7;1287;"progress report on an experiment on the effect of surface
flexibility on the stability of laminar flow .";0.15739714238615712;False
23;what progress has been made in research on unsteady aerodynamics .;8;530;"an aerodynamic analysis for flutter in oseen-type viscous
flow .";0.1547666584736857;False
23;what progress has been made in research on unsteady aerodynamics .;9;1197;"unsteady aerodynamic forces on slender supersonic aircraft
with flexible wings and bodies .";0.15062476627594776;True
23;what progress has been made in research on unsteady aerodynamics .;10;753;"development of a quasi-steady approach to flutter and
correlation with kernel-function results .";0.14654910886277703;False
24;"what are the factors which influence the time required to invert large
structural matrices .";1;756;further comments on the inversion of large structural matrices .;0.3173498365899271;False
24;"what are the factors which influence the time required to invert large
structural matrices .";2;46;some comments on the inversion of certain large matrices .;0.2851075114431177;True
24;"what are the factors which influence the time required to invert large
structural matrices .";3;833;"a simple method of matric structural analysis, part
iv, non-linear problems .";0.22625141131145549;False
24;"what are the factors which influence the time required to invert large
structural matrices .";4;612;"pressure distributions and flow patterns at m=4 . on
some delta wings of inverted 'v' cross section .";0.21273806812092164;False
24;"what are the factors which influence the time required to invert large
structural matrices .";5;47;analysis of low-aspect-ratio aircraft structures .;0.1413680430303619;True
24;"what are the factors which influence the time required to invert large
structural matrices .";6;12;"some structural and aerelastic considerations of high
speed flight .";0.13783413319354298;False
24;"what are the factors which influence the time required to invert large
structural matrices .";7;51;"theory of aircraft structural models subjected to aerodynamic
heating and external loads .";0.12253240261244758;False
24;"what are the factors which influence the time required to invert large
structural matrices .";8;1034;note on creep buckling of columns .;0.12139750288444068;False
24;"what are the factors which influence the time required to invert large
structural matrices .";9;1361;"large deflections of structures subjected to heating
and external loads .";0.11949268752828059;False
24;"what are the factors which influence the time required to invert large
structural matrices .";10;834;limit design for economical missile structures .;0.11766041242296611;False
25;"does a practical flow follow the theoretical concepts for the
interaction between adjacent blade rows of a supersonic cascade .";1;214;on the testing of supersonic compressor cascades .;0.3040899953511572;True
25;"does a practical flow follow the theoretical concepts for the
interaction between adjacent blade rows of a supersonic cascade .";2;277;"study of flow conditions and deflection angle at exit
of two-dimensional cascade of turbine rotor blades
at critical and supercritical pressure ratios .";0.2892348294605716;True
25;"does a practical flow follow the theoretical concepts for the
interaction between adjacent blade rows of a supersonic cascade .";3;215;"the test performance of highly loaded turbine stages
designed for high pressure ratio .";0.23727021828308423;True
25;"does a practical flow follow the theoretical concepts for the
interaction between adjacent blade rows of a supersonic cascade .";4;772;an experimental study of jet-flap compressor blades .;0.20116545090024782;False
25;"does a practical flow follow the theoretical concepts for the
interaction between adjacent blade rows of a supersonic cascade .";5;511;"tunnel tests on a double cascade to determine the interaction
between the rotor and the nozzles of a supersonic turbine .";0.19694986012615084;False
25;"does a practical flow follow the theoretical concepts for the
interaction between adjacent blade rows of a supersonic cascade .";6;216;the supersonic axial flow compressor .;0.19610257445049656;True
25;"does a practical flow follow the theoretical concepts for the
interaction between adjacent blade rows of a supersonic cascade .";7;213;the performance of supersonic turbine nozzles .;0.1931930529216481;True
25;"does a practical flow follow the theoretical concepts for the
interaction between adjacent blade rows of a supersonic cascade .";8;987;"a general theory of three dimensional flow in subsonic and supersonic
turbo-machines of axial-radial-and mixed-flow types .";0.17091926478287986;False
25;"does a practical flow follow the theoretical concepts for the
interaction between adjacent blade rows of a supersonic cascade .";9;121;"a theory for base pressures in transonic and supersonic
flow .";0.16574479478972212;False
25;"does a practical flow follow the theoretical concepts for the
interaction between adjacent blade rows of a supersonic cascade .";10;212;"theory and tunnel tests of rotor blade for supersonic
turbines .";0.15555600082745658;True
26;"what is a single approximate formula for the displacement thickness of
a laminar boundary layer in compressible flow on a flat plate .";1;382;"a note on the laminar boundary layer on a circular cylinder in
axial incompressible flow .";0.42810388758749623;False
26;"what is a single approximate formula for the displacement thickness of
a laminar boundary layer in compressible flow on a flat plate .";2;4;"approximate solutions of the incompressible laminar
boundary layer equations for a plate in shear flow .";0.37534240333069746;False
26;"what is a single approximate formula for the displacement thickness of
a laminar boundary layer in compressible flow on a flat plate .";3;145;"skin friction in the laminar boundary layer in compressible
flow .";0.3742970319613591;True
26;"what is a single approximate formula for the displacement thickness of
a laminar boundary layer in compressible flow on a flat plate .";4;307;"an approximate solution of hypersonic laminar boundary
layer equations and its application .";0.3735833174374136;False
26;"what is a single approximate formula for the displacement thickness of
a laminar boundary layer in compressible flow on a flat plate .";5;3;the boundary layer in simple shear flow past a flat plate .;0.32855067026721074;False
26;"what is a single approximate formula for the displacement thickness of
a laminar boundary layer in compressible flow on a flat plate .";6;611;"an approximate solution of the compressible laminar
boundary layer on a flat plate .";0.326907826826529;True
26;"what is a single approximate formula for the displacement thickness of
a laminar boundary layer in compressible flow on a flat plate .";7;568;"shock wave effects on the laminar skin friction of
an insulated flat plate at hypersonic speeds .";0.31472917413785845;False
26;"what is a single approximate formula for the displacement thickness of
a laminar boundary layer in compressible flow on a flat plate .";8;306;"second approximation to laminar compressible boundary
layer on flat plate in slip flow .";0.301823651756358;False
26;"what is a single approximate formula for the displacement thickness of
a laminar boundary layer in compressible flow on a flat plate .";9;1076;"an approximate method for determining the displacement effects and
viscous drag of laminar boundary layers in two-dimensional hypersonic
flow .";0.30024750825334445;True
26;"what is a single approximate formula for the displacement thickness of
a laminar boundary layer in compressible flow on a flat plate .";10;1355;"boundary layer displacement effects in air at mach
numbers of 6. 8 and 9. 6.";0.2924803830764487;False
27;"how is the design of ring or part ring wings by linear theory affected
by thickness .";1;1176;bending tests of ring-stiffened circular cylinders .;0.3693970125377047;False
27;"how is the design of ring or part ring wings by linear theory affected
by thickness .";2;888;"combinations of temperature and axial compression required
for buckling of a ring-stiffened cylinder .";0.29065844169244887;False
27;"how is the design of ring or part ring wings by linear theory affected
by thickness .";3;1031;note on creep buckling of columns .;0.27982823840615223;False
27;"how is the design of ring or part ring wings by linear theory affected
by thickness .";4;838;"bending and compression tests of pressurised ring-stiffened
cylinders .";0.2551127174182853;False
27;"how is the design of ring or part ring wings by linear theory affected
by thickness .";5;1178;"buckling of ring-stiffened cylinders under a pure bending
moment and a nonuniform temperature distribution .";0.24320090423717367;False
27;"how is the design of ring or part ring wings by linear theory affected
by thickness .";6;1129;"general instability of a ring stiffened circular cylindrical
shell under hydrostatic pressure .";0.2300869254837953;False
27;"how is the design of ring or part ring wings by linear theory affected
by thickness .";7;512;"quasi-cylindrical surfaces with prescribed thickness
distributions .";0.22649538609718312;False
27;"how is the design of ring or part ring wings by linear theory affected
by thickness .";8;1133;"a simple extension of southwell's method for determining the elastic
general instability pressure of ring-stiffened cylinders subject
to external hydrostatic pressure .";0.21531096240421727;False
27;"how is the design of ring or part ring wings by linear theory affected
by thickness .";9;1293;design of stiffened cylinders in axial compression .;0.21362868644939895;False
27;"how is the design of ring or part ring wings by linear theory affected
by thickness .";10;1035;note on creep buckling of columns .;0.20130325597051332;False
28;what application has the linear theory design of curved wings .;1;674;"the shapes and lift-dependent drags on some sweptback
wings designed for m= 1. 2.";0.22671862236692714;False
28;what application has the linear theory design of curved wings .;2;752;slender not-so-thin wing theory .;0.21484827755489608;False
28;what application has the linear theory design of curved wings .;3;1048;a small deflection theory for curved sandwich plates .;0.21215764270123538;False
28;what application has the linear theory design of curved wings .;4;680;generalized conical flow fields in supersonic wing theory .;0.20874965601293255;False
28;what application has the linear theory design of curved wings .;5;920;supersonic flow over an inclined wing of zero aspect ratio .;0.20769435501035463;False
28;what application has the linear theory design of curved wings .;6;762;"allowable axial loads and bending moments for inelastic structures
under nonuniform temperature distribution .";0.20161131899562956;False
28;what application has the linear theory design of curved wings .;7;681;integrals and integral equations in linearized wing theory .;0.19855125723292907;False
28;what application has the linear theory design of curved wings .;8;921;slender-body theory-review and extension .;0.1881145860373111;False
28;what application has the linear theory design of curved wings .;9;1051;"the stability of thin-walled unstiffened circular cylinders
under axial compression including the effects of internal
pressure .";0.18535697395970901;False
28;what application has the linear theory design of curved wings .;10;367;"control system and analysis and design via the second method of
lyapunov .";0.17970861664322607;False
29;"what is the effect of cross sectional shape on the flow over simple
delta wings with sharp leading edges .";1;465;slender delta wings with sharp edges at zero lift .;0.52532738567438;True
29;"what is the effect of cross sectional shape on the flow over simple
delta wings with sharp leading edges .";2;514;"pressure distributions and flow patterns on some conical
shapes with sharp edges and symmetrical cross-sections
at m=4 .0.";0.41184873933139754;True
29;"what is the effect of cross sectional shape on the flow over simple
delta wings with sharp leading edges .";3;612;"pressure distributions and flow patterns at m=4 . on
some delta wings of inverted 'v' cross section .";0.4109196290026987;True
29;"what is the effect of cross sectional shape on the flow over simple
delta wings with sharp leading edges .";4;250;"pressure distributions at zero lift for delta wings
with rhombic cross sections .";0.38947452522704273;True
29;"what is the effect of cross sectional shape on the flow over simple
delta wings with sharp leading edges .";5;420;"an experimental study of the flow field about swept and delta wings
with sharp leading edges .";0.3872392678043311;False
29;"what is the effect of cross sectional shape on the flow over simple
delta wings with sharp leading edges .";6;900;"some measurements in the vortex flow generated by a
sharp leading edge having 65 sweep .";0.37628937725836464;False
29;"what is the effect of cross sectional shape on the flow over simple
delta wings with sharp leading edges .";7;901;long slender delta wings with leading edge separation .;0.30506831528032335;False
29;"what is the effect of cross sectional shape on the flow over simple
delta wings with sharp leading edges .";8;601;"calculation of the flow past slender delta wings with
leading edge separation .";0.3006639370503969;False
29;"what is the effect of cross sectional shape on the flow over simple
delta wings with sharp leading edges .";9;222;"the flow over delta wings at low speeds with leading
edge separation .";0.29428843658119425;False
29;"what is the effect of cross sectional shape on the flow over simple
delta wings with sharp leading edges .";10;147;"supersonic flow past slender pointed wings with ?similar?
cross sections at zero lift .";0.2784173062954934;False
3;"what problems of heat conduction in composite slabs have been solved so
far .";1;485;linear heat flow in a composite slab .;0.5640330131237382;False
3;"what problems of heat conduction in composite slabs have been solved so
far .";2;399;conduction of heat in composite slabs .;0.44684434028912245;True
3;"what problems of heat conduction in composite slabs have been solved so
far .";3;5;"one-dimensional transient heat conduction into a double-layer
slab subjected to a linear heat input for a small time
internal .";0.39847829618773484;True
3;"what problems of heat conduction in composite slabs have been solved so
far .";4;144;heat flow in composite slabs .;0.3580674191486818;True
3;"what problems of heat conduction in composite slabs have been solved so
far .";5;90;"periodic temperature distributions in a two-layer composite
slab .";0.33720038536111635;True
3;"what problems of heat conduction in composite slabs have been solved so
far .";6;91;periodic temperature distribution in a two-layer composite slab .;0.30603245373895543;True
3;"what problems of heat conduction in composite slabs have been solved so
far .";7;181;some problems on heat conduction in stratiform bodies .;0.25817845163738323;True
3;"what problems of heat conduction in composite slabs have been solved so
far .";8;582;the melting of finite slabs .;0.251992516650579;False
3;"what problems of heat conduction in composite slabs have been solved so
far .";9;6;"one-dimensional transient heat flow in a multilayer
slab .";0.21579061392061466;True
3;"what problems of heat conduction in composite slabs have been solved so
far .";10;579;further developments of new methods in heat flow analysis .;0.17813845122549068;False
30;papers on flow visualization on slender conical wings .;1;633;"an extension of the method of generalised conical flows
for lifting wings in supersonic flow .";0.21258014063807798;False
30;papers on flow visualization on slender conical wings .;2;513;"pressure measurements at supersonic speeds on three
uncambered conical wings of unit aspect ratio .";0.2112902267757676;False
30;papers on flow visualization on slender conical wings .;3;602;"the 7 x 7 in . hypersonic wind tunnel at rae farnborough,
part 1, design, instrumentation and flow visualization
techniques .";0.20905392716249227;False
30;papers on flow visualization on slender conical wings .;4;752;slender not-so-thin wing theory .;0.20228267876328387;False
30;papers on flow visualization on slender conical wings .;5;683;"the use of conical camber to produce flow attachment at the leading
edge of a delta wing and to minimize the lift-dependent drag at sonic
and supersonic speeds .";0.1964281739267537;False
30;papers on flow visualization on slender conical wings .;6;680;generalized conical flow fields in supersonic wing theory .;0.19511458242793037;False
30;papers on flow visualization on slender conical wings .;7;19;"an investigation of the pressure distribution on conical bodies in
hypersonic flows .";0.18172726071736417;False
30;papers on flow visualization on slender conical wings .;8;1197;"unsteady aerodynamic forces on slender supersonic aircraft
with flexible wings and bodies .";0.17803922275559814;False
30;papers on flow visualization on slender conical wings .;9;465;slender delta wings with sharp edges at zero lift .;0.17717862850954044;False
30;papers on flow visualization on slender conical wings .;10;601;"calculation of the flow past slender delta wings with
leading edge separation .";0.1743181288337551;False
31;"what size of end plate can be safely used to simulate two-dimensional
flow conditions over a bluff cylindrical body of finite aspect ratio .";1;751;"a note on the use of end plates to prevent three dimensional
flow at the ends of bluff cylinders .";0.3981268252915739;False
31;"what size of end plate can be safely used to simulate two-dimensional
flow conditions over a bluff cylindrical body of finite aspect ratio .";2;68;"some aspects of air-helium simulation and hypersonic
approximations .";0.18353282169838997;False
31;"what size of end plate can be safely used to simulate two-dimensional
flow conditions over a bluff cylindrical body of finite aspect ratio .";3;1153;"a study of the simulation of flow with free stream mach number 1 in a
choked wind tunnel .";0.17508889795468097;False
31;"what size of end plate can be safely used to simulate two-dimensional
flow conditions over a bluff cylindrical body of finite aspect ratio .";4;228;navier-stokes solutions at large distances from a finite body .;0.16194151083035374;False
31;"what size of end plate can be safely used to simulate two-dimensional
flow conditions over a bluff cylindrical body of finite aspect ratio .";5;1245;some aspects of nonequilibrium flows .;0.1554702422030386;False
31;"what size of end plate can be safely used to simulate two-dimensional
flow conditions over a bluff cylindrical body of finite aspect ratio .";6;1209;aerodynamic processes in the downwash-impingement problem .;0.15302099506576936;False
31;"what size of end plate can be safely used to simulate two-dimensional
flow conditions over a bluff cylindrical body of finite aspect ratio .";7;247;"the calculation of the pressure distribution on thick
wings of small aspect ratio at zero lift in subsonic
flow .";0.1509922903881366;False
31;"what size of end plate can be safely used to simulate two-dimensional
flow conditions over a bluff cylindrical body of finite aspect ratio .";8;918;"on the low aspect ratio oscillating rectangular wing
in supersonic flow .";0.14701648265037573;False
31;"what size of end plate can be safely used to simulate two-dimensional
flow conditions over a bluff cylindrical body of finite aspect ratio .";9;551;"analysis of a loaded cantilever plate by finite difference
methods .";0.1465033870106087;False
31;"what size of end plate can be safely used to simulate two-dimensional
flow conditions over a bluff cylindrical body of finite aspect ratio .";10;698;the unsteady lift of a wing of finite aspect ratio .;0.14233371046619667;False
32;"to find an approximate correction for thickness in slender thin-wing
theory .";1;752;slender not-so-thin wing theory .;0.5296873821104192;False
32;"to find an approximate correction for thickness in slender thin-wing
theory .";2;1186;"lift of slender delta wings according to newtonian
theory .";0.23670947045609023;False
32;"to find an approximate correction for thickness in slender thin-wing
theory .";3;250;"pressure distributions at zero lift for delta wings
with rhombic cross sections .";0.22149228422496423;True
32;"to find an approximate correction for thickness in slender thin-wing
theory .";4;247;"the calculation of the pressure distribution on thick
wings of small aspect ratio at zero lift in subsonic
flow .";0.21661708589969947;True
32;"to find an approximate correction for thickness in slender thin-wing
theory .";5;1259;"second-order theory for unsteady supersonic flow past
slender pointed bodies of revolution .";0.20822483329407632;False
32;"to find an approximate correction for thickness in slender thin-wing
theory .";6;147;"supersonic flow past slender pointed wings with ?similar?
cross sections at zero lift .";0.20296566179151262;False
32;"to find an approximate correction for thickness in slender thin-wing
theory .";7;921;slender-body theory-review and extension .;0.19346636011748983;False
32;"to find an approximate correction for thickness in slender thin-wing
theory .";8;1112;"unsteady aerodynamic forces on a slender body of revolution
in supersonic flow .";0.19241061595497555;False
32;"to find an approximate correction for thickness in slender thin-wing
theory .";9;467;"thin airfoil theory based on approximate solution of the transonic flow
equation .";0.18321382828821853;False
32;"to find an approximate correction for thickness in slender thin-wing
theory .";10;901;long slender delta wings with leading edge separation .;0.18218986023892073;False
33;"how do interference-free longitudinal stability measurements (made
using free-flight models) compare with similar measurements made in
a low-blockage wind tunnel .";1;516;"free-flight measurements of the dynamic longitudinal
stability characteristics of a wind tunnel interference
model (m=0 .92 to 1. 35) .";0.6300789083578158;False
33;"how do interference-free longitudinal stability measurements (made
using free-flight models) compare with similar measurements made in
a low-blockage wind tunnel .";2;431;"free-flight measurements of the zero-lift drag and
base pressure on a wind tunnel interference model (m=0 .
8 - 1. 5) .";0.36295359103065805;True
33;"how do interference-free longitudinal stability measurements (made
using free-flight models) compare with similar measurements made in
a low-blockage wind tunnel .";3;141;free-flight techniques for high speed aerodynamic research .;0.31774642402146824;True
33;"how do interference-free longitudinal stability measurements (made
using free-flight models) compare with similar measurements made in
a low-blockage wind tunnel .";4;672;tunnel interference effects .;0.3138203929272746;False
33;"how do interference-free longitudinal stability measurements (made
using free-flight models) compare with similar measurements made in
a low-blockage wind tunnel .";5;252;"an investigation of interference effects on similar models of
different size in various transonic tunnels in the u.k. .";0.29490736465769485;True
33;"how do interference-free longitudinal stability measurements (made
using free-flight models) compare with similar measurements made in
a low-blockage wind tunnel .";6;714;"blockage corrections for three-dimensional flow closed
throat wind tunnels, with considerations of the effect
of compressibility .";0.2889908890055499;False
33;"how do interference-free longitudinal stability measurements (made
using free-flight models) compare with similar measurements made in
a low-blockage wind tunnel .";7;800;wall interference at transonic speeds on a hemisphere cylinder model .;0.28589594613816127;False
33;"how do interference-free longitudinal stability measurements (made
using free-flight models) compare with similar measurements made in
a low-blockage wind tunnel .";8;799;"some effects of wind-tunnel interference observed in tests on
two-dimensional aerofoils at high subsonic and transonic speeds .";0.23593377238809998;False
33;"how do interference-free longitudinal stability measurements (made
using free-flight models) compare with similar measurements made in
a low-blockage wind tunnel .";9;594;"wind tunnel techniques for the measurements of oscillatory
derivatives .";0.2335272337317091;False
33;"how do interference-free longitudinal stability measurements (made
using free-flight models) compare with similar measurements made in
a low-blockage wind tunnel .";10;1153;"a study of the simulation of flow with free stream mach number 1 in a
choked wind tunnel .";0.2293305850761651;False
34;"have wind tunnel interference effects been investigated on a systematic
basis .";1;516;"free-flight measurements of the dynamic longitudinal
stability characteristics of a wind tunnel interference
model (m=0 .92 to 1. 35) .";0.295208177692296;False
34;"have wind tunnel interference effects been investigated on a systematic
basis .";2;1062;"an experimental and theoretical investigation of second-order
wing-body interference at high mach number .";0.2848012976456806;False
34;"have wind tunnel interference effects been investigated on a systematic
basis .";3;431;"free-flight measurements of the zero-lift drag and
base pressure on a wind tunnel interference model (m=0 .
8 - 1. 5) .";0.2703416735714347;True
34;"have wind tunnel interference effects been investigated on a systematic
basis .";4;1153;"a study of the simulation of flow with free stream mach number 1 in a
choked wind tunnel .";0.26992933439638306;False
34;"have wind tunnel interference effects been investigated on a systematic
basis .";5;1074;"theoretical and experimental investigation of second-order supersonic
wing-body interference .";0.26624690575435705;False
34;"have wind tunnel interference effects been investigated on a systematic
basis .";6;672;tunnel interference effects .;0.2584273429279122;True
34;"have wind tunnel interference effects been investigated on a systematic
basis .";7;1341;"investigation of wing flutter at transonic speeds for six systematically
 varied wing plan forms .";0.25020274881090043;False
34;"have wind tunnel interference effects been investigated on a systematic
basis .";8;795;"the operation of the npl 18in x 14in. wind tunnel in the transonic speed
 range .";0.23719751303999337;False
34;"have wind tunnel interference effects been investigated on a systematic
basis .";9;799;"some effects of wind-tunnel interference observed in tests on
two-dimensional aerofoils at high subsonic and transonic speeds .";0.22046714124954714;True
34;"have wind tunnel interference effects been investigated on a systematic
basis .";10;610;corner interference effects .;0.21664995696651165;False
35;"are there any papers dealing with acoustic wave propagation in reacting
gases .";1;654;"on the propagation and structure of the blast wave .
 part 1.";0.18113216880147803;False
35;"are there any papers dealing with acoustic wave propagation in reacting
gases .";2;1314;production of high temperature gases in shock tubes .;0.17906770864710503;False
35;"are there any papers dealing with acoustic wave propagation in reacting
gases .";3;1208;"a linearized analysis of the forces exerted on a rigid
wing by a shock wave .";0.17611683861612856;False
35;"are there any papers dealing with acoustic wave propagation in reacting
gases .";4;1327;on the propagation and structure of the blast wave .;0.17327561975088807;False
35;"are there any papers dealing with acoustic wave propagation in reacting
gases .";5;724;structural acoustic proof testing .;0.15642324514444353;False
35;"are there any papers dealing with acoustic wave propagation in reacting
gases .";6;1244;on the aerodynamic noise of a turbulent jet .;0.155090621486901;False
35;"are there any papers dealing with acoustic wave propagation in reacting
gases .";7;1203;"the propagation of a nonuniform magnetohydrodynamic
shock wave into a moving monatomic fluid .";0.1528059166819264;False
35;"are there any papers dealing with acoustic wave propagation in reacting
gases .";8;488;"a reaction-rate parameter for gasdynamics of a chemically
reacting gas mixture .";0.15220389412915117;False
35;"are there any papers dealing with acoustic wave propagation in reacting
gases .";9;75;studies of structural failure due to acoustic loading .;0.15000103188498176;False
35;"are there any papers dealing with acoustic wave propagation in reacting
gases .";10;319;"propagation of weak disturbances in a gas subject to
relaxation effects .";0.14805146094764013;False
36;"has anyone investigated relaxation effects on gaseous heat transfer to a
suddenly heated wall .";1;398;heat transfer in turbulent shear flow .;0.20476122785061196;False
36;"has anyone investigated relaxation effects on gaseous heat transfer to a
suddenly heated wall .";2;168;"heat conduction through a gas with one inert internal
model .";0.18980213296704207;True
36;"has anyone investigated relaxation effects on gaseous heat transfer to a
suddenly heated wall .";3;959;heat transfer in separated flows .;0.17696808259813748;False
36;"has anyone investigated relaxation effects on gaseous heat transfer to a
suddenly heated wall .";4;281;higher order approximations for relaxation oscillations .;0.17595453883080542;False
36;"has anyone investigated relaxation effects on gaseous heat transfer to a
suddenly heated wall .";5;123;"the downstream influence of mass transfer at the nose
of a slender cone .";0.17488563989133848;False
36;"has anyone investigated relaxation effects on gaseous heat transfer to a
suddenly heated wall .";6;387;"heat transfer for laminar flow in an annulus with porous
wall .";0.1725071709142903;False
36;"has anyone investigated relaxation effects on gaseous heat transfer to a
suddenly heated wall .";7;666;blunt body heat transfer at hypersonic speed and low reynolds numbers .;0.16939007745855242;False
36;"has anyone investigated relaxation effects on gaseous heat transfer to a
suddenly heated wall .";8;550;laminar heat transfer in tubes under slip-flow conditions .;0.1682831622763667;False
36;"has anyone investigated relaxation effects on gaseous heat transfer to a
suddenly heated wall .";9;303;"effect of variable heat recombination on stagnation
point heat transfer .";0.16443816562659483;False
36;"has anyone investigated relaxation effects on gaseous heat transfer to a
suddenly heated wall .";10;55;"separation, stability and other properties of compressible
laminar boundary layer with pressure gradient and heat
transfer .";0.16149625838311601;False
37;are there any theoretical methods for predicting base pressure .;1;1311;"some simple solutions to the problem of predicting
boundary layer self-induced pressures .";0.2754629403953221;False
37;are there any theoretical methods for predicting base pressure .;2;186;base pressure in supersonic flow .;0.25831922212494274;False
37;are there any theoretical methods for predicting base pressure .;3;242;"an approximate theory of base pressure in two dimensional
flow at supersonic speeds .";0.23193155681777455;True
37;are there any theoretical methods for predicting base pressure .;4;409;"on the base pressure resulting from the interaction of a supersonic
external stream with a sonic or subsonic jet .";0.2264378994343364;True
37;are there any theoretical methods for predicting base pressure .;5;38;"on the prediction of mixed subsonic/supersonic pressure
distributions .";0.21753338730306923;False
37;are there any theoretical methods for predicting base pressure .;6;126;"an investigation of two-dimensional supersonic base
pressures .";0.21645628679328102;False
37;are there any theoretical methods for predicting base pressure .;7;176;"base pressure at subsonic speeds in the presence of
a supersonic jet .";0.21344839488372214;False
37;are there any theoretical methods for predicting base pressure .;8;492;prediction of ogive-forebody pressures at angles of attack .;0.20111995110636757;False
37;are there any theoretical methods for predicting base pressure .;9;1352;"aerodynamic investigation of a parabolic body of revolution
at mach number of 1. 92 and some effects of an annular
supersonic jet exhausting from the base .";0.20029849700261912;False
37;are there any theoretical methods for predicting base pressure .;10;283;"laminar heat transfer around blunt bodies in dissociated
air .";0.19979234028161835;False
38;does transition in the hypersonic wake depend on body geometry and size;1;536;"transition in the viscous wakes of blunt bodies at
hypersonic speeds .";0.23346944755460483;False
38;does transition in the hypersonic wake depend on body geometry and size;2;295;a note on transitional heat transfer under hypersonic conditions .;0.22511732984574315;False
38;does transition in the hypersonic wake depend on body geometry and size;3;154;"velocity and temperature distributions in the turbulent
wake behind a heated body of revolution .";0.19678625148521345;False
38;does transition in the hypersonic wake depend on body geometry and size;4;979;"correlation of base pressure and wake structure of
sharp and blunt-nose cones with reynolds number based
on boundary layer momentum thickness .";0.18780350976159804;False
38;does transition in the hypersonic wake depend on body geometry and size;5;294;"an investigation of laminar transitional and turbulent
heat transfer on blunt-nosed bodies in hypersonic flow .";0.18330294762908786;False
38;does transition in the hypersonic wake depend on body geometry and size;6;1141;the wake behind an oscillating vehicle .;0.1811844345458784;False
38;does transition in the hypersonic wake depend on body geometry and size;7;1152;on periodically oscillating wakes in the oseen approximation .;0.1624149042845437;False
38;does transition in the hypersonic wake depend on body geometry and size;8;1211;"boundary layer transition at supersonic
speeds-three-dimensional roughness effects (spheres).";0.16159836524139007;False
38;does transition in the hypersonic wake depend on body geometry and size;9;976;"turbulent diffusion in the wake of a blunt nosed body
at hypersonic speeds .";0.16141247022728583;False
38;does transition in the hypersonic wake depend on body geometry and size;10;1391;shock wave and flow field development in hypersonic re-entry .;0.16023686399588438;False
39;how can one detect transition phenomena in boundary layers .;1;1205;"effects of cooling on boundary layer transition on
a hemi- sphere in simulated hypersonic flow .";0.21576894854458772;False
39;how can one detect transition phenomena in boundary layers .;2;37;"a new technique for investigating heat transfer and
surface phenomena under hypersonic flow conditions .";0.21571151306151443;False
39;how can one detect transition phenomena in boundary layers .;3;346;measurements of turbulent friction on a smooth flat plate in supersonic .;0.20756339319243072;False
39;how can one detect transition phenomena in boundary layers .;4;9;"transition studies and skin friction measurements on
an insulated flat plate at a mach number of 5.8 .";0.19959735533513467;False
39;how can one detect transition phenomena in boundary layers .;5;272;"oscillatory aerodynamic coefficients for a unified supersonic
hypersonic strip theory .";0.19778930186792443;True
39;how can one detect transition phenomena in boundary layers .;6;1257;an optical boundary-layer probe .;0.19271042587171297;True
39;how can one detect transition phenomena in boundary layers .;7;337;boundary layer transition with gas injection .;0.18164475955839748;False
39;how can one detect transition phenomena in boundary layers .;8;43;"the relation between wall temperature and the effect
of roughness on boundary layer transition .";0.1744880752396496;False
39;how can one detect transition phenomena in boundary layers .;9;113;acoustical signal detection in turbulent airflow .;0.17391837858007994;False
39;how can one detect transition phenomena in boundary layers .;10;1278;transition in a separated laminar boundary layer .;0.17204539775564665;False
4;"can a criterion be developed to show empirically the validity of flow
solutions for chemically reacting gas mixtures based on the simplifying
assumption of instantaneous local chemical equilibrium .";1;166;flow of chemically reacting gas mixtures .;0.31711580882771223;True
4;"can a criterion be developed to show empirically the validity of flow
solutions for chemically reacting gas mixtures based on the simplifying
assumption of instantaneous local chemical equilibrium .";2;488;"a reaction-rate parameter for gasdynamics of a chemically
reacting gas mixture .";0.2917200204692264;False
4;"can a criterion be developed to show empirically the validity of flow
solutions for chemically reacting gas mixtures based on the simplifying
assumption of instantaneous local chemical equilibrium .";3;167;linearized flow of a dissociating gas .;0.19489766448371226;False
4;"can a criterion be developed to show empirically the validity of flow
solutions for chemically reacting gas mixtures based on the simplifying
assumption of instantaneous local chemical equilibrium .";4;1275;flow about an unsteadily rotating disc .;0.19412866578962729;False
4;"can a criterion be developed to show empirically the validity of flow
solutions for chemically reacting gas mixtures based on the simplifying
assumption of instantaneous local chemical equilibrium .";5;1061;"turbulent mixing of a rocket exhaust jet with a supersonic stream
including chemical reactions .";0.1909768511376537;False
4;"can a criterion be developed to show empirically the validity of flow
solutions for chemically reacting gas mixtures based on the simplifying
assumption of instantaneous local chemical equilibrium .";6;1189;nonequilibrium flow past a wedge .;0.18861328764366922;False
4;"can a criterion be developed to show empirically the validity of flow
solutions for chemically reacting gas mixtures based on the simplifying
assumption of instantaneous local chemical equilibrium .";7;410;"the supersonic flow about a blunt body of revolution
for gases at chemical equilibrium .";0.18096192938387476;False
4;"can a criterion be developed to show empirically the validity of flow
solutions for chemically reacting gas mixtures based on the simplifying
assumption of instantaneous local chemical equilibrium .";8;1315;"performance estimates for the rae 6in . high-pressure
shock tube .";0.16522479031721102;False
4;"can a criterion be developed to show empirically the validity of flow
solutions for chemically reacting gas mixtures based on the simplifying
assumption of instantaneous local chemical equilibrium .";9;575;atomic recombination in a hypersonic wind tunnel nozzle .;0.15840700149324813;False
4;"can a criterion be developed to show empirically the validity of flow
solutions for chemically reacting gas mixtures based on the simplifying
assumption of instantaneous local chemical equilibrium .";10;1374;"theoretical analysis of turbulent mixing of reactive
gases with application to supersonic combustion of
hydrogen .";0.1569162265814678;False
40;how can one detect transition phenomena in hypersonic wakes .;1;536;"transition in the viscous wakes of blunt bodies at
hypersonic speeds .";0.25195477151491086;False
40;how can one detect transition phenomena in hypersonic wakes .;2;37;"a new technique for investigating heat transfer and
surface phenomena under hypersonic flow conditions .";0.20929505437106177;False
40;how can one detect transition phenomena in hypersonic wakes .;3;295;a note on transitional heat transfer under hypersonic conditions .;0.19448887940080797;False
40;how can one detect transition phenomena in hypersonic wakes .;4;1205;"effects of cooling on boundary layer transition on
a hemi- sphere in simulated hypersonic flow .";0.1846256862201928;False
40;how can one detect transition phenomena in hypersonic wakes .;5;1141;the wake behind an oscillating vehicle .;0.17348642030026362;False
40;how can one detect transition phenomena in hypersonic wakes .;6;9;"transition studies and skin friction measurements on
an insulated flat plate at a mach number of 5.8 .";0.1634004751672985;False
40;how can one detect transition phenomena in hypersonic wakes .;7;272;"oscillatory aerodynamic coefficients for a unified supersonic
hypersonic strip theory .";0.16132382547823393;True
40;how can one detect transition phenomena in hypersonic wakes .;8;113;acoustical signal detection in turbulent airflow .;0.15742721088932426;False
40;how can one detect transition phenomena in hypersonic wakes .;9;1152;on periodically oscillating wakes in the oseen approximation .;0.1555143543006763;False
40;how can one detect transition phenomena in hypersonic wakes .;10;1368;three dimensional viscous wakes .;0.1520347947636655;False
41;"has anyone investigated and developed a simple model for the vortex
wake behind a cruciform wing .";1;289;"a theoretical study of the aerodynamics of slender
cruciform-wing arrangements and their wakes .";0.49918035279931783;True
41;"has anyone investigated and developed a simple model for the vortex
wake behind a cruciform wing .";2;433;"application of two dimensional vortex theory to the
prediction of flow fields behind wings of wing-body
combinations at subsonic and supersonic speeds .";0.3228061846820337;True
41;"has anyone investigated and developed a simple model for the vortex
wake behind a cruciform wing .";3;229;"interference between the wings and tail surfaces of
a combination of slender body, cruciform wings and
cruciform tail set at both incidence and yaw .";0.27597768616435836;False
41;"has anyone investigated and developed a simple model for the vortex
wake behind a cruciform wing .";4;1152;on periodically oscillating wakes in the oseen approximation .;0.2733589031431384;False
41;"has anyone investigated and developed a simple model for the vortex
wake behind a cruciform wing .";5;1141;the wake behind an oscillating vehicle .;0.2616504131120354;False
41;"has anyone investigated and developed a simple model for the vortex
wake behind a cruciform wing .";6;432;"theoretical damping in roll and rolling moment due
to differential wing incidence for slender cruciform
wings and wing-body combinations .";0.2427404739126347;False
41;"has anyone investigated and developed a simple model for the vortex
wake behind a cruciform wing .";7;288;"the rolling up of the trailing vortex sheet and its
effect on the downwash behind wings .";0.24251583000218876;True
41;"has anyone investigated and developed a simple model for the vortex
wake behind a cruciform wing .";8;126;"an investigation of two-dimensional supersonic base
pressures .";0.24156041430925385;False
41;"has anyone investigated and developed a simple model for the vortex
wake behind a cruciform wing .";9;927;"investigation of normal force distributions and wake
vortex characteristics of bodies of revolution at supersonic
speeds .";0.23925822900443078;False
41;"has anyone investigated and developed a simple model for the vortex
wake behind a cruciform wing .";10;154;"velocity and temperature distributions in the turbulent
wake behind a heated body of revolution .";0.22702335662735368;False
42;"what is a criterion that the transonic flow around an airfoil with a
round leading edge be validly analyzed by the linearized transonic flow
theory .";1;521;"a note on application of transonic linearization to
an airfoil with a round leading edge .";0.45871853255796263;False
42;"what is a criterion that the transonic flow around an airfoil with a
round leading edge be validly analyzed by the linearized transonic flow
theory .";2;526;"leading edge attachment in transonic flow with laminar
or turbulent boundary layers .";0.38292007423915353;False
42;"what is a criterion that the transonic flow around an airfoil with a
round leading edge be validly analyzed by the linearized transonic flow
theory .";3;440;"compilation of information on the transonic attachment
of flows at the leading edge of airfoils .";0.36929122484113663;False
42;"what is a criterion that the transonic flow around an airfoil with a
round leading edge be validly analyzed by the linearized transonic flow
theory .";4;503;"theoretical prediction of the transonic characteristics
of airfoils .";0.3340368929319165;False
42;"what is a criterion that the transonic flow around an airfoil with a
round leading edge be validly analyzed by the linearized transonic flow
theory .";5;469;"linearised transonic flow about slender bodies at zero
angle of attack .";0.2566978327474652;True
42;"what is a criterion that the transonic flow around an airfoil with a
round leading edge be validly analyzed by the linearized transonic flow
theory .";6;312;"chordwise pressure distributions over several naca
16 series airfoils at transonic mach numbers up to
1.25 .";0.2549892827628462;False
42;"what is a criterion that the transonic flow around an airfoil with a
round leading edge be validly analyzed by the linearized transonic flow
theory .";7;496;"a theory of transonic aileron buzz, neglecting viscous
effects .";0.2543778170619662;False
42;"what is a criterion that the transonic flow around an airfoil with a
round leading edge be validly analyzed by the linearized transonic flow
theory .";8;467;"thin airfoil theory based on approximate solution of the transonic flow
equation .";0.2542052558738371;True
42;"what is a criterion that the transonic flow around an airfoil with a
round leading edge be validly analyzed by the linearized transonic flow
theory .";9;468;a refinement of the linearised transonic flow theory .;0.24791422734428709;True
42;"what is a criterion that the transonic flow around an airfoil with a
round leading edge be validly analyzed by the linearized transonic flow
theory .";10;404;two dimensional transonic flow past airfoils .;0.22367518427378552;False
43;"can the transonic flow around an arbitrary smooth thin airfoil be
analysed in a simple approximate way .";1;467;"thin airfoil theory based on approximate solution of the transonic flow
equation .";0.27172183138884776;True
43;"can the transonic flow around an arbitrary smooth thin airfoil be
analysed in a simple approximate way .";2;503;"theoretical prediction of the transonic characteristics
of airfoils .";0.25032415028740906;True
43;"can the transonic flow around an arbitrary smooth thin airfoil be
analysed in a simple approximate way .";3;194;"general theory of airfoil sections having arbitrary
shape or pressure distribution .";0.24990460238551013;False
43;"can the transonic flow around an arbitrary smooth thin airfoil be
analysed in a simple approximate way .";4;469;"linearised transonic flow about slender bodies at zero
angle of attack .";0.23864401431592086;True
43;"can the transonic flow around an arbitrary smooth thin airfoil be
analysed in a simple approximate way .";5;404;two dimensional transonic flow past airfoils .;0.2125346169730523;False
43;"can the transonic flow around an arbitrary smooth thin airfoil be
analysed in a simple approximate way .";6;312;"chordwise pressure distributions over several naca
16 series airfoils at transonic mach numbers up to
1.25 .";0.2099053604755575;False
43;"can the transonic flow around an arbitrary smooth thin airfoil be
analysed in a simple approximate way .";7;440;"compilation of information on the transonic attachment
of flows at the leading edge of airfoils .";0.20563958207180005;False
43;"can the transonic flow around an arbitrary smooth thin airfoil be
analysed in a simple approximate way .";8;496;"a theory of transonic aileron buzz, neglecting viscous
effects .";0.19066781288547435;False
43;"can the transonic flow around an arbitrary smooth thin airfoil be
analysed in a simple approximate way .";9;903;"two dimensional transonic unsteady flow with shock
waves .";0.17928661809833543;False
43;"can the transonic flow around an arbitrary smooth thin airfoil be
analysed in a simple approximate way .";10;468;a refinement of the linearised transonic flow theory .;0.17614938194224464;True
44;"what are the details of the rigorous kinetic theory of gases .
(chapman-enskog theory) .";1;1190;flow of a gas near a solid surface .;0.18963653599537475;False
44;"what are the details of the rigorous kinetic theory of gases .
(chapman-enskog theory) .";2;1199;"theoretical investigations of a supersonic laminar
boundary layer with foreign-gas injection .";0.12401847964310189;False
44;"what are the details of the rigorous kinetic theory of gases .
(chapman-enskog theory) .";3;103;"theory of mixing and chemical reaction in the opposed
jet diffusion flame .";0.1196122061744991;False
44;"what are the details of the rigorous kinetic theory of gases .
(chapman-enskog theory) .";4;1148;knudsen flow through a circular capillary .;0.1130306266456475;False
44;"what are the details of the rigorous kinetic theory of gases .
(chapman-enskog theory) .";5;943;compressible free shear layer with finite initial thickness .;0.10788729252897865;False
44;"what are the details of the rigorous kinetic theory of gases .
(chapman-enskog theory) .";6;1314;production of high temperature gases in shock tubes .;0.10625744938406957;False
44;"what are the details of the rigorous kinetic theory of gases .
(chapman-enskog theory) .";7;1031;note on creep buckling of columns .;0.10259749143636952;False
44;"what are the details of the rigorous kinetic theory of gases .
(chapman-enskog theory) .";8;583;influence coefficients for real gases .;0.10029487418847516;False
44;"what are the details of the rigorous kinetic theory of gases .
(chapman-enskog theory) .";9;862;"the phenomenon of change in buckle pattern in elastic
structures .";0.09830702396134443;False
44;"what are the details of the rigorous kinetic theory of gases .
(chapman-enskog theory) .";10;541;"similitude of hypersonic flows over slender bodies
in non-equilibrium dissociated gases .";0.09789351699009692;False
45;"has anyone investigated the effect of surface mass transfer on
hypersonic viscous interactions .";1;305;"hypersonic strong viscous interaction on a flat plate
with surface mass transfer .";0.515375320293711;True
45;"has anyone investigated the effect of surface mass transfer on
hypersonic viscous interactions .";2;525;"on hypersonic viscous flow over an insulated flat plate
with surface mass transfer .";0.4987691071184235;False
45;"has anyone investigated the effect of surface mass transfer on
hypersonic viscous interactions .";3;540;"use of local similarity concepts in hypersonic viscous
interaction problems .";0.38245911244503267;False
45;"has anyone investigated the effect of surface mass transfer on
hypersonic viscous interactions .";4;1395;"low density stagnation point heat transfer measurements
in the hypersonic shock tunnel .";0.30091208470293584;False
45;"has anyone investigated the effect of surface mass transfer on
hypersonic viscous interactions .";5;570;"on the boundary layer equations in hypersonic flow
and their approximate solutions .";0.2767174151088227;True
45;"has anyone investigated the effect of surface mass transfer on
hypersonic viscous interactions .";6;26;inviscid leading-edge effect in hypersonic flow .;0.27526963387654374;False
45;"has anyone investigated the effect of surface mass transfer on
hypersonic viscous interactions .";7;37;"a new technique for investigating heat transfer and
surface phenomena under hypersonic flow conditions .";0.2595657256539627;False
45;"has anyone investigated the effect of surface mass transfer on
hypersonic viscous interactions .";8;84;"experimental investigation of the downstream influence
of stagnation point mass transfer .";0.259307205568231;False
45;"has anyone investigated the effect of surface mass transfer on
hypersonic viscous interactions .";9;310;hypersonic viscous flow over a flat plate .;0.2560550926826178;False
45;"has anyone investigated the effect of surface mass transfer on
hypersonic viscous interactions .";10;1253;"hypersonic viscous flow near the stagnation point in
the presence of magnetic field .";0.25399259713783523;False
46;"what is the combined effect of surface heat and mass transfer on
hypersonic flow .";1;305;"hypersonic strong viscous interaction on a flat plate
with surface mass transfer .";0.38471711740719805;True
46;"what is the combined effect of surface heat and mass transfer on
hypersonic flow .";2;525;"on hypersonic viscous flow over an insulated flat plate
with surface mass transfer .";0.37706935524337704;False
46;"what is the combined effect of surface heat and mass transfer on
hypersonic flow .";3;655;"effects of boundary layer displacement and leading edge bluntness on
pressure distribution, skin friction, and heat transfer of bodies at
hypersonic speeds .";0.31012451427884874;False
46;"what is the combined effect of surface heat and mass transfer on
hypersonic flow .";4;1185;"an integral method for calculating heat and mass transfer
in laminar boundary layers .";0.30083708032056805;True
46;"what is the combined effect of surface heat and mass transfer on
hypersonic flow .";5;84;"experimental investigation of the downstream influence
of stagnation point mass transfer .";0.2816360943248657;True
46;"what is the combined effect of surface heat and mass transfer on
hypersonic flow .";6;123;"the downstream influence of mass transfer at the nose
of a slender cone .";0.27465560300847236;True
46;"what is the combined effect of surface heat and mass transfer on
hypersonic flow .";7;353;"the effect of helium injection at an axially symmetric stagnation
point .";0.2690992474548561;False
46;"what is the combined effect of surface heat and mass transfer on
hypersonic flow .";8;37;"a new technique for investigating heat transfer and
surface phenomena under hypersonic flow conditions .";0.26763960055547187;False
46;"what is the combined effect of surface heat and mass transfer on
hypersonic flow .";9;670;"on blunt-body heat transfer at hypersonic speed and low reynolds
number .";0.255247361912342;False
46;"what is the combined effect of surface heat and mass transfer on
hypersonic flow .";10;1159;"experimental investigation of the effect of yaw on
rates of heat transfer to transverse circular
cylinders in a 6500-foot-per-second
hypersonic air stream .";0.25492813426590233;False
47;"what are the existing solutions for hypersonic viscous interactions over
an insulated flat plate .";1;525;"on hypersonic viscous flow over an insulated flat plate
with surface mass transfer .";0.4916459148639574;False
47;"what are the existing solutions for hypersonic viscous interactions over
an insulated flat plate .";2;568;"shock wave effects on the laminar skin friction of
an insulated flat plate at hypersonic speeds .";0.42515423997285423;False
47;"what are the existing solutions for hypersonic viscous interactions over
an insulated flat plate .";3;305;"hypersonic strong viscous interaction on a flat plate
with surface mass transfer .";0.3858875856441874;True
47;"what are the existing solutions for hypersonic viscous interactions over
an insulated flat plate .";4;570;"on the boundary layer equations in hypersonic flow
and their approximate solutions .";0.3402848154809932;True
47;"what are the existing solutions for hypersonic viscous interactions over
an insulated flat plate .";5;304;"first-order approach to a strong interaction problem
in hypersonic flow over an insulated flat plate .";0.32979592186171164;True
47;"what are the existing solutions for hypersonic viscous interactions over
an insulated flat plate .";6;327;"on local flat plate similarity in the hypersonic boundary
layer .";0.32405573136061705;False
47;"what are the existing solutions for hypersonic viscous interactions over
an insulated flat plate .";7;310;hypersonic viscous flow over a flat plate .;0.31199374376875866;True
47;"what are the existing solutions for hypersonic viscous interactions over
an insulated flat plate .";8;1200;hypersonic viscous flow over a sweat-cooled flat plate .;0.3067850250463828;False
47;"what are the existing solutions for hypersonic viscous interactions over
an insulated flat plate .";9;308;"on the hypersonic viscous flow past a flat plate with
suction or injection .";0.27175805853645263;True
47;"what are the existing solutions for hypersonic viscous interactions over
an insulated flat plate .";10;307;"an approximate solution of hypersonic laminar boundary
layer equations and its application .";0.2695456487817691;True
48;what controls leading-edge attachment at transonic speeds .;1;526;"leading edge attachment in transonic flow with laminar
or turbulent boundary layers .";0.49036157548213066;False
48;what controls leading-edge attachment at transonic speeds .;2;440;"compilation of information on the transonic attachment
of flows at the leading edge of airfoils .";0.42526017484827494;True
48;what controls leading-edge attachment at transonic speeds .;3;439;a factor affecting transonic leading edge flow separation .;0.29501325222384855;True
48;what controls leading-edge attachment at transonic speeds .;4;683;"the use of conical camber to produce flow attachment at the leading
edge of a delta wing and to minimize the lift-dependent drag at sonic
and supersonic speeds .";0.2737571361756035;False
48;what controls leading-edge attachment at transonic speeds .;5;797;"a study of the effect of leading-edge modifications on the flow over
a 50degree sweptback wing at transonic speeds .";0.25115047112045885;True
48;what controls leading-edge attachment at transonic speeds .;6;222;"the flow over delta wings at low speeds with leading
edge separation .";0.2438746109020402;False
48;what controls leading-edge attachment at transonic speeds .;7;1228;"leading-edge separation of laminar boundary layers
in supersonic flow .";0.2420543754252901;False
48;what controls leading-edge attachment at transonic speeds .;8;879;flutter model testing at transonic speeds .;0.22952514591926093;False
48;what controls leading-edge attachment at transonic speeds .;9;521;"a note on application of transonic linearization to
an airfoil with a round leading edge .";0.2193838494927684;False
48;what controls leading-edge attachment at transonic speeds .;10;638;"longitudinal aerodynamic characteristics at low subsonic
speeds of a highly swept wing utilizing nose deflection
for control .";0.211321252472991;False
49;"can the three-point boundary-value problem for the blasius equation
be integrated numerically,  using suitable transformations,  without
iteration on the boundary conditions .";1;527;"note on the three-point boundary layer problem for
the blasius equations .";0.47479892752927544;False
49;"can the three-point boundary-value problem for the blasius equation
be integrated numerically,  using suitable transformations,  without
iteration on the boundary conditions .";2;322;"on the numerical solution of the blasius problem with three-point
boundary conditions .";0.4699798970717132;False
49;"can the three-point boundary-value problem for the blasius equation
be integrated numerically,  using suitable transformations,  without
iteration on the boundary conditions .";3;320;"comment on improved numerical solution of the blasius problem with
three-point boundary conditions .";0.44311816534207027;True
49;"can the three-point boundary-value problem for the blasius equation
be integrated numerically,  using suitable transformations,  without
iteration on the boundary conditions .";4;321;"improved numerical solution of the blasius problem with three-point
boundary conditions .";0.40005611771583427;False
49;"can the three-point boundary-value problem for the blasius equation
be integrated numerically,  using suitable transformations,  without
iteration on the boundary conditions .";5;349;"numerical solution of the boundary layer equations
without similarity assumptions .";0.29976431311028867;False
49;"can the three-point boundary-value problem for the blasius equation
be integrated numerically,  using suitable transformations,  without
iteration on the boundary conditions .";6;1370;some remarks on the flat plate boundary layer .;0.27142095848375625;False
49;"can the three-point boundary-value problem for the blasius equation
be integrated numerically,  using suitable transformations,  without
iteration on the boundary conditions .";7;476;the blasius equation with three-point boundary conditions .;0.2532774291019935;False
49;"can the three-point boundary-value problem for the blasius equation
be integrated numerically,  using suitable transformations,  without
iteration on the boundary conditions .";8;150;integration of the boundary layer equations .;0.23867538333270058;False
49;"can the three-point boundary-value problem for the blasius equation
be integrated numerically,  using suitable transformations,  without
iteration on the boundary conditions .";9;1235;"a theory of the two dimensional laminar bounary layer
over a curved surface .";0.22428971207849072;False
49;"can the three-point boundary-value problem for the blasius equation
be integrated numerically,  using suitable transformations,  without
iteration on the boundary conditions .";10;377;a turbulent analog of the stewartson-illingworth transformation .;0.2189798413941135;False
5;"what chemical kinetic system is applicable to hypersonic aerodynamic
problems .";1;103;"theory of mixing and chemical reaction in the opposed
jet diffusion flame .";0.24154668761011014;False
5;"what chemical kinetic system is applicable to hypersonic aerodynamic
problems .";2;552;chemical kinetics of high temperature air .;0.22508752110300848;True
5;"what chemical kinetic system is applicable to hypersonic aerodynamic
problems .";3;1032;on the conservativeness of various distributed force systems .;0.2224149497590121;False
5;"what chemical kinetic system is applicable to hypersonic aerodynamic
problems .";4;943;compressible free shear layer with finite initial thickness .;0.20338833218889227;False
5;"what chemical kinetic system is applicable to hypersonic aerodynamic
problems .";5;401;"inviscid hypersonic airflows with coupled non-equilibrium
processes .";0.181037810850329;True
5;"what chemical kinetic system is applicable to hypersonic aerodynamic
problems .";6;410;"the supersonic flow about a blunt body of revolution
for gases at chemical equilibrium .";0.16799837761320643;False
5;"what chemical kinetic system is applicable to hypersonic aerodynamic
problems .";7;1296;"non-equilibrium expansions of air with coupled chemical
reactions .";0.15570767543103542;True
5;"what chemical kinetic system is applicable to hypersonic aerodynamic
problems .";8;1272;"oscillatory aerodynamic coefficients for a unified
supersonic hypersonic strip theory .";0.1489080750573445;False
5;"what chemical kinetic system is applicable to hypersonic aerodynamic
problems .";9;625;viscous and inviscid nonequilibrium gas flows .;0.14702122541761709;False
5;"what chemical kinetic system is applicable to hypersonic aerodynamic
problems .";10;1374;"theoretical analysis of turbulent mixing of reactive
gases with application to supersonic combustion of
hydrogen .";0.14592012667864618;False
50;"what are the effects of small amounts of gas rarefaction on the
characteristics of the boundary layers on slender bodies of revolution .";1;326;"forst-order slip effects on the compressible laminar
boundary layer over a slender body of revolution in
axial flow .";0.2814629130765181;True
50;"what are the effects of small amounts of gas rarefaction on the
characteristics of the boundary layers on slender bodies of revolution .";2;192;"on the hypersonic viscous flow past slender bodies
of revolution .";0.2420426195941826;False
50;"what are the effects of small amounts of gas rarefaction on the
characteristics of the boundary layers on slender bodies of revolution .";3;1112;"unsteady aerodynamic forces on a slender body of revolution
in supersonic flow .";0.21655684455018326;False
50;"what are the effects of small amounts of gas rarefaction on the
characteristics of the boundary layers on slender bodies of revolution .";4;124;"a summary of the supersonic pressure drag of bodies
of revolution .";0.21483082586222424;False
50;"what are the effects of small amounts of gas rarefaction on the
characteristics of the boundary layers on slender bodies of revolution .";5;1259;"second-order theory for unsteady supersonic flow past
slender pointed bodies of revolution .";0.2114907491546148;False
50;"what are the effects of small amounts of gas rarefaction on the
characteristics of the boundary layers on slender bodies of revolution .";6;494;"axisymmetric viscous flow plast very slender bodies
of revolution .";0.20835997792232558;False
50;"what are the effects of small amounts of gas rarefaction on the
characteristics of the boundary layers on slender bodies of revolution .";7;273;flow past slender blunt bodies - a review and extension .;0.20528408029518513;False
50;"what are the effects of small amounts of gas rarefaction on the
characteristics of the boundary layers on slender bodies of revolution .";8;337;boundary layer transition with gas injection .;0.2046320816443747;False
50;"what are the effects of small amounts of gas rarefaction on the
characteristics of the boundary layers on slender bodies of revolution .";9;801;"experimental study of the equivalence of transonic
flow about slender cone-cylinders of circular and elliptic
cross section .";0.2024885439575731;False
50;"what are the effects of small amounts of gas rarefaction on the
characteristics of the boundary layers on slender bodies of revolution .";10;1301;compressible boundary layers on bodies of revolution .;0.19505732189384875;False
51;"what is the available information pertaining to boundary layers on very
slender bodies of revolution in continuum flow (the ?transverse
curvature  effect) .";1;326;"forst-order slip effects on the compressible laminar
boundary layer over a slender body of revolution in
axial flow .";0.3540570520420244;True
51;"what is the available information pertaining to boundary layers on very
slender bodies of revolution in continuum flow (the ?transverse
curvature  effect) .";2;494;"axisymmetric viscous flow plast very slender bodies
of revolution .";0.31004065439524603;True
51;"what is the available information pertaining to boundary layers on very
slender bodies of revolution in continuum flow (the ?transverse
curvature  effect) .";3;528;"first-order slip effects on the laminar boundary layer over a slender
body of revolution with zero pressure gradient .";0.28351530115580453;False
51;"what is the available information pertaining to boundary layers on very
slender bodies of revolution in continuum flow (the ?transverse
curvature  effect) .";4;106;the transverse potential flow past a body of revolution .;0.21569154799954302;False
51;"what is the available information pertaining to boundary layers on very
slender bodies of revolution in continuum flow (the ?transverse
curvature  effect) .";5;1213;"heat transfer to slender cones in hypersonic flow,
including effects of yaw and nose bluntness .";0.20732928409215784;False
51;"what is the available information pertaining to boundary layers on very
slender bodies of revolution in continuum flow (the ?transverse
curvature  effect) .";6;23;"skin-friction and heat transfer characteristics of
a laminar boundary layer on a cylinder in axial incompressible
flow .";0.2031227040104448;True
51;"what is the available information pertaining to boundary layers on very
slender bodies of revolution in continuum flow (the ?transverse
curvature  effect) .";7;1112;"unsteady aerodynamic forces on a slender body of revolution
in supersonic flow .";0.19766320765425158;False
51;"what is the available information pertaining to boundary layers on very
slender bodies of revolution in continuum flow (the ?transverse
curvature  effect) .";8;192;"on the hypersonic viscous flow past slender bodies
of revolution .";0.1952835571835241;True
51;"what is the available information pertaining to boundary layers on very
slender bodies of revolution in continuum flow (the ?transverse
curvature  effect) .";9;94;"the transverse curvature effect in compressible axially
symmetric laminar boundary layer flow .";0.18480839999714388;True
51;"what is the available information pertaining to boundary layers on very
slender bodies of revolution in continuum flow (the ?transverse
curvature  effect) .";10;261;"experiments on axi-symmetric boundary layers along
a long cylinder in incompressible flow .";0.1844954502328269;True
52;"what is the available information pertaining to the effect of slight
rarefaction on boundary layer flows (the ?slip? effect) .";1;326;"forst-order slip effects on the compressible laminar
boundary layer over a slender body of revolution in
axial flow .";0.27004316404709344;True
52;"what is the available information pertaining to the effect of slight
rarefaction on boundary layer flows (the ?slip? effect) .";2;550;laminar heat transfer in tubes under slip-flow conditions .;0.26661732647840974;False
52;"what is the available information pertaining to the effect of slight
rarefaction on boundary layer flows (the ?slip? effect) .";3;21;on heat transfer in slip flow .;0.25672210811596397;True
52;"what is the available information pertaining to the effect of slight
rarefaction on boundary layer flows (the ?slip? effect) .";4;306;"second approximation to laminar compressible boundary
layer on flat plate in slip flow .";0.22168654348275244;True
52;"what is the available information pertaining to the effect of slight
rarefaction on boundary layer flows (the ?slip? effect) .";5;1215;the effect of slip particularly for highly cooled walls .;0.2045420537422975;False
52;"what is the available information pertaining to the effect of slight
rarefaction on boundary layer flows (the ?slip? effect) .";6;22;on slip-flow heat transfer to a flat plate .;0.19940412421700024;True
52;"what is the available information pertaining to the effect of slight
rarefaction on boundary layer flows (the ?slip? effect) .";7;528;"first-order slip effects on the laminar boundary layer over a slender
body of revolution with zero pressure gradient .";0.18487712924470287;False
52;"what is the available information pertaining to the effect of slight
rarefaction on boundary layer flows (the ?slip? effect) .";8;629;second-order effects in laminar boundary layers .;0.17171206252784826;False
52;"what is the available information pertaining to the effect of slight
rarefaction on boundary layer flows (the ?slip? effect) .";9;534;"consideration of energy separation for laminar slip
flow in a circular tube .";0.14319760763134992;False
52;"what is the available information pertaining to the effect of slight
rarefaction on boundary layer flows (the ?slip? effect) .";10;1204;"experimental effect of bluntness and gas rarefaction
on drag coefficients and stagnation heat transfer on
axisymmetric shapes in hypersonic flow .";0.1416052638067748;False
53;"what investigations have been made of the flow field about a body moving
through a rarefied,  partially ionized gas in the presence of a magnetic
field .";1;208;"the hall effect in the viscous flow of ionized gas
between parallel plates under transverse magnetic field .";0.42192226414047035;True
53;"what investigations have been made of the flow field about a body moving
through a rarefied,  partially ionized gas in the presence of a magnetic
field .";2;298;"incompressible wedge flows of an electrically conducting
viscous fluid in the presence of a magnetic field .";0.3165712059812947;True
53;"what investigations have been made of the flow field about a body moving
through a rarefied,  partially ionized gas in the presence of a magnetic
field .";3;1236;"the stagnation point boundary layer in the presence
of an applied magnetic field .";0.3100659962707916;False
53;"what investigations have been made of the flow field about a body moving
through a rarefied,  partially ionized gas in the presence of a magnetic
field .";4;1253;"hypersonic viscous flow near the stagnation point in
the presence of magnetic field .";0.2961162880435676;False
53;"what investigations have been made of the flow field about a body moving
through a rarefied,  partially ionized gas in the presence of a magnetic
field .";5;1221;"steady flow of conducting fluids in channels under
transverse magnetic fields, with consideration of hall
effect .";0.2877837240560028;False
53;"what investigations have been made of the flow field about a body moving
through a rarefied,  partially ionized gas in the presence of a magnetic
field .";6;61;"on flow of electrically conducting fluids over a flat
plate in the presence of a transverse magnetic field .";0.27727318744391943;False
53;"what investigations have been made of the flow field about a body moving
through a rarefied,  partially ionized gas in the presence of a magnetic
field .";7;269;"on a laminar free-convection flow and heat transfer
of electrically conducting fluid on a vertical flat
plate in the presence of a transverse magnetic field .";0.27379761100804245;False
53;"what investigations have been made of the flow field about a body moving
through a rarefied,  partially ionized gas in the presence of a magnetic
field .";8;407;"stationary convection flow of an electrically conducting
liquid between parallel plates in a magnetic field .";0.2656469492228115;False
53;"what investigations have been made of the flow field about a body moving
through a rarefied,  partially ionized gas in the presence of a magnetic
field .";9;267;"steady and transient free convection of an electrically
conducting fluid from a vertical plate in the presence
of a magnetic field .";0.23677572751478296;False
53;"what investigations have been made of the flow field about a body moving
through a rarefied,  partially ionized gas in the presence of a magnetic
field .";10;1282;"compressible flat-plate boundary-layer flow with an
applied magnetic field .";0.23286425027130758;False
54;"how is the heat transfer downstream of the mass transfer region effected
by mass transfer at the nose of a blunted cone .";1;123;"the downstream influence of mass transfer at the nose
of a slender cone .";0.405933734270194;False
54;"how is the heat transfer downstream of the mass transfer region effected
by mass transfer at the nose of a blunted cone .";2;84;"experimental investigation of the downstream influence
of stagnation point mass transfer .";0.34866383386612065;True
54;"how is the heat transfer downstream of the mass transfer region effected
by mass transfer at the nose of a blunted cone .";3;354;"laminar heat-transfer and pressure measurements over blunt-nosed
cones at large angle of attack .";0.3134614867723049;False
54;"how is the heat transfer downstream of the mass transfer region effected
by mass transfer at the nose of a blunted cone .";4;305;"hypersonic strong viscous interaction on a flat plate
with surface mass transfer .";0.3113379437914508;False
54;"how is the heat transfer downstream of the mass transfer region effected
by mass transfer at the nose of a blunted cone .";5;525;"on hypersonic viscous flow over an insulated flat plate
with surface mass transfer .";0.3086025944131221;False
54;"how is the heat transfer downstream of the mass transfer region effected
by mass transfer at the nose of a blunted cone .";6;666;blunt body heat transfer at hypersonic speed and low reynolds numbers .;0.3065098867118537;False
54;"how is the heat transfer downstream of the mass transfer region effected
by mass transfer at the nose of a blunted cone .";7;1213;"heat transfer to slender cones in hypersonic flow,
including effects of yaw and nose bluntness .";0.299543976289624;False
54;"how is the heat transfer downstream of the mass transfer region effected
by mass transfer at the nose of a blunted cone .";8;1307;"laminar heat-transfer and pressure measurements at
a mach number of 6 on sharp and blunt 15 half-angle
cones at angles of attack up to 90 .";0.2933910835264677;False
54;"how is the heat transfer downstream of the mass transfer region effected
by mass transfer at the nose of a blunted cone .";9;1185;"an integral method for calculating heat and mass transfer
in laminar boundary layers .";0.28428152111622296;False
54;"how is the heat transfer downstream of the mass transfer region effected
by mass transfer at the nose of a blunted cone .";10;44;tip-bluntness effects on cone pressures at m=6.85 .;0.2681609360849656;False
55;"to what extent can the available information for incompressible boundary
layers be applied to problems involving compressible boundary layers .";1;376;"transformation between compressible and incompressible
boundary layer equations .";0.3186323631978679;True
55;"to what extent can the available information for incompressible boundary
layers be applied to problems involving compressible boundary layers .";2;460;"correlated incompressible and compressible boundary
layers .";0.2835090436289295;True
55;"to what extent can the available information for incompressible boundary
layers be applied to problems involving compressible boundary layers .";3;4;"approximate solutions of the incompressible laminar
boundary layer equations for a plate in shear flow .";0.27429860135184925;False
55;"to what extent can the available information for incompressible boundary
layers be applied to problems involving compressible boundary layers .";4;3;the boundary layer in simple shear flow past a flat plate .;0.23945603871706456;False
55;"to what extent can the available information for incompressible boundary
layers be applied to problems involving compressible boundary layers .";5;17;remarks on the eddy viscosity in compressible mixing flows .;0.2146575361982452;False
55;"to what extent can the available information for incompressible boundary
layers be applied to problems involving compressible boundary layers .";6;382;"a note on the laminar boundary layer on a circular cylinder in
axial incompressible flow .";0.21399645466867823;False
55;"to what extent can the available information for incompressible boundary
layers be applied to problems involving compressible boundary layers .";7;1301;compressible boundary layers on bodies of revolution .;0.21030745722701988;False
55;"to what extent can the available information for incompressible boundary
layers be applied to problems involving compressible boundary layers .";8;251;"a collection of longitudinal stability derivatives
of wings at supersonic speeds .";0.20612017959650752;False
55;"to what extent can the available information for incompressible boundary
layers be applied to problems involving compressible boundary layers .";9;16;"transformation of the compressible turbulent boundary
layer .";0.19988481014187878;True
55;"to what extent can the available information for incompressible boundary
layers be applied to problems involving compressible boundary layers .";10;1185;"an integral method for calculating heat and mass transfer
in laminar boundary layers .";0.19187651209828718;False
56;"to what extent can readily available steady-state aerodynamic data be
utilized to predict lifting-surface flutter characteristics .";1;753;"development of a quasi-steady approach to flutter and
correlation with kernel-function results .";0.35751194098284234;False
56;"to what extent can readily available steady-state aerodynamic data be
utilized to predict lifting-surface flutter characteristics .";2;783;"a method for calculating the subsonic steady-state loading on an
airplane with a wing of arbitrary planform and stiffness .";0.19817017136468815;False
56;"to what extent can readily available steady-state aerodynamic data be
utilized to predict lifting-surface flutter characteristics .";3;441;"evaluation of high angle-of-attack aerodynamic derivative
data and stall-flutter prediction techniques .";0.19681525400158487;False
56;"to what extent can readily available steady-state aerodynamic data be
utilized to predict lifting-surface flutter characteristics .";4;1339;"calculation of flutter characteristics for finite-span swept or unswept
wings at subsonic and supersonic speeds by a modified strip analysis .";0.19476554857768746;True
56;"to what extent can readily available steady-state aerodynamic data be
utilized to predict lifting-surface flutter characteristics .";5;14;"piston theory - a new aerodynamic tool for the
aeroelastician .";0.1925813636331076;True
56;"to what extent can readily available steady-state aerodynamic data be
utilized to predict lifting-surface flutter characteristics .";6;638;"longitudinal aerodynamic characteristics at low subsonic
speeds of a highly swept wing utilizing nose deflection
for control .";0.1840546622008715;False
56;"to what extent can readily available steady-state aerodynamic data be
utilized to predict lifting-surface flutter characteristics .";7;899;aerodynamic effects on boundary layer unsteadiness .;0.1654258625905073;False
56;"to what extent can readily available steady-state aerodynamic data be
utilized to predict lifting-surface flutter characteristics .";8;634;"effects of leading edge bluntness on flutter characteristics
of some square- planform double-wedge airfoils at a
mach number of 15 .4.";0.16296502570908541;False
56;"to what extent can readily available steady-state aerodynamic data be
utilized to predict lifting-surface flutter characteristics .";9;391;"flutter of rectangular simply supported panels at high
supersonic speeds .";0.16233575878243175;False
56;"to what extent can readily available steady-state aerodynamic data be
utilized to predict lifting-surface flutter characteristics .";10;878;"experimental model techniques and equipment for flutter
investigations .";0.16048652575262548;False
57;"what are the significant steady and non-steady flow characteristics
which affect the flutter mechanism .";1;753;"development of a quasi-steady approach to flutter and
correlation with kernel-function results .";0.24860217712812177;False
57;"what are the significant steady and non-steady flow characteristics
which affect the flutter mechanism .";2;1181;"steady magnetohydrodynamic flow past a non-conducting
wedge .";0.19531108362553;False
57;"what are the significant steady and non-steady flow characteristics
which affect the flutter mechanism .";3;380;"effect of quasi-steady air forces on incompressible
bending-torsion flutter .";0.18926947397991006;True
57;"what are the significant steady and non-steady flow characteristics
which affect the flutter mechanism .";4;507;energy equation approximations in fluid mechanics .;0.18444672491628347;False
57;"what are the significant steady and non-steady flow characteristics
which affect the flutter mechanism .";5;444;an approach to the flutter problem in real fluids .;0.18252266495430441;False
57;"what are the significant steady and non-steady flow characteristics
which affect the flutter mechanism .";6;1339;"calculation of flutter characteristics for finite-span swept or unswept
wings at subsonic and supersonic speeds by a modified strip analysis .";0.1728549927941291;False
57;"what are the significant steady and non-steady flow characteristics
which affect the flutter mechanism .";7;52;"procedure for calculating flutter at high supersonic
speed including camber deflections, and comparison
with experimental results .";0.17098558006663017;False
57;"what are the significant steady and non-steady flow characteristics
which affect the flutter mechanism .";8;1338;"investigation to determine effects of center of gravity location on the
transonic flutter characteristics of a 45degree sweptback wing .";0.17068712312537354;False
57;"what are the significant steady and non-steady flow characteristics
which affect the flutter mechanism .";9;916;"the flow around oscillating low aspect ratio wings at transonic
speeds .";0.16469554013373117;False
57;"what are the significant steady and non-steady flow characteristics
which affect the flutter mechanism .";10;1099;a theoretical study of stagnation point ablation .;0.16366965163269065;False
58;"is it possible to determine rates of forced convective heat transfer
from heated cylinders of non-circular cross-section,  (the fluid flow
being along the generators) .";1;754;"heat transfer through laminar boundary layers on
semi-infinite cylinders of arbitrary cross section .";0.3232108742548215;False
58;"is it possible to determine rates of forced convective heat transfer
from heated cylinders of non-circular cross-section,  (the fluid flow
being along the generators) .";2;269;"on a laminar free-convection flow and heat transfer
of electrically conducting fluid on a vertical flat
plate in the presence of a transverse magnetic field .";0.3086732690895686;False
58;"is it possible to determine rates of forced convective heat transfer
from heated cylinders of non-circular cross-section,  (the fluid flow
being along the generators) .";3;963;a variational principle for convection of heat .;0.3005243880602005;False
58;"is it possible to determine rates of forced convective heat transfer
from heated cylinders of non-circular cross-section,  (the fluid flow
being along the generators) .";4;120;"measurement of convective heat transfer by means of
the reynolds analogy .";0.29181683878934;False
58;"is it possible to determine rates of forced convective heat transfer
from heated cylinders of non-circular cross-section,  (the fluid flow
being along the generators) .";5;1159;"experimental investigation of the effect of yaw on
rates of heat transfer to transverse circular
cylinders in a 6500-foot-per-second
hypersonic air stream .";0.2609723176300412;False
58;"is it possible to determine rates of forced convective heat transfer
from heated cylinders of non-circular cross-section,  (the fluid flow
being along the generators) .";6;398;heat transfer in turbulent shear flow .;0.24630398999720685;False
58;"is it possible to determine rates of forced convective heat transfer
from heated cylinders of non-circular cross-section,  (the fluid flow
being along the generators) .";7;873;"lagrangian thermodynamics of heat transfer in systems
including fluid motion .";0.24310070083767382;False
58;"is it possible to determine rates of forced convective heat transfer
from heated cylinders of non-circular cross-section,  (the fluid flow
being along the generators) .";8;789;"a further note on the calculation of heat transfer
through the axisymmetrical laminar boundary layer on
a circular cylinder .";0.23694472101617914;True
58;"is it possible to determine rates of forced convective heat transfer
from heated cylinders of non-circular cross-section,  (the fluid flow
being along the generators) .";9;270;"on combined free and forced convection laminar magnetohydrodynamic
flow and heat transfer in channels with transverse
magnetic field .";0.22947351498510887;False
58;"is it possible to determine rates of forced convective heat transfer
from heated cylinders of non-circular cross-section,  (the fluid flow
being along the generators) .";10;788;"an approximate boundary layer theory for semi-infinite cylinders of
arbitrary cross-section .";0.22490482547641805;True
59;"how much is known about boundary layer flows along non-circular
cylinders .";1;382;"a note on the laminar boundary layer on a circular cylinder in
axial incompressible flow .";0.3323927381745184;False
59;"how much is known about boundary layer flows along non-circular
cylinders .";2;1084;the flow past circular cylinders at low speeds .;0.23529974786736113;False
59;"how much is known about boundary layer flows along non-circular
cylinders .";3;785;the flow of fluid along cylinders .;0.2314700137750645;True
59;"how much is known about boundary layer flows along non-circular
cylinders .";4;1055;non-linear bending and buckling of circular plates .;0.22185001068489238;False
59;"how much is known about boundary layer flows along non-circular
cylinders .";5;789;"a further note on the calculation of heat transfer
through the axisymmetrical laminar boundary layer on
a circular cylinder .";0.2189563172608013;False
59;"how much is known about boundary layer flows along non-circular
cylinders .";6;854;"boundary-value problems of the thin-walled circular
cylinder .";0.20847928948404282;False
59;"how much is known about boundary layer flows along non-circular
cylinders .";7;105;"the asymptotic boundary layer on a circular cylinder
in axial incompressible flow .";0.20738634320763089;False
59;"how much is known about boundary layer flows along non-circular
cylinders .";8;842;"an improvement on donnell's approximation for thin-walled
circular cylinders .";0.2005252951271231;False
59;"how much is known about boundary layer flows along non-circular
cylinders .";9;383;"integration of the boundary layer equations for a plane in compressible
flow with heat transfer .";0.19828866736093262;False
59;"how much is known about boundary layer flows along non-circular
cylinders .";10;23;"skin-friction and heat transfer characteristics of
a laminar boundary layer on a cylinder in axial incompressible
flow .";0.1951070988206992;False
6;"what theoretical and experimental guides do we have as to turbulent
couette flow behaviour .";1;491;"on the close relationship between turbulent plane-couette
and pressure flows .";0.30477642640544894;False
6;"what theoretical and experimental guides do we have as to turbulent
couette flow behaviour .";2;385;on a generalised porous-wall ?couette type? flow .;0.27848351598546367;False
6;"what theoretical and experimental guides do we have as to turbulent
couette flow behaviour .";3;386;a generalised porous-wall ?couette type? flow .;0.24644521726748908;False
6;"what theoretical and experimental guides do we have as to turbulent
couette flow behaviour .";4;1273;"magnetohydrodynamic effects on the formation of couette,
flow .";0.17906401765307794;False
6;"what theoretical and experimental guides do we have as to turbulent
couette flow behaviour .";5;257;on turbulen flow between parallel plates .;0.1629491182730565;True
6;"what theoretical and experimental guides do we have as to turbulent
couette flow behaviour .";6;1282;"compressible flat-plate boundary-layer flow with an
applied magnetic field .";0.14690157956869915;False
6;"what theoretical and experimental guides do we have as to turbulent
couette flow behaviour .";7;802;"the behaviour of supersonic flow past a body of revolution
far from the axis .";0.14577248817651198;False
6;"what theoretical and experimental guides do we have as to turbulent
couette flow behaviour .";8;406;on the behaviour of boundary layers at supersonic speeds .;0.1446940823488963;False
6;"what theoretical and experimental guides do we have as to turbulent
couette flow behaviour .";9;271;"an experimental test of compressibility transformation
for turbulent boundary layer .";0.14021505117287614;False
6;"what theoretical and experimental guides do we have as to turbulent
couette flow behaviour .";10;1308;a guide to the use of the m. i. t.  cone tables .;0.13585618931592935;False
60;"is there any simple,  but practical,  method for numerical integration
of the mixing problem (i.e. the blasius problem with three-point
boundary conditions) .";1;322;"on the numerical solution of the blasius problem with three-point
boundary conditions .";0.531301059384925;False
60;"is there any simple,  but practical,  method for numerical integration
of the mixing problem (i.e. the blasius problem with three-point
boundary conditions) .";2;527;"note on the three-point boundary layer problem for
the blasius equations .";0.5240963681484574;True
60;"is there any simple,  but practical,  method for numerical integration
of the mixing problem (i.e. the blasius problem with three-point
boundary conditions) .";3;320;"comment on improved numerical solution of the blasius problem with
three-point boundary conditions .";0.49666792667195026;True
60;"is there any simple,  but practical,  method for numerical integration
of the mixing problem (i.e. the blasius problem with three-point
boundary conditions) .";4;321;"improved numerical solution of the blasius problem with three-point
boundary conditions .";0.448612978221467;False
60;"is there any simple,  but practical,  method for numerical integration
of the mixing problem (i.e. the blasius problem with three-point
boundary conditions) .";5;107;on the mixing of two parallel streams .;0.2727999094133475;False
60;"is there any simple,  but practical,  method for numerical integration
of the mixing problem (i.e. the blasius problem with three-point
boundary conditions) .";6;476;the blasius equation with three-point boundary conditions .;0.2472500557092679;True
60;"is there any simple,  but practical,  method for numerical integration
of the mixing problem (i.e. the blasius problem with three-point
boundary conditions) .";7;365;"the homogeneous boundary layer at an axisymmetric stagnation
point with large rates of injection .";0.2100902500298631;False
60;"is there any simple,  but practical,  method for numerical integration
of the mixing problem (i.e. the blasius problem with three-point
boundary conditions) .";8;833;"a simple method of matric structural analysis, part
iv, non-linear problems .";0.20079780034824862;False
60;"is there any simple,  but practical,  method for numerical integration
of the mixing problem (i.e. the blasius problem with three-point
boundary conditions) .";9;150;integration of the boundary layer equations .;0.2005941547868912;False
60;"is there any simple,  but practical,  method for numerical integration
of the mixing problem (i.e. the blasius problem with three-point
boundary conditions) .";10;478;"tabulation of the blasius function with blowing and
suction .";0.1976144731771169;True
61;"does there exist a closed-form expression for the local heat transfer
around a yawed cylinder .";1;539;"local heat transfer to a yawed, infite, circular cylinder
in laminar compressible flow .";0.36714798851809766;False
61;"does there exist a closed-form expression for the local heat transfer
around a yawed cylinder .";2;564;"local heat transfer and recovery temperature on a yawed
cylinder at a mach number of 4. 15 and high reynolds
numbers .";0.3665408481366442;True
61;"does there exist a closed-form expression for the local heat transfer
around a yawed cylinder .";3;566;"investigation of local heat transfer and pressure drag
characteristics of a yawed circular cylinder at supersonic
speeds .";0.3541436884691297;True
61;"does there exist a closed-form expression for the local heat transfer
around a yawed cylinder .";4;435;"application of similar solutions to calculations of
laminar heat transfer on bodies with yaw and large
pressure gradients in high speed flow .";0.2981411209433404;False
61;"does there exist a closed-form expression for the local heat transfer
around a yawed cylinder .";5;333;"boundary-layer interaction on a yawed infinite wing in hypersonic
flow .";0.2795157182234051;False
61;"does there exist a closed-form expression for the local heat transfer
around a yawed cylinder .";6;1213;"heat transfer to slender cones in hypersonic flow,
including effects of yaw and nose bluntness .";0.26787014914872875;False
61;"does there exist a closed-form expression for the local heat transfer
around a yawed cylinder .";7;1258;"heat transfer, recovery factor and pressure distributions
around a circular cylinder normal to a supersonic rarefied
air stream .";0.23814045327502176;False
61;"does there exist a closed-form expression for the local heat transfer
around a yawed cylinder .";8;1159;"experimental investigation of the effect of yaw on
rates of heat transfer to transverse circular
cylinders in a 6500-foot-per-second
hypersonic air stream .";0.22691411414604576;True
61;"does there exist a closed-form expression for the local heat transfer
around a yawed cylinder .";9;1307;"laminar heat-transfer and pressure measurements at
a mach number of 6 on sharp and blunt 15 half-angle
cones at angles of attack up to 90 .";0.22159981814003551;False
61;"does there exist a closed-form expression for the local heat transfer
around a yawed cylinder .";10;565;"similar solutions for the compressible boundary layer
on a yawed cylinder with transpiration cooling .";0.21203491626546253;True
62;"how far around a cylinder and under what conditions of flow,  if any,
is the velocity just outside of the boundary layer a linear function of
the distance around the cylinder .";1;483;"stagnation point shock detachment distance for flow
around spheres and cylinder .";0.3632158588263096;False
62;"how far around a cylinder and under what conditions of flow,  if any,
is the velocity just outside of the boundary layer a linear function of
the distance around the cylinder .";2;533;"stagnation-point shock-detachment distance for flow
around spheres and cylinders in air .";0.3085533498513788;False
62;"how far around a cylinder and under what conditions of flow,  if any,
is the velocity just outside of the boundary layer a linear function of
the distance around the cylinder .";3;381;the axisymmetric boundary layer on a long thin cylinder .;0.23517855933906373;False
62;"how far around a cylinder and under what conditions of flow,  if any,
is the velocity just outside of the boundary layer a linear function of
the distance around the cylinder .";4;1383;on the theory of laminar boundary layer involving separation .;0.2241467346902778;False
62;"how far around a cylinder and under what conditions of flow,  if any,
is the velocity just outside of the boundary layer a linear function of
the distance around the cylinder .";5;1081;"numerical solution of the navier-stokes equations for the flow around a
circular cylinder at reynolds number 40 .";0.22032911919233877;True
62;"how far around a cylinder and under what conditions of flow,  if any,
is the velocity just outside of the boundary layer a linear function of
the distance around the cylinder .";6;105;"the asymptotic boundary layer on a circular cylinder
in axial incompressible flow .";0.21845142823434266;False
62;"how far around a cylinder and under what conditions of flow,  if any,
is the velocity just outside of the boundary layer a linear function of
the distance around the cylinder .";7;1258;"heat transfer, recovery factor and pressure distributions
around a circular cylinder normal to a supersonic rarefied
air stream .";0.21828980538167447;False
62;"how far around a cylinder and under what conditions of flow,  if any,
is the velocity just outside of the boundary layer a linear function of
the distance around the cylinder .";8;785;the flow of fluid along cylinders .;0.21764878477400476;False
62;"how far around a cylinder and under what conditions of flow,  if any,
is the velocity just outside of the boundary layer a linear function of
the distance around the cylinder .";9;382;"a note on the laminar boundary layer on a circular cylinder in
axial incompressible flow .";0.21764615846504562;False
62;"how far around a cylinder and under what conditions of flow,  if any,
is the velocity just outside of the boundary layer a linear function of
the distance around the cylinder .";10;1384;"a theoretical calculation of the laminar boundary layer
around an elliptic cylinder and its comparison with
experiment .";0.21704261269551184;False
63;where can i find pressure data on surfaces of swept cylinders .;1;1045;the bending strength of pressurized cylinders .;0.26547178521363685;False
63;where can i find pressure data on surfaces of swept cylinders .;2;843;"a simplified method of elastic stability analysis for
thin cylindrical shells .";0.2033894519587443;False
63;where can i find pressure data on surfaces of swept cylinders .;3;678;the effect of end plates on swept wings .;0.20160753612482363;False
63;where can i find pressure data on surfaces of swept cylinders .;4;204;"a study of the application of airfoil section data
to the estimation of the high subsonic speed characteristics
of swept wings .";0.19833446817625291;False
63;where can i find pressure data on surfaces of swept cylinders .;5;287;"some theoretical low-speed loading characteristics
of swept wings in roll and sideslip .";0.19146320608170578;False
63;where can i find pressure data on surfaces of swept cylinders .;6;738;finding zero's of arbitrary functions .;0.18098893612398434;False
63;where can i find pressure data on surfaces of swept cylinders .;7;491;"on the close relationship between turbulent plane-couette
and pressure flows .";0.17450192780913734;False
63;where can i find pressure data on surfaces of swept cylinders .;8;676;"a simple method for calculating the span and chordwise loading on
straight and swept wings of any aspect ratio at subsonic speeds .";0.16848643646931924;False
63;where can i find pressure data on surfaces of swept cylinders .;9;629;second-order effects in laminar boundary layers .;0.16553041526226017;False
63;where can i find pressure data on surfaces of swept cylinders .;10;420;"an experimental study of the flow field about swept and delta wings
with sharp leading edges .";0.16432708886591668;False
64;"can't the static deflection shapes be used in predicting flutter in
place of vibrational shapes . if so,  can we provide a justification by
means of an example .";1;390;some panel-flutter studies using piston theory .;0.24879419068082162;True
64;"can't the static deflection shapes be used in predicting flutter in
place of vibrational shapes . if so,  can we provide a justification by
means of an example .";2;52;"procedure for calculating flutter at high supersonic
speed including camber deflections, and comparison
with experimental results .";0.21145236085402225;False
64;"can't the static deflection shapes be used in predicting flutter in
place of vibrational shapes . if so,  can we provide a justification by
means of an example .";3;441;"evaluation of high angle-of-attack aerodynamic derivative
data and stall-flutter prediction techniques .";0.16655782351533072;False
64;"can't the static deflection shapes be used in predicting flutter in
place of vibrational shapes . if so,  can we provide a justification by
means of an example .";4;627;flutter analysis of circular panels .;0.1650829489292868;False
64;"can't the static deflection shapes be used in predicting flutter in
place of vibrational shapes . if so,  can we provide a justification by
means of an example .";5;719;tumbling bodies entering the atmosphere .;0.16157401735214283;False
64;"can't the static deflection shapes be used in predicting flutter in
place of vibrational shapes . if so,  can we provide a justification by
means of an example .";6;482;"a re-examination of the use of the simple concepts
for prediction the shape and location of detached shock
waves .";0.15192019508754448;False
64;"can't the static deflection shapes be used in predicting flutter in
place of vibrational shapes . if so,  can we provide a justification by
means of an example .";7;391;"flutter of rectangular simply supported panels at high
supersonic speeds .";0.14395756179586838;True
64;"can't the static deflection shapes be used in predicting flutter in
place of vibrational shapes . if so,  can we provide a justification by
means of an example .";8;1107;"the flow field over blunted flat plates and its effect
on turbulent boundary growth and heat transfer at a
mach number of 4. 7.";0.14261751922193713;False
64;"can't the static deflection shapes be used in predicting flutter in
place of vibrational shapes . if so,  can we provide a justification by
means of an example .";9;1008;free-flight measurements of the static and dynamic .;0.14056223959641032;False
64;"can't the static deflection shapes be used in predicting flutter in
place of vibrational shapes . if so,  can we provide a justification by
means of an example .";10;914;transtability flutter of supersonic aircraft panels .;0.13627446350346192;False
65;"does the boundary layer on a flat plate in a shear flow induce a
pressure gradient .";1;3;the boundary layer in simple shear flow past a flat plate .;0.6720337328544866;True
65;"does the boundary layer on a flat plate in a shear flow induce a
pressure gradient .";2;388;"the pressure gradient induced by shear flow past a
flat plate .";0.45732538545852464;False
65;"does the boundary layer on a flat plate in a shear flow induce a
pressure gradient .";3;4;"approximate solutions of the incompressible laminar
boundary layer equations for a plate in shear flow .";0.4298390010418724;True
65;"does the boundary layer on a flat plate in a shear flow induce a
pressure gradient .";4;180;"boundary layer over a flat plate in presence of shear
flow .";0.4275161658228661;True
65;"does the boundary layer on a flat plate in a shear flow induce a
pressure gradient .";5;664;"the boundary layer on a flat plate in a stream with
uniform shear .";0.4259109072941544;True
65;"does the boundary layer on a flat plate in a shear flow induce a
pressure gradient .";6;393;the shear flow along a flat plate with uniform suction .;0.42452857387242643;True
65;"does the boundary layer on a flat plate in a shear flow induce a
pressure gradient .";7;1311;"some simple solutions to the problem of predicting
boundary layer self-induced pressures .";0.34810845483515446;False
65;"does the boundary layer on a flat plate in a shear flow induce a
pressure gradient .";8;1355;"boundary layer displacement effects in air at mach
numbers of 6. 8 and 9. 6.";0.34393282585176305;False
65;"does the boundary layer on a flat plate in a shear flow induce a
pressure gradient .";9;389;"simple shear flow past a flat plate in a compressible
viscous fluid .";0.3406250878575843;False
65;"does the boundary layer on a flat plate in a shear flow induce a
pressure gradient .";10;569;"an experimental investigation of leading edge shock wave boundary layer
interaction at mach 5.8 .";0.3145538113356609;False
66;"can the procedure of matching inner and outer solutions for a viscous
flow problem be applied when the main stream is a shear flow .";1;128;"effects of free stream vorticity on the behaviour of
a viscous boundary layer .";0.36576011349958587;False
66;"can the procedure of matching inner and outer solutions for a viscous
flow problem be applied when the main stream is a shear flow .";2;305;"hypersonic strong viscous interaction on a flat plate
with surface mass transfer .";0.22851396381827863;False
66;"can the procedure of matching inner and outer solutions for a viscous
flow problem be applied when the main stream is a shear flow .";3;191;a theory for the core of a leading edge vortex .;0.22651869232272043;False
66;"can the procedure of matching inner and outer solutions for a viscous
flow problem be applied when the main stream is a shear flow .";4;664;"the boundary layer on a flat plate in a stream with
uniform shear .";0.2265061345796821;True
66;"can the procedure of matching inner and outer solutions for a viscous
flow problem be applied when the main stream is a shear flow .";5;389;"simple shear flow past a flat plate in a compressible
viscous fluid .";0.2195311846164924;False
66;"can the procedure of matching inner and outer solutions for a viscous
flow problem be applied when the main stream is a shear flow .";6;590;"effects of stage characteristics and matching on axial flow compressor
performance .";0.21908417546006048;False
66;"can the procedure of matching inner and outer solutions for a viscous
flow problem be applied when the main stream is a shear flow .";7;1182;an approximate solution for laminar boundary layer flow .;0.21723906067785156;False
66;"can the procedure of matching inner and outer solutions for a viscous
flow problem be applied when the main stream is a shear flow .";8;1251;viscous flow past a quarter infinite plate .;0.20570327731625732;False
66;"can the procedure of matching inner and outer solutions for a viscous
flow problem be applied when the main stream is a shear flow .";9;629;second-order effects in laminar boundary layers .;0.20045378473377998;True
66;"can the procedure of matching inner and outer solutions for a viscous
flow problem be applied when the main stream is a shear flow .";10;366;"helium injection into the boundary layer at an axisymmetric
stagnation point .";0.19786813861336666;False
67;"can series expansions be found for the boundary layer on a flat plate in
a shear flow .";1;3;the boundary layer in simple shear flow past a flat plate .;0.5403281587273623;True
67;"can series expansions be found for the boundary layer on a flat plate in
a shear flow .";2;4;"approximate solutions of the incompressible laminar
boundary layer equations for a plate in shear flow .";0.41870173638250574;True
67;"can series expansions be found for the boundary layer on a flat plate in
a shear flow .";3;180;"boundary layer over a flat plate in presence of shear
flow .";0.4164390865597326;True
67;"can series expansions be found for the boundary layer on a flat plate in
a shear flow .";4;393;the shear flow along a flat plate with uniform suction .;0.41352890406298515;True
67;"can series expansions be found for the boundary layer on a flat plate in
a shear flow .";5;664;"the boundary layer on a flat plate in a stream with
uniform shear .";0.3975829562960836;True
67;"can series expansions be found for the boundary layer on a flat plate in
a shear flow .";6;389;"simple shear flow past a flat plate in a compressible
viscous fluid .";0.3317993839454341;True
67;"can series expansions be found for the boundary layer on a flat plate in
a shear flow .";7;306;"second approximation to laminar compressible boundary
layer on flat plate in slip flow .";0.27435462485924167;False
67;"can series expansions be found for the boundary layer on a flat plate in
a shear flow .";8;2;"simple shear flow past a flat plate in an incompressible fluid of small
viscosity .";0.26229242716693046;True
67;"can series expansions be found for the boundary layer on a flat plate in
a shear flow .";9;1107;"the flow field over blunted flat plates and its effect
on turbulent boundary growth and heat transfer at a
mach number of 4. 7.";0.24995449895066482;False
67;"can series expansions be found for the boundary layer on a flat plate in
a shear flow .";10;629;second-order effects in laminar boundary layers .;0.24181330069617626;True
68;"what possible techniques are available for computing the injection
distribution corresponding to an isothermal transpiration cooled
hemisphere .";1;628;thermal effects on a transpiration cooled hemisphere .;0.42416942906018346;False
68;"what possible techniques are available for computing the injection
distribution corresponding to an isothermal transpiration cooled
hemisphere .";2;343;"transpiration cooling experiments in a turbulent boundary
layer at m=3 .";0.24249327309638258;False
68;"what possible techniques are available for computing the injection
distribution corresponding to an isothermal transpiration cooled
hemisphere .";3;339;"experimental evaluation of heat transfer with transpiration
cooling in a turbulent boundary layer at m=3 .2.";0.24108280176026295;False
68;"what possible techniques are available for computing the injection
distribution corresponding to an isothermal transpiration cooled
hemisphere .";4;662;"theoretical and experimental investigation of
aerodynamic-heating and isothermal heat transfer parameters on
a hemisphere nose with laminar boundary layer at supersonic
mach numbers .";0.202192249952038;True
68;"what possible techniques are available for computing the injection
distribution corresponding to an isothermal transpiration cooled
hemisphere .";5;560;"a theoretical study of the effect of upstream
transpiration-cooling on the heat transfer and skin friction characteristics
of a compressible laminar boundary layer .";0.19546838541033162;False
68;"what possible techniques are available for computing the injection
distribution corresponding to an isothermal transpiration cooled
hemisphere .";6;337;boundary layer transition with gas injection .;0.18363878577064235;False
68;"what possible techniques are available for computing the injection
distribution corresponding to an isothermal transpiration cooled
hemisphere .";7;480;"adiabatic wall temperature due to mass transfer cooling with a
combustible gas .";0.178152806739728;False
68;"what possible techniques are available for computing the injection
distribution corresponding to an isothermal transpiration cooled
hemisphere .";8;338;mass transfer cooling at mach number 4. 8.;0.17468186082180556;False
68;"what possible techniques are available for computing the injection
distribution corresponding to an isothermal transpiration cooled
hemisphere .";9;344;some experimental techniques in mass transfer cooling .;0.16843629760018985;False
68;"what possible techniques are available for computing the injection
distribution corresponding to an isothermal transpiration cooled
hemisphere .";10;1240;"nonsimilar solutions of the compressible laminar boundary
layer equations with applications to the upstream-transpiration
cooling problem .";0.1672429375367368;False
69;"what is known regarding asymptotic solutions to the exact boundary layer
equations .";1;264;"asymptotic solution of the two dimensional oscillating
aerofoil problem for high subsonic mach numbers .";0.25045838846528967;False
69;"what is known regarding asymptotic solutions to the exact boundary layer
equations .";2;664;"the boundary layer on a flat plate in a stream with
uniform shear .";0.22138022688276526;False
69;"what is known regarding asymptotic solutions to the exact boundary layer
equations .";3;111;"the laminar boundary layer equation: a method of solution
by means of an automatic computer .";0.21620316447755544;False
69;"what is known regarding asymptotic solutions to the exact boundary layer
equations .";4;306;"second approximation to laminar compressible boundary
layer on flat plate in slip flow .";0.21328948473482348;False
69;"what is known regarding asymptotic solutions to the exact boundary layer
equations .";5;4;"approximate solutions of the incompressible laminar
boundary layer equations for a plate in shear flow .";0.20599972409244757;False
69;"what is known regarding asymptotic solutions to the exact boundary layer
equations .";6;322;"on the numerical solution of the blasius problem with three-point
boundary conditions .";0.203296653497955;False
69;"what is known regarding asymptotic solutions to the exact boundary layer
equations .";7;540;"use of local similarity concepts in hypersonic viscous
interaction problems .";0.19795185805776583;False
69;"what is known regarding asymptotic solutions to the exact boundary layer
equations .";8;1138;asymptotic solutions of toroidal shell problems .;0.1973135889176938;False
69;"what is known regarding asymptotic solutions to the exact boundary layer
equations .";9;105;"the asymptotic boundary layer on a circular cylinder
in axial incompressible flow .";0.19719422083031077;False
69;"what is known regarding asymptotic solutions to the exact boundary layer
equations .";10;527;"note on the three-point boundary layer problem for
the blasius equations .";0.19552900305225296;False
7;"is it possible to relate the available pressure distributions for an
ogive forebody at zero angle of attack to the lower surface pressures of
an equivalent ogive forebody at angle of attack .";1;492;prediction of ogive-forebody pressures at angles of attack .;0.8103270431795747;False
7;"is it possible to relate the available pressure distributions for an
ogive forebody at zero angle of attack to the lower surface pressures of
an equivalent ogive forebody at angle of attack .";2;973;"interaction effects produced by jet exhausting laterally near base of
ogive-cylinder model in supersonic main stream .";0.31282010287423617;False
7;"is it possible to relate the available pressure distributions for an
ogive forebody at zero angle of attack to the lower surface pressures of
an equivalent ogive forebody at angle of attack .";3;434;"contributions of the wing panels to the forces and
moments of supersonic wing-body combinations at combined
angles .";0.2956906836257577;False
7;"is it possible to relate the available pressure distributions for an
ogive forebody at zero angle of attack to the lower surface pressures of
an equivalent ogive forebody at angle of attack .";4;57;"applicability of the hypersonic similarity rule to
pressure distributions which include the effects of
rotation for bodies of revolution at zero angle of
attack .";0.2893013517110589;True
7;"is it possible to relate the available pressure distributions for an
ogive forebody at zero angle of attack to the lower surface pressures of
an equivalent ogive forebody at angle of attack .";5;56;"an analysis of the applicability of the hypersonic
similarity law to the study of the flow about bodies
of revolution at zero angle of attack .";0.2648956646129025;True
7;"is it possible to relate the available pressure distributions for an
ogive forebody at zero angle of attack to the lower surface pressures of
an equivalent ogive forebody at angle of attack .";6;124;"a summary of the supersonic pressure drag of bodies
of revolution .";0.22130975269608397;False
7;"is it possible to relate the available pressure distributions for an
ogive forebody at zero angle of attack to the lower surface pressures of
an equivalent ogive forebody at angle of attack .";7;122;"a simplified approximate method for the calculation of the pressure
around conical bodies of arbitrary shape in supersonic and hypersonic
flow .";0.2190479633797396;False
7;"is it possible to relate the available pressure distributions for an
ogive forebody at zero angle of attack to the lower surface pressures of
an equivalent ogive forebody at angle of attack .";8;1381;"effect of mach number on boundary layer transition
in the presence of pressure rise and surface roughness
on an ogive-cylinder body with cold wall conditions .";0.20514912113683476;False
7;"is it possible to relate the available pressure distributions for an
ogive forebody at zero angle of attack to the lower surface pressures of
an equivalent ogive forebody at angle of attack .";9;233;the theoretical wave drag of some bodies of revolution .;0.20147236009647793;False
7;"is it possible to relate the available pressure distributions for an
ogive forebody at zero angle of attack to the lower surface pressures of
an equivalent ogive forebody at angle of attack .";10;232;"accuracy of approximate methods for predicting pressure
on pointed non-lifting bodies of revolution in supersonic
flow .";0.19897268607218152;False
70;previous solutions to the boundary layer similarity equations .;1;180;"boundary layer over a flat plate in presence of shear
flow .";0.3237890442920415;False
70;previous solutions to the boundary layer similarity equations .;2;540;"use of local similarity concepts in hypersonic viscous
interaction problems .";0.3149878395105559;False
70;previous solutions to the boundary layer similarity equations .;3;4;"approximate solutions of the incompressible laminar
boundary layer equations for a plate in shear flow .";0.2785818526895169;False
70;previous solutions to the boundary layer similarity equations .;4;1149;similar temperature boundary layers .;0.26395047683153083;False
70;previous solutions to the boundary layer similarity equations .;5;300;"on a particular class of similar solutions of the equations
of motion and energy of a viscous fluid .";0.25131746840885094;False
70;previous solutions to the boundary layer similarity equations .;6;104;"similar solutions of a free convection boundary layer
equation for an electrically conducting fluid .";0.24820084813967877;False
70;previous solutions to the boundary layer similarity equations .;7;327;"on local flat plate similarity in the hypersonic boundary
layer .";0.2432063151794403;False
70;previous solutions to the boundary layer similarity equations .;8;320;"comment on improved numerical solution of the blasius problem with
three-point boundary conditions .";0.23940742935683698;False
70;previous solutions to the boundary layer similarity equations .;9;349;"numerical solution of the boundary layer equations
without similarity assumptions .";0.23693554179474166;False
70;previous solutions to the boundary layer similarity equations .;10;570;"on the boundary layer equations in hypersonic flow
and their approximate solutions .";0.22617213976684641;True
71;experimental results on hypersonic viscous interaction .;1;540;"use of local similarity concepts in hypersonic viscous
interaction problems .";0.3799622774711233;False
71;experimental results on hypersonic viscous interaction .;2;305;"hypersonic strong viscous interaction on a flat plate
with surface mass transfer .";0.36883018044561894;False
71;experimental results on hypersonic viscous interaction .;3;63;hypersonic viscous flow over slender cones .;0.3342146123200731;False
71;experimental results on hypersonic viscous interaction .;4;525;"on hypersonic viscous flow over an insulated flat plate
with surface mass transfer .";0.3274182904325617;False
71;experimental results on hypersonic viscous interaction .;5;570;"on the boundary layer equations in hypersonic flow
and their approximate solutions .";0.3130457118903208;False
71;experimental results on hypersonic viscous interaction .;6;573;viscous hypersonic similitude .;0.310663539031111;False
71;experimental results on hypersonic viscous interaction .;7;26;inviscid leading-edge effect in hypersonic flow .;0.30804682487467977;False
71;experimental results on hypersonic viscous interaction .;8;1253;"hypersonic viscous flow near the stagnation point in
the presence of magnetic field .";0.30385430673245534;False
71;experimental results on hypersonic viscous interaction .;9;1299;hypersonic viscous shock layer .;0.2994217830054129;False
71;experimental results on hypersonic viscous interaction .;10;537;stagnation point viscous hypersonic flow .;0.2810693717398693;False
72;"what has been done about viscous interactions in relatively low reynolds
number flows,  particularly at high mach numbers .";1;1395;"low density stagnation point heat transfer measurements
in the hypersonic shock tunnel .";0.23210572599223578;False
72;"what has been done about viscous interactions in relatively low reynolds
number flows,  particularly at high mach numbers .";2;63;hypersonic viscous flow over slender cones .;0.22965683743382106;False
72;"what has been done about viscous interactions in relatively low reynolds
number flows,  particularly at high mach numbers .";3;630;stagnation region in rarefied high mach number flow .;0.2113730471785123;True
72;"what has been done about viscous interactions in relatively low reynolds
number flows,  particularly at high mach numbers .";4;666;blunt body heat transfer at hypersonic speed and low reynolds numbers .;0.20039101763908823;False
72;"what has been done about viscous interactions in relatively low reynolds
number flows,  particularly at high mach numbers .";5;1078;"the steady flow of a viscous fluid past a circular cylinder at reynolds
numbers 40 and 44 .";0.19734281969352366;False
72;"what has been done about viscous interactions in relatively low reynolds
number flows,  particularly at high mach numbers .";6;663;viscous flow along a flat plate moving at high speeds .;0.1960475784558118;True
72;"what has been done about viscous interactions in relatively low reynolds
number flows,  particularly at high mach numbers .";7;540;"use of local similarity concepts in hypersonic viscous
interaction problems .";0.19030368843048576;False
72;"what has been done about viscous interactions in relatively low reynolds
number flows,  particularly at high mach numbers .";8;139;viscous effects on pitot tubes at low speeds .;0.1891908740239505;False
72;"what has been done about viscous interactions in relatively low reynolds
number flows,  particularly at high mach numbers .";9;570;"on the boundary layer equations in hypersonic flow
and their approximate solutions .";0.18726115048095468;True
72;"what has been done about viscous interactions in relatively low reynolds
number flows,  particularly at high mach numbers .";10;537;stagnation point viscous hypersonic flow .;0.186363120674296;False
73;"what role does the effect of chemical reaction (particularly when out of
equilibrium) play in the similitude laws governing hypersonic flows over
slender aerodynamic bodies .";1;332;"similitude of hypersonic real-gas flows over slender
bodies with blunted noses .";0.3571214593348434;True
73;"what role does the effect of chemical reaction (particularly when out of
equilibrium) play in the similitude laws governing hypersonic flows over
slender aerodynamic bodies .";2;541;"similitude of hypersonic flows over slender bodies
in non-equilibrium dissociated gases .";0.2932333515301183;False
73;"what role does the effect of chemical reaction (particularly when out of
equilibrium) play in the similitude laws governing hypersonic flows over
slender aerodynamic bodies .";3;573;viscous hypersonic similitude .;0.2761696068973461;True
73;"what role does the effect of chemical reaction (particularly when out of
equilibrium) play in the similitude laws governing hypersonic flows over
slender aerodynamic bodies .";4;577;on hypersonic similitude .;0.21931560479317758;True
73;"what role does the effect of chemical reaction (particularly when out of
equilibrium) play in the similitude laws governing hypersonic flows over
slender aerodynamic bodies .";5;401;"inviscid hypersonic airflows with coupled non-equilibrium
processes .";0.2111124604800149;True
73;"what role does the effect of chemical reaction (particularly when out of
equilibrium) play in the similitude laws governing hypersonic flows over
slender aerodynamic bodies .";6;1296;"non-equilibrium expansions of air with coupled chemical
reactions .";0.1867158382626845;False
73;"what role does the effect of chemical reaction (particularly when out of
equilibrium) play in the similitude laws governing hypersonic flows over
slender aerodynamic bodies .";7;625;viscous and inviscid nonequilibrium gas flows .;0.18444006981786362;True
73;"what role does the effect of chemical reaction (particularly when out of
equilibrium) play in the similitude laws governing hypersonic flows over
slender aerodynamic bodies .";8;359;"note on the hypersonic similarity law for an unyawed
cone .";0.1794991233817726;False
73;"what role does the effect of chemical reaction (particularly when out of
equilibrium) play in the similitude laws governing hypersonic flows over
slender aerodynamic bodies .";9;410;"the supersonic flow about a blunt body of revolution
for gases at chemical equilibrium .";0.17324528762462602;False
73;"what role does the effect of chemical reaction (particularly when out of
equilibrium) play in the similitude laws governing hypersonic flows over
slender aerodynamic bodies .";10;488;"a reaction-rate parameter for gasdynamics of a chemically
reacting gas mixture .";0.17217403390781608;False
74;"how significant is the possible pressure of a dissociated free stream
with respect to the realization of hypersonic simulation in high
enthalpy wind tunnels .";1;1153;"a study of the simulation of flow with free stream mach number 1 in a
choked wind tunnel .";0.24962582933046132;False
74;"how significant is the possible pressure of a dissociated free stream
with respect to the realization of hypersonic simulation in high
enthalpy wind tunnels .";2;68;"some aspects of air-helium simulation and hypersonic
approximations .";0.23236813059280106;False
74;"how significant is the possible pressure of a dissociated free stream
with respect to the realization of hypersonic simulation in high
enthalpy wind tunnels .";3;876;on flutter testing in high speed wind tunnels .;0.2235462873622308;False
74;"how significant is the possible pressure of a dissociated free stream
with respect to the realization of hypersonic simulation in high
enthalpy wind tunnels .";4;26;inviscid leading-edge effect in hypersonic flow .;0.2200503046014991;False
74;"how significant is the possible pressure of a dissociated free stream
with respect to the realization of hypersonic simulation in high
enthalpy wind tunnels .";5;625;viscous and inviscid nonequilibrium gas flows .;0.2123928733119071;False
74;"how significant is the possible pressure of a dissociated free stream
with respect to the realization of hypersonic simulation in high
enthalpy wind tunnels .";6;1295;recent advances in nonequilibrium dissociating gasdynamics .;0.2074691528329655;False
74;"how significant is the possible pressure of a dissociated free stream
with respect to the realization of hypersonic simulation in high
enthalpy wind tunnels .";7;1143;"a one-foot hypervelocity shock tunnel in which high-enthalpy
real gas flows can be generated with flow times of
about 180 milliseconds .";0.19038472234927242;False
74;"how significant is the possible pressure of a dissociated free stream
with respect to the realization of hypersonic simulation in high
enthalpy wind tunnels .";8;372;"an experimental investigation of flow about simple
blunt bodies at a nominal mach number of 5. 8.";0.1897979152174056;False
74;"how significant is the possible pressure of a dissociated free stream
with respect to the realization of hypersonic simulation in high
enthalpy wind tunnels .";9;1161;"stagnation point heat transfer measurements in dissociated
air .";0.18526329039773107;False
74;"how significant is the possible pressure of a dissociated free stream
with respect to the realization of hypersonic simulation in high
enthalpy wind tunnels .";10;431;"free-flight measurements of the zero-lift drag and
base pressure on a wind tunnel interference model (m=0 .
8 - 1. 5) .";0.17823195817983445;False
75;"do the discrepancies among current analyses of the vorticity effect
on stagnation-point heat transfer result primarily from the
differences in the viscosity-temperature law assumed .";1;324;"vorticity effect on the stagnation point flow of a viscous
incompressible fluid .";0.22863366814505107;True
75;"do the discrepancies among current analyses of the vorticity effect
on stagnation-point heat transfer result primarily from the
differences in the viscosity-temperature law assumed .";2;1395;"low density stagnation point heat transfer measurements
in the hypersonic shock tunnel .";0.20865521225193842;False
75;"do the discrepancies among current analyses of the vorticity effect
on stagnation-point heat transfer result primarily from the
differences in the viscosity-temperature law assumed .";3;55;"separation, stability and other properties of compressible
laminar boundary layer with pressure gradient and heat
transfer .";0.19311383439175828;False
75;"do the discrepancies among current analyses of the vorticity effect
on stagnation-point heat transfer result primarily from the
differences in the viscosity-temperature law assumed .";4;559;"heat transfer at the forward stagnation point of blunt
bodies .";0.19151375569551363;False
75;"do the discrepancies among current analyses of the vorticity effect
on stagnation-point heat transfer result primarily from the
differences in the viscosity-temperature law assumed .";5;323;"vorticity interaction at an axisymmetric stagnation
point in a viscous incompressible fluid .";0.1802646686853759;False
75;"do the discrepancies among current analyses of the vorticity effect
on stagnation-point heat transfer result primarily from the
differences in the viscosity-temperature law assumed .";6;584;"conduction of heat in a solid with a power law of heat
transfer at its surface .";0.17850904843800708;False
75;"do the discrepancies among current analyses of the vorticity effect
on stagnation-point heat transfer result primarily from the
differences in the viscosity-temperature law assumed .";7;1161;"stagnation point heat transfer measurements in dissociated
air .";0.17509588267820353;False
75;"do the discrepancies among current analyses of the vorticity effect
on stagnation-point heat transfer result primarily from the
differences in the viscosity-temperature law assumed .";8;1393;"heat transfer near the forward stagnation point of
a body of revolution .";0.17070286990466552;False
75;"do the discrepancies among current analyses of the vorticity effect
on stagnation-point heat transfer result primarily from the
differences in the viscosity-temperature law assumed .";9;565;"similar solutions for the compressible boundary layer
on a yawed cylinder with transpiration cooling .";0.16944179477254473;False
75;"do the discrepancies among current analyses of the vorticity effect
on stagnation-point heat transfer result primarily from the
differences in the viscosity-temperature law assumed .";10;303;"effect of variable heat recombination on stagnation
point heat transfer .";0.1691001108228783;False
76;"how far can one trust the linear viscosity-temperature solution
assumed in some of the analyses of hypersonic shock layer at low
reynolds number .";1;666;blunt body heat transfer at hypersonic speed and low reynolds numbers .;0.2767699531112453;True
76;"how far can one trust the linear viscosity-temperature solution
assumed in some of the analyses of hypersonic shock layer at low
reynolds number .";2;630;stagnation region in rarefied high mach number flow .;0.25067345257425766;False
76;"how far can one trust the linear viscosity-temperature solution
assumed in some of the analyses of hypersonic shock layer at low
reynolds number .";3;670;"on blunt-body heat transfer at hypersonic speed and low reynolds
number .";0.22650682091044136;True
76;"how far can one trust the linear viscosity-temperature solution
assumed in some of the analyses of hypersonic shock layer at low
reynolds number .";4;1395;"low density stagnation point heat transfer measurements
in the hypersonic shock tunnel .";0.21180633155287812;False
76;"how far can one trust the linear viscosity-temperature solution
assumed in some of the analyses of hypersonic shock layer at low
reynolds number .";5;474;laminar mixing of a compressible fluid .;0.21133289602020872;False
76;"how far can one trust the linear viscosity-temperature solution
assumed in some of the analyses of hypersonic shock layer at low
reynolds number .";6;667;"hypersonic shock layer theory of the stagnation region at low reynolds
number .";0.20790453776854423;True
76;"how far can one trust the linear viscosity-temperature solution
assumed in some of the analyses of hypersonic shock layer at low
reynolds number .";7;1394;"stagnation point heat transfer measurements in hypersonic
low density flow .";0.20445309152902855;False
76;"how far can one trust the linear viscosity-temperature solution
assumed in some of the analyses of hypersonic shock layer at low
reynolds number .";8;1076;"an approximate method for determining the displacement effects and
viscous drag of laminar boundary layers in two-dimensional hypersonic
flow .";0.203528767926488;False
76;"how far can one trust the linear viscosity-temperature solution
assumed in some of the analyses of hypersonic shock layer at low
reynolds number .";9;565;"similar solutions for the compressible boundary layer
on a yawed cylinder with transpiration cooling .";0.20325565981047042;False
76;"how far can one trust the linear viscosity-temperature solution
assumed in some of the analyses of hypersonic shock layer at low
reynolds number .";10;307;"an approximate solution of hypersonic laminar boundary
layer equations and its application .";0.20254991894803626;False
77;"how close is the comparison of the shock layer theory with existing
experiments in the low reynolds number (merged-layer) regime .";1;1395;"low density stagnation point heat transfer measurements
in the hypersonic shock tunnel .";0.35625909220255936;False
77;"how close is the comparison of the shock layer theory with existing
experiments in the low reynolds number (merged-layer) regime .";2;329;"various aerodynamic characteristics in hypersonic rarefied
gas flow .";0.311520915638779;True
77;"how close is the comparison of the shock layer theory with existing
experiments in the low reynolds number (merged-layer) regime .";3;630;stagnation region in rarefied high mach number flow .;0.28584106426612;False
77;"how close is the comparison of the shock layer theory with existing
experiments in the low reynolds number (merged-layer) regime .";4;1264;"boundary layer transition and heat transfer in shock
tubes .";0.272252305633843;False
77;"how close is the comparison of the shock layer theory with existing
experiments in the low reynolds number (merged-layer) regime .";5;667;"hypersonic shock layer theory of the stagnation region at low reynolds
number .";0.24148333382029738;True
77;"how close is the comparison of the shock layer theory with existing
experiments in the low reynolds number (merged-layer) regime .";6;668;"measurements of stagnation point heat transfer at low
reynolds number .";0.21841995150542268;True
77;"how close is the comparison of the shock layer theory with existing
experiments in the low reynolds number (merged-layer) regime .";7;170;"the interaction of a reflected shock wave with the
boundary layer in a shock tube .";0.20998357920918254;False
77;"how close is the comparison of the shock layer theory with existing
experiments in the low reynolds number (merged-layer) regime .";8;537;stagnation point viscous hypersonic flow .;0.20695490602054625;False
77;"how close is the comparison of the shock layer theory with existing
experiments in the low reynolds number (merged-layer) regime .";9;134;"note on an interaction between the boundary layer and the inviscid
flow .";0.1982131318297165;False
77;"how close is the comparison of the shock layer theory with existing
experiments in the low reynolds number (merged-layer) regime .";10;670;"on blunt-body heat transfer at hypersonic speed and low reynolds
number .";0.19155498193094106;True
78;"has anyone explained the kink in the surge line of a multi-stage
axial compressor .";1;543;"the stacking of compressor stage characteristics to
give an overall compressor performance map .";0.333777865813005;False
78;"has anyone explained the kink in the surge line of a multi-stage
axial compressor .";2;589;some stall and surge phenomena in axial flow compressors .;0.32912813561117915;True
78;"has anyone explained the kink in the surge line of a multi-stage
axial compressor .";3;590;"effects of stage characteristics and matching on axial flow compressor
performance .";0.3057897111152518;True
78;"has anyone explained the kink in the surge line of a multi-stage
axial compressor .";4;588;compressor operation with one or more blade rows stalled .;0.24151770195160982;True
78;"has anyone explained the kink in the surge line of a multi-stage
axial compressor .";5;592;design of axial compressors .;0.23515089848140702;False
78;"has anyone explained the kink in the surge line of a multi-stage
axial compressor .";6;591;an approximate equation for the /choke line/ of a compressor .;0.2243086444809699;False
78;"has anyone explained the kink in the surge line of a multi-stage
axial compressor .";7;237;a compressor routine test code .;0.20872466351431068;False
78;"has anyone explained the kink in the surge line of a multi-stage
axial compressor .";8;578;dissociation scaling for nonequilibrium blunt nose flows .;0.20453671693194445;False
78;"has anyone explained the kink in the surge line of a multi-stage
axial compressor .";9;216;the supersonic axial flow compressor .;0.20120292508034465;False
78;"has anyone explained the kink in the surge line of a multi-stage
axial compressor .";10;935;"buckling of thin single- and multi-layer conical and cylindrical
shells with rotationally symmetric stresses .";0.19121115647705655;False
79;"have any aerodynamic derivatives been measured at hypersonic mach
numbers and comparison been made with theoretical work .";1;567;"aerodynamic characteristics of a circular cylinder
at mach number of 6. 86 and angles of attack up to
90 .";0.26256928861591106;False
79;"have any aerodynamic derivatives been measured at hypersonic mach
numbers and comparison been made with theoretical work .";2;544;"a theoretical and experimental study of oscillating wedge shaped
aerofoils in hypersonic flow .";0.2623767325385848;False
79;"have any aerodynamic derivatives been measured at hypersonic mach
numbers and comparison been made with theoretical work .";3;748;"subsonic aerodynamic flutter derivatives for wings and control surfaces,
 /compressible and incompressible flow/ .";0.24469651403639547;False
79;"have any aerodynamic derivatives been measured at hypersonic mach
numbers and comparison been made with theoretical work .";4;347;boundary layer measurements in hypersonic flow .;0.2323729080956613;False
79;"have any aerodynamic derivatives been measured at hypersonic mach
numbers and comparison been made with theoretical work .";5;1066;"wind tunnel measurements of aerodynamic damping derivatives
of a launch vehicle vibrating in free-free bending
modes at mach numbers from 0. 70 to 2. 87 and comparisons
with theory .";0.22861949786683458;False
79;"have any aerodynamic derivatives been measured at hypersonic mach
numbers and comparison been made with theoretical work .";6;670;"on blunt-body heat transfer at hypersonic speed and low reynolds
number .";0.21698205561187772;False
79;"have any aerodynamic derivatives been measured at hypersonic mach
numbers and comparison been made with theoretical work .";7;708;"aerodynamic characteristics of two winged reentry vehicles at supersonic
 and hypersonic speeds .";0.21181096046017145;True
79;"have any aerodynamic derivatives been measured at hypersonic mach
numbers and comparison been made with theoretical work .";8;413;"turbulent skin friction at high mach numbers and reynolds
numbers in air and helium . nasa r82, 1960 .";0.2104248864709779;False
79;"have any aerodynamic derivatives been measured at hypersonic mach
numbers and comparison been made with theoretical work .";9;1076;"an approximate method for determining the displacement effects and
viscous drag of laminar boundary layers in two-dimensional hypersonic
flow .";0.2066687965329501;False
79;"have any aerodynamic derivatives been measured at hypersonic mach
numbers and comparison been made with theoretical work .";10;19;"an investigation of the pressure distribution on conical bodies in
hypersonic flows .";0.20623756551632852;False
8;"what methods -dash exact or approximate -dash are presently available
for predicting body pressures at angle of attack.";1;492;prediction of ogive-forebody pressures at angles of attack .;0.308323613918409;False
8;"what methods -dash exact or approximate -dash are presently available
for predicting body pressures at angle of attack.";2;122;"a simplified approximate method for the calculation of the pressure
around conical bodies of arbitrary shape in supersonic and hypersonic
flow .";0.2236507427487056;True
8;"what methods -dash exact or approximate -dash are presently available
for predicting body pressures at angle of attack.";3;711;"an investigation at subsonic speeds of aerodynamic characteristics at
angles of attack from -dash 4degrees to 100degrees of a delta-wing
reentry configuration having folding wingtip panels .";0.22167023292683793;False
8;"what methods -dash exact or approximate -dash are presently available
for predicting body pressures at angle of attack.";4;569;"an experimental investigation of leading edge shock wave boundary layer
interaction at mach 5.8 .";0.20543372052887654;False
8;"what methods -dash exact or approximate -dash are presently available
for predicting body pressures at angle of attack.";5;248;"the application of lighthill formula for numerical
calculation of pressure distributions on bodies of
revolution at supersonic speed and zero angle of attack .";0.20109398518262767;False
8;"what methods -dash exact or approximate -dash are presently available
for predicting body pressures at angle of attack.";6;443;"calculated and measured pressure distributions over the midspan section
of the naca 4412 airfoil .";0.20092274656470308;False
8;"what methods -dash exact or approximate -dash are presently available
for predicting body pressures at angle of attack.";7;1083;an investigation of fluid flow in two dimensions .;0.1989218997796161;False
8;"what methods -dash exact or approximate -dash are presently available
for predicting body pressures at angle of attack.";8;69;"predicted shock envelopes about two types of vehicles
at large angles of attack .";0.19837415685084372;False
8;"what methods -dash exact or approximate -dash are presently available
for predicting body pressures at angle of attack.";9;1082;"the flow past pitot tube at low reynolds numbers, part 1-dash the
numerical solution of the navier-stokes equations for steady viscous
axisymmetric flow, part 2-dash the effects of viscosity and orifice
size on a pitot tube at low reynolds numbers .";0.19236549184059576;False
8;"what methods -dash exact or approximate -dash are presently available
for predicting body pressures at angle of attack.";10;907;"cavitation and pressure distribution
head forms at zero angle of yaw .";0.19154892013805705;False
80;"are methods of measuring aerodynamic derivatives available which
could be adopted for use in short running time facilities .";1;544;"a theoretical and experimental study of oscillating wedge shaped
aerofoils in hypersonic flow .";0.26159019655714777;False
80;"are methods of measuring aerodynamic derivatives available which
could be adopted for use in short running time facilities .";2;546;"measurements of aerodynamic heating on a 15 cone of
graded wall thickness at a mach number of 6. 8.";0.23064110238141072;False
80;"are methods of measuring aerodynamic derivatives available which
could be adopted for use in short running time facilities .";3;1335;use of freon-12 as a fluid for aerodynamic testing .;0.15773777207479758;False
80;"are methods of measuring aerodynamic derivatives available which
could be adopted for use in short running time facilities .";4;604;"the 7 in. x 7 in. hypersonic wind tunnel at r.a.e., farnborough
part iii - calibration of the flow in the working section .";0.14572919910523324;False
80;"are methods of measuring aerodynamic derivatives available which
could be adopted for use in short running time facilities .";5;878;"experimental model techniques and equipment for flutter
investigations .";0.14044377523711526;False
80;"are methods of measuring aerodynamic derivatives available which
could be adopted for use in short running time facilities .";6;251;"a collection of longitudinal stability derivatives
of wings at supersonic speeds .";0.1358371502184767;False
80;"are methods of measuring aerodynamic derivatives available which
could be adopted for use in short running time facilities .";7;602;"the 7 x 7 in . hypersonic wind tunnel at rae farnborough,
part 1, design, instrumentation and flow visualization
techniques .";0.13221424539339727;False
80;"are methods of measuring aerodynamic derivatives available which
could be adopted for use in short running time facilities .";8;441;"evaluation of high angle-of-attack aerodynamic derivative
data and stall-flutter prediction techniques .";0.1287966906187623;False
80;"are methods of measuring aerodynamic derivatives available which
could be adopted for use in short running time facilities .";9;1020;note on creep buckling of columns .;0.12306214635905198;False
80;"are methods of measuring aerodynamic derivatives available which
could be adopted for use in short running time facilities .";10;301;approximate design of sharp-cornered supersonic nozzles .;0.12270785286558535;False
81;"what are wind-tunnel corrections for a two-dimensional aerofoil
mounted off-centre in a tunnel .";1;631;"low speed wind tunnel tests on a two dimensional aerofoil
with split flap near the ground .";0.30650223805171434;False
81;"what are wind-tunnel corrections for a two-dimensional aerofoil
mounted off-centre in a tunnel .";2;714;"blockage corrections for three-dimensional flow closed
throat wind tunnels, with considerations of the effect
of compressibility .";0.289058915623028;False
81;"what are wind-tunnel corrections for a two-dimensional aerofoil
mounted off-centre in a tunnel .";3;203;"calculated velocity distributions and force derivatives
for a series of high-speed aerofoils .";0.28121249673488896;False
81;"what are wind-tunnel corrections for a two-dimensional aerofoil
mounted off-centre in a tunnel .";4;672;tunnel interference effects .;0.25747161498257576;True
81;"what are wind-tunnel corrections for a two-dimensional aerofoil
mounted off-centre in a tunnel .";5;799;"some effects of wind-tunnel interference observed in tests on
two-dimensional aerofoils at high subsonic and transonic speeds .";0.25623720523602983;True
81;"what are wind-tunnel corrections for a two-dimensional aerofoil
mounted off-centre in a tunnel .";6;755;"oscillatory derivative measurements on sting-mounted
wind tunnel models method of test and results for pitch
and yaw on a cambered ogee wing at mach numbers up
to 2. 6.";0.22782603988452982;False
81;"what are wind-tunnel corrections for a two-dimensional aerofoil
mounted off-centre in a tunnel .";7;652;"pressure distribution on two dimensional wings near
the ground .";0.21960896366916144;False
81;"what are wind-tunnel corrections for a two-dimensional aerofoil
mounted off-centre in a tunnel .";8;594;"wind tunnel techniques for the measurements of oscillatory
derivatives .";0.208031410779925;False
81;"what are wind-tunnel corrections for a two-dimensional aerofoil
mounted off-centre in a tunnel .";9;544;"a theoretical and experimental study of oscillating wedge shaped
aerofoils in hypersonic flow .";0.20245587375594273;False
81;"what are wind-tunnel corrections for a two-dimensional aerofoil
mounted off-centre in a tunnel .";10;264;"asymptotic solution of the two dimensional oscillating
aerofoil problem for high subsonic mach numbers .";0.18725150047399894;False
82;"how do kuchemann's and multhopp's methods for calculating lift
distributions on swept wings in subsonic flow compare with each other and with
experiment .";1;678;the effect of end plates on swept wings .;0.30893835744764586;True
82;"how do kuchemann's and multhopp's methods for calculating lift
distributions on swept wings in subsonic flow compare with each other and with
experiment .";2;676;"a simple method for calculating the span and chordwise loading on
straight and swept wings of any aspect ratio at subsonic speeds .";0.2792764050957743;True
82;"how do kuchemann's and multhopp's methods for calculating lift
distributions on swept wings in subsonic flow compare with each other and with
experiment .";3;1334;"calculated spanwise lift distributions and aerodynamic
influence coefficients for swept wings in subsonic
flow .";0.27584655589400936;False
82;"how do kuchemann's and multhopp's methods for calculating lift
distributions on swept wings in subsonic flow compare with each other and with
experiment .";4;1339;"calculation of flutter characteristics for finite-span swept or unswept
wings at subsonic and supersonic speeds by a modified strip analysis .";0.24962969355985803;False
82;"how do kuchemann's and multhopp's methods for calculating lift
distributions on swept wings in subsonic flow compare with each other and with
experiment .";5;247;"the calculation of the pressure distribution on thick
wings of small aspect ratio at zero lift in subsonic
flow .";0.24690807365631293;False
82;"how do kuchemann's and multhopp's methods for calculating lift
distributions on swept wings in subsonic flow compare with each other and with
experiment .";6;632;"calculated lift distributions in incompressible flow
on some sweptback wings .";0.21031330618972638;False
82;"how do kuchemann's and multhopp's methods for calculating lift
distributions on swept wings in subsonic flow compare with each other and with
experiment .";7;204;"a study of the application of airfoil section data
to the estimation of the high subsonic speed characteristics
of swept wings .";0.20244499632844895;False
82;"how do kuchemann's and multhopp's methods for calculating lift
distributions on swept wings in subsonic flow compare with each other and with
experiment .";8;465;slender delta wings with sharp edges at zero lift .;0.20173614795178602;False
82;"how do kuchemann's and multhopp's methods for calculating lift
distributions on swept wings in subsonic flow compare with each other and with
experiment .";9;206;"the applications of the polygon method to the calculation
of the compressible subsonic flow round two-dimensional
profiles .";0.195439280882256;False
82;"how do kuchemann's and multhopp's methods for calculating lift
distributions on swept wings in subsonic flow compare with each other and with
experiment .";10;1332;"calculated spanwise lift distributions, influence functions
and influence coefficients for unswept wings in subsonic
flow .";0.19535200234619457;False
83;what is the present state of the theory of quasi-conical flows .;1;1275;flow about an unsteadily rotating disc .;0.3087162458055207;False
83;what is the present state of the theory of quasi-conical flows .;2;224;"quasi-cylindrical surfaces with prescribed loadings
in the linearised theory of supersonic flow .";0.2939973505334029;False
83;what is the present state of the theory of quasi-conical flows .;3;753;"development of a quasi-steady approach to flutter and
correlation with kernel-function results .";0.28835455942230864;False
83;what is the present state of the theory of quasi-conical flows .;4;898;"a survey of buckling theory and experiment for circular
conical shells of constant thickness .";0.28568857115556767;False
83;what is the present state of the theory of quasi-conical flows .;5;680;generalized conical flow fields in supersonic wing theory .;0.2796923823607811;True
83;what is the present state of the theory of quasi-conical flows .;6;512;"quasi-cylindrical surfaces with prescribed thickness
distributions .";0.2508561215669688;False
83;what is the present state of the theory of quasi-conical flows .;7;19;"an investigation of the pressure distribution on conical bodies in
hypersonic flows .";0.23546916038210253;False
83;what is the present state of the theory of quasi-conical flows .;8;428;"the quasi-cylinder of specified thickness and shell
loading in supersonic flow .";0.23057869953740245;False
83;what is the present state of the theory of quasi-conical flows .;9;633;"an extension of the method of generalised conical flows
for lifting wings in supersonic flow .";0.19025085393364036;False
83;what is the present state of the theory of quasi-conical flows .;10;514;"pressure distributions and flow patterns on some conical
shapes with sharp edges and symmetrical cross-sections
at m=4 .0.";0.18385009252877033;False
84;"references on the methods available for accurately estimating
aerodynamic heat transfer to conical bodies for both laminar and turbulent
flow .";1;294;"an investigation of laminar transitional and turbulent
heat transfer on blunt-nosed bodies in hypersonic flow .";0.33005636137491345;True
84;"references on the methods available for accurately estimating
aerodynamic heat transfer to conical bodies for both laminar and turbulent
flow .";2;21;on heat transfer in slip flow .;0.2799964021959327;False
84;"references on the methods available for accurately estimating
aerodynamic heat transfer to conical bodies for both laminar and turbulent
flow .";3;398;heat transfer in turbulent shear flow .;0.26572925791087754;False
84;"references on the methods available for accurately estimating
aerodynamic heat transfer to conical bodies for both laminar and turbulent
flow .";4;522;"laminar, transitional and turbulent heat transfer to
a cone-cylinder-flare body at mach 8. 0.";0.25561437027398887;True
84;"references on the methods available for accurately estimating
aerodynamic heat transfer to conical bodies for both laminar and turbulent
flow .";5;19;"an investigation of the pressure distribution on conical bodies in
hypersonic flows .";0.24085502371205922;False
84;"references on the methods available for accurately estimating
aerodynamic heat transfer to conical bodies for both laminar and turbulent
flow .";6;142;the problem of aerodynamic heating .;0.23680087402560976;True
84;"references on the methods available for accurately estimating
aerodynamic heat transfer to conical bodies for both laminar and turbulent
flow .";7;378;"engineering relations for friction and heat transfer to surfaces in high
 velocity flow .";0.23357609226399628;False
84;"references on the methods available for accurately estimating
aerodynamic heat transfer to conical bodies for both laminar and turbulent
flow .";8;873;"lagrangian thermodynamics of heat transfer in systems
including fluid motion .";0.22644428072796097;True
84;"references on the methods available for accurately estimating
aerodynamic heat transfer to conical bodies for both laminar and turbulent
flow .";9;1281;"turbulent heat transfer on blunt-nosed bodies in two-dimensional
and general three-dimensional hypersonic flow .";0.2204285459854621;False
84;"references on the methods available for accurately estimating
aerodynamic heat transfer to conical bodies for both laminar and turbulent
flow .";10;959;heat transfer in separated flows .;0.20968512690876007;False
85;"what parameters can seriously influence natural transition
from laminar to turbulent flow on a model in a wind tunnel .";1;418;transition form laminar to turbulent shear flow .;0.23947690895487658;False
85;"what parameters can seriously influence natural transition
from laminar to turbulent flow on a model in a wind tunnel .";2;1155;"some experimental investigations on the influence of wall boundary
layers upon wind tunnel measurements at high subsonic speeds .";0.2175182945335689;False
85;"what parameters can seriously influence natural transition
from laminar to turbulent flow on a model in a wind tunnel .";3;710;"the smallest height of roughness capable of affecting boundary-layer
transition .";0.20216579810041418;True
85;"what parameters can seriously influence natural transition
from laminar to turbulent flow on a model in a wind tunnel .";4;294;"an investigation of laminar transitional and turbulent
heat transfer on blunt-nosed bodies in hypersonic flow .";0.1951232983532394;False
85;"what parameters can seriously influence natural transition
from laminar to turbulent flow on a model in a wind tunnel .";5;315;"scale effects at high subsonic and transonic speeds
and methods for fixing transition in model experiments .";0.18442081046447495;False
85;"what parameters can seriously influence natural transition
from laminar to turbulent flow on a model in a wind tunnel .";6;84;"experimental investigation of the downstream influence
of stagnation point mass transfer .";0.18040114022254983;False
85;"what parameters can seriously influence natural transition
from laminar to turbulent flow on a model in a wind tunnel .";7;207;"laminar boundary layer oscillations and transition
on a flat plate .";0.17769857174778692;False
85;"what parameters can seriously influence natural transition
from laminar to turbulent flow on a model in a wind tunnel .";8;80;"effect of distributed three-dimensional roughness and
surface cooling on boundary layer transition and lateral
spread of turbulence at supersonic speeds .";0.17401484448823565;False
85;"what parameters can seriously influence natural transition
from laminar to turbulent flow on a model in a wind tunnel .";9;295;a note on transitional heat transfer under hypersonic conditions .;0.17059949895104737;False
85;"what parameters can seriously influence natural transition
from laminar to turbulent flow on a model in a wind tunnel .";10;314;"simplified method for determination of the critical
height of distributed roughness particles for boundary
layer transition at mach numbers from 0 to 5.";0.16984865194104046;False
86;"can a satisfactory experimental technique be developed for measuring
oscillatory derivatives on slender sting-mounted models in supersonic
wind tunnels .";1;755;"oscillatory derivative measurements on sting-mounted
wind tunnel models method of test and results for pitch
and yaw on a cambered ogee wing at mach numbers up
to 2. 6.";0.5256800466783828;False
86;"can a satisfactory experimental technique be developed for measuring
oscillatory derivatives on slender sting-mounted models in supersonic
wind tunnels .";2;594;"wind tunnel techniques for the measurements of oscillatory
derivatives .";0.46883602526579227;True
86;"can a satisfactory experimental technique be developed for measuring
oscillatory derivatives on slender sting-mounted models in supersonic
wind tunnels .";3;431;"free-flight measurements of the zero-lift drag and
base pressure on a wind tunnel interference model (m=0 .
8 - 1. 5) .";0.31181562639614635;False
86;"can a satisfactory experimental technique be developed for measuring
oscillatory derivatives on slender sting-mounted models in supersonic
wind tunnels .";4;790;"a wind-tunnel test technique for measuring the dynamic rotary
stability derivatives at subsonic and supersonic speeds .";0.26056489961108836;True
86;"can a satisfactory experimental technique be developed for measuring
oscillatory derivatives on slender sting-mounted models in supersonic
wind tunnels .";5;188;"an analysis of base pressure at supersonic velocities and
comparison with experiment .";0.25577904001950436;False
86;"can a satisfactory experimental technique be developed for measuring
oscillatory derivatives on slender sting-mounted models in supersonic
wind tunnels .";6;179;"an analysis of base pressure at supersonic speeds and
comparison with experiment .";0.2473777928031585;False
86;"can a satisfactory experimental technique be developed for measuring
oscillatory derivatives on slender sting-mounted models in supersonic
wind tunnels .";7;1155;"some experimental investigations on the influence of wall boundary
layers upon wind tunnel measurements at high subsonic speeds .";0.21775456394796353;False
86;"can a satisfactory experimental technique be developed for measuring
oscillatory derivatives on slender sting-mounted models in supersonic
wind tunnels .";8;516;"free-flight measurements of the dynamic longitudinal
stability characteristics of a wind tunnel interference
model (m=0 .92 to 1. 35) .";0.19554211579642264;False
86;"can a satisfactory experimental technique be developed for measuring
oscillatory derivatives on slender sting-mounted models in supersonic
wind tunnels .";9;1290;"measured and calculated subsonic and transonic flutter
characteristics of a 45 sweptback wing planform in
air and in freon-12 in the langley transonic dynamics
tunnel .";0.19547618570521097;False
86;"can a satisfactory experimental technique be developed for measuring
oscillatory derivatives on slender sting-mounted models in supersonic
wind tunnels .";10;598;new test techniques for a hypervelocity wind tunnel .;0.19058837709099405;False
87;"what effect has the boundary layer in modifying the basic inviscid flow
behind the shock,  neglecting effects of leading edge and corner .";1;1228;"leading-edge separation of laminar boundary layers
in supersonic flow .";0.33997677692510253;False
87;"what effect has the boundary layer in modifying the basic inviscid flow
behind the shock,  neglecting effects of leading edge and corner .";2;26;inviscid leading-edge effect in hypersonic flow .;0.310666428508276;False
87;"what effect has the boundary layer in modifying the basic inviscid flow
behind the shock,  neglecting effects of leading edge and corner .";3;547;boundary layer characteristics of caret wings .;0.2464643133480575;False
87;"what effect has the boundary layer in modifying the basic inviscid flow
behind the shock,  neglecting effects of leading edge and corner .";4;439;a factor affecting transonic leading edge flow separation .;0.2363090502154535;False
87;"what effect has the boundary layer in modifying the basic inviscid flow
behind the shock,  neglecting effects of leading edge and corner .";5;134;"note on an interaction between the boundary layer and the inviscid
flow .";0.22865201468393043;False
87;"what effect has the boundary layer in modifying the basic inviscid flow
behind the shock,  neglecting effects of leading edge and corner .";6;301;approximate design of sharp-cornered supersonic nozzles .;0.2259025364476953;False
87;"what effect has the boundary layer in modifying the basic inviscid flow
behind the shock,  neglecting effects of leading edge and corner .";7;610;corner interference effects .;0.22482938264037208;False
87;"what effect has the boundary layer in modifying the basic inviscid flow
behind the shock,  neglecting effects of leading edge and corner .";8;334;"influence of the leading-edge shock wave on the laminar boundary layer
at hypersonic speeds .";0.21987934971012735;False
87;"what effect has the boundary layer in modifying the basic inviscid flow
behind the shock,  neglecting effects of leading edge and corner .";9;655;"effects of boundary layer displacement and leading edge bluntness on
pressure distribution, skin friction, and heat transfer of bodies at
hypersonic speeds .";0.21672339108671987;False
87;"what effect has the boundary layer in modifying the basic inviscid flow
behind the shock,  neglecting effects of leading edge and corner .";10;1198;the blunt-leading-edge problem in hypersonic flow .;0.21469985412412348;False
88;"how does a satellite orbit contract under the action of air drag in
an atmosphere in which the scale height varies with altitude .";1;613;"the contraction of satellite orbits under the influence of air drag
part i . with spherically symmetrical atmosphere .";0.4778765020556352;True
88;"how does a satellite orbit contract under the action of air drag in
an atmosphere in which the scale height varies with altitude .";2;548;"the contraction of satellite orbits under the influence
of air drag . pt .iv with scale height dependent on
altitude .";0.45494141702399754;False
88;"how does a satellite orbit contract under the action of air drag in
an atmosphere in which the scale height varies with altitude .";3;615;"the contraction of satellite orbits under the influence of air drag .
part iii . high eccentricity orbits . /0.2 e 1/ .";0.421893644957512;True
88;"how does a satellite orbit contract under the action of air drag in
an atmosphere in which the scale height varies with altitude .";4;617;"determination of upper-atmosphere air density profile from satellite
observations .";0.42153702179078006;True
88;"how does a satellite orbit contract under the action of air drag in
an atmosphere in which the scale height varies with altitude .";5;622;"scale height in the upper atmosphere, derived from changes in satellite
orbits .";0.37080629749997074;False
88;"how does a satellite orbit contract under the action of air drag in
an atmosphere in which the scale height varies with altitude .";6;614;the contraction of satellite orbits under the influence of air drag .;0.36998732767259396;True
88;"how does a satellite orbit contract under the action of air drag in
an atmosphere in which the scale height varies with altitude .";7;616;"determination of upper-atmosphere air density and scale height from
satellite observations .";0.36775072752372806;True
88;"how does a satellite orbit contract under the action of air drag in
an atmosphere in which the scale height varies with altitude .";8;619;"density of the upper atmosphere from analysis of satellite orbits ..
further results .";0.31859776507953674;False
88;"how does a satellite orbit contract under the action of air drag in
an atmosphere in which the scale height varies with altitude .";9;618;orbit decay and prediction of the motion of artificial satellites .;0.28944120739880563;True
88;"how does a satellite orbit contract under the action of air drag in
an atmosphere in which the scale height varies with altitude .";10;621;"latitude and diurnal variations of air densities from 190 to 280 km.
as derived from the orbits of discoverer satellites .";0.2191510183640804;False
89;"how is the flow at transonic speeds about a delta wing different
from that on a closely-related tapered sweptback wing .";1;632;"calculated lift distributions in incompressible flow
on some sweptback wings .";0.32680808594245625;False
89;"how is the flow at transonic speeds about a delta wing different
from that on a closely-related tapered sweptback wing .";2;793;"the flow pattern on a tapered sweptback wing at mach numbers between 0.6
 and 1.6 .";0.31667173335428406;True
89;"how is the flow at transonic speeds about a delta wing different
from that on a closely-related tapered sweptback wing .";3;1338;"investigation to determine effects of center of gravity location on the
transonic flutter characteristics of a 45degree sweptback wing .";0.29491629549919196;False
89;"how is the flow at transonic speeds about a delta wing different
from that on a closely-related tapered sweptback wing .";4;879;flutter model testing at transonic speeds .;0.287929442633152;False
89;"how is the flow at transonic speeds about a delta wing different
from that on a closely-related tapered sweptback wing .";5;1290;"measured and calculated subsonic and transonic flutter
characteristics of a 45 sweptback wing planform in
air and in freon-12 in the langley transonic dynamics
tunnel .";0.24681502444815986;False
89;"how is the flow at transonic speeds about a delta wing different
from that on a closely-related tapered sweptback wing .";6;205;"a correlation of airfoil section data with the aerodynamic
loads measured on a 45 sweptback wing at subsonic mach
numbers .";0.24095205016516635;False
89;"how is the flow at transonic speeds about a delta wing different
from that on a closely-related tapered sweptback wing .";7;226;"aerofoil theory of a flat delta wing at supersonic
speeds .";0.23808085998108125;False
89;"how is the flow at transonic speeds about a delta wing different
from that on a closely-related tapered sweptback wing .";8;464;"flow studies on flat plate delta wings at supersonic
speeds .";0.23554878766783352;False
89;"how is the flow at transonic speeds about a delta wing different
from that on a closely-related tapered sweptback wing .";9;200;"calculation of derivatives for a cropped delta wing
with subsonic leading edges oscillating in a supersonic
airstream .";0.23017482558514776;False
89;"how is the flow at transonic speeds about a delta wing different
from that on a closely-related tapered sweptback wing .";10;916;"the flow around oscillating low aspect ratio wings at transonic
speeds .";0.22481791196696604;False
9;papers on internal /slip flow/ heat transfer studies .;1;21;on heat transfer in slip flow .;0.4706851714253595;True
9;papers on internal /slip flow/ heat transfer studies .;2;550;laminar heat transfer in tubes under slip-flow conditions .;0.3584299024048699;True
9;papers on internal /slip flow/ heat transfer studies .;3;22;on slip-flow heat transfer to a flat plate .;0.3494843518066864;True
9;papers on internal /slip flow/ heat transfer studies .;4;306;"second approximation to laminar compressible boundary
layer on flat plate in slip flow .";0.3107446445568079;False
9;papers on internal /slip flow/ heat transfer studies .;5;326;"forst-order slip effects on the compressible laminar
boundary layer over a slender body of revolution in
axial flow .";0.2700866388697026;False
9;papers on internal /slip flow/ heat transfer studies .;6;45;"an investigation of separated flows, part ii: flow
in the cavity and heat transfer .";0.2624871589552157;False
9;papers on internal /slip flow/ heat transfer studies .;7;571;"heat transfer to flat plate in high temperature rarefied
ultra-high mach number flow .";0.2572558903759168;False
9;papers on internal /slip flow/ heat transfer studies .;8;1215;the effect of slip particularly for highly cooled walls .;0.25536529400625974;False
9;papers on internal /slip flow/ heat transfer studies .;9;102;advantages and limitations of models .;0.2552943536338303;False
9;papers on internal /slip flow/ heat transfer studies .;10;398;heat transfer in turbulent shear flow .;0.24687946063489646;False
90;recent data on shock-induced boundary-layer separation .;1;265;"some instabilities arising from the interaction between
shock waves and boundary layer .";0.35938929469026015;False
90;recent data on shock-induced boundary-layer separation .;2;358;"on the model of the free shock separation, turbulent
boundary layer .";0.35003307998502753;False
90;recent data on shock-induced boundary-layer separation .;3;1187;"shock-induced boundary layer separation in overexpanded conical exhaust
nozzles .";0.31543976281384806;True
90;recent data on shock-induced boundary-layer separation .;4;1228;"leading-edge separation of laminar boundary layers
in supersonic flow .";0.26818567686263983;False
90;recent data on shock-induced boundary-layer separation .;5;71;"laminar boundary layer behind shock advancing into
stationary fluid .";0.24186958087668245;False
90;recent data on shock-induced boundary-layer separation .;6;1364;"an experimental investigation of the interaction between shock waves and
 boundary layers .";0.2417217175457731;True
90;recent data on shock-induced boundary-layer separation .;7;291;"sweepback effects in the turbulent boundary-layer shock-wave
interaction .";0.23686718636534682;True
90;recent data on shock-induced boundary-layer separation .;8;504;"stability of compressible boundary layers induced by
a moving wave .";0.23054670073361017;False
90;recent data on shock-induced boundary-layer separation .;9;569;"an experimental investigation of leading edge shock wave boundary layer
interaction at mach 5.8 .";0.22911954062262357;False
90;recent data on shock-induced boundary-layer separation .;10;959;heat transfer in separated flows .;0.2283833218407368;False
91;what interference effects are likely at transonic speeds .;1;252;"an investigation of interference effects on similar models of
different size in various transonic tunnels in the u.k. .";0.2563334193834839;True
91;what interference effects are likely at transonic speeds .;2;795;"the operation of the npl 18in x 14in. wind tunnel in the transonic speed
 range .";0.25142022451507007;False
91;what interference effects are likely at transonic speeds .;3;879;flutter model testing at transonic speeds .;0.24100364074159833;False
91;what interference effects are likely at transonic speeds .;4;672;tunnel interference effects .;0.2379527806518657;True
91;what interference effects are likely at transonic speeds .;5;924;"a method for calculating the lift and centre of pressure
of wing-body-tail combinations at subsonic, transonic
speeds .";0.23766656794525676;False
91;what interference effects are likely at transonic speeds .;6;799;"some effects of wind-tunnel interference observed in tests on
two-dimensional aerofoils at high subsonic and transonic speeds .";0.23444765153979896;True
91;what interference effects are likely at transonic speeds .;7;610;corner interference effects .;0.22799199070649603;False
91;what interference effects are likely at transonic speeds .;8;431;"free-flight measurements of the zero-lift drag and
base pressure on a wind tunnel interference model (m=0 .
8 - 1. 5) .";0.2211292354253759;False
91;what interference effects are likely at transonic speeds .;9;800;wall interference at transonic speeds on a hemisphere cylinder model .;0.2192587924726366;True
91;what interference effects are likely at transonic speeds .;10;1062;"an experimental and theoretical investigation of second-order
wing-body interference at high mach number .";0.20168146336589637;False
92;"given complete freedom in the design of an airplane,  what procedure
would be used in order to minimize sonic boom intensity,  and is there a
limit to the degree of minimizing that can be accomplished .";1;758;"the lower bound of attainable sonic-boom over-pressure
and design methods of approaching this limit .";0.26240353121404;False
92;"given complete freedom in the design of an airplane,  what procedure
would be used in order to minimize sonic boom intensity,  and is there a
limit to the degree of minimizing that can be accomplished .";2;809;"an investigation of the influence of lift on sonic-boom
intensity by means of wind tunnel measurements of the
pressure fields of several wing-body combinations at
a mach number of 2. 01 .";0.2463521623976602;True
92;"given complete freedom in the design of an airplane,  what procedure
would be used in order to minimize sonic boom intensity,  and is there a
limit to the degree of minimizing that can be accomplished .";3;810;"the shock wave noise problem of supersonic aircraft
in steady flight .";0.23584456718906197;True
92;"given complete freedom in the design of an airplane,  what procedure
would be used in order to minimize sonic boom intensity,  and is there a
limit to the degree of minimizing that can be accomplished .";4;806;"ground measurements of airplane shock wave noise at
mach numbers to 2, and at altitudes of 60,000 feet .";0.22773543913175606;True
92;"given complete freedom in the design of an airplane,  what procedure
would be used in order to minimize sonic boom intensity,  and is there a
limit to the degree of minimizing that can be accomplished .";5;804;a flight test investigation of the sonic boom .;0.21371794253499873;True
92;"given complete freedom in the design of an airplane,  what procedure
would be used in order to minimize sonic boom intensity,  and is there a
limit to the degree of minimizing that can be accomplished .";6;807;"ground measurements of the shock wave noise from
supersonic bomber airplanes in the altitude range from 30,000
to 50,000 feet .";0.19710319144066957;True
92;"given complete freedom in the design of an airplane,  what procedure
would be used in order to minimize sonic boom intensity,  and is there a
limit to the degree of minimizing that can be accomplished .";7;1247;"the supersonic boom of a projectile related to drag
and volume .";0.19553802782871044;True
92;"given complete freedom in the design of an airplane,  what procedure
would be used in order to minimize sonic boom intensity,  and is there a
limit to the degree of minimizing that can be accomplished .";8;683;"the use of conical camber to produce flow attachment at the leading
edge of a delta wing and to minimize the lift-dependent drag at sonic
and supersonic speeds .";0.18809970414145738;False
92;"given complete freedom in the design of an airplane,  what procedure
would be used in order to minimize sonic boom intensity,  and is there a
limit to the degree of minimizing that can be accomplished .";9;1331;"calculated responses of a large sweptwing airplane
to continuous turbulence with flight-test comparisons .";0.18263801484399425;False
92;"given complete freedom in the design of an airplane,  what procedure
would be used in order to minimize sonic boom intensity,  and is there a
limit to the degree of minimizing that can be accomplished .";10;808;"an investigation of some aspects of the sonic boom
by means of wind tunnel measurements of pressures about
several bodies at a mach number of 2. 01 .";0.17415658802974077;True
93;"can methane-air combustion product be used as a hypersonic test
medium and predict, within experimental accuracies, the results
obtained in air .";1;635;"heat transfer and pressure distributions on a hemisphere-cylinder and a
bluff-afterbody model
in methane-air combustion products and in air .";0.5830147826352896;False
93;"can methane-air combustion product be used as a hypersonic test
medium and predict, within experimental accuracies, the results
obtained in air .";2;691;"calculation procedure for thermodynamic transport, and flow properties
of the combustion products of a hydrocarbon fuel mixture burned in air
with results for ethylene-air and methane-air mixtures .";0.3774421145153027;True
93;"can methane-air combustion product be used as a hypersonic test
medium and predict, within experimental accuracies, the results
obtained in air .";3;68;"some aspects of air-helium simulation and hypersonic
approximations .";0.2255294945218311;False
93;"can methane-air combustion product be used as a hypersonic test
medium and predict, within experimental accuracies, the results
obtained in air .";4;1336;"studies of the use of freon-12 as a wind tunnel testing
medium .";0.21346116078955588;False
93;"can methane-air combustion product be used as a hypersonic test
medium and predict, within experimental accuracies, the results
obtained in air .";5;1314;production of high temperature gases in shock tubes .;0.16904867795945813;False
93;"can methane-air combustion product be used as a hypersonic test
medium and predict, within experimental accuracies, the results
obtained in air .";6;1241;"the turbulent boundary layer on chemically active ablating
surfaces .";0.1676831374921587;False
93;"can methane-air combustion product be used as a hypersonic test
medium and predict, within experimental accuracies, the results
obtained in air .";7;421;"analytic study of induced pressure on long bodies of
revolution with varying nose bluntness at hypersonic
speeds .";0.15250654409171235;False
93;"can methane-air combustion product be used as a hypersonic test
medium and predict, within experimental accuracies, the results
obtained in air .";8;1143;"a one-foot hypervelocity shock tunnel in which high-enthalpy
real gas flows can be generated with flow times of
about 180 milliseconds .";0.14890698165961452;False
93;"can methane-air combustion product be used as a hypersonic test
medium and predict, within experimental accuracies, the results
obtained in air .";9;232;"accuracy of approximate methods for predicting pressure
on pointed non-lifting bodies of revolution in supersonic
flow .";0.1454156045105691;False
93;"can methane-air combustion product be used as a hypersonic test
medium and predict, within experimental accuracies, the results
obtained in air .";10;1335;use of freon-12 as a fluid for aerodynamic testing .;0.14419159907489318;False
94;"what is the theoretical heat transfer rate at the stagnation point of a
blunt body .";1;559;"heat transfer at the forward stagnation point of blunt
bodies .";0.5148401392972078;True
94;"what is the theoretical heat transfer rate at the stagnation point of a
blunt body .";2;1393;"heat transfer near the forward stagnation point of
a body of revolution .";0.4461869311532262;True
94;"what is the theoretical heat transfer rate at the stagnation point of a
blunt body .";3;283;"laminar heat transfer around blunt bodies in dissociated
air .";0.44507613138115304;True
94;"what is the theoretical heat transfer rate at the stagnation point of a
blunt body .";4;1161;"stagnation point heat transfer measurements in dissociated
air .";0.3884804318339607;True
94;"what is the theoretical heat transfer rate at the stagnation point of a
blunt body .";5;438;"stagnation point heat transfer measurements at super
satellite speeds .";0.36858240554443533;False
94;"what is the theoretical heat transfer rate at the stagnation point of a
blunt body .";6;1394;"stagnation point heat transfer measurements in hypersonic
low density flow .";0.3583060003873908;False
94;"what is the theoretical heat transfer rate at the stagnation point of a
blunt body .";7;1104;aerodynamic heating of blunt nose shapes at mach numbers up to 14 .;0.34534043906584094;True
94;"what is the theoretical heat transfer rate at the stagnation point of a
blunt body .";8;524;"stagnation point heat transfer in partially ionized
air .";0.3337815055760265;False
94;"what is the theoretical heat transfer rate at the stagnation point of a
blunt body .";9;670;"on blunt-body heat transfer at hypersonic speed and low reynolds
number .";0.32603311219559117;False
94;"what is the theoretical heat transfer rate at the stagnation point of a
blunt body .";10;983;"addendum to 'heat transfer to satellite vehicles re-entering the
atmosphere .";0.3202554027464689;False
95;what is the theoretical heat transfer distribution around a hemisphere .;1;635;"heat transfer and pressure distributions on a hemisphere-cylinder and a
bluff-afterbody model
in methane-air combustion products and in air .";0.34017494742635235;False
95;what is the theoretical heat transfer distribution around a hemisphere .;2;662;"theoretical and experimental investigation of
aerodynamic-heating and isothermal heat transfer parameters on
a hemisphere nose with laminar boundary layer at supersonic
mach numbers .";0.3117205206406294;True
95;what is the theoretical heat transfer distribution around a hemisphere .;3;1002;preliminary investigations of spiked bodies at hypersonic speeds .;0.2841716784209416;False
95;what is the theoretical heat transfer distribution around a hemisphere .;4;1191;"heat transfer to a hemisphere-cylinder at low reynolds
numbers .";0.27523610887124006;False
95;what is the theoretical heat transfer distribution around a hemisphere .;5;1258;"heat transfer, recovery factor and pressure distributions
around a circular cylinder normal to a supersonic rarefied
air stream .";0.2591016583653386;False
95;what is the theoretical heat transfer distribution around a hemisphere .;6;553;"ablation of glassy materials around blunt bodies of
revolution .";0.25217106342569884;False
95;what is the theoretical heat transfer distribution around a hemisphere .;7;689;"investigation of the laminar aerodynamics heat transfer
characteristics of a hemisphere cylinder in the langley
11-inch hypersonic tunnel at a mach number of 6. 8.";0.2490573003452664;False
95;what is the theoretical heat transfer distribution around a hemisphere .;8;283;"laminar heat transfer around blunt bodies in dissociated
air .";0.24240895022268083;True
95;what is the theoretical heat transfer distribution around a hemisphere .;9;628;thermal effects on a transpiration cooled hemisphere .;0.2252852636556169;False
95;what is the theoretical heat transfer distribution around a hemisphere .;10;370;"theoretical pressure distribution on a hemisphere-cylinder
combination .";0.22496311790912138;False
96;"has anyone investigated the unsteady lift distributions on finite
wings in subsonic flow .";1;637;"an integral equation relating the general time-dependent lift and
downwash distributions on finite wings in subsonic flow .";0.4483114884288352;False
96;"has anyone investigated the unsteady lift distributions on finite
wings in subsonic flow .";2;698;the unsteady lift of a wing of finite aspect ratio .;0.40018080969524183;True
96;"has anyone investigated the unsteady lift distributions on finite
wings in subsonic flow .";3;699;"approximate indical lift functions for several wings of finite span in
incompressible flow as obtained from oscillatory lift coefficients .";0.3380711797877222;True
96;"has anyone investigated the unsteady lift distributions on finite
wings in subsonic flow .";4;700;two and three-dimensional unsteady lift problems in high speed flight .;0.2825709509600025;True
96;"has anyone investigated the unsteady lift distributions on finite
wings in subsonic flow .";5;680;generalized conical flow fields in supersonic wing theory .;0.27703679346225174;False
96;"has anyone investigated the unsteady lift distributions on finite
wings in subsonic flow .";6;1339;"calculation of flutter characteristics for finite-span swept or unswept
wings at subsonic and supersonic speeds by a modified strip analysis .";0.26911857472874456;True
96;"has anyone investigated the unsteady lift distributions on finite
wings in subsonic flow .";7;247;"the calculation of the pressure distribution on thick
wings of small aspect ratio at zero lift in subsonic
flow .";0.2556947869483974;False
96;"has anyone investigated the unsteady lift distributions on finite
wings in subsonic flow .";8;465;slender delta wings with sharp edges at zero lift .;0.25396273730191504;False
96;"has anyone investigated the unsteady lift distributions on finite
wings in subsonic flow .";9;803;"the shock pattern of a wing-body combination far from
the flight path .";0.2527847642844881;False
96;"has anyone investigated the unsteady lift distributions on finite
wings in subsonic flow .";10;632;"calculated lift distributions in incompressible flow
on some sweptback wings .";0.2480659883999037;False
97;"what information is available for dynamic response of airplanes to
gusts  or blasts in the subsonic regime .";1;1331;"calculated responses of a large sweptwing airplane
to continuous turbulence with flight-test comparisons .";0.34880515122472433;False
97;"what information is available for dynamic response of airplanes to
gusts  or blasts in the subsonic regime .";2;882;"the variation of gust frequency with gust velocity
and altitude .";0.2630951799638639;False
97;"what information is available for dynamic response of airplanes to
gusts  or blasts in the subsonic regime .";3;1289;"numerical technique to lifting surface theory for calculation
of unsteady aerodynamic forces due to continuous sinusoidal
gusts on several wing planforms at sobsonic speeds .";0.2013312463449348;True
97;"what information is available for dynamic response of airplanes to
gusts  or blasts in the subsonic regime .";4;779;"calculation and compilation of the unsteady lift functions for a rigid
wing subjected to sinusoidal gusts and to sinusoidal sinking
oscillations .";0.19530646797234574;True
97;"what information is available for dynamic response of airplanes to
gusts  or blasts in the subsonic regime .";5;1270;supersonic inlet dynamics .;0.1766081571410151;False
97;"what information is available for dynamic response of airplanes to
gusts  or blasts in the subsonic regime .";6;783;"a method for calculating the subsonic steady-state loading on an
airplane with a wing of arbitrary planform and stiffness .";0.163894086073266;False
97;"what information is available for dynamic response of airplanes to
gusts  or blasts in the subsonic regime .";7;495;"on similar solutions for strong blast waves and their
application to steady hypersonic flow .";0.15511314345203508;False
97;"what information is available for dynamic response of airplanes to
gusts  or blasts in the subsonic regime .";8;781;"use of subsonic kernel function in an influence-coefficient method of
aeroelastic analysis and some comparisons with experiment .";0.14688571234787456;False
97;"what information is available for dynamic response of airplanes to
gusts  or blasts in the subsonic regime .";9;654;"on the propagation and structure of the blast wave .
 part 1.";0.13165915005622614;False
97;"what information is available for dynamic response of airplanes to
gusts  or blasts in the subsonic regime .";10;790;"a wind-tunnel test technique for measuring the dynamic rotary
stability derivatives at subsonic and supersonic speeds .";0.1263859767450925;False
98;"will forward or apex located controls be effective at low subsonic
speeds and how do they compare with conventional trailing-edge
flaps .";1;638;"longitudinal aerodynamic characteristics at low subsonic
speeds of a highly swept wing utilizing nose deflection
for control .";0.3760553608484539;False
98;"will forward or apex located controls be effective at low subsonic
speeds and how do they compare with conventional trailing-edge
flaps .";2;673;"investigation of full scale split trailing edge wing
flaps with various chords and hinge locations .";0.26094137550367974;False
98;"will forward or apex located controls be effective at low subsonic
speeds and how do they compare with conventional trailing-edge
flaps .";3;1343;"formulas for the supersonic loading, lift and drag
of flat swept back wings with leading edges behind
the mach lines .";0.24314004234265968;False
98;"will forward or apex located controls be effective at low subsonic
speeds and how do they compare with conventional trailing-edge
flaps .";4;631;"low speed wind tunnel tests on a two dimensional aerofoil
with split flap near the ground .";0.1870281928466416;False
98;"will forward or apex located controls be effective at low subsonic
speeds and how do they compare with conventional trailing-edge
flaps .";5;772;an experimental study of jet-flap compressor blades .;0.18371062096740481;False
98;"will forward or apex located controls be effective at low subsonic
speeds and how do they compare with conventional trailing-edge
flaps .";6;1393;"heat transfer near the forward stagnation point of
a body of revolution .";0.17912707143418935;False
98;"will forward or apex located controls be effective at low subsonic
speeds and how do they compare with conventional trailing-edge
flaps .";7;1163;"force-test investigation of the stability and control
characteristics of a scale model of a tilt-wing vertical
take-off and landing aircraft .";0.17716887809692233;False
98;"will forward or apex located controls be effective at low subsonic
speeds and how do they compare with conventional trailing-edge
flaps .";8;85;"on trails of axisymmetric hypersonic blunt bodies flying
through the atmosphere .";0.17614352727968974;False
98;"will forward or apex located controls be effective at low subsonic
speeds and how do they compare with conventional trailing-edge
flaps .";9;288;"the rolling up of the trailing vortex sheet and its
effect on the downwash behind wings .";0.1751801864445382;False
98;"will forward or apex located controls be effective at low subsonic
speeds and how do they compare with conventional trailing-edge
flaps .";10;792;some low speed problems of high speed aircraft .;0.1747956434447868;False
99;"given that an uncontrolled vehicle will tumble as it enters an
atmosphere, is it possible to predict when and how it will stop
tumbling and its subsequent motion .";1;639;"analytical study of the tumbling motions of vehicles
entering planetary atmospheres .";0.5180166180319277;False
99;"given that an uncontrolled vehicle will tumble as it enters an
atmosphere, is it possible to predict when and how it will stop
tumbling and its subsequent motion .";2;719;tumbling bodies entering the atmosphere .;0.3467852279529755;True
99;"given that an uncontrolled vehicle will tumble as it enters an
atmosphere, is it possible to predict when and how it will stop
tumbling and its subsequent motion .";3;715;"motion of a ballistic missile angularly misaligned
with the flight path upon entering the atmosphere and
its effect upon aerodynamic heating, aerodynamic loads
and miss distance .";0.23939570554323142;False
99;"given that an uncontrolled vehicle will tumble as it enters an
atmosphere, is it possible to predict when and how it will stop
tumbling and its subsequent motion .";4;716;"study of the oscillatory motion of manned vehicles
entering the earth's atmosphere .";0.2213636660541025;False
99;"given that an uncontrolled vehicle will tumble as it enters an
atmosphere, is it possible to predict when and how it will stop
tumbling and its subsequent motion .";5;944;"one dimensional heat conduction through the skin of
a vehicle upon entering a planetary atmosphere at constant
velocity and entry angle .";0.17593109984122074;False
99;"given that an uncontrolled vehicle will tumble as it enters an
atmosphere, is it possible to predict when and how it will stop
tumbling and its subsequent motion .";6;983;"addendum to 'heat transfer to satellite vehicles re-entering the
atmosphere .";0.1611436432224251;False
99;"given that an uncontrolled vehicle will tumble as it enters an
atmosphere, is it possible to predict when and how it will stop
tumbling and its subsequent motion .";7;717;"motions of a short 10degree blunted cone entering a martian atmosphere
at arbitrary angles of attack and arbitrary pitching rates .";0.15670998701410854;True
99;"given that an uncontrolled vehicle will tumble as it enters an
atmosphere, is it possible to predict when and how it will stop
tumbling and its subsequent motion .";8;1348;"radiative heat transfer during atmosphere entry at
parabolic velocity .";0.14676512992654964;False
99;"given that an uncontrolled vehicle will tumble as it enters an
atmosphere, is it possible to predict when and how it will stop
tumbling and its subsequent motion .";9;67;"dynamic stability of vehicles traversing ascending
or descending paths through the atmosphere .";0.13917603139119997;False
99;"given that an uncontrolled vehicle will tumble as it enters an
atmosphere, is it possible to predict when and how it will stop
tumbling and its subsequent motion .";10;1000;"free-flight measurements of the static and dynamic
stability and drag of a 10 blunted cone at mach numbers
3 .5 and 8 .5 .";0.13723455717111985;False
