query_id;query_text;rank;document_id;document_title;score;relevant
1;"what similarity laws must be obeyed when constructing aeroelastic models
of heated high speed aircraft .";1;184;scale models for thermo-aeroelastic research .;24.23917668517398;True
1;"what similarity laws must be obeyed when constructing aeroelastic models
of heated high speed aircraft .";2;486;similarity laws for aerothermoelastic testing .;22.011789822461612;False
1;"what similarity laws must be obeyed when constructing aeroelastic models
of heated high speed aircraft .";3;13;similarity laws for stressing heated wings .;21.364327702371693;True
1;"what similarity laws must be obeyed when constructing aeroelastic models
of heated high speed aircraft .";4;1268;"stable combustion of a high-velocity gas in a heated
boundary layer .";18.674913424267388;False
1;"what similarity laws must be obeyed when constructing aeroelastic models
of heated high speed aircraft .";5;12;"some structural and aerelastic considerations of high
speed flight .";17.897519068188593;True
1;"what similarity laws must be obeyed when constructing aeroelastic models
of heated high speed aircraft .";6;51;"theory of aircraft structural models subjected to aerodynamic
heating and external loads .";16.02665459629018;True
1;"what similarity laws must be obeyed when constructing aeroelastic models
of heated high speed aircraft .";7;878;"experimental model techniques and equipment for flutter
investigations .";13.732812923158807;False
1;"what similarity laws must be obeyed when constructing aeroelastic models
of heated high speed aircraft .";8;14;"piston theory - a new aerodynamic tool for the
aeroelastician .";13.717975659959373;True
1;"what similarity laws must be obeyed when constructing aeroelastic models
of heated high speed aircraft .";9;875;models for aeroelastic investigation .;13.102565506991295;True
1;"what similarity laws must be obeyed when constructing aeroelastic models
of heated high speed aircraft .";10;792;some low speed problems of high speed aircraft .;12.907033388635508;False
10;"are real-gas transport properties for air available over a wide range of
enthalpies and densities .";1;493;"real-gas laminar boundary layer skin friction and heat
transfer .";27.545463179509238;False
10;"are real-gas transport properties for air available over a wide range of
enthalpies and densities .";2;302;"approximations for the thermodynamic and transport properties of high
temperature air .";19.459610439310996;True
10;"are real-gas transport properties for air available over a wide range of
enthalpies and densities .";3;949;"charts for equilibrium flow properties of air in
hyper-velocity nozzles .";17.800049814812446;False
10;"are real-gas transport properties for air available over a wide range of
enthalpies and densities .";4;1199;"theoretical investigations of a supersonic laminar
boundary layer with foreign-gas injection .";17.750035303215274;False
10;"are real-gas transport properties for air available over a wide range of
enthalpies and densities .";5;524;"stagnation point heat transfer in partially ionized
air .";17.52429246208204;False
10;"are real-gas transport properties for air available over a wide range of
enthalpies and densities .";6;1286;"equilibrium real-gas performance charts for a shypersonic
shock-tube wind-tunnel employing nitrogen .";16.973034076403874;False
10;"are real-gas transport properties for air available over a wide range of
enthalpies and densities .";7;691;"calculation procedure for thermodynamic transport, and flow properties
of the combustion products of a hydrocarbon fuel mixture burned in air
with results for ethylene-air and methane-air mixtures .";16.481923314786584;False
10;"are real-gas transport properties for air available over a wide range of
enthalpies and densities .";8;1214;"the drag of elongated bodies over a wide reynolds number
range .";15.905564121430963;False
10;"are real-gas transport properties for air available over a wide range of
enthalpies and densities .";9;1010;free-flight measurements of the static and dynamic .;15.604561134390673;False
10;"are real-gas transport properties for air available over a wide range of
enthalpies and densities .";10;1009;free-flight measurements of the static and dynamic .;15.428376852397482;False
100;"what are the effects of initial imperfections on the elastic buckling of
cylindrical shells under axial compression .";1;1122;"on the role of initial imperfections in plastic buckling
of cylinders under axial compression .";35.60296125632145;True
100;"what are the effects of initial imperfections on the elastic buckling of
cylindrical shells under axial compression .";2;760;"inelastic buckling of initially imperfect cylindrical
shells subject to axial compression .";34.68341925066885;False
100;"what are the effects of initial imperfections on the elastic buckling of
cylindrical shells under axial compression .";3;822;"effects of imperfections on buckling of thin cylinders
and columns under axial compression .";34.350716015075896;True
100;"what are the effects of initial imperfections on the elastic buckling of
cylindrical shells under axial compression .";4;1051;"the stability of thin-walled unstiffened circular cylinders
under axial compression including the effects of internal
pressure .";30.538445380220196;True
100;"what are the effects of initial imperfections on the elastic buckling of
cylindrical shells under axial compression .";5;739;"the buckling of thin cylindrical shells under axial
compression .";30.43174419577078;False
100;"what are the effects of initial imperfections on the elastic buckling of
cylindrical shells under axial compression .";6;1068;"instability analysis of cylindrical shells under hydrostatic
pressure .";30.376472179231524;False
100;"what are the effects of initial imperfections on the elastic buckling of
cylindrical shells under axial compression .";7;1126;"an engineer's conceptual approach to the buckling of
cylindrical shell (axial loading) .";29.963019493584206;False
100;"what are the effects of initial imperfections on the elastic buckling of
cylindrical shells under axial compression .";8;1171;"the stability under axial compression and lateral pressure
of circular cylindrical shells with a soft elastic
core .";28.971591208004302;False
100;"what are the effects of initial imperfections on the elastic buckling of
cylindrical shells under axial compression .";9;741;"the behaviour of thin cylindrical shells after buckling
under axial compression .";28.513200646761444;False
100;"what are the effects of initial imperfections on the elastic buckling of
cylindrical shells under axial compression .";10;1067;"plastic stability theory of geometrically orthotropic
plates and cylindrical shells .";25.99846966120716;False
101;"why does the incremental theory and the deformation theory of plastic
stress-strain relationship differ greatly when applied to stability
problems .";1;819;"stresses in the plastic range around a normally loaded
circular hole in an infinite sheet .";32.96771978561506;True
101;"why does the incremental theory and the deformation theory of plastic
stress-strain relationship differ greatly when applied to stability
problems .";2;817;loading paths and the incremental stress law .;31.325802755099325;True
101;"why does the incremental theory and the deformation theory of plastic
stress-strain relationship differ greatly when applied to stability
problems .";3;823;"plastic torsional buckling strength of cylinders including
the effects of imperfections .";25.817471590601933;False
101;"why does the incremental theory and the deformation theory of plastic
stress-strain relationship differ greatly when applied to stability
problems .";4;820;theories of plastic buckling .;25.584272590925274;True
101;"why does the incremental theory and the deformation theory of plastic
stress-strain relationship differ greatly when applied to stability
problems .";5;1119;plastic stability theory of thin shells .;25.5307912715015;False
101;"why does the incremental theory and the deformation theory of plastic
stress-strain relationship differ greatly when applied to stability
problems .";6;760;"inelastic buckling of initially imperfect cylindrical
shells subject to axial compression .";24.208973957684993;False
101;"why does the incremental theory and the deformation theory of plastic
stress-strain relationship differ greatly when applied to stability
problems .";7;837;"inelastic behaviour of structures subjected to cyclic
thermal and mechanical stressing conditions .";23.41538339256707;False
101;"why does the incremental theory and the deformation theory of plastic
stress-strain relationship differ greatly when applied to stability
problems .";8;825;inelastic instability and incremental theories of plasticity .;22.50215971417366;True
101;"why does the incremental theory and the deformation theory of plastic
stress-strain relationship differ greatly when applied to stability
problems .";9;818;"a quantitative comparison of flow and deformation theories
of plasticity .";21.531331697045175;True
101;"why does the incremental theory and the deformation theory of plastic
stress-strain relationship differ greatly when applied to stability
problems .";10;826;small bending and stretching of sandwich type shells .;21.366195969633246;False
102;basic dynamic characteristics of structures continuous over many spans .;1;910;"natural frequencies of continuous beams of uniform
span length .";15.475839741338929;True
102;basic dynamic characteristics of structures continuous over many spans .;2;729;stresses in continuous skin stiffener panels under random loading .;12.141127476103343;False
102;basic dynamic characteristics of structures continuous over many spans .;3;1007;free-flight measurements of the static and dynamic .;11.477613710109475;False
102;basic dynamic characteristics of structures continuous over many spans .;4;516;"free-flight measurements of the dynamic longitudinal
stability characteristics of a wind tunnel interference
model (m=0 .92 to 1. 35) .";11.25220926448551;False
102;basic dynamic characteristics of structures continuous over many spans .;5;720;"a note on the use of sandwich structures in severe acoustic
environments .";10.849776268679259;False
102;basic dynamic characteristics of structures continuous over many spans .;6;913;vibrations of beams on many supports .;9.728703040551174;True
102;basic dynamic characteristics of structures continuous over many spans .;7;1331;"calculated responses of a large sweptwing airplane
to continuous turbulence with flight-test comparisons .";9.666420660151573;False
102;basic dynamic characteristics of structures continuous over many spans .;8;1006;free-flight measurements of the static and dynamic .;9.475726007183836;False
102;basic dynamic characteristics of structures continuous over many spans .;9;1092;"wing-nacelle-propeller interference for wings of various
spans . force and pressure distribution tests .";9.410810999915206;False
102;basic dynamic characteristics of structures continuous over many spans .;10;1001;"wind tunnel investigation of the static and dynamic stability
characteristics of a 10degree semivertex angle blunted cone .";9.144468513657465;False
103;is the information on the buckling of sandwich sphere available .;1;761;buckling of sandwich under normal pressure .;20.251370794760398;False
103;is the information on the buckling of sandwich sphere available .;2;1050;"compressive buckling of simply supported curved plates
and cylinders of sandwich construction .";12.535246626767883;False
103;is the information on the buckling of sandwich sphere available .;3;1048;a small deflection theory for curved sandwich plates .;12.258890878459631;False
103;is the information on the buckling of sandwich sphere available .;4;1127;the buckling of sandwich type panels .;12.18987004197758;False
103;is the information on the buckling of sandwich sphere available .;5;956;"elastic stability of simply supported corrugated core
sand- wich cylinders .";11.017258813927064;False
103;is the information on the buckling of sandwich sphere available .;6;1214;"the drag of elongated bodies over a wide reynolds number
range .";10.986792075693817;False
103;is the information on the buckling of sandwich sphere available .;7;1126;"an engineer's conceptual approach to the buckling of
cylindrical shell (axial loading) .";10.817570772717097;False
103;is the information on the buckling of sandwich sphere available .;8;951;a unified theory of creep buckling under normal loads .;10.60204331982063;False
103;is the information on the buckling of sandwich sphere available .;9;1027;note on creep buckling of columns .;10.237543401370987;False
103;is the information on the buckling of sandwich sphere available .;10;251;"a collection of longitudinal stability derivatives
of wings at supersonic speeds .";9.599562590636683;False
104;"can the load deformation characteristics of a beam be obtained with the
material being inelastic and a non uniform temperature being present .";1;762;"allowable axial loads and bending moments for inelastic structures
under nonuniform temperature distribution .";27.595583248926005;False
104;"can the load deformation characteristics of a beam be obtained with the
material being inelastic and a non uniform temperature being present .";2;1024;note on creep buckling of columns .;20.09839472329246;False
104;"can the load deformation characteristics of a beam be obtained with the
material being inelastic and a non uniform temperature being present .";3;837;"inelastic behaviour of structures subjected to cyclic
thermal and mechanical stressing conditions .";17.675688359912133;True
104;"can the load deformation characteristics of a beam be obtained with the
material being inelastic and a non uniform temperature being present .";4;1019;note on creep buckling of columns .;16.438149625809018;False
104;"can the load deformation characteristics of a beam be obtained with the
material being inelastic and a non uniform temperature being present .";5;744;"lower buckling load in the non-linear buckling theory
of thin shells .";16.426560795282345;False
104;"can the load deformation characteristics of a beam be obtained with the
material being inelastic and a non uniform temperature being present .";6;644;"a study of the cantilever square plate subjected to
a uniform loading .";15.987016217817184;False
104;"can the load deformation characteristics of a beam be obtained with the
material being inelastic and a non uniform temperature being present .";7;462;photo-thermoelasticity .;15.510329146858641;False
104;"can the load deformation characteristics of a beam be obtained with the
material being inelastic and a non uniform temperature being present .";8;825;inelastic instability and incremental theories of plasticity .;15.491922462971091;False
104;"can the load deformation characteristics of a beam be obtained with the
material being inelastic and a non uniform temperature being present .";9;835;the problem of strain accumulation under thermal cycling .;15.414947452431544;True
104;"can the load deformation characteristics of a beam be obtained with the
material being inelastic and a non uniform temperature being present .";10;1294;"non-linear shallow shell analysis by the matrix force
method .";15.37822732539379;False
105;"what is the effect of an internal liquid column on the breathing
vibrations of a cylindrical shell .";1;848;"the effect of an internal compressible fluid column
on the breathing vibrations of a thin pressurised cylindrical
shell .";43.82393242649936;True
105;"what is the effect of an internal liquid column on the breathing
vibrations of a cylindrical shell .";2;764;"breathing vibrations of a circular shell with an internal
liquid .";40.962579681773775;False
105;"what is the effect of an internal liquid column on the breathing
vibrations of a cylindrical shell .";3;847;"experimental study of the vibrations of a circular
cylindrical shell .";24.36165098897577;True
105;"what is the effect of an internal liquid column on the breathing
vibrations of a cylindrical shell .";4;953;"vibrations of infinitely long cylindrical shells under
initial stress .";19.479379508864717;False
105;"what is the effect of an internal liquid column on the breathing
vibrations of a cylindrical shell .";5;1126;"an engineer's conceptual approach to the buckling of
cylindrical shell (axial loading) .";15.65054742797563;False
105;"what is the effect of an internal liquid column on the breathing
vibrations of a cylindrical shell .";6;117;the motion of a viscous liquid past a paraboloid .;15.263147810458156;False
105;"what is the effect of an internal liquid column on the breathing
vibrations of a cylindrical shell .";7;1068;"instability analysis of cylindrical shells under hydrostatic
pressure .";14.76089799585231;False
105;"what is the effect of an internal liquid column on the breathing
vibrations of a cylindrical shell .";8;763;"effects of internal pressure on the buckling of circular-cylindrical
shells under bending.";13.529814952674833;False
105;"what is the effect of an internal liquid column on the breathing
vibrations of a cylindrical shell .";9;846;"on the vibration of thin cylindrical shells under internal
pressure .";13.331843528024987;True
105;"what is the effect of an internal liquid column on the breathing
vibrations of a cylindrical shell .";10;739;"the buckling of thin cylindrical shells under axial
compression .";13.266473396575613;False
106;experimental techniques in shell vibration .;1;764;"breathing vibrations of a circular shell with an internal
liquid .";10.221948195627004;False
106;experimental techniques in shell vibration .;2;42;"the gyroscopic effect of a rigid rotating propeller
on engine and wing vibration modes .";9.996292670820822;False
106;experimental techniques in shell vibration .;3;552;chemical kinetics of high temperature air .;8.693207892714916;False
106;experimental techniques in shell vibration .;4;847;"experimental study of the vibrations of a circular
cylindrical shell .";8.134178960418039;True
106;experimental techniques in shell vibration .;5;846;"on the vibration of thin cylindrical shells under internal
pressure .";7.988675236155549;True
106;experimental techniques in shell vibration .;6;878;"experimental model techniques and equipment for flutter
investigations .";7.954749261233546;False
106;experimental techniques in shell vibration .;7;844;"flexural vibrations of the walls of thin cylindrical
shells having freely supported ends .";7.9473907560855706;True
106;experimental techniques in shell vibration .;8;908;random vibration .;7.561900986075641;False
106;experimental techniques in shell vibration .;9;728;free vibrations of continuous skin stringer panels .;7.249172519620949;False
106;experimental techniques in shell vibration .;10;1066;"wind tunnel measurements of aerodynamic damping derivatives
of a launch vehicle vibrating in free-free bending
modes at mach numbers from 0. 70 to 2. 87 and comparisons
with theory .";7.229968120779643;False
107;"in summarizing theoretical and experimental work on the behaviour of a
typical aircraft structure in a noise environment is it possible to
develop a design procedure .";1;640;the design of structures to resist jet noise fatigue .;32.680533425446704;False
107;"in summarizing theoretical and experimental work on the behaviour of a
typical aircraft structure in a noise environment is it possible to
develop a design procedure .";2;725;"the response of a typical aircraft structure to jet
noise .";26.286006931286437;True
107;"in summarizing theoretical and experimental work on the behaviour of a
typical aircraft structure in a noise environment is it possible to
develop a design procedure .";3;909;the effect of jet noise on aircraft structures .;22.400540574606893;True
107;"in summarizing theoretical and experimental work on the behaviour of a
typical aircraft structure in a noise environment is it possible to
develop a design procedure .";4;883;correlated fatigue data for aircraft structural joints .;19.996853397481505;False
107;"in summarizing theoretical and experimental work on the behaviour of a
typical aircraft structure in a noise environment is it possible to
develop a design procedure .";5;29;"a simple model study of transient temperature and thermal
stress distribution due to aerodynamic heating .";19.100225638780476;False
107;"in summarizing theoretical and experimental work on the behaviour of a
typical aircraft structure in a noise environment is it possible to
develop a design procedure .";6;658;"review of panel flutter and effects of aerodynamic noise
part i..  panel flutter .";19.03482930633406;False
107;"in summarizing theoretical and experimental work on the behaviour of a
typical aircraft structure in a noise environment is it possible to
develop a design procedure .";7;911;"experimental study of the random vibrations of an aircraft
structure excited by jet noise .";18.694826255544406;True
107;"in summarizing theoretical and experimental work on the behaviour of a
typical aircraft structure in a noise environment is it possible to
develop a design procedure .";8;220;"a general purpose analogue correlator for the analysis of
random noise signals .";18.37577959137421;False
107;"in summarizing theoretical and experimental work on the behaviour of a
typical aircraft structure in a noise environment is it possible to
develop a design procedure .";9;184;scale models for thermo-aeroelastic research .;17.268982184735936;False
107;"in summarizing theoretical and experimental work on the behaviour of a
typical aircraft structure in a noise environment is it possible to
develop a design procedure .";10;1039;on transverse vibrations of thin, shallow elastic shells .;17.185952760308137;False
108;what data is there on the fatigue of structures under acoustic loading .;1;75;studies of structural failure due to acoustic loading .;26.118143120853944;True
108;what data is there on the fatigue of structures under acoustic loading .;2;720;"a note on the use of sandwich structures in severe acoustic
environments .";21.05321872627834;True
108;what data is there on the fatigue of structures under acoustic loading .;3;724;structural acoustic proof testing .;18.927664772476792;True
108;what data is there on the fatigue of structures under acoustic loading .;4;727;"a study of the acoustic fatigue characteristics of
some flat and curved aluminium panels exposed to random
and discrete noise .";17.070731500986817;True
108;what data is there on the fatigue of structures under acoustic loading .;5;726;on structural fatigue under random loading .;16.25142825530955;True
108;what data is there on the fatigue of structures under acoustic loading .;6;881;cumulative damage in fatigue .;16.065427604230926;False
108;what data is there on the fatigue of structures under acoustic loading .;7;884;the estimation of fatigue damage on structural elements .;14.834300362124694;False
108;what data is there on the fatigue of structures under acoustic loading .;8;951;a unified theory of creep buckling under normal loads .;13.580544036084376;False
108;what data is there on the fatigue of structures under acoustic loading .;9;909;the effect of jet noise on aircraft structures .;13.548836487908128;True
108;what data is there on the fatigue of structures under acoustic loading .;10;837;"inelastic behaviour of structures subjected to cyclic
thermal and mechanical stressing conditions .";13.11701848230819;False
109;panels subjected to aerodynamic heating .;1;51;"theory of aircraft structural models subjected to aerodynamic
heating and external loads .";13.700840580265227;False
109;panels subjected to aerodynamic heating .;2;711;"an investigation at subsonic speeds of aerodynamic characteristics at
angles of attack from -dash 4degrees to 100degrees of a delta-wing
reentry configuration having folding wingtip panels .";13.268716997619848;False
109;panels subjected to aerodynamic heating .;3;1008;free-flight measurements of the static and dynamic .;13.195217977065873;False
109;panels subjected to aerodynamic heating .;4;859;"flutter of aerodynamically heated aluminium-alloy and
stainless steel panels with length-width ratio of 10
at mach 3. 0.";13.06520696063943;False
109;panels subjected to aerodynamic heating .;5;5;"one-dimensional transient heat conduction into a double-layer
slab subjected to a linear heat input for a small time
internal .";12.776206773380212;False
109;panels subjected to aerodynamic heating .;6;391;"flutter of rectangular simply supported panels at high
supersonic speeds .";12.735057102912025;False
109;panels subjected to aerodynamic heating .;7;627;flutter analysis of circular panels .;11.663015571010776;False
109;panels subjected to aerodynamic heating .;8;982;"the temperature history in a thick skin subjected to laminar heating
during entry into the atmosphere .";11.577268809633534;False
109;panels subjected to aerodynamic heating .;9;31;thermal buckling of supersonic wing panels .;11.550770498406083;False
109;panels subjected to aerodynamic heating .;10;29;"a simple model study of transient temperature and thermal
stress distribution due to aerodynamic heating .";9.869551709734926;False
11;"is it possible to find an analytical,  similar solution of the strong
blast wave problem in the newtonian approximation .";1;495;"on similar solutions for strong blast waves and their
application to steady hypersonic flow .";30.87350574246939;False
11;"is it possible to find an analytical,  similar solution of the strong
blast wave problem in the newtonian approximation .";2;654;"on the propagation and structure of the blast wave .
 part 1.";18.56848833965935;True
11;"is it possible to find an analytical,  similar solution of the strong
blast wave problem in the newtonian approximation .";3;110;dynamics of a dissociating gas .;17.645873532817593;False
11;"is it possible to find an analytical,  similar solution of the strong
blast wave problem in the newtonian approximation .";4;72;"boundary layer behind shock or thin expansion wave
moving into stationary fluid .";15.944154573884392;False
11;"is it possible to find an analytical,  similar solution of the strong
blast wave problem in the newtonian approximation .";5;1327;on the propagation and structure of the blast wave .;15.86640535066453;False
11;"is it possible to find an analytical,  similar solution of the strong
blast wave problem in the newtonian approximation .";6;1238;"the newtonian approximation in magnetic hypersonic
stagnation-point flow .";15.53712707115502;False
11;"is it possible to find an analytical,  similar solution of the strong
blast wave problem in the newtonian approximation .";7;262;the formation of a blast wave by a very intense explosion .;15.473946174419433;True
11;"is it possible to find an analytical,  similar solution of the strong
blast wave problem in the newtonian approximation .";8;667;"hypersonic shock layer theory of the stagnation region at low reynolds
number .";15.37957791538413;False
11;"is it possible to find an analytical,  similar solution of the strong
blast wave problem in the newtonian approximation .";9;1356;"secondary flow fields embedded in hypersonic shock
layers .";14.859911843938704;False
11;"is it possible to find an analytical,  similar solution of the strong
blast wave problem in the newtonian approximation .";10;472;waves in supersonic flow .;14.765348157257675;False
110;"can increasing the edge loading of a plate beyond the critical value for
buckling change the buckling mode .";1;1117;"stability of orthotropic cylindrical shells under combined
loading .";18.23081151774133;False
110;"can increasing the edge loading of a plate beyond the critical value for
buckling change the buckling mode .";2;1387;"the buckling of a square panel under shear, when one
pair of opposite edges is clamped and the other pair
is simply supported .";17.225328405653123;False
110;"can increasing the edge loading of a plate beyond the critical value for
buckling change the buckling mode .";3;245;the ground effect on the jet flap in two dimensions .;15.043156441279336;False
110;"can increasing the edge loading of a plate beyond the critical value for
buckling change the buckling mode .";4;1071;"stability of thin torispherical shells under uniform
internal pressure .";13.977379886765362;False
110;"can increasing the edge loading of a plate beyond the critical value for
buckling change the buckling mode .";5;1131;"the effect of axial constraint on the instability of
thin conical shells under external pressure .";13.822514608434936;False
110;"can increasing the edge loading of a plate beyond the critical value for
buckling change the buckling mode .";6;1020;note on creep buckling of columns .;13.53392844084149;False
110;"can increasing the edge loading of a plate beyond the critical value for
buckling change the buckling mode .";7;742;"post-buckling behaviour of axially compressed circular
cylinder shells .";13.467194162544143;False
110;"can increasing the edge loading of a plate beyond the critical value for
buckling change the buckling mode .";8;685;"aerodynamic effects of some configuration variables
on the aeroelastic characteristics of lifting surfaces
at mach numbers from 0. 7 to 6. 86 .";13.323173527591763;False
110;"can increasing the edge loading of a plate beyond the critical value for
buckling change the buckling mode .";9;642;"the buckling strength of a uniform circular cylinder
loaded in axial compression .";13.067478170003916;False
110;"can increasing the edge loading of a plate beyond the critical value for
buckling change the buckling mode .";10;889;"a simplified method of elastic stability analysis for
thin cylindrical shells .";12.851481611436286;False
111;"have the effects of an elastic edge restraint been considered in
previous papers on panel flutter .";1;894;"flutter of a two dimensional simply supported buckled
panel with elastic restraint against edge displacement .";29.477656496486013;False
111;"have the effects of an elastic edge restraint been considered in
previous papers on panel flutter .";2;857;"experimental studies of flutter of buckled rectangular
panels at mach numbers from 1. 2 to 3. 0 including
effects of pressure differential and of panel
width-length ratio .";19.12085629677054;False
111;"have the effects of an elastic edge restraint been considered in
previous papers on panel flutter .";3;390;some panel-flutter studies using piston theory .;19.014995571907185;False
111;"have the effects of an elastic edge restraint been considered in
previous papers on panel flutter .";4;658;"review of panel flutter and effects of aerodynamic noise
part i..  panel flutter .";18.658143700742155;True
111;"have the effects of an elastic edge restraint been considered in
previous papers on panel flutter .";5;627;flutter analysis of circular panels .;18.52547288189138;True
111;"have the effects of an elastic edge restraint been considered in
previous papers on panel flutter .";6;1008;free-flight measurements of the static and dynamic .;16.763088966382085;False
111;"have the effects of an elastic edge restraint been considered in
previous papers on panel flutter .";7;766;"experimental investigation at mach number of 3. 0 of
effects of thermal stress and buckling on flutter characteristics
of flat single-bay panels of length-width ratio 0. 96 .";16.478713935886027;False
111;"have the effects of an elastic edge restraint been considered in
previous papers on panel flutter .";8;859;"flutter of aerodynamically heated aluminium-alloy and
stainless steel panels with length-width ratio of 10
at mach 3. 0.";16.347921480091394;False
111;"have the effects of an elastic edge restraint been considered in
previous papers on panel flutter .";9;856;"some experimental studies of panel flutter at mach
1 .3.";16.1892622744825;False
111;"have the effects of an elastic edge restraint been considered in
previous papers on panel flutter .";10;285;on the flutter of panels at high mach numbers .;16.00676835527814;False
112;"has the solution of the clamped plate problem,  in the classical theory
of bending,  been reduced to two successive membrane boundary value
problems .";1;641;"reduction of the clamped plate to two membrane problems
with an application to uniformly loaded sectors .";47.76128780393001;False
112;"has the solution of the clamped plate problem,  in the classical theory
of bending,  been reduced to two successive membrane boundary value
problems .";2;730;on the bending of a clamped plate .;33.68390531484964;True
112;"has the solution of the clamped plate problem,  in the classical theory
of bending,  been reduced to two successive membrane boundary value
problems .";3;422;"bending of a square plate with two adjacent edges free
and the others clamped or simply supported .";23.06924142143773;False
112;"has the solution of the clamped plate problem,  in the classical theory
of bending,  been reduced to two successive membrane boundary value
problems .";4;734;"the bending of uniformly loaded clamped plate in the
form of a circular sector .";22.550966922140386;False
112;"has the solution of the clamped plate problem,  in the classical theory
of bending,  been reduced to two successive membrane boundary value
problems .";5;733;the bending of a sectorial plate .;22.259204821933732;False
112;"has the solution of the clamped plate problem,  in the classical theory
of bending,  been reduced to two successive membrane boundary value
problems .";6;527;"note on the three-point boundary layer problem for
the blasius equations .";20.567794536960918;False
112;"has the solution of the clamped plate problem,  in the classical theory
of bending,  been reduced to two successive membrane boundary value
problems .";7;15;on two-dimensional panel flutter .;20.287528833600668;False
112;"has the solution of the clamped plate problem,  in the classical theory
of bending,  been reduced to two successive membrane boundary value
problems .";8;736;the bending of a wedge shaped plate .;20.254443184015454;False
112;"has the solution of the clamped plate problem,  in the classical theory
of bending,  been reduced to two successive membrane boundary value
problems .";9;735;"the bending of uniformly loaded sectorial plates with
clamped edges .";20.16355686321478;False
112;"has the solution of the clamped plate problem,  in the classical theory
of bending,  been reduced to two successive membrane boundary value
problems .";10;700;two and three-dimensional unsteady lift problems in high speed flight .;19.84183975500505;False
113;"what data exists on oscillatory aerodynamic forces on control surfaces
at transonic mach numbers .";1;748;"subsonic aerodynamic flutter derivatives for wings and control surfaces,
 /compressible and incompressible flow/ .";19.722188014095323;True
113;"what data exists on oscillatory aerodynamic forces on control surfaces
at transonic mach numbers .";2;704;"a systematic kernel function procedure for determining aerodynamic
forces on oscillating or steady finite wings at subsonic speeds .";18.812330098953726;False
113;"what data exists on oscillatory aerodynamic forces on control surfaces
at transonic mach numbers .";3;685;"aerodynamic effects of some configuration variables
on the aeroelastic characteristics of lifting surfaces
at mach numbers from 0. 7 to 6. 86 .";17.6451157653065;False
113;"what data exists on oscillatory aerodynamic forces on control surfaces
at transonic mach numbers .";4;708;"aerodynamic characteristics of two winged reentry vehicles at supersonic
 and hypersonic speeds .";17.180853495534475;False
113;"what data exists on oscillatory aerodynamic forces on control surfaces
at transonic mach numbers .";5;815;"investigation of several blunt bodies to determine
trans- onic aerodynamic characteristics including effects
of spinning and of extendible afterbody flaps and some
measurements of unsteady base pressures .";16.79106847241632;False
113;"what data exists on oscillatory aerodynamic forces on control surfaces
at transonic mach numbers .";6;1328;"the production of aerodynamic forces by heat addition
on external surfaces of aircraft .";15.720306417509939;False
113;"what data exists on oscillatory aerodynamic forces on control surfaces
at transonic mach numbers .";7;52;"procedure for calculating flutter at high supersonic
speed including camber deflections, and comparison
with experimental results .";15.503763376484944;False
113;"what data exists on oscillatory aerodynamic forces on control surfaces
at transonic mach numbers .";8;265;"some instabilities arising from the interaction between
shock waves and boundary layer .";15.172334431411878;True
113;"what data exists on oscillatory aerodynamic forces on control surfaces
at transonic mach numbers .";9;1272;"oscillatory aerodynamic coefficients for a unified
supersonic hypersonic strip theory .";15.159830415387525;False
113;"what data exists on oscillatory aerodynamic forces on control surfaces
at transonic mach numbers .";10;14;"piston theory - a new aerodynamic tool for the
aeroelastician .";14.118643061852316;False
114;"it is not likely that the airforces on a wing of general planform
oscillating in transonic flow can be determined by purely analytical
methods . is it possible to determine the airforces on a single
particular planform, such as the rectangular one by such method .";1;895;"the airforces on the low aspect ratio rectangular wing
oscillating in sonic flow .";32.550768366832564;False
114;"it is not likely that the airforces on a wing of general planform
oscillating in transonic flow can be determined by purely analytical
methods . is it possible to determine the airforces on a single
particular planform, such as the rectangular one by such method .";2;918;"on the low aspect ratio oscillating rectangular wing
in supersonic flow .";28.18760771905891;False
114;"it is not likely that the airforces on a wing of general planform
oscillating in transonic flow can be determined by purely analytical
methods . is it possible to determine the airforces on a single
particular planform, such as the rectangular one by such method .";3;315;"scale effects at high subsonic and transonic speeds
and methods for fixing transition in model experiments .";26.39363491799;False
114;"it is not likely that the airforces on a wing of general planform
oscillating in transonic flow can be determined by purely analytical
methods . is it possible to determine the airforces on a single
particular planform, such as the rectangular one by such method .";4;916;"the flow around oscillating low aspect ratio wings at transonic
speeds .";23.69023992953399;True
114;"it is not likely that the airforces on a wing of general planform
oscillating in transonic flow can be determined by purely analytical
methods . is it possible to determine the airforces on a single
particular planform, such as the rectangular one by such method .";5;704;"a systematic kernel function procedure for determining aerodynamic
forces on oscillating or steady finite wings at subsonic speeds .";23.540273723856053;False
114;"it is not likely that the airforces on a wing of general planform
oscillating in transonic flow can be determined by purely analytical
methods . is it possible to determine the airforces on a single
particular planform, such as the rectangular one by such method .";6;1333;aerodynamic forces on wings in non-uniform motion .;23.027777713528984;False
114;"it is not likely that the airforces on a wing of general planform
oscillating in transonic flow can be determined by purely analytical
methods . is it possible to determine the airforces on a single
particular planform, such as the rectangular one by such method .";7;919;"theoretical studies of unsteady transonic flow . part iii . the
oscillating low aspect ratio rectangular wing .";22.348405461995206;True
114;"it is not likely that the airforces on a wing of general planform
oscillating in transonic flow can be determined by purely analytical
methods . is it possible to determine the airforces on a single
particular planform, such as the rectangular one by such method .";8;1392;"the solution of small displacement, stability or vibration
problems concerning a flat rectangular panel when the
edges are either clamped or simply supported .";22.158665975467443;False
114;"it is not likely that the airforces on a wing of general planform
oscillating in transonic flow can be determined by purely analytical
methods . is it possible to determine the airforces on a single
particular planform, such as the rectangular one by such method .";9;780;"the transonic characteristics of 38 cambered rectangular
wings of varying aspect ratio and thickness as determined
by transonic-bump technique .";21.935411583008463;False
114;"it is not likely that the airforces on a wing of general planform
oscillating in transonic flow can be determined by purely analytical
methods . is it possible to determine the airforces on a single
particular planform, such as the rectangular one by such method .";10;395;"new methods in heat flow analysis with application
to flight structures .";21.57649656564876;False
115;"is the problem of similarity for representative investigations of
aeroelastic effects in heated flow as intractable as previous investigations
imply .";1;184;scale models for thermo-aeroelastic research .;16.202575856258658;False
115;"is the problem of similarity for representative investigations of
aeroelastic effects in heated flow as intractable as previous investigations
imply .";2;13;similarity laws for stressing heated wings .;15.23533938919646;False
115;"is the problem of similarity for representative investigations of
aeroelastic effects in heated flow as intractable as previous investigations
imply .";3;540;"use of local similarity concepts in hypersonic viscous
interaction problems .";15.016698928736895;False
115;"is the problem of similarity for representative investigations of
aeroelastic effects in heated flow as intractable as previous investigations
imply .";4;486;similarity laws for aerothermoelastic testing .;14.442551714905537;False
115;"is the problem of similarity for representative investigations of
aeroelastic effects in heated flow as intractable as previous investigations
imply .";5;371;"note on tip-bluntness effects in the supersonic and
hypersonic regimes .";11.984837108420294;False
115;"is the problem of similarity for representative investigations of
aeroelastic effects in heated flow as intractable as previous investigations
imply .";6;782;"calculated subsonic span loads and resulting stability derivatives of
unswept and 45degree sweptback tail surfaces in sideslip and steady roll .";11.883706617026649;False
115;"is the problem of similarity for representative investigations of
aeroelastic effects in heated flow as intractable as previous investigations
imply .";7;349;"numerical solution of the boundary layer equations
without similarity assumptions .";11.20201190189756;False
115;"is the problem of similarity for representative investigations of
aeroelastic effects in heated flow as intractable as previous investigations
imply .";8;14;"piston theory - a new aerodynamic tool for the
aeroelastician .";11.13665604090513;False
115;"is the problem of similarity for representative investigations of
aeroelastic effects in heated flow as intractable as previous investigations
imply .";9;81;"compressible laminar flow and heat transfer about a
rotating isothermal disk .";11.047342405455241;False
115;"is the problem of similarity for representative investigations of
aeroelastic effects in heated flow as intractable as previous investigations
imply .";10;1274;real gas effects in flow over blunt bodies at hypersonic speeds .;10.629826468578372;False
116;"what is the magnitude and distribution of lift over the cone and the
cylindrical portion of a cone-cylinder configuration .";1;522;"laminar, transitional and turbulent heat transfer to
a cone-cylinder-flare body at mach 8. 0.";22.278807585687986;False
116;"what is the magnitude and distribution of lift over the cone and the
cylindrical portion of a cone-cylinder configuration .";2;1106;"free-flight observation of a separated turbulent flow
including heat transfer up to mach 8. 5.";19.00493137841863;False
116;"what is the magnitude and distribution of lift over the cone and the
cylindrical portion of a cone-cylinder configuration .";3;272;"oscillatory aerodynamic coefficients for a unified supersonic
hypersonic strip theory .";18.467619922463697;False
116;"what is the magnitude and distribution of lift over the cone and the
cylindrical portion of a cone-cylinder configuration .";4;1038;on transverse vibrations of thin, shallow elastic shells .;16.54489181381379;False
116;"what is the magnitude and distribution of lift over the cone and the
cylindrical portion of a cone-cylinder configuration .";5;605;"pressure measurements on a cone-cylinder-flare configuration at small
incidences for m 6.8 .";16.431776709068693;True
116;"what is the magnitude and distribution of lift over the cone and the
cylindrical portion of a cone-cylinder configuration .";6;759;"stability investigation of a blunted cone and a blunted
ogive with a flared cylinder afterbody at mach numbers
from 0. 30 to 2. 85 .";15.429292330354826;False
116;"what is the magnitude and distribution of lift over the cone and the
cylindrical portion of a cone-cylinder configuration .";7;384;"application of second-order shock-expansion theory
to several types of bodies of revolution .";12.77987515890791;False
116;"what is the magnitude and distribution of lift over the cone and the
cylindrical portion of a cone-cylinder configuration .";8;1218;"experimental lift and drag of a series of glide configurations
at mach numbers 12 .6 and 17 .5.";12.735654507333557;False
116;"what is the magnitude and distribution of lift over the cone and the
cylindrical portion of a cone-cylinder configuration .";9;423;"an experimental investigation of the flow over blunt-nosed
cones at a mach number of 5. 8.";12.54283146017767;False
116;"what is the magnitude and distribution of lift over the cone and the
cylindrical portion of a cone-cylinder configuration .";10;1202;"uniformly valid second-order solution for supersonic
flow over cruciform surfaces .";11.853044454552592;False
117;"is there any information on how the addition of a /boat-tail/ affects
the normal force on the body of various angles of incidence .";1;282;"jet effects on base pressure of conical afterbodies
at mach 1. 91 and 3. 12 .";20.767524901884514;False
117;"is there any information on how the addition of a /boat-tail/ affects
the normal force on the body of various angles of incidence .";2;229;"interference between the wings and tail surfaces of
a combination of slender body, cruciform wings and
cruciform tail set at both incidence and yaw .";20.313871140645084;False
117;"is there any information on how the addition of a /boat-tail/ affects
the normal force on the body of various angles of incidence .";3;230;"interference between the wings and tail plane of a
slender wing-body tailplane combination .";18.208428486092266;False
117;"is there any information on how the addition of a /boat-tail/ affects
the normal force on the body of various angles of incidence .";4;924;"a method for calculating the lift and centre of pressure
of wing-body-tail combinations at subsonic, transonic
speeds .";17.04008191741093;False
117;"is there any information on how the addition of a /boat-tail/ affects
the normal force on the body of various angles of incidence .";5;927;"investigation of normal force distributions and wake
vortex characteristics of bodies of revolution at supersonic
speeds .";16.937270383686073;False
117;"is there any information on how the addition of a /boat-tail/ affects
the normal force on the body of various angles of incidence .";6;60;"estimation forces and moments due to rolling for several
slender tail configurations at supersonic speeds .";16.779564925713764;False
117;"is there any information on how the addition of a /boat-tail/ affects
the normal force on the body of various angles of incidence .";7;1304;newtonian flow over a surface .;16.490429684923757;False
117;"is there any information on how the addition of a /boat-tail/ affects
the normal force on the body of various angles of incidence .";8;907;"cavitation and pressure distribution
head forms at zero angle of yaw .";16.323248762255268;False
117;"is there any information on how the addition of a /boat-tail/ affects
the normal force on the body of various angles of incidence .";9;1164;"effect of ground proximity on the aerodynamic characteristics
of a four- engined vertical take-off and landing transport
airplane model with tilting wing and propellers .";15.699117657650973;False
117;"is there any information on how the addition of a /boat-tail/ affects
the normal force on the body of various angles of incidence .";10;1285;"experiments at hypersonic speeds on circular cones
at incidence .";14.518490550555782;False
118;"what are the aerodynamic interference effects on the fin lift and body
lift of a fin-body combination .";1;229;"interference between the wings and tail surfaces of
a combination of slender body, cruciform wings and
cruciform tail set at both incidence and yaw .";17.605642095386045;False
118;"what are the aerodynamic interference effects on the fin lift and body
lift of a fin-body combination .";2;230;"interference between the wings and tail plane of a
slender wing-body tailplane combination .";17.11070638863421;False
118;"what are the aerodynamic interference effects on the fin lift and body
lift of a fin-body combination .";3;924;"a method for calculating the lift and centre of pressure
of wing-body-tail combinations at subsonic, transonic
speeds .";17.076959942021613;True
118;"what are the aerodynamic interference effects on the fin lift and body
lift of a fin-body combination .";4;1062;"an experimental and theoretical investigation of second-order
wing-body interference at high mach number .";16.482382686485966;False
118;"what are the aerodynamic interference effects on the fin lift and body
lift of a fin-body combination .";5;803;"the shock pattern of a wing-body combination far from
the flight path .";16.307311038923405;False
118;"what are the aerodynamic interference effects on the fin lift and body
lift of a fin-body combination .";6;923;"methods for estimating lift interference of wing-body
combinations at supersonic speeds .";15.568114215048949;True
118;"what are the aerodynamic interference effects on the fin lift and body
lift of a fin-body combination .";7;431;"free-flight measurements of the zero-lift drag and
base pressure on a wind tunnel interference model (m=0 .
8 - 1. 5) .";15.070884672217954;False
118;"what are the aerodynamic interference effects on the fin lift and body
lift of a fin-body combination .";8;1074;"theoretical and experimental investigation of second-order supersonic
wing-body interference .";14.662714481574131;False
118;"what are the aerodynamic interference effects on the fin lift and body
lift of a fin-body combination .";9;1243;supersonic boom of wing-body configurations .;14.602615992134934;False
118;"what are the aerodynamic interference effects on the fin lift and body
lift of a fin-body combination .";10;1239;body under lifting wing .;14.05192442291568;False
119;"what is the effect of initial axisymmetric deviations from circularity
on the non linear (large-deflection) load-deflection response of
cylinders under hydrostatic pressure .";1;928;"a new theory for the buckling of thin cylinders under
axial compression and bending .";24.35062034465595;False
119;"what is the effect of initial axisymmetric deviations from circularity
on the non linear (large-deflection) load-deflection response of
cylinders under hydrostatic pressure .";2;1068;"instability analysis of cylindrical shells under hydrostatic
pressure .";23.849107236637856;False
119;"what is the effect of initial axisymmetric deviations from circularity
on the non linear (large-deflection) load-deflection response of
cylinders under hydrostatic pressure .";3;897;"some results on buckling and postbuckling of cylindrical
shells .";23.17542770101086;False
119;"what is the effect of initial axisymmetric deviations from circularity
on the non linear (large-deflection) load-deflection response of
cylinders under hydrostatic pressure .";4;1034;note on creep buckling of columns .;23.071962266493184;False
119;"what is the effect of initial axisymmetric deviations from circularity
on the non linear (large-deflection) load-deflection response of
cylinders under hydrostatic pressure .";5;926;"post buckling behaviour of circular cylinderical shells
under hydrostatic pressure .";23.04743310645343;True
119;"what is the effect of initial axisymmetric deviations from circularity
on the non linear (large-deflection) load-deflection response of
cylinders under hydrostatic pressure .";6;1131;"the effect of axial constraint on the instability of
thin conical shells under external pressure .";21.38510408975692;False
119;"what is the effect of initial axisymmetric deviations from circularity
on the non linear (large-deflection) load-deflection response of
cylinders under hydrostatic pressure .";7;1132;"general instability of ring stiffened cylindrical shells
subject to external hydrostatic pressure - a comparison
of theory and experiment .";21.307546766814944;False
119;"what is the effect of initial axisymmetric deviations from circularity
on the non linear (large-deflection) load-deflection response of
cylinders under hydrostatic pressure .";8;739;"the buckling of thin cylindrical shells under axial
compression .";20.869093335891872;False
119;"what is the effect of initial axisymmetric deviations from circularity
on the non linear (large-deflection) load-deflection response of
cylinders under hydrostatic pressure .";9;744;"lower buckling load in the non-linear buckling theory
of thin shells .";19.350581917433995;False
119;"what is the effect of initial axisymmetric deviations from circularity
on the non linear (large-deflection) load-deflection response of
cylinders under hydrostatic pressure .";10;1024;note on creep buckling of columns .;17.761502489104366;False
12;"how can the aerodynamic performance of channel flow ground effect
machines be calculated .";1;624;cruise performance of channel-flow ground effect machines .;32.225213901262045;False
12;"how can the aerodynamic performance of channel flow ground effect
machines be calculated .";2;543;"the stacking of compressor stage characteristics to
give an overall compressor performance map .";17.008096043245956;False
12;"how can the aerodynamic performance of channel flow ground effect
machines be calculated .";3;649;the hovercraft - a new concept in maritime transport .;15.396915177955378;True
12;"how can the aerodynamic performance of channel flow ground effect
machines be calculated .";4;650;some design problems of hovercraft .;15.370631508416418;True
12;"how can the aerodynamic performance of channel flow ground effect
machines be calculated .";5;1232;the curtain jet .;14.773247929768523;False
12;"how can the aerodynamic performance of channel flow ground effect
machines be calculated .";6;506;"a note on havelock's shallow-water wave-resistance
curves .";12.63173258901096;False
12;"how can the aerodynamic performance of channel flow ground effect
machines be calculated .";7;1164;"effect of ground proximity on the aerodynamic characteristics
of a four- engined vertical take-off and landing transport
airplane model with tilting wing and propellers .";12.179473578848283;False
12;"how can the aerodynamic performance of channel flow ground effect
machines be calculated .";8;1223;"inviscid-incompressible-flow theory of static two-dimensional
solid jets, in proximity to the ground .";11.10621435505931;False
12;"how can the aerodynamic performance of channel flow ground effect
machines be calculated .";9;1334;"calculated spanwise lift distributions and aerodynamic
influence coefficients for swept wings in subsonic
flow .";10.963091450170506;False
12;"how can the aerodynamic performance of channel flow ground effect
machines be calculated .";10;1221;"steady flow of conducting fluids in channels under
transverse magnetic fields, with consideration of hall
effect .";10.948159182947863;False
120;"are previous analyses of circumferential thermal buckling of circular
cylindrical shells unnecessarily involved or even inaccurate due to the
assumed forms of buckling mode .";1;769;"local circumferential buckling of thin circular cylindrical
shells .";41.29498487645863;False
120;"are previous analyses of circumferential thermal buckling of circular
cylindrical shells unnecessarily involved or even inaccurate due to the
assumed forms of buckling mode .";2;887;"buckling due to thermal stress of cylindrical shells
subjected to axial temperature distributions .";31.361329037751567;True
120;"are previous analyses of circumferential thermal buckling of circular
cylindrical shells unnecessarily involved or even inaccurate due to the
assumed forms of buckling mode .";3;890;comments on 'thermal buckling of clamped cylindrical shells' .;27.531334549987893;True
120;"are previous analyses of circumferential thermal buckling of circular
cylindrical shells unnecessarily involved or even inaccurate due to the
assumed forms of buckling mode .";4;886;thermal buckling of clamped cylindrical shells .;22.16936319504194;True
120;"are previous analyses of circumferential thermal buckling of circular
cylindrical shells unnecessarily involved or even inaccurate due to the
assumed forms of buckling mode .";5;765;"clamped short oval cylindrical shells under hydrostatic
pressure .";21.71642948850582;False
120;"are previous analyses of circumferential thermal buckling of circular
cylindrical shells unnecessarily involved or even inaccurate due to the
assumed forms of buckling mode .";6;1172;"elastic stability of circular cylindrical shells stabilized
by a soft elastic core .";21.363525605522224;False
120;"are previous analyses of circumferential thermal buckling of circular
cylindrical shells unnecessarily involved or even inaccurate due to the
assumed forms of buckling mode .";7;1117;"stability of orthotropic cylindrical shells under combined
loading .";21.221331183232948;False
120;"are previous analyses of circumferential thermal buckling of circular
cylindrical shells unnecessarily involved or even inaccurate due to the
assumed forms of buckling mode .";8;846;"on the vibration of thin cylindrical shells under internal
pressure .";20.92839273209308;False
120;"are previous analyses of circumferential thermal buckling of circular
cylindrical shells unnecessarily involved or even inaccurate due to the
assumed forms of buckling mode .";9;926;"post buckling behaviour of circular cylinderical shells
under hydrostatic pressure .";20.185772446400964;False
120;"are previous analyses of circumferential thermal buckling of circular
cylindrical shells unnecessarily involved or even inaccurate due to the
assumed forms of buckling mode .";10;1146;thermal buckling of cylinders .;19.514420023679257;True
121;"what papers are there dealing with circumferential buckling either
thermal buckling or due to mechanical loading .";1;769;"local circumferential buckling of thin circular cylindrical
shells .";23.232953291771114;False
121;"what papers are there dealing with circumferential buckling either
thermal buckling or due to mechanical loading .";2;887;"buckling due to thermal stress of cylindrical shells
subjected to axial temperature distributions .";19.508624202047724;True
121;"what papers are there dealing with circumferential buckling either
thermal buckling or due to mechanical loading .";3;1146;thermal buckling of cylinders .;19.493565403349198;True
121;"what papers are there dealing with circumferential buckling either
thermal buckling or due to mechanical loading .";4;890;comments on 'thermal buckling of clamped cylindrical shells' .;19.230377474181765;True
121;"what papers are there dealing with circumferential buckling either
thermal buckling or due to mechanical loading .";5;837;"inelastic behaviour of structures subjected to cyclic
thermal and mechanical stressing conditions .";19.05679368557787;False
121;"what papers are there dealing with circumferential buckling either
thermal buckling or due to mechanical loading .";6;888;"combinations of temperature and axial compression required
for buckling of a ring-stiffened cylinder .";18.478094403943516;True
121;"what papers are there dealing with circumferential buckling either
thermal buckling or due to mechanical loading .";7;1056;"axisymmetric large deflections of circular plates subjected
to thermal and mechanical load .";16.51729490408604;False
121;"what papers are there dealing with circumferential buckling either
thermal buckling or due to mechanical loading .";8;580;"new thermo-mechanical reciprocity relations with application
to thermal stress analysis .";15.892739434463966;False
121;"what papers are there dealing with circumferential buckling either
thermal buckling or due to mechanical loading .";9;742;"post-buckling behaviour of axially compressed circular
cylinder shells .";15.584520569114346;False
121;"what papers are there dealing with circumferential buckling either
thermal buckling or due to mechanical loading .";10;875;models for aeroelastic investigation .;15.038513179366735;False
122;"what analytical investigations have been made of the stability of
conical shells . how do the results compare with experiment .";1;1068;"instability analysis of cylindrical shells under hydrostatic
pressure .";22.82268619199726;False
122;"what analytical investigations have been made of the stability of
conical shells . how do the results compare with experiment .";2;898;"a survey of buckling theory and experiment for circular
conical shells of constant thickness .";21.136994380414162;False
122;"what analytical investigations have been made of the stability of
conical shells . how do the results compare with experiment .";3;371;"note on tip-bluntness effects in the supersonic and
hypersonic regimes .";17.877172201341747;False
122;"what analytical investigations have been made of the stability of
conical shells . how do the results compare with experiment .";4;1070;buckling of orthotropic and stiffened conical shells .;17.068200798153644;False
122;"what analytical investigations have been made of the stability of
conical shells . how do the results compare with experiment .";5;934;"stability of cylindrical and conical shells of circular
cross section, with simultaneous action of axial compression
and external normal pressure .";16.71734709106203;True
122;"what analytical investigations have been made of the stability of
conical shells . how do the results compare with experiment .";6;828;"stresses and small displacements of shallow spherical
shells .";16.70192255795207;False
122;"what analytical investigations have been made of the stability of
conical shells . how do the results compare with experiment .";7;78;"an analytical treatment of aircraft propeller precession
instability .";15.567608443346066;False
122;"what analytical investigations have been made of the stability of
conical shells . how do the results compare with experiment .";8;251;"a collection of longitudinal stability derivatives
of wings at supersonic speeds .";15.39370799223907;False
122;"what analytical investigations have been made of the stability of
conical shells . how do the results compare with experiment .";9;931;stability equations for conical shells .;15.070907074866629;True
122;"what analytical investigations have been made of the stability of
conical shells . how do the results compare with experiment .";10;600;"the calculation of lateral stability derivatives of
slender wings at incidence including fin effectiveness,
and correlation with experiment .";14.808171022730487;False
123;"has any work been done on determining the nature of compressible
viscous flow in a straight channel .";1;1360;"simplified analysis of general instability of stiffened
shells in pure bending .";21.47328524236364;False
123;"has any work been done on determining the nature of compressible
viscous flow in a straight channel .";2;147;"supersonic flow past slender pointed wings with ?similar?
cross sections at zero lift .";15.186534388621912;False
123;"has any work been done on determining the nature of compressible
viscous flow in a straight channel .";3;917;"a method of calculating the short period longitudinal
stability derivatives of a wing in linearised unsteady
compressible flow .";14.603381339042388;False
123;"has any work been done on determining the nature of compressible
viscous flow in a straight channel .";4;775;studies on two dimensional flows of compressible fluid.;14.239033959449097;False
123;"has any work been done on determining the nature of compressible
viscous flow in a straight channel .";5;1078;"the steady flow of a viscous fluid past a circular cylinder at reynolds
numbers 40 and 44 .";13.510776669099466;False
123;"has any work been done on determining the nature of compressible
viscous flow in a straight channel .";6;131;two-dimensional jet mixing of a compressible fluid .;13.495052677552199;False
123;"has any work been done on determining the nature of compressible
viscous flow in a straight channel .";7;1221;"steady flow of conducting fluids in channels under
transverse magnetic fields, with consideration of hall
effect .";13.485217513985978;False
123;"has any work been done on determining the nature of compressible
viscous flow in a straight channel .";8;394;"the viscous flow near a stagnation point when the external flow has
uniform vorticity .";13.140724611534127;False
123;"has any work been done on determining the nature of compressible
viscous flow in a straight channel .";9;186;base pressure in supersonic flow .;13.029113880446003;False
123;"has any work been done on determining the nature of compressible
viscous flow in a straight channel .";10;537;stagnation point viscous hypersonic flow .;12.89358933411786;False
124;"in what areas, other than low density wind tunnel flows, is viscous
compressible flow in slender channels a problem .
what analytical investigations have been made of the stability of
conical shells . how do the results compare with experiment .";1;941;"viscous compressible and incompressible flow in slender
channels .";36.17243074009953;False
124;"in what areas, other than low density wind tunnel flows, is viscous
compressible flow in slender channels a problem .
what analytical investigations have been made of the stability of
conical shells . how do the results compare with experiment .";2;1068;"instability analysis of cylindrical shells under hydrostatic
pressure .";25.91669807598192;False
124;"in what areas, other than low density wind tunnel flows, is viscous
compressible flow in slender channels a problem .
what analytical investigations have been made of the stability of
conical shells . how do the results compare with experiment .";3;371;"note on tip-bluntness effects in the supersonic and
hypersonic regimes .";25.322903221507513;False
124;"in what areas, other than low density wind tunnel flows, is viscous
compressible flow in slender channels a problem .
what analytical investigations have been made of the stability of
conical shells . how do the results compare with experiment .";4;625;viscous and inviscid nonequilibrium gas flows .;23.40221544356875;False
124;"in what areas, other than low density wind tunnel flows, is viscous
compressible flow in slender channels a problem .
what analytical investigations have been made of the stability of
conical shells . how do the results compare with experiment .";5;504;"stability of compressible boundary layers induced by
a moving wave .";23.177801534635886;False
124;"in what areas, other than low density wind tunnel flows, is viscous
compressible flow in slender channels a problem .
what analytical investigations have been made of the stability of
conical shells . how do the results compare with experiment .";6;600;"the calculation of lateral stability derivatives of
slender wings at incidence including fin effectiveness,
and correlation with experiment .";22.62447842483907;False
124;"in what areas, other than low density wind tunnel flows, is viscous
compressible flow in slender channels a problem .
what analytical investigations have been made of the stability of
conical shells . how do the results compare with experiment .";7;799;"some effects of wind-tunnel interference observed in tests on
two-dimensional aerofoils at high subsonic and transonic speeds .";22.428277255263176;False
124;"in what areas, other than low density wind tunnel flows, is viscous
compressible flow in slender channels a problem .
what analytical investigations have been made of the stability of
conical shells . how do the results compare with experiment .";8;73;"investigation of the stability of the laminar boundary
layer in a compressible fluid .";22.16445882946547;False
124;"in what areas, other than low density wind tunnel flows, is viscous
compressible flow in slender channels a problem .
what analytical investigations have been made of the stability of
conical shells . how do the results compare with experiment .";9;78;"an analytical treatment of aircraft propeller precession
instability .";21.93229594337625;False
124;"in what areas, other than low density wind tunnel flows, is viscous
compressible flow in slender channels a problem .
what analytical investigations have been made of the stability of
conical shells . how do the results compare with experiment .";10;516;"free-flight measurements of the dynamic longitudinal
stability characteristics of a wind tunnel interference
model (m=0 .92 to 1. 35) .";21.91298548625779;False
125;jet interference with supersonic flow  -dash experimental papers .;1;993;"the extent of the jet interference flow fields .
jet effects on cylindrical afterbodies housing sonic and supersonic
nozzles which exhaust against a supersonic stream at angles of attack
from 90degree to 180degree .";14.079360223613666;False
125;jet interference with supersonic flow  -dash experimental papers .;2;997;experimental and theoretical studies of axisymmetric free jets .;13.959998761347856;True
125;jet interference with supersonic flow  -dash experimental papers .;3;1074;"theoretical and experimental investigation of second-order supersonic
wing-body interference .";12.104507665931873;False
125;jet interference with supersonic flow  -dash experimental papers .;4;1093;"induced interference effects on jet and buried-fan
vtol configurations in transition .";11.410640524994307;False
125;jet interference with supersonic flow  -dash experimental papers .;5;970;"loads induced on a flat plate wing by an air jet exhausting
perpendicularly through the wing and normal to a free-stream flow of mach
number 2.0 .";11.29906303145399;True
125;jet interference with supersonic flow  -dash experimental papers .;6;1075;"an experimental and theoretical investigation of second-order supersonic
 wing-body interference, for a non-lifting body with wings at incidence .";10.835067807844885;False
125;jet interference with supersonic flow  -dash experimental papers .;7;696;"pressure loads produced on a flat-plate wing by rocket jets exhausting
in a spanwise direction below the wing and perpendicular to a
free-stream flow of mach number 2.0 .";10.815733581309752;False
125;jet interference with supersonic flow  -dash experimental papers .;8;1350;"effects of jet billowing on stability of missile-type
bodies at mach 3. 85 .";10.602079562302194;False
125;jet interference with supersonic flow  -dash experimental papers .;9;176;"base pressure at subsonic speeds in the presence of
a supersonic jet .";10.579588057660066;True
125;jet interference with supersonic flow  -dash experimental papers .;10;173;"the effect of a central jet on the base pressure of
a cylindrical afterbody in a supersonic stream .";10.136156588368282;True
126;thrust vector control by fluid injection -dash papers .;1;1288;"analysis of the fluid mechanics of secondary injection
for thrust vector control .";26.98781007058676;False
126;thrust vector control by fluid injection -dash papers .;2;1326;"interaction of secondary injectants and rocket exhaust
for thrust vector control .";26.72118995805911;True
126;thrust vector control by fluid injection -dash papers .;3;974;approximate analysis of thrust vector control by fluid injection .;25.898201447141233;True
126;thrust vector control by fluid injection -dash papers .;4;773;"q . app . math . 7, 1950, 381 . experiments on porous-wall
cooling and flow separation control in a supersonic
nozzle .";17.023264071291866;False
126;thrust vector control by fluid injection -dash papers .;5;1095;"investigation of effectiveness of large-chord slotted
flaps in deflecting propeller slipstreams downward
for vertical take-off and low-speed flight .";15.274652349423114;False
126;thrust vector control by fluid injection -dash papers .;6;397;"a sublayer for fluid injection into the incompressible
turbulent boundary layer .";10.6463606451055;False
126;thrust vector control by fluid injection -dash papers .;7;1265;"on the thrust hypothesis for the jet flap including
jet-mixing effects .";10.146588147136493;False
126;thrust vector control by fluid injection -dash papers .;8;1083;an investigation of fluid flow in two dimensions .;10.053971927974924;False
126;thrust vector control by fluid injection -dash papers .;9;1169;"hangling qualities experience with several vtol research
aircraft .";9.560413021280624;False
126;thrust vector control by fluid injection -dash papers .;10;237;a compressor routine test code .;9.493166010059436;False
127;"is it possible to obtain a reasonably simple analytical solution to the
heat equation for an exponential (in time) heat input .";1;869;"the calculation of transient temperature in turbine
blades and tapered discs using biot's variational method .";18.239548218764824;False
127;"is it possible to obtain a reasonably simple analytical solution to the
heat equation for an exponential (in time) heat input .";2;981;"solutions to the heat-conduction equation with time dependent boundary
conditions .";16.89478140668232;True
127;"is it possible to obtain a reasonably simple analytical solution to the
heat equation for an exponential (in time) heat input .";3;5;"one-dimensional transient heat conduction into a double-layer
slab subjected to a linear heat input for a small time
internal .";16.597554355192663;False
127;"is it possible to obtain a reasonably simple analytical solution to the
heat equation for an exponential (in time) heat input .";4;1024;note on creep buckling of columns .;16.148147741714887;False
127;"is it possible to obtain a reasonably simple analytical solution to the
heat equation for an exponential (in time) heat input .";5;585;nonlinear heat transfer problem .;15.403678037831604;False
127;"is it possible to obtain a reasonably simple analytical solution to the
heat equation for an exponential (in time) heat input .";6;6;"one-dimensional transient heat flow in a multilayer
slab .";14.988603087854557;False
127;"is it possible to obtain a reasonably simple analytical solution to the
heat equation for an exponential (in time) heat input .";7;1392;"the solution of small displacement, stability or vibration
problems concerning a flat rectangular panel when the
edges are either clamped or simply supported .";14.331713961398291;False
127;"is it possible to obtain a reasonably simple analytical solution to the
heat equation for an exponential (in time) heat input .";8;582;the melting of finite slabs .;13.896657999401173;False
127;"is it possible to obtain a reasonably simple analytical solution to the
heat equation for an exponential (in time) heat input .";9;1375;"an approximate solution for the axisymmetric jet of a laminar
compressible fluid .";13.815614003137057;False
127;"is it possible to obtain a reasonably simple analytical solution to the
heat equation for an exponential (in time) heat input .";10;91;periodic temperature distribution in a two-layer composite slab .;13.808563602718497;False
128;"has anyone programmed a pump design method for a high-speed digital
computer .";1;945;"method for design of pump impellers using a high speed
digital computer .";37.09178637629673;False
128;"has anyone programmed a pump design method for a high-speed digital
computer .";2;1063;"on obtaining solutions to the navier-stokes equations
with high speed digital computers .";19.22519979871727;False
128;"has anyone programmed a pump design method for a high-speed digital
computer .";3;1246;"solution of subsonic nonplanar lifting surface problems
by means of high-speed digital computers .";18.371477129124937;False
128;"has anyone programmed a pump design method for a high-speed digital
computer .";4;92;"the analysis of redundant structures by the use of
high-speed digital computers .";17.78195909250898;False
128;"has anyone programmed a pump design method for a high-speed digital
computer .";5;762;"allowable axial loads and bending moments for inelastic structures
under nonuniform temperature distribution .";14.588210931539823;False
128;"has anyone programmed a pump design method for a high-speed digital
computer .";6;745;"an automatic method for finding the greatest or least
value function .";13.71921553025407;False
128;"has anyone programmed a pump design method for a high-speed digital
computer .";7;1043;on transverse vibrations of thin, shallow elastic shells .;13.64177401748874;False
128;"has anyone programmed a pump design method for a high-speed digital
computer .";8;606;"formulae and approximations for aerodynamic heating rates in high speed
flight .";13.196578386506722;False
128;"has anyone programmed a pump design method for a high-speed digital
computer .";9;1087;"convergence rates of iterative treatments of partial differential
equations .";12.543297430315885;False
128;"has anyone programmed a pump design method for a high-speed digital
computer .";10;648;"the approximate analysis of certain boundary value
problems .";12.375151733757527;False
129;"has anyone derived simplified pump design equation from the fundamental
three-dimensional equations for incompressible nonviscous flow .";1;945;"method for design of pump impellers using a high speed
digital computer .";31.255669857325376;False
129;"has anyone derived simplified pump design equation from the fundamental
three-dimensional equations for incompressible nonviscous flow .";2;988;"nonviscous flow through a pump impeller on a blade-to-blade surface of
revolution .";23.97380597365009;True
129;"has anyone derived simplified pump design equation from the fundamental
three-dimensional equations for incompressible nonviscous flow .";3;989;"incompressible nonviscous blade-to-blade flow through a pump rotor with
splitter vanes .";22.821365265946895;True
129;"has anyone derived simplified pump design equation from the fundamental
three-dimensional equations for incompressible nonviscous flow .";4;987;"a general theory of three dimensional flow in subsonic and supersonic
turbo-machines of axial-radial-and mixed-flow types .";19.938519462031987;True
129;"has anyone derived simplified pump design equation from the fundamental
three-dimensional equations for incompressible nonviscous flow .";5;985;"a rapid approximate method for the design of hub shroud profiles of
centrifugal impellers of given blade shape .";18.707974739552583;True
129;"has anyone derived simplified pump design equation from the fundamental
three-dimensional equations for incompressible nonviscous flow .";6;527;"note on the three-point boundary layer problem for
the blasius equations .";17.538298474234328;False
129;"has anyone derived simplified pump design equation from the fundamental
three-dimensional equations for incompressible nonviscous flow .";7;314;"simplified method for determination of the critical
height of distributed roughness particles for boundary
layer transition at mach numbers from 0 to 5.";17.49902552763175;False
129;"has anyone derived simplified pump design equation from the fundamental
three-dimensional equations for incompressible nonviscous flow .";8;278;"on source and vortex distributions in the linearised
theory of steady supersonic flow .";14.42089103766197;False
129;"has anyone derived simplified pump design equation from the fundamental
three-dimensional equations for incompressible nonviscous flow .";9;73;"investigation of the stability of the laminar boundary
layer in a compressible fluid .";14.005686432615853;False
129;"has anyone derived simplified pump design equation from the fundamental
three-dimensional equations for incompressible nonviscous flow .";10;660;"the fundamental solution for small steady three dimensional
disturbances to a two dimensional parallel shear flow .";13.83958071367977;False
13;what is the basic mechanism of the transonic aileron buzz .;1;496;"a theory of transonic aileron buzz, neglecting viscous
effects .";26.42829632737223;False
13;what is the basic mechanism of the transonic aileron buzz .;2;903;"two dimensional transonic unsteady flow with shock
waves .";15.497717263045026;False
13;what is the basic mechanism of the transonic aileron buzz .;3;520;"wing-tail interference as a cause of 'magnus' effects
on a finned missile .";13.467666841926732;False
13;what is the basic mechanism of the transonic aileron buzz .;4;313;"on alternative forms for the basic equations of transonic
flow theory .";11.653667608363756;False
13;what is the basic mechanism of the transonic aileron buzz .;5;38;"on the prediction of mixed subsonic/supersonic pressure
distributions .";10.184200411728938;False
13;what is the basic mechanism of the transonic aileron buzz .;6;440;"compilation of information on the transonic attachment
of flows at the leading edge of airfoils .";10.085256165736215;False
13;what is the basic mechanism of the transonic aileron buzz .;7;1268;"stable combustion of a high-velocity gas in a heated
boundary layer .";9.962528058371921;False
13;what is the basic mechanism of the transonic aileron buzz .;8;643;"an investigation of wing-aileron flutter using ground
launched rocket models .";9.661796107041043;False
13;what is the basic mechanism of the transonic aileron buzz .;9;199;"measurement of two dimensional derivatives on a wing-aileron-tab
system .";9.535144104600972;False
13;what is the basic mechanism of the transonic aileron buzz .;10;880;the design and testing of supersonic flutter models .;9.001416644422012;False
130;"what are the flutter characteristics of the exposed skin panels of the
x-15 vertical stabilizer when subjected to aerodynamic heating .";1;859;"flutter of aerodynamically heated aluminium-alloy and
stainless steel panels with length-width ratio of 10
at mach 3. 0.";36.054787380612;True
130;"what are the flutter characteristics of the exposed skin panels of the
x-15 vertical stabilizer when subjected to aerodynamic heating .";2;948;"panel flutter tests on full scale x-15 lower vertical
stabilizer at mach number of 3. 0.";31.53683998809049;False
130;"what are the flutter characteristics of the exposed skin panels of the
x-15 vertical stabilizer when subjected to aerodynamic heating .";3;729;stresses in continuous skin stiffener panels under random loading .;22.007748760336042;False
130;"what are the flutter characteristics of the exposed skin panels of the
x-15 vertical stabilizer when subjected to aerodynamic heating .";4;1008;free-flight measurements of the static and dynamic .;21.948979412818485;True
130;"what are the flutter characteristics of the exposed skin panels of the
x-15 vertical stabilizer when subjected to aerodynamic heating .";5;766;"experimental investigation at mach number of 3. 0 of
effects of thermal stress and buckling on flutter characteristics
of flat single-bay panels of length-width ratio 0. 96 .";21.658568494253423;True
130;"what are the flutter characteristics of the exposed skin panels of the
x-15 vertical stabilizer when subjected to aerodynamic heating .";6;5;"one-dimensional transient heat conduction into a double-layer
slab subjected to a linear heat input for a small time
internal .";19.543187038060772;False
130;"what are the flutter characteristics of the exposed skin panels of the
x-15 vertical stabilizer when subjected to aerodynamic heating .";7;391;"flutter of rectangular simply supported panels at high
supersonic speeds .";19.32713941216599;False
130;"what are the flutter characteristics of the exposed skin panels of the
x-15 vertical stabilizer when subjected to aerodynamic heating .";8;858;"experimental investigation at mach numbers 3. 0 of
the effects of thermal stress and buckling on the flutter
of four-bay aluminium alloy panels with length-width
ratios of 10 .";17.907842205909567;True
130;"what are the flutter characteristics of the exposed skin panels of the
x-15 vertical stabilizer when subjected to aerodynamic heating .";9;627;flutter analysis of circular panels .;17.248261252839097;False
130;"what are the flutter characteristics of the exposed skin panels of the
x-15 vertical stabilizer when subjected to aerodynamic heating .";10;727;"a study of the acoustic fatigue characteristics of
some flat and curved aluminium panels exposed to random
and discrete noise .";16.643648874427914;False
131;"what agreement is found between theoretically predicted instability
times and experimentally measured collapse times for compressed columns
in creep .";1;950;"comparison of theoretical and experimental creep buckling
times of initially straight, centrally loaded columns .";35.121794160507775;False
131;"what agreement is found between theoretically predicted instability
times and experimentally measured collapse times for compressed columns
in creep .";2;1021;note on creep buckling of columns .;33.207253294262976;False
131;"what agreement is found between theoretically predicted instability
times and experimentally measured collapse times for compressed columns
in creep .";3;1022;note on creep buckling of columns .;24.785602191943298;False
131;"what agreement is found between theoretically predicted instability
times and experimentally measured collapse times for compressed columns
in creep .";4;1023;note on creep buckling of columns .;22.57769437481408;False
131;"what agreement is found between theoretically predicted instability
times and experimentally measured collapse times for compressed columns
in creep .";5;1014;principles of creep buckling weight-strength analysis .;21.286314129011547;True
131;"what agreement is found between theoretically predicted instability
times and experimentally measured collapse times for compressed columns
in creep .";6;1025;note on creep buckling of columns .;20.80223037507838;False
131;"what agreement is found between theoretically predicted instability
times and experimentally measured collapse times for compressed columns
in creep .";7;1017;note on creep buckling of columns .;19.491589248873794;True
131;"what agreement is found between theoretically predicted instability
times and experimentally measured collapse times for compressed columns
in creep .";8;1028;note on creep buckling of columns .;18.712076662882936;False
131;"what agreement is found between theoretically predicted instability
times and experimentally measured collapse times for compressed columns
in creep .";9;1034;note on creep buckling of columns .;18.637873847978913;False
131;"what agreement is found between theoretically predicted instability
times and experimentally measured collapse times for compressed columns
in creep .";10;330;taylor instability of finite surface waves .;18.25812316589021;False
132;theoretical studies of creep buckling .;1;1021;note on creep buckling of columns .;14.216574379498866;False
132;theoretical studies of creep buckling .;2;950;"comparison of theoretical and experimental creep buckling
times of initially straight, centrally loaded columns .";13.784082809792185;False
132;theoretical studies of creep buckling .;3;1017;note on creep buckling of columns .;12.98974219886174;True
132;theoretical studies of creep buckling .;4;1013;principles of creep buckling weight-strength analysis .;11.757458528070082;True
132;theoretical studies of creep buckling .;5;1026;note on creep buckling of columns .;11.701687843057243;True
132;theoretical studies of creep buckling .;6;1023;note on creep buckling of columns .;11.389622635776549;True
132;theoretical studies of creep buckling .;7;1020;note on creep buckling of columns .;11.320114351247554;True
132;theoretical studies of creep buckling .;8;1052;recent advances in the buckling of thin shells .;11.205291785095596;False
132;theoretical studies of creep buckling .;9;1014;principles of creep buckling weight-strength analysis .;11.13146700516936;True
132;theoretical studies of creep buckling .;10;1015;principles of creep buckling weight-strength analysis .;11.102510776385163;True
133;experimental studies of creep buckling .;1;950;"comparison of theoretical and experimental creep buckling
times of initially straight, centrally loaded columns .";13.2765407255648;False
133;experimental studies of creep buckling .;2;951;a unified theory of creep buckling under normal loads .;12.686094382645411;False
133;experimental studies of creep buckling .;3;1028;note on creep buckling of columns .;11.917570786814196;False
133;experimental studies of creep buckling .;4;1013;principles of creep buckling weight-strength analysis .;11.757458528070082;False
133;experimental studies of creep buckling .;5;1026;note on creep buckling of columns .;11.701687843057243;False
133;experimental studies of creep buckling .;6;1016;principles of creep buckling weight-strength analysis .;11.683703250481269;True
133;experimental studies of creep buckling .;7;1023;note on creep buckling of columns .;11.389622635776549;False
133;experimental studies of creep buckling .;8;1020;note on creep buckling of columns .;11.320114351247554;True
133;experimental studies of creep buckling .;9;1014;principles of creep buckling weight-strength analysis .;11.13146700516936;False
133;experimental studies of creep buckling .;10;1021;note on creep buckling of columns .;11.114895133208755;False
134;"is it possible to correlate the results on the creep buckling of widely
different structures within the framework of a single theory .";1;866;regularities in creep and hot fatigue data .;24.367359634190677;False
134;"is it possible to correlate the results on the creep buckling of widely
different structures within the framework of a single theory .";2;1012;"principles of creep buckling weight-strength analysis
of aircraft structures .";22.53035642782539;False
134;"is it possible to correlate the results on the creep buckling of widely
different structures within the framework of a single theory .";3;951;a unified theory of creep buckling under normal loads .;21.587780179092437;False
134;"is it possible to correlate the results on the creep buckling of widely
different structures within the framework of a single theory .";4;1028;note on creep buckling of columns .;16.94141440524846;True
134;"is it possible to correlate the results on the creep buckling of widely
different structures within the framework of a single theory .";5;1015;principles of creep buckling weight-strength analysis .;16.885613795729004;False
134;"is it possible to correlate the results on the creep buckling of widely
different structures within the framework of a single theory .";6;1017;note on creep buckling of columns .;16.477956555803797;False
134;"is it possible to correlate the results on the creep buckling of widely
different structures within the framework of a single theory .";7;1013;principles of creep buckling weight-strength analysis .;15.799896363425018;False
134;"is it possible to correlate the results on the creep buckling of widely
different structures within the framework of a single theory .";8;1014;principles of creep buckling weight-strength analysis .;15.633830946232175;False
134;"is it possible to correlate the results on the creep buckling of widely
different structures within the framework of a single theory .";9;1031;note on creep buckling of columns .;15.471979632439854;False
134;"is it possible to correlate the results on the creep buckling of widely
different structures within the framework of a single theory .";10;1020;note on creep buckling of columns .;15.054340488047126;False
135;what are the experimental results for the creep buckling of columns .;1;950;"comparison of theoretical and experimental creep buckling
times of initially straight, centrally loaded columns .";20.34195256272427;True
135;what are the experimental results for the creep buckling of columns .;2;1020;note on creep buckling of columns .;19.661197988400385;False
135;what are the experimental results for the creep buckling of columns .;3;1026;note on creep buckling of columns .;19.524903002977798;True
135;what are the experimental results for the creep buckling of columns .;4;951;a unified theory of creep buckling under normal loads .;19.208911758431917;False
135;what are the experimental results for the creep buckling of columns .;5;1013;principles of creep buckling weight-strength analysis .;18.953716682814616;False
135;what are the experimental results for the creep buckling of columns .;6;1021;note on creep buckling of columns .;18.91511256429551;False
135;what are the experimental results for the creep buckling of columns .;7;1029;note on creep buckling of columns .;18.52273596634863;False
135;what are the experimental results for the creep buckling of columns .;8;1016;principles of creep buckling weight-strength analysis .;18.29950824418827;True
135;what are the experimental results for the creep buckling of columns .;9;1023;note on creep buckling of columns .;18.209267530924713;True
135;what are the experimental results for the creep buckling of columns .;10;1019;note on creep buckling of columns .;17.888768300495897;False
136;"what are the results for the creep buckling of round tubes under
external pressure .";1;951;a unified theory of creep buckling under normal loads .;20.4874222137481;False
136;"what are the results for the creep buckling of round tubes under
external pressure .";2;1021;note on creep buckling of columns .;20.47311409276224;True
136;"what are the results for the creep buckling of round tubes under
external pressure .";3;1125;"collapse by instability of thin cylindrical shells
under external pressure .";17.91775190869861;False
136;"what are the results for the creep buckling of round tubes under
external pressure .";4;829;stability of thin-walled tubes under torsion .;17.540355026346532;False
136;"what are the results for the creep buckling of round tubes under
external pressure .";5;1033;"the design of tubes under uniform external pressure on the
basis of assumed inaccuracies .";17.30837793206306;False
136;"what are the results for the creep buckling of round tubes under
external pressure .";6;1031;note on creep buckling of columns .;16.16928010697002;False
136;"what are the results for the creep buckling of round tubes under
external pressure .";7;140;"the determination of turbulent skin friction by means
of pitot tubes .";15.83959906454962;False
136;"what are the results for the creep buckling of round tubes under
external pressure .";8;1034;note on creep buckling of columns .;15.727713264140789;True
136;"what are the results for the creep buckling of round tubes under
external pressure .";9;1131;"the effect of axial constraint on the instability of
thin conical shells under external pressure .";15.523466569602531;False
136;"what are the results for the creep buckling of round tubes under
external pressure .";10;831;buckling of shallow shells under external pressure .;15.468790109046541;False
137;"have any analytical studies been conducted on the time-to-failure
mechanism associated with creep collapse for a long circular cylindrical
shell which exhibits both primary and secondary creep as well as elastic
deformations under various distributed force systems .";1;952;"study of creep collapse of a long circular cylindrical
shell under various distributed force systems .";69.25845313158592;False
137;"have any analytical studies been conducted on the time-to-failure
mechanism associated with creep collapse for a long circular cylindrical
shell which exhibits both primary and secondary creep as well as elastic
deformations under various distributed force systems .";2;1023;note on creep buckling of columns .;35.20190001398556;False
137;"have any analytical studies been conducted on the time-to-failure
mechanism associated with creep collapse for a long circular cylindrical
shell which exhibits both primary and secondary creep as well as elastic
deformations under various distributed force systems .";3;1026;note on creep buckling of columns .;33.54531038733214;False
137;"have any analytical studies been conducted on the time-to-failure
mechanism associated with creep collapse for a long circular cylindrical
shell which exhibits both primary and secondary creep as well as elastic
deformations under various distributed force systems .";4;1034;note on creep buckling of columns .;33.20742051638193;True
137;"have any analytical studies been conducted on the time-to-failure
mechanism associated with creep collapse for a long circular cylindrical
shell which exhibits both primary and secondary creep as well as elastic
deformations under various distributed force systems .";5;740;"the behaviour of a cylindrical shell under axial compression
when the buckling load has been exceeded .";27.465857532255875;False
137;"have any analytical studies been conducted on the time-to-failure
mechanism associated with creep collapse for a long circular cylindrical
shell which exhibits both primary and secondary creep as well as elastic
deformations under various distributed force systems .";6;1021;note on creep buckling of columns .;26.584142567184244;True
137;"have any analytical studies been conducted on the time-to-failure
mechanism associated with creep collapse for a long circular cylindrical
shell which exhibits both primary and secondary creep as well as elastic
deformations under various distributed force systems .";7;1017;note on creep buckling of columns .;25.7768907804007;False
137;"have any analytical studies been conducted on the time-to-failure
mechanism associated with creep collapse for a long circular cylindrical
shell which exhibits both primary and secondary creep as well as elastic
deformations under various distributed force systems .";8;1068;"instability analysis of cylindrical shells under hydrostatic
pressure .";24.959568631825263;False
137;"have any analytical studies been conducted on the time-to-failure
mechanism associated with creep collapse for a long circular cylindrical
shell which exhibits both primary and secondary creep as well as elastic
deformations under various distributed force systems .";9;1125;"collapse by instability of thin cylindrical shells
under external pressure .";24.744689693109486;False
137;"have any analytical studies been conducted on the time-to-failure
mechanism associated with creep collapse for a long circular cylindrical
shell which exhibits both primary and secondary creep as well as elastic
deformations under various distributed force systems .";10;853;the accuracy of donnell's equations .;23.112037816594576;False
138;"has the effect of initial stresses,  on the frequencies of vibration of
circular cylindrical shells,  been investigated .";1;897;"some results on buckling and postbuckling of cylindrical
shells .";21.592112724244185;False
138;"has the effect of initial stresses,  on the frequencies of vibration of
circular cylindrical shells,  been investigated .";2;844;"flexural vibrations of the walls of thin cylindrical
shells having freely supported ends .";20.815546493778683;False
138;"has the effect of initial stresses,  on the frequencies of vibration of
circular cylindrical shells,  been investigated .";3;764;"breathing vibrations of a circular shell with an internal
liquid .";20.685707124821032;False
138;"has the effect of initial stresses,  on the frequencies of vibration of
circular cylindrical shells,  been investigated .";4;846;"on the vibration of thin cylindrical shells under internal
pressure .";20.3769218322844;True
138;"has the effect of initial stresses,  on the frequencies of vibration of
circular cylindrical shells,  been investigated .";5;953;"vibrations of infinitely long cylindrical shells under
initial stress .";17.892869070077843;False
138;"has the effect of initial stresses,  on the frequencies of vibration of
circular cylindrical shells,  been investigated .";6;841;"on the bending of circular cylindrical shells under
pure bending .";17.78545511063762;False
138;"has the effect of initial stresses,  on the frequencies of vibration of
circular cylindrical shells,  been investigated .";7;763;"effects of internal pressure on the buckling of circular-cylindrical
shells under bending.";17.458452080276924;False
138;"has the effect of initial stresses,  on the frequencies of vibration of
circular cylindrical shells,  been investigated .";8;887;"buckling due to thermal stress of cylindrical shells
subjected to axial temperature distributions .";17.45159245341946;False
138;"has the effect of initial stresses,  on the frequencies of vibration of
circular cylindrical shells,  been investigated .";9;760;"inelastic buckling of initially imperfect cylindrical
shells subject to axial compression .";17.343579366809184;False
138;"has the effect of initial stresses,  on the frequencies of vibration of
circular cylindrical shells,  been investigated .";10;1068;"instability analysis of cylindrical shells under hydrostatic
pressure .";16.86642459112418;False
139;"has the effect of the change of initial pressure due to deformation,  on
the frequencies of vibration of circular cylindrical shells been
investigated .";1;826;small bending and stretching of sandwich type shells .;23.587511614035765;False
139;"has the effect of the change of initial pressure due to deformation,  on
the frequencies of vibration of circular cylindrical shells been
investigated .";2;844;"flexural vibrations of the walls of thin cylindrical
shells having freely supported ends .";22.980764829576913;False
139;"has the effect of the change of initial pressure due to deformation,  on
the frequencies of vibration of circular cylindrical shells been
investigated .";3;897;"some results on buckling and postbuckling of cylindrical
shells .";22.8677660436294;False
139;"has the effect of the change of initial pressure due to deformation,  on
the frequencies of vibration of circular cylindrical shells been
investigated .";4;846;"on the vibration of thin cylindrical shells under internal
pressure .";22.42239697722969;False
139;"has the effect of the change of initial pressure due to deformation,  on
the frequencies of vibration of circular cylindrical shells been
investigated .";5;763;"effects of internal pressure on the buckling of circular-cylindrical
shells under bending.";22.1158234952402;False
139;"has the effect of the change of initial pressure due to deformation,  on
the frequencies of vibration of circular cylindrical shells been
investigated .";6;887;"buckling due to thermal stress of cylindrical shells
subjected to axial temperature distributions .";21.921002891339416;False
139;"has the effect of the change of initial pressure due to deformation,  on
the frequencies of vibration of circular cylindrical shells been
investigated .";7;764;"breathing vibrations of a circular shell with an internal
liquid .";20.795568923479735;False
139;"has the effect of the change of initial pressure due to deformation,  on
the frequencies of vibration of circular cylindrical shells been
investigated .";8;760;"inelastic buckling of initially imperfect cylindrical
shells subject to axial compression .";19.902836233984658;False
139;"has the effect of the change of initial pressure due to deformation,  on
the frequencies of vibration of circular cylindrical shells been
investigated .";9;1172;"elastic stability of circular cylindrical shells stabilized
by a soft elastic core .";19.521855141408;False
139;"has the effect of the change of initial pressure due to deformation,  on
the frequencies of vibration of circular cylindrical shells been
investigated .";10;1038;on transverse vibrations of thin, shallow elastic shells .;19.14207139938692;False
14;papers on shock-sound wave interaction .;1;64;"unsteady oblique interaction of a shock wave with plane
disturbances .";19.001461107976738;True
14;papers on shock-sound wave interaction .;2;256;"an experimental study of the glancing interaction between
a shock wave and a turbulent boundary layer .";12.779260211582947;False
14;papers on shock-sound wave interaction .;3;291;"sweepback effects in the turbulent boundary-layer shock-wave
interaction .";12.284776190127747;False
14;papers on shock-sound wave interaction .;4;170;"the interaction of a reflected shock wave with the
boundary layer in a shock tube .";12.044854717994717;False
14;papers on shock-sound wave interaction .;5;132;"viscosity effects in sound waves of finite amplitude:
in survey in mechanics .";12.013690982119739;False
14;papers on shock-sound wave interaction .;6;65;"convection of a pattern of vorticity through a shock
wave .";11.767208181237805;True
14;papers on shock-sound wave interaction .;7;1364;"an experimental investigation of the interaction between shock waves and
 boundary layers .";11.434561020861974;False
14;papers on shock-sound wave interaction .;8;439;a factor affecting transonic leading edge flow separation .;10.994433556429245;False
14;papers on shock-sound wave interaction .;9;402;magnetohydrodynamics shocks .;10.762894612746024;False
14;papers on shock-sound wave interaction .;10;568;"shock wave effects on the laminar skin friction of
an insulated flat plate at hypersonic speeds .";10.664240730125318;False
140;"what are the discontinuity stresses at junctions in pressurized
structures .";1;954;"analysis of stress at several junctions in pressurized
shells .";29.430407696358287;False
140;"what are the discontinuity stresses at junctions in pressurized
structures .";2;1038;on transverse vibrations of thin, shallow elastic shells .;18.335164635707144;True
140;"what are the discontinuity stresses at junctions in pressurized
structures .";3;497;"theoretical and experimental investigation of thermal
stresses in hypersonic aircraft wing structures .";11.290276162177756;False
140;"what are the discontinuity stresses at junctions in pressurized
structures .";4;890;comments on 'thermal buckling of clamped cylindrical shells' .;11.022264590431911;False
140;"what are the discontinuity stresses at junctions in pressurized
structures .";5;720;"a note on the use of sandwich structures in severe acoustic
environments .";10.863063248860708;False
140;"what are the discontinuity stresses at junctions in pressurized
structures .";6;870;effect of rheological behaviour on thermal stresses .;10.459159137540077;False
140;"what are the discontinuity stresses at junctions in pressurized
structures .";7;769;"local circumferential buckling of thin circular cylindrical
shells .";10.361599653956999;False
140;"what are the discontinuity stresses at junctions in pressurized
structures .";8;31;thermal buckling of supersonic wing panels .;10.055363182817036;False
140;"what are the discontinuity stresses at junctions in pressurized
structures .";9;840;analysis of partly wrinkled membrane .;9.54658654744574;False
140;"what are the discontinuity stresses at junctions in pressurized
structures .";10;762;"allowable axial loads and bending moments for inelastic structures
under nonuniform temperature distribution .";9.401488069965936;False
141;"what analytical solutions are available for stresses in edge-loaded
shells of revolution .";1;828;"stresses and small displacements of shallow spherical
shells .";16.854218937492377;False
141;"what analytical solutions are available for stresses in edge-loaded
shells of revolution .";2;1038;on transverse vibrations of thin, shallow elastic shells .;16.692297322979076;True
141;"what analytical solutions are available for stresses in edge-loaded
shells of revolution .";3;1135;"limit analysis of symmetrically loaded thin shells
of revolution .";16.303785256640573;False
141;"what analytical solutions are available for stresses in edge-loaded
shells of revolution .";4;851;"energy expressions and differential equations for stress
and displacement analysis of arbitrary cylindrical
shells .";15.601908387018854;False
141;"what analytical solutions are available for stresses in edge-loaded
shells of revolution .";5;1043;on transverse vibrations of thin, shallow elastic shells .;15.201378453106164;True
141;"what analytical solutions are available for stresses in edge-loaded
shells of revolution .";6;889;"a simplified method of elastic stability analysis for
thin cylindrical shells .";14.7961264303267;False
141;"what analytical solutions are available for stresses in edge-loaded
shells of revolution .";7;843;"a simplified method of elastic stability analysis for
thin cylindrical shells .";14.602125722817622;False
141;"what analytical solutions are available for stresses in edge-loaded
shells of revolution .";8;1137;on the theory of thin elastic toroidal shells .;13.85547048324917;False
141;"what analytical solutions are available for stresses in edge-loaded
shells of revolution .";9;1134;torispherical shells - a caution to designers .;12.947312899723501;False
141;"what analytical solutions are available for stresses in edge-loaded
shells of revolution .";10;819;"stresses in the plastic range around a normally loaded
circular hole in an infinite sheet .";12.340344179442914;False
142;"what dome contours minimize discontinuity stresses when used as closures
on cylindrical pressure vessels .";1;954;"analysis of stress at several junctions in pressurized
shells .";19.64312647817477;False
142;"what dome contours minimize discontinuity stresses when used as closures
on cylindrical pressure vessels .";2;1175;"stresses from local loadings in cylindrical pressure
vessels .";16.712404375398137;False
142;"what dome contours minimize discontinuity stresses when used as closures
on cylindrical pressure vessels .";3;890;comments on 'thermal buckling of clamped cylindrical shells' .;16.46170877664879;False
142;"what dome contours minimize discontinuity stresses when used as closures
on cylindrical pressure vessels .";4;1125;"collapse by instability of thin cylindrical shells
under external pressure .";15.304197285619834;False
142;"what dome contours minimize discontinuity stresses when used as closures
on cylindrical pressure vessels .";5;1134;torispherical shells - a caution to designers .;14.834067347682108;False
142;"what dome contours minimize discontinuity stresses when used as closures
on cylindrical pressure vessels .";6;769;"local circumferential buckling of thin circular cylindrical
shells .";14.43670620860462;False
142;"what dome contours minimize discontinuity stresses when used as closures
on cylindrical pressure vessels .";7;765;"clamped short oval cylindrical shells under hydrostatic
pressure .";13.421073460556311;False
142;"what dome contours minimize discontinuity stresses when used as closures
on cylindrical pressure vessels .";8;1068;"instability analysis of cylindrical shells under hydrostatic
pressure .";13.376149321257959;False
142;"what dome contours minimize discontinuity stresses when used as closures
on cylindrical pressure vessels .";9;887;"buckling due to thermal stress of cylindrical shells
subjected to axial temperature distributions .";12.56878880628761;False
142;"what dome contours minimize discontinuity stresses when used as closures
on cylindrical pressure vessels .";10;827;"a nonlinear theory of bending and buckling of thin
elastic shallow spherical shells .";12.035149756574857;False
143;"what general solutions for the stresses in pressurized shells of
revolution are available .";1;1043;on transverse vibrations of thin, shallow elastic shells .;17.773612773846807;True
143;"what general solutions for the stresses in pressurized shells of
revolution are available .";2;954;"analysis of stress at several junctions in pressurized
shells .";17.41489722183179;False
143;"what general solutions for the stresses in pressurized shells of
revolution are available .";3;1051;"the stability of thin-walled unstiffened circular cylinders
under axial compression including the effects of internal
pressure .";16.228757847115148;False
143;"what general solutions for the stresses in pressurized shells of
revolution are available .";4;828;"stresses and small displacements of shallow spherical
shells .";15.22917593320804;False
143;"what general solutions for the stresses in pressurized shells of
revolution are available .";5;889;"a simplified method of elastic stability analysis for
thin cylindrical shells .";13.086374560835718;False
143;"what general solutions for the stresses in pressurized shells of
revolution are available .";6;1134;torispherical shells - a caution to designers .;12.961483817780909;False
143;"what general solutions for the stresses in pressurized shells of
revolution are available .";7;955;"the membrane approach to bending instability of pressureized
cylindrical shells .";12.8808177167737;False
143;"what general solutions for the stresses in pressurized shells of
revolution are available .";8;930;"general theory of large deflections of thin shells
with special applications to conical shells .";12.422243218376874;False
143;"what general solutions for the stresses in pressurized shells of
revolution are available .";9;843;"a simplified method of elastic stability analysis for
thin cylindrical shells .";12.421357978046643;False
143;"what general solutions for the stresses in pressurized shells of
revolution are available .";10;1137;on the theory of thin elastic toroidal shells .;12.286357718992987;False
144;"can studies of pure membrane cylinders having no wall bending stiffness
but maintaining their shape by virtue of internal pressure provide any
insight into the behaviour of pressurized cylinders with finite wall
stiffness .";1;955;"the membrane approach to bending instability of pressureized
cylindrical shells .";31.964249620513996;False
144;"can studies of pure membrane cylinders having no wall bending stiffness
but maintaining their shape by virtue of internal pressure provide any
insight into the behaviour of pressurized cylinders with finite wall
stiffness .";2;839;"the bending stability of thin-- walled unstiffened
circular cylinders including the effects of internal
pressure .";28.480823007495317;True
144;"can studies of pure membrane cylinders having no wall bending stiffness
but maintaining their shape by virtue of internal pressure provide any
insight into the behaviour of pressurized cylinders with finite wall
stiffness .";3;763;"effects of internal pressure on the buckling of circular-cylindrical
shells under bending.";26.816718413816456;True
144;"can studies of pure membrane cylinders having no wall bending stiffness
but maintaining their shape by virtue of internal pressure provide any
insight into the behaviour of pressurized cylinders with finite wall
stiffness .";4;1045;the bending strength of pressurized cylinders .;26.709905823239527;True
144;"can studies of pure membrane cylinders having no wall bending stiffness
but maintaining their shape by virtue of internal pressure provide any
insight into the behaviour of pressurized cylinders with finite wall
stiffness .";5;1363;"a characteristic type of instability in the large deflections
of elastic plates .";25.868146283937502;False
144;"can studies of pure membrane cylinders having no wall bending stiffness
but maintaining their shape by virtue of internal pressure provide any
insight into the behaviour of pressurized cylinders with finite wall
stiffness .";6;838;"bending and compression tests of pressurised ring-stiffened
cylinders .";23.907395659247364;True
144;"can studies of pure membrane cylinders having no wall bending stiffness
but maintaining their shape by virtue of internal pressure provide any
insight into the behaviour of pressurized cylinders with finite wall
stiffness .";7;1051;"the stability of thin-walled unstiffened circular cylinders
under axial compression including the effects of internal
pressure .";22.71740809988976;False
144;"can studies of pure membrane cylinders having no wall bending stiffness
but maintaining their shape by virtue of internal pressure provide any
insight into the behaviour of pressurized cylinders with finite wall
stiffness .";8;840;analysis of partly wrinkled membrane .;21.82422810263902;True
144;"can studies of pure membrane cylinders having no wall bending stiffness
but maintaining their shape by virtue of internal pressure provide any
insight into the behaviour of pressurized cylinders with finite wall
stiffness .";9;786;the skin friction on infinite cylinders moving parallell to their length .;20.6152957179837;False
144;"can studies of pure membrane cylinders having no wall bending stiffness
but maintaining their shape by virtue of internal pressure provide any
insight into the behaviour of pressurized cylinders with finite wall
stiffness .";10;928;"a new theory for the buckling of thin cylinders under
axial compression and bending .";20.19708958165587;False
145;"what are the best experimental data and classical small deflection
theory analyses available for pressurized cylinders in bending .";1;1051;"the stability of thin-walled unstiffened circular cylinders
under axial compression including the effects of internal
pressure .";34.04786084399785;False
145;"what are the best experimental data and classical small deflection
theory analyses available for pressurized cylinders in bending .";2;839;"the bending stability of thin-- walled unstiffened
circular cylinders including the effects of internal
pressure .";27.266654810769104;True
145;"what are the best experimental data and classical small deflection
theory analyses available for pressurized cylinders in bending .";3;1045;the bending strength of pressurized cylinders .;26.47164254316498;True
145;"what are the best experimental data and classical small deflection
theory analyses available for pressurized cylinders in bending .";4;838;"bending and compression tests of pressurised ring-stiffened
cylinders .";23.538906779678907;True
145;"what are the best experimental data and classical small deflection
theory analyses available for pressurized cylinders in bending .";5;1046;the bending strength of pressurized cylinders .;22.33513864593178;False
145;"what are the best experimental data and classical small deflection
theory analyses available for pressurized cylinders in bending .";6;763;"effects of internal pressure on the buckling of circular-cylindrical
shells under bending.";21.638084593861542;True
145;"what are the best experimental data and classical small deflection
theory analyses available for pressurized cylinders in bending .";7;955;"the membrane approach to bending instability of pressureized
cylindrical shells .";19.705113921118084;False
145;"what are the best experimental data and classical small deflection
theory analyses available for pressurized cylinders in bending .";8;1118;elastic stability of orthotropic shells .;19.29812241131264;False
145;"what are the best experimental data and classical small deflection
theory analyses available for pressurized cylinders in bending .";9;1126;"an engineer's conceptual approach to the buckling of
cylindrical shell (axial loading) .";18.959673767500043;False
145;"what are the best experimental data and classical small deflection
theory analyses available for pressurized cylinders in bending .";10;827;"a nonlinear theory of bending and buckling of thin
elastic shallow spherical shells .";18.416964033564284;False
146;"does a membrane theory exist by which the behaviour of pressurized
membrane cylinders in bending can be predicted .";1;1045;the bending strength of pressurized cylinders .;28.67281469556652;True
146;"does a membrane theory exist by which the behaviour of pressurized
membrane cylinders in bending can be predicted .";2;955;"the membrane approach to bending instability of pressureized
cylindrical shells .";26.82841822621191;False
146;"does a membrane theory exist by which the behaviour of pressurized
membrane cylinders in bending can be predicted .";3;839;"the bending stability of thin-- walled unstiffened
circular cylinders including the effects of internal
pressure .";19.570198435458412;False
146;"does a membrane theory exist by which the behaviour of pressurized
membrane cylinders in bending can be predicted .";4;1046;the bending strength of pressurized cylinders .;19.43227258310859;False
146;"does a membrane theory exist by which the behaviour of pressurized
membrane cylinders in bending can be predicted .";5;763;"effects of internal pressure on the buckling of circular-cylindrical
shells under bending.";18.35363057450885;False
146;"does a membrane theory exist by which the behaviour of pressurized
membrane cylinders in bending can be predicted .";6;928;"a new theory for the buckling of thin cylinders under
axial compression and bending .";17.324623345398567;False
146;"does a membrane theory exist by which the behaviour of pressurized
membrane cylinders in bending can be predicted .";7;838;"bending and compression tests of pressurised ring-stiffened
cylinders .";16.948281443542946;False
146;"does a membrane theory exist by which the behaviour of pressurized
membrane cylinders in bending can be predicted .";8;730;on the bending of a clamped plate .;16.930397660670533;False
146;"does a membrane theory exist by which the behaviour of pressurized
membrane cylinders in bending can be predicted .";9;1175;"stresses from local loadings in cylindrical pressure
vessels .";16.366670459118268;False
146;"does a membrane theory exist by which the behaviour of pressurized
membrane cylinders in bending can be predicted .";10;1047;the bending strength of pressurized cylinders .;15.18190548427641;False
147;"what are the equations which define the stability of simply supported
corrugated core sandwich cylinders .";1;956;"elastic stability of simply supported corrugated core
sand- wich cylinders .";47.887669966018464;False
147;"what are the equations which define the stability of simply supported
corrugated core sandwich cylinders .";2;1050;"compressive buckling of simply supported curved plates
and cylinders of sandwich construction .";42.321373434928184;True
147;"what are the equations which define the stability of simply supported
corrugated core sandwich cylinders .";3;1049;elastic constants for corrugated core sandwich plates .;25.278503579905856;True
147;"what are the equations which define the stability of simply supported
corrugated core sandwich cylinders .";4;843;"a simplified method of elastic stability analysis for
thin cylindrical shells .";17.95689900483586;True
147;"what are the equations which define the stability of simply supported
corrugated core sandwich cylinders .";5;1119;plastic stability theory of thin shells .;17.54479233577074;False
147;"what are the equations which define the stability of simply supported
corrugated core sandwich cylinders .";6;1392;"the solution of small displacement, stability or vibration
problems concerning a flat rectangular panel when the
edges are either clamped or simply supported .";17.411358834787773;False
147;"what are the equations which define the stability of simply supported
corrugated core sandwich cylinders .";7;1358;"compressive buckling of simply supported plates with
transverse stiffeners .";17.24955943536282;False
147;"what are the equations which define the stability of simply supported
corrugated core sandwich cylinders .";8;1128;face wrinkling and core strength in sandwich construction .;16.79035718611198;False
147;"what are the equations which define the stability of simply supported
corrugated core sandwich cylinders .";9;889;"a simplified method of elastic stability analysis for
thin cylindrical shells .";16.02467865005035;True
147;"what are the equations which define the stability of simply supported
corrugated core sandwich cylinders .";10;1145;"buckling of core-stabilized cylinders under axisymmetric external
loads .";15.883151118939665;False
148;papers on small deflection theory for buckling of sandwich cylinders .;1;956;"elastic stability of simply supported corrugated core
sand- wich cylinders .";24.758646605939862;False
148;papers on small deflection theory for buckling of sandwich cylinders .;2;1048;a small deflection theory for curved sandwich plates .;23.64204121530741;True
148;papers on small deflection theory for buckling of sandwich cylinders .;3;1126;"an engineer's conceptual approach to the buckling of
cylindrical shell (axial loading) .";21.488605146674992;False
148;papers on small deflection theory for buckling of sandwich cylinders .;4;1050;"compressive buckling of simply supported curved plates
and cylinders of sandwich construction .";18.874251217456983;True
148;papers on small deflection theory for buckling of sandwich cylinders .;5;763;"effects of internal pressure on the buckling of circular-cylindrical
shells under bending.";15.834582550961164;False
148;papers on small deflection theory for buckling of sandwich cylinders .;6;826;small bending and stretching of sandwich type shells .;15.540923951461465;False
148;papers on small deflection theory for buckling of sandwich cylinders .;7;739;"the buckling of thin cylindrical shells under axial
compression .";15.468797127931333;False
148;papers on small deflection theory for buckling of sandwich cylinders .;8;838;"bending and compression tests of pressurised ring-stiffened
cylinders .";15.402603061430934;False
148;papers on small deflection theory for buckling of sandwich cylinders .;9;1051;"the stability of thin-walled unstiffened circular cylinders
under axial compression including the effects of internal
pressure .";15.122241388415173;False
148;papers on small deflection theory for buckling of sandwich cylinders .;10;761;buckling of sandwich under normal pressure .;14.735794707509877;False
149;"has anyone developed an analysis which accurately establishes the large
deflection behaviour of conical shells .";1;930;"general theory of large deflections of thin shells
with special applications to conical shells .";19.058793649434847;True
149;"has anyone developed an analysis which accurately establishes the large
deflection behaviour of conical shells .";2;1051;"the stability of thin-walled unstiffened circular cylinders
under axial compression including the effects of internal
pressure .";17.87365052180739;False
149;"has anyone developed an analysis which accurately establishes the large
deflection behaviour of conical shells .";3;926;"post buckling behaviour of circular cylinderical shells
under hydrostatic pressure .";17.864744440493002;False
149;"has anyone developed an analysis which accurately establishes the large
deflection behaviour of conical shells .";4;931;stability equations for conical shells .;14.771029803486904;True
149;"has anyone developed an analysis which accurately establishes the large
deflection behaviour of conical shells .";5;826;small bending and stretching of sandwich type shells .;13.8576040274194;False
149;"has anyone developed an analysis which accurately establishes the large
deflection behaviour of conical shells .";6;1070;buckling of orthotropic and stiffened conical shells .;13.614852920368818;False
149;"has anyone developed an analysis which accurately establishes the large
deflection behaviour of conical shells .";7;937;on the buckling of truncated conical shells in torsion .;12.465189542913091;True
149;"has anyone developed an analysis which accurately establishes the large
deflection behaviour of conical shells .";8;1059;the nonlinear conical spring .;12.341734882732066;True
149;"has anyone developed an analysis which accurately establishes the large
deflection behaviour of conical shells .";9;802;"the behaviour of supersonic flow past a body of revolution
far from the axis .";12.115281468576864;False
149;"has anyone developed an analysis which accurately establishes the large
deflection behaviour of conical shells .";10;1058;the conical disk spring .;11.926077178934051;True
15;material properties of photoelastic materials .;1;462;photo-thermoelasticity .;16.51928432251238;True
15;material properties of photoelastic materials .;2;463;"physical properties of plastics for photo-thermoelastic
investigation .";13.495779870096857;True
15;material properties of photoelastic materials .;3;553;"ablation of glassy materials around blunt bodies of
revolution .";10.602560863464333;False
15;material properties of photoelastic materials .;4;761;buckling of sandwich under normal pressure .;10.521287864547773;False
15;material properties of photoelastic materials .;5;1098;"an experimental investigation of ablating material
at low and high enthalpy potentials .";10.290156013980292;False
15;material properties of photoelastic materials .;6;1097;experimental ablation cooling .;10.186583706250204;False
15;material properties of photoelastic materials .;7;1117;"stability of orthotropic cylindrical shells under combined
loading .";9.64448774841554;False
15;material properties of photoelastic materials .;8;1025;note on creep buckling of columns .;8.850002451016223;False
15;material properties of photoelastic materials .;9;1340;"method of controlling stiffness properties of a solid-construction
model wing .";8.833165580554947;False
15;material properties of photoelastic materials .;10;82;"theoretical investigation of the ablation of a glass-type
heat protection shield of varied material properties
at the stagnation point of a re-entering irbm .";8.825942693742665;False
150;"what is the magnitude of second-order wing-body interference
at high supersonic mach number .";1;1062;"an experimental and theoretical investigation of second-order
wing-body interference at high mach number .";29.320724341046976;False
150;"what is the magnitude of second-order wing-body interference
at high supersonic mach number .";2;1074;"theoretical and experimental investigation of second-order supersonic
wing-body interference .";27.4030050152918;True
150;"what is the magnitude of second-order wing-body interference
at high supersonic mach number .";3;1075;"an experimental and theoretical investigation of second-order supersonic
 wing-body interference, for a non-lifting body with wings at incidence .";27.26833064284395;True
150;"what is the magnitude of second-order wing-body interference
at high supersonic mach number .";4;923;"methods for estimating lift interference of wing-body
combinations at supersonic speeds .";17.938348833587494;False
150;"what is the magnitude of second-order wing-body interference
at high supersonic mach number .";5;1202;"uniformly valid second-order solution for supersonic
flow over cruciform surfaces .";17.509095175390236;False
150;"what is the magnitude of second-order wing-body interference
at high supersonic mach number .";6;924;"a method for calculating the lift and centre of pressure
of wing-body-tail combinations at subsonic, transonic
speeds .";16.761239741652904;False
150;"what is the magnitude of second-order wing-body interference
at high supersonic mach number .";7;970;"loads induced on a flat plate wing by an air jet exhausting
perpendicularly through the wing and normal to a free-stream flow of mach
number 2.0 .";16.69735063306568;False
150;"what is the magnitude of second-order wing-body interference
at high supersonic mach number .";8;696;"pressure loads produced on a flat-plate wing by rocket jets exhausting
in a spanwise direction below the wing and perpendicular to a
free-stream flow of mach number 2.0 .";15.990340038916521;False
150;"what is the magnitude of second-order wing-body interference
at high supersonic mach number .";9;1243;supersonic boom of wing-body configurations .;15.885756592084698;False
150;"what is the magnitude of second-order wing-body interference
at high supersonic mach number .";10;991;"wing-flow study of pressure drag reduction at transonic speed by
projecting a jet of air from the nose of a prolate spheroid of fineness
ratio 6 .";15.464109651949933;False
151;"what is the best theoretical method for calculating pressure on the
surface of a wing alone .";1;251;"a collection of longitudinal stability derivatives
of wings at supersonic speeds .";14.007919284037175;False
151;"what is the best theoretical method for calculating pressure on the
surface of a wing alone .";2;783;"a method for calculating the subsonic steady-state loading on an
airplane with a wing of arbitrary planform and stiffness .";13.959155260823085;False
151;"what is the best theoretical method for calculating pressure on the
surface of a wing alone .";3;924;"a method for calculating the lift and centre of pressure
of wing-body-tail combinations at subsonic, transonic
speeds .";13.843948522301885;False
151;"what is the best theoretical method for calculating pressure on the
surface of a wing alone .";4;52;"procedure for calculating flutter at high supersonic
speed including camber deflections, and comparison
with experimental results .";13.139975301042535;False
151;"what is the best theoretical method for calculating pressure on the
surface of a wing alone .";5;676;"a simple method for calculating the span and chordwise loading on
straight and swept wings of any aspect ratio at subsonic speeds .";12.891611893512785;False
151;"what is the best theoretical method for calculating pressure on the
surface of a wing alone .";6;433;"application of two dimensional vortex theory to the
prediction of flow fields behind wings of wing-body
combinations at subsonic and supersonic speeds .";12.346515997087621;False
151;"what is the best theoretical method for calculating pressure on the
surface of a wing alone .";7;677;"methods for calculating the lift distribution of wings /subsonic
lifting surface theory/ .";12.074145943849292;False
151;"what is the best theoretical method for calculating pressure on the
surface of a wing alone .";8;1262;"an extension of the linearized characteristics method
for calculating the supersonic flow around elliptic
cones .";11.869112803814115;False
151;"what is the best theoretical method for calculating pressure on the
surface of a wing alone .";9;1246;"solution of subsonic nonplanar lifting surface problems
by means of high-speed digital computers .";11.753826482912633;False
151;"what is the best theoretical method for calculating pressure on the
surface of a wing alone .";10;781;"use of subsonic kernel function in an influence-coefficient method of
aeroelastic analysis and some comparisons with experiment .";11.573129526428147;False
152;"how can the effect of the boundary-layer on wing pressure be calculated,
and what is its magnitude .";1;42;"the gyroscopic effect of a rigid rotating propeller
on engine and wing vibration modes .";17.887249376179653;False
152;"how can the effect of the boundary-layer on wing pressure be calculated,
and what is its magnitude .";2;671;"pressure and boundary-layer measurements on a two dimensional wing at
low speed .";17.40134186644117;False
152;"how can the effect of the boundary-layer on wing pressure be calculated,
and what is its magnitude .";3;1362;"non-linear analysis of heated, cambered wings by the matrix force
method .";15.481479270495548;False
152;"how can the effect of the boundary-layer on wing pressure be calculated,
and what is its magnitude .";4;1225;"the effect of adverse pressure gradients on the characteristics of
turbulent boundary layers in supersonic streams .";14.989532571996197;False
152;"how can the effect of the boundary-layer on wing pressure be calculated,
and what is its magnitude .";5;94;"the transverse curvature effect in compressible axially
symmetric laminar boundary layer flow .";14.517386344094309;False
152;"how can the effect of the boundary-layer on wing pressure be calculated,
and what is its magnitude .";6;80;"effect of distributed three-dimensional roughness and
surface cooling on boundary layer transition and lateral
spread of turbulence at supersonic speeds .";13.939374501528306;False
152;"how can the effect of the boundary-layer on wing pressure be calculated,
and what is its magnitude .";7;36;supersonic flow around blunt bodies .;13.854991559188651;False
152;"how can the effect of the boundary-layer on wing pressure be calculated,
and what is its magnitude .";8;1076;"an approximate method for determining the displacement effects and
viscous drag of laminar boundary layers in two-dimensional hypersonic
flow .";13.150906549886425;True
152;"how can the effect of the boundary-layer on wing pressure be calculated,
and what is its magnitude .";9;1079;finite difference formulae for the square lattices .;13.082424051917194;False
152;"how can the effect of the boundary-layer on wing pressure be calculated,
and what is its magnitude .";10;346;measurements of turbulent friction on a smooth flat plate in supersonic .;13.061679154319235;False
153;how should the navier-stokes difference equations be solved .;1;1063;"on obtaining solutions to the navier-stokes equations
with high speed digital computers .";27.650703415114105;False
153;how should the navier-stokes difference equations be solved .;2;1085;"note on the convergence of numerical solutions of the navier-stokes
equations .";17.2946010747983;True
153;how should the navier-stokes difference equations be solved .;3;1081;"numerical solution of the navier-stokes equations for the flow around a
circular cylinder at reynolds number 40 .";17.165903297576005;True
153;how should the navier-stokes difference equations be solved .;4;1082;"the flow past pitot tube at low reynolds numbers, part 1-dash the
numerical solution of the navier-stokes equations for steady viscous
axisymmetric flow, part 2-dash the effects of viscosity and orifice
size on a pitot tube at low reynolds numbers .";17.027575606255557;True
153;how should the navier-stokes difference equations be solved .;5;393;the shear flow along a flat plate with uniform suction .;14.22427315556986;False
153;how should the navier-stokes difference equations be solved .;6;329;"various aerodynamic characteristics in hypersonic rarefied
gas flow .";13.86768337318239;False
153;how should the navier-stokes difference equations be solved .;7;228;navier-stokes solutions at large distances from a finite body .;13.654787064557421;False
153;how should the navier-stokes difference equations be solved .;8;394;"the viscous flow near a stagnation point when the external flow has
uniform vorticity .";13.162623656596848;False
153;how should the navier-stokes difference equations be solved .;9;117;the motion of a viscous liquid past a paraboloid .;12.825256820190493;False
153;how should the navier-stokes difference equations be solved .;10;323;"vorticity interaction at an axisymmetric stagnation
point in a viscous incompressible fluid .";12.25007088476328;False
154;"which  iterative method for solving linear elliptic
difference equations is most rapidly convergent .";1;1088;"iterative methods for solving partial difference equations of elliptic
type .";34.836591204730404;True
154;"which  iterative method for solving linear elliptic
difference equations is most rapidly convergent .";2;1054;"iterative solutions for the non-linear bending of circular
plates .";21.6489814072379;False
154;"which  iterative method for solving linear elliptic
difference equations is most rapidly convergent .";3;1086;"a note on the numerical solution of fourth order differential
equations .";21.005989267553655;False
154;"which  iterative method for solving linear elliptic
difference equations is most rapidly convergent .";4;1055;non-linear bending and buckling of circular plates .;19.875734517490255;False
154;"which  iterative method for solving linear elliptic
difference equations is most rapidly convergent .";5;111;"the laminar boundary layer equation: a method of solution
by means of an automatic computer .";19.10563173350521;False
154;"which  iterative method for solving linear elliptic
difference equations is most rapidly convergent .";6;367;"control system and analysis and design via the second method of
lyapunov .";15.989508683986696;False
154;"which  iterative method for solving linear elliptic
difference equations is most rapidly convergent .";7;1063;"on obtaining solutions to the navier-stokes equations
with high speed digital computers .";14.412478221119418;False
154;"which  iterative method for solving linear elliptic
difference equations is most rapidly convergent .";8;1087;"convergence rates of iterative treatments of partial differential
equations .";13.594529757218833;True
154;"which  iterative method for solving linear elliptic
difference equations is most rapidly convergent .";9;1362;"non-linear analysis of heated, cambered wings by the matrix force
method .";13.424370426448515;False
154;"which  iterative method for solving linear elliptic
difference equations is most rapidly convergent .";10;1262;"an extension of the linearized characteristics method
for calculating the supersonic flow around elliptic
cones .";12.814272669044414;False
155;technical report on measurement of ablation during flight .;1;1101;a sensor for obtaining ablation rates .;16.193197459615806;True
155;technical report on measurement of ablation during flight .;2;804;a flight test investigation of the sonic boom .;14.981385341346016;False
155;technical report on measurement of ablation during flight .;3;1065;"a free-flight investigation of ablation of a blunt
body to a mach number of 13 .1.";12.107221970140685;False
155;technical report on measurement of ablation during flight .;4;553;"ablation of glassy materials around blunt bodies of
revolution .";10.653151360642788;False
155;technical report on measurement of ablation during flight .;5;810;"the shock wave noise problem of supersonic aircraft
in steady flight .";10.475212092884298;False
155;technical report on measurement of ablation during flight .;6;1279;sublimation in a hypersonic environment .;10.316108808973848;False
155;technical report on measurement of ablation during flight .;7;1226;"heat transfer in the laminar boundary layer with ablation
of vapor of arbitrary molecular weight .";10.170147379228329;False
155;technical report on measurement of ablation during flight .;8;968;rocket propulsion systems for interplanetary flight .;9.45346446502807;False
155;technical report on measurement of ablation during flight .;9;76;"flight measurement of wall pressure fluctuations and
boundary-layer turbulence .";9.293718984521226;False
155;technical report on measurement of ablation during flight .;10;1097;experimental ablation cooling .;8.994179954480753;False
156;"what qualitative and quantitative material is available on ablation
materials research .";1;1096;"qualitative measurements of the effective heats of
ablation of several materials in supersonic air jets
at stagnation temperature up to 11,000 f.";21.80851065019102;True
156;"what qualitative and quantitative material is available on ablation
materials research .";2;1065;"a free-flight investigation of ablation of a blunt
body to a mach number of 13 .1.";19.476855745595852;False
156;"what qualitative and quantitative material is available on ablation
materials research .";3;1097;experimental ablation cooling .;19.425551388693894;True
156;"what qualitative and quantitative material is available on ablation
materials research .";4;553;"ablation of glassy materials around blunt bodies of
revolution .";19.42233628686138;True
156;"what qualitative and quantitative material is available on ablation
materials research .";5;1098;"an experimental investigation of ablating material
at low and high enthalpy potentials .";17.118612025481287;True
156;"what qualitative and quantitative material is available on ablation
materials research .";6;1099;a theoretical study of stagnation point ablation .;14.526522355139063;True
156;"what qualitative and quantitative material is available on ablation
materials research .";7;1279;sublimation in a hypersonic environment .;13.780746022246671;False
156;"what qualitative and quantitative material is available on ablation
materials research .";8;1100;an analytical investigation of ablation .;13.77611496033478;True
156;"what qualitative and quantitative material is available on ablation
materials research .";9;82;"theoretical investigation of the ablation of a glass-type
heat protection shield of varied material properties
at the stagnation point of a re-entering irbm .";11.363406261057992;True
156;"what qualitative and quantitative material is available on ablation
materials research .";10;534;"consideration of energy separation for laminar slip
flow in a circular tube .";11.358810602791086;False
157;"have flow fields been calculated for blunt-nosed bodies and compared
with experiment for a wide range of free stream conditions and body
shapes .";1;1006;free-flight measurements of the static and dynamic .;32.0670086727436;False
157;"have flow fields been calculated for blunt-nosed bodies and compared
with experiment for a wide range of free stream conditions and body
shapes .";2;456;"a study of flow fields about some typical blunt-nosed
slender bodies .";27.29981589609475;True
157;"have flow fields been calculated for blunt-nosed bodies and compared
with experiment for a wide range of free stream conditions and body
shapes .";3;556;"numerical comparison between exact and approximate
theories of hypersonic inviscid flow past slender blunt
nosed bodies .";25.21559455976796;True
157;"have flow fields been calculated for blunt-nosed bodies and compared
with experiment for a wide range of free stream conditions and body
shapes .";4;160;"approximate analytical solutions for hypersonic flow
past slender power-law bodies .";24.28708818054078;True
157;"have flow fields been calculated for blunt-nosed bodies and compared
with experiment for a wide range of free stream conditions and body
shapes .";5;1393;"heat transfer near the forward stagnation point of
a body of revolution .";23.29586211043398;False
157;"have flow fields been calculated for blunt-nosed bodies and compared
with experiment for a wide range of free stream conditions and body
shapes .";6;318;inviscid hypersonic flow past blunt bodies .;22.380201620183385;True
157;"have flow fields been calculated for blunt-nosed bodies and compared
with experiment for a wide range of free stream conditions and body
shapes .";7;498;"calculation of potential flow about bodies of revolution
having axes perpendicular to the free-stream direction .";22.275995381235443;False
157;"have flow fields been calculated for blunt-nosed bodies and compared
with experiment for a wide range of free stream conditions and body
shapes .";8;1377;"theoretical investigation of the flow field about blunt
nosed bodies in supersonic flight .";21.610832931746714;False
157;"have flow fields been calculated for blunt-nosed bodies and compared
with experiment for a wide range of free stream conditions and body
shapes .";9;294;"an investigation of laminar transitional and turbulent
heat transfer on blunt-nosed bodies in hypersonic flow .";21.412726849169765;False
157;"have flow fields been calculated for blunt-nosed bodies and compared
with experiment for a wide range of free stream conditions and body
shapes .";10;626;"some features of supersonic and hypersonic flow about
blunted cones .";21.38668275125241;True
158;what are the available properties of high-temperature air .;1;302;"approximations for the thermodynamic and transport properties of high
temperature air .";14.319634802421525;True
158;what are the available properties of high-temperature air .;2;552;chemical kinetics of high temperature air .;11.89090697065404;True
158;what are the available properties of high-temperature air .;3;949;"charts for equilibrium flow properties of air in
hyper-velocity nozzles .";11.244171682198797;False
158;what are the available properties of high-temperature air .;4;236;criteria for thermodynamic equilibrium in gas flow .;11.020494503368997;False
158;what are the available properties of high-temperature air .;5;328;"the boundary layer near the stagnation point in hypersonic
flow past a sphere .";10.26037299361479;False
158;what are the available properties of high-temperature air .;6;262;the formation of a blast wave by a very intense explosion .;10.019694373904183;False
158;what are the available properties of high-temperature air .;7;1269;a study of supersonic combustion .;9.43124041504626;False
158;what are the available properties of high-temperature air .;8;283;"laminar heat transfer around blunt bodies in dissociated
air .";9.204947029563364;False
158;what are the available properties of high-temperature air .;9;982;"the temperature history in a thick skin subjected to laminar heating
during entry into the atmosphere .";9.17680291224045;False
158;what are the available properties of high-temperature air .;10;82;"theoretical investigation of the ablation of a glass-type
heat protection shield of varied material properties
at the stagnation point of a re-entering irbm .";9.13878456021094;False
159;"what is the magnitude of aerodynamic damping in flexible vibration modes
of a slender body of revolution characteristic of launch vehicles .";1;1066;"wind tunnel measurements of aerodynamic damping derivatives
of a launch vehicle vibrating in free-free bending
modes at mach numbers from 0. 70 to 2. 87 and comparisons
with theory .";32.08745835752493;False
159;"what is the magnitude of aerodynamic damping in flexible vibration modes
of a slender body of revolution characteristic of launch vehicles .";2;1197;"unsteady aerodynamic forces on slender supersonic aircraft
with flexible wings and bodies .";20.841539462046967;False
159;"what is the magnitude of aerodynamic damping in flexible vibration modes
of a slender body of revolution characteristic of launch vehicles .";3;1259;"second-order theory for unsteady supersonic flow past
slender pointed bodies of revolution .";18.21808561985467;False
159;"what is the magnitude of aerodynamic damping in flexible vibration modes
of a slender body of revolution characteristic of launch vehicles .";4;1112;"unsteady aerodynamic forces on a slender body of revolution
in supersonic flow .";17.61132139910929;True
159;"what is the magnitude of aerodynamic damping in flexible vibration modes
of a slender body of revolution characteristic of launch vehicles .";5;42;"the gyroscopic effect of a rigid rotating propeller
on engine and wing vibration modes .";16.019725523223983;False
159;"what is the magnitude of aerodynamic damping in flexible vibration modes
of a slender body of revolution characteristic of launch vehicles .";6;846;"on the vibration of thin cylindrical shells under internal
pressure .";14.911011176480987;False
159;"what is the magnitude of aerodynamic damping in flexible vibration modes
of a slender body of revolution characteristic of launch vehicles .";7;801;"experimental study of the equivalence of transonic
flow about slender cone-cylinders of circular and elliptic
cross section .";14.883759709979262;False
159;"what is the magnitude of aerodynamic damping in flexible vibration modes
of a slender body of revolution characteristic of launch vehicles .";8;899;aerodynamic effects on boundary layer unsteadiness .;14.399057850007477;False
159;"what is the magnitude of aerodynamic damping in flexible vibration modes
of a slender body of revolution characteristic of launch vehicles .";9;1293;design of stiffened cylinders in axial compression .;14.292210391015292;False
159;"what is the magnitude of aerodynamic damping in flexible vibration modes
of a slender body of revolution characteristic of launch vehicles .";10;52;"procedure for calculating flutter at high supersonic
speed including camber deflections, and comparison
with experimental results .";14.167013172187215;False
16;"can the transverse potential flow about a body of revolution be
calculated efficiently by an electronic computer .";1;498;"calculation of potential flow about bodies of revolution
having axes perpendicular to the free-stream direction .";30.450465212251785;False
16;"can the transverse potential flow about a body of revolution be
calculated efficiently by an electronic computer .";2;106;the transverse potential flow past a body of revolution .;22.337815770765438;True
16;"can the transverse potential flow about a body of revolution be
calculated efficiently by an electronic computer .";3;1255;the flow about a charged body moving in the lower atmosphere .;17.570613093539784;False
16;"can the transverse potential flow about a body of revolution be
calculated efficiently by an electronic computer .";4;869;"the calculation of transient temperature in turbine
blades and tapered discs using biot's variational method .";17.10095957571898;False
16;"can the transverse potential flow about a body of revolution be
calculated efficiently by an electronic computer .";5;93;the supersonic blunt body problem - review and extensions .;15.806972868603077;False
16;"can the transverse potential flow about a body of revolution be
calculated efficiently by an electronic computer .";6;1301;compressible boundary layers on bodies of revolution .;15.705960236137575;False
16;"can the transverse potential flow about a body of revolution be
calculated efficiently by an electronic computer .";7;1259;"second-order theory for unsteady supersonic flow past
slender pointed bodies of revolution .";15.593664055170084;False
16;"can the transverse potential flow about a body of revolution be
calculated efficiently by an electronic computer .";8;927;"investigation of normal force distributions and wake
vortex characteristics of bodies of revolution at supersonic
speeds .";15.549658748494625;False
16;"can the transverse potential flow about a body of revolution be
calculated efficiently by an electronic computer .";9;1006;free-flight measurements of the static and dynamic .;15.018304821992002;False
16;"can the transverse potential flow about a body of revolution be
calculated efficiently by an electronic computer .";10;801;"experimental study of the equivalence of transonic
flow about slender cone-cylinders of circular and elliptic
cross section .";14.328602359400856;False
160;"compressive circumferential stresses in a torispherical shell reveal
the possibility of buckling under internal pressure . has anyone
investigated for which ranges of shell parameters these stresses are
sufficiently large to cause elastic buckling .";1;1071;"stability of thin torispherical shells under uniform
internal pressure .";44.31394538905337;False
160;"compressive circumferential stresses in a torispherical shell reveal
the possibility of buckling under internal pressure . has anyone
investigated for which ranges of shell parameters these stresses are
sufficiently large to cause elastic buckling .";2;885;"buckling of thin cylindrical shells under hoop stresses
varying in axial direction .";32.372032989066135;False
160;"compressive circumferential stresses in a torispherical shell reveal
the possibility of buckling under internal pressure . has anyone
investigated for which ranges of shell parameters these stresses are
sufficiently large to cause elastic buckling .";3;1134;torispherical shells - a caution to designers .;31.764299100728373;True
160;"compressive circumferential stresses in a torispherical shell reveal
the possibility of buckling under internal pressure . has anyone
investigated for which ranges of shell parameters these stresses are
sufficiently large to cause elastic buckling .";4;769;"local circumferential buckling of thin circular cylindrical
shells .";29.157448832726928;False
160;"compressive circumferential stresses in a torispherical shell reveal
the possibility of buckling under internal pressure . has anyone
investigated for which ranges of shell parameters these stresses are
sufficiently large to cause elastic buckling .";5;1051;"the stability of thin-walled unstiffened circular cylinders
under axial compression including the effects of internal
pressure .";28.616232343086914;False
160;"compressive circumferential stresses in a torispherical shell reveal
the possibility of buckling under internal pressure . has anyone
investigated for which ranges of shell parameters these stresses are
sufficiently large to cause elastic buckling .";6;830;nonlinear deflections of shallow spherical shells .;26.56100171638651;False
160;"compressive circumferential stresses in a torispherical shell reveal
the possibility of buckling under internal pressure . has anyone
investigated for which ranges of shell parameters these stresses are
sufficiently large to cause elastic buckling .";7;890;comments on 'thermal buckling of clamped cylindrical shells' .;26.072539385579184;False
160;"compressive circumferential stresses in a torispherical shell reveal
the possibility of buckling under internal pressure . has anyone
investigated for which ranges of shell parameters these stresses are
sufficiently large to cause elastic buckling .";8;740;"the behaviour of a cylindrical shell under axial compression
when the buckling load has been exceeded .";26.055383819925982;False
160;"compressive circumferential stresses in a torispherical shell reveal
the possibility of buckling under internal pressure . has anyone
investigated for which ranges of shell parameters these stresses are
sufficiently large to cause elastic buckling .";9;1012;"principles of creep buckling weight-strength analysis
of aircraft structures .";24.773794639123597;False
160;"compressive circumferential stresses in a torispherical shell reveal
the possibility of buckling under internal pressure . has anyone
investigated for which ranges of shell parameters these stresses are
sufficiently large to cause elastic buckling .";10;1145;"buckling of core-stabilized cylinders under axisymmetric external
loads .";23.782465023680007;False
161;"is there an integral method to give a single and sufficiently accurate
method of calculating the laminar separate point for various
incompressible and compressible boundary layers with zero heat transfer .";1;1386;"analysis and calculation by integral methods of laminar
compressible boundary layer with heat transfer and
with and without pressure gradient .";35.781925016004585;True
161;"is there an integral method to give a single and sufficiently accurate
method of calculating the laminar separate point for various
incompressible and compressible boundary layers with zero heat transfer .";2;54;"method for calculation of compressible laminar boundary
layer characteristics in axial pressure gradient with
zero heat transfer .";32.190557600763164;True
161;"is there an integral method to give a single and sufficiently accurate
method of calculating the laminar separate point for various
incompressible and compressible boundary layers with zero heat transfer .";3;1185;"an integral method for calculating heat and mass transfer
in laminar boundary layers .";29.995434808013744;False
161;"is there an integral method to give a single and sufficiently accurate
method of calculating the laminar separate point for various
incompressible and compressible boundary layers with zero heat transfer .";4;55;"separation, stability and other properties of compressible
laminar boundary layer with pressure gradient and heat
transfer .";25.37626521046672;True
161;"is there an integral method to give a single and sufficiently accurate
method of calculating the laminar separate point for various
incompressible and compressible boundary layers with zero heat transfer .";5;460;"correlated incompressible and compressible boundary
layers .";25.329772996738296;False
161;"is there an integral method to give a single and sufficiently accurate
method of calculating the laminar separate point for various
incompressible and compressible boundary layers with zero heat transfer .";6;145;"skin friction in the laminar boundary layer in compressible
flow .";25.19299093272725;False
161;"is there an integral method to give a single and sufficiently accurate
method of calculating the laminar separate point for various
incompressible and compressible boundary layers with zero heat transfer .";7;1192;"an integral method for calculation of supersonic laminar
boundary layer with heat transfer on yawed cone .";24.650561078046195;False
161;"is there an integral method to give a single and sufficiently accurate
method of calculating the laminar separate point for various
incompressible and compressible boundary layers with zero heat transfer .";8;784;"heat transfer through the laminar boundary layer on
a circular cylinder in axial incompressible flow .";23.225161851057816;False
161;"is there an integral method to give a single and sufficiently accurate
method of calculating the laminar separate point for various
incompressible and compressible boundary layers with zero heat transfer .";9;406;on the behaviour of boundary layers at supersonic speeds .;23.067519111216647;False
161;"is there an integral method to give a single and sufficiently accurate
method of calculating the laminar separate point for various
incompressible and compressible boundary layers with zero heat transfer .";10;135;"the calculation of wall shearing stress from heat-transfer measurements
in compressible flows .";22.86287478187279;False
162;"what accurate or exact solutions of the laminar separation point for
various incompressible and compressible boundary layers with zero heat
transfer are available .";1;460;"correlated incompressible and compressible boundary
layers .";28.309260227062104;True
162;"what accurate or exact solutions of the laminar separation point for
various incompressible and compressible boundary layers with zero heat
transfer are available .";2;55;"separation, stability and other properties of compressible
laminar boundary layer with pressure gradient and heat
transfer .";27.653179422146266;False
162;"what accurate or exact solutions of the laminar separation point for
various incompressible and compressible boundary layers with zero heat
transfer are available .";3;1386;"analysis and calculation by integral methods of laminar
compressible boundary layer with heat transfer and
with and without pressure gradient .";25.21711799367887;False
162;"what accurate or exact solutions of the laminar separation point for
various incompressible and compressible boundary layers with zero heat
transfer are available .";4;489;"on calculation of the laminar separation point and
results of certain flows .";24.78049971051745;False
162;"what accurate or exact solutions of the laminar separation point for
various incompressible and compressible boundary layers with zero heat
transfer are available .";5;54;"method for calculation of compressible laminar boundary
layer characteristics in axial pressure gradient with
zero heat transfer .";24.367151343750223;True
162;"what accurate or exact solutions of the laminar separation point for
various incompressible and compressible boundary layers with zero heat
transfer are available .";6;461;"approximate methods fore predicting separation properties
of laminar boundary layers .";23.93383868056868;True
162;"what accurate or exact solutions of the laminar separation point for
various incompressible and compressible boundary layers with zero heat
transfer are available .";7;1109;"unsteady laminar compressible boundary layers on an
infinite plate with suction or injection .";23.65037226400988;False
162;"what accurate or exact solutions of the laminar separation point for
various incompressible and compressible boundary layers with zero heat
transfer are available .";8;135;"the calculation of wall shearing stress from heat-transfer measurements
in compressible flows .";23.523699636994408;False
162;"what accurate or exact solutions of the laminar separation point for
various incompressible and compressible boundary layers with zero heat
transfer are available .";9;62;"similar solutions for the compressible laminar boundary
layer with heat transfer and pressure gradient .";23.454514622010322;False
162;"what accurate or exact solutions of the laminar separation point for
various incompressible and compressible boundary layers with zero heat
transfer are available .";10;366;"helium injection into the boundary layer at an axisymmetric
stagnation point .";22.96570581781805;False
163;"can the hypersonic similarity results be applied to the technique of
predicting surface pressures of an ogive forebody at angle of attack .";1;492;prediction of ogive-forebody pressures at angles of attack .;36.425776179579536;False
163;"can the hypersonic similarity results be applied to the technique of
predicting surface pressures of an ogive forebody at angle of attack .";2;232;"accuracy of approximate methods for predicting pressure
on pointed non-lifting bodies of revolution in supersonic
flow .";28.14763528741984;False
163;"can the hypersonic similarity results be applied to the technique of
predicting surface pressures of an ogive forebody at angle of attack .";3;56;"an analysis of the applicability of the hypersonic
similarity law to the study of the flow about bodies
of revolution at zero angle of attack .";26.305020507465134;True
163;"can the hypersonic similarity results be applied to the technique of
predicting surface pressures of an ogive forebody at angle of attack .";4;57;"applicability of the hypersonic similarity rule to
pressure distributions which include the effects of
rotation for bodies of revolution at zero angle of
attack .";25.90631563248157;True
163;"can the hypersonic similarity results be applied to the technique of
predicting surface pressures of an ogive forebody at angle of attack .";5;37;"a new technique for investigating heat transfer and
surface phenomena under hypersonic flow conditions .";22.0425283299078;False
163;"can the hypersonic similarity results be applied to the technique of
predicting surface pressures of an ogive forebody at angle of attack .";6;124;"a summary of the supersonic pressure drag of bodies
of revolution .";21.406899184731074;False
163;"can the hypersonic similarity results be applied to the technique of
predicting surface pressures of an ogive forebody at angle of attack .";7;973;"interaction effects produced by jet exhausting laterally near base of
ogive-cylinder model in supersonic main stream .";21.324255210274412;False
163;"can the hypersonic similarity results be applied to the technique of
predicting surface pressures of an ogive forebody at angle of attack .";8;1311;"some simple solutions to the problem of predicting
boundary layer self-induced pressures .";21.18942287144392;False
163;"can the hypersonic similarity results be applied to the technique of
predicting surface pressures of an ogive forebody at angle of attack .";9;434;"contributions of the wing panels to the forces and
moments of supersonic wing-body combinations at combined
angles .";20.5174733429777;False
163;"can the hypersonic similarity results be applied to the technique of
predicting surface pressures of an ogive forebody at angle of attack .";10;1231;hypersonic flow over an elliptic cone: theory and experiment .;19.745856401096145;False
164;what determines the onset of shock-induced boundary-layer separation .;1;311;"a method for predicting the onset of buffeting and other separation
effects from wind tunnel tests on rigid models .";18.562476977710567;True
164;what determines the onset of shock-induced boundary-layer separation .;2;1187;"shock-induced boundary layer separation in overexpanded conical exhaust
nozzles .";15.960964756499191;False
164;what determines the onset of shock-induced boundary-layer separation .;3;265;"some instabilities arising from the interaction between
shock waves and boundary layer .";15.868594826254729;False
164;what determines the onset of shock-induced boundary-layer separation .;4;415;the aerodynamic design of section shapes for swept wings .;14.735082944455986;True
164;what determines the onset of shock-induced boundary-layer separation .;5;416;"methods of boundary-layer control for postponing and alleviating
buffeting and other effects of shock-induced separation .";13.412711902012996;True
164;what determines the onset of shock-induced boundary-layer separation .;6;503;"theoretical prediction of the transonic characteristics
of airfoils .";13.278329471959653;False
164;what determines the onset of shock-induced boundary-layer separation .;7;358;"on the model of the free shock separation, turbulent
boundary layer .";12.813165050283922;False
164;what determines the onset of shock-induced boundary-layer separation .;8;316;"the occurrence and development of boundary layer separations at high
incidences and high speeds .";12.440313478536833;True
164;what determines the onset of shock-induced boundary-layer separation .;9;1268;"stable combustion of a high-velocity gas in a heated
boundary layer .";11.688631861434454;False
164;what determines the onset of shock-induced boundary-layer separation .;10;291;"sweepback effects in the turbulent boundary-layer shock-wave
interaction .";11.626249160881443;False
165;"are the stable profiles of a compressible boundary layer induced by a
moving wave known .";1;504;"stability of compressible boundary layers induced by
a moving wave .";25.566053001137192;False
165;"are the stable profiles of a compressible boundary layer induced by a
moving wave known .";2;71;"laminar boundary layer behind shock advancing into
stationary fluid .";19.167252645618095;True
165;"are the stable profiles of a compressible boundary layer induced by a
moving wave known .";3;569;"an experimental investigation of leading edge shock wave boundary layer
interaction at mach 5.8 .";15.443988196620559;False
165;"are the stable profiles of a compressible boundary layer induced by a
moving wave known .";4;72;"boundary layer behind shock or thin expansion wave
moving into stationary fluid .";15.385253945548385;True
165;"are the stable profiles of a compressible boundary layer induced by a
moving wave known .";5;209;boundary layer induced noise in the interior of aircraft .;15.149976697526487;False
165;"are the stable profiles of a compressible boundary layer induced by a
moving wave known .";6;663;viscous flow along a flat plate moving at high speeds .;14.648205262776703;False
165;"are the stable profiles of a compressible boundary layer induced by a
moving wave known .";7;1375;"an approximate solution for the axisymmetric jet of a laminar
compressible fluid .";14.506037533424305;False
165;"are the stable profiles of a compressible boundary layer induced by a
moving wave known .";8;978;temperature profiles inafinite solid with moving boundary .;14.182964350822907;False
165;"are the stable profiles of a compressible boundary layer induced by a
moving wave known .";9;1276;"a three-dimensional linearized analysis of the forces
exerted on a rigid wing by a shock wave .";13.27421362868437;False
165;"are the stable profiles of a compressible boundary layer induced by a
moving wave known .";10;383;"integration of the boundary layer equations for a plane in compressible
flow with heat transfer .";11.866784420299991;False
166;"are there experimental results on the stability of a compressible
boundary layer induced by a moving wave .";1;504;"stability of compressible boundary layers induced by
a moving wave .";27.118124848132776;False
166;"are there experimental results on the stability of a compressible
boundary layer induced by a moving wave .";2;663;viscous flow along a flat plate moving at high speeds .;17.292941580343456;False
166;"are there experimental results on the stability of a compressible
boundary layer induced by a moving wave .";3;209;boundary layer induced noise in the interior of aircraft .;16.26036775134951;False
166;"are there experimental results on the stability of a compressible
boundary layer induced by a moving wave .";4;334;"influence of the leading-edge shock wave on the laminar boundary layer
at hypersonic speeds .";16.22939975512892;False
166;"are there experimental results on the stability of a compressible
boundary layer induced by a moving wave .";5;569;"an experimental investigation of leading edge shock wave boundary layer
interaction at mach 5.8 .";15.927045820048365;False
166;"are there experimental results on the stability of a compressible
boundary layer induced by a moving wave .";6;72;"boundary layer behind shock or thin expansion wave
moving into stationary fluid .";15.385253945548385;False
166;"are there experimental results on the stability of a compressible
boundary layer induced by a moving wave .";7;71;"laminar boundary layer behind shock advancing into
stationary fluid .";15.365441258685971;False
166;"are there experimental results on the stability of a compressible
boundary layer induced by a moving wave .";8;55;"separation, stability and other properties of compressible
laminar boundary layer with pressure gradient and heat
transfer .";14.439322339219366;False
166;"are there experimental results on the stability of a compressible
boundary layer induced by a moving wave .";9;36;supersonic flow around blunt bodies .;14.412155651086033;False
166;"are there experimental results on the stability of a compressible
boundary layer induced by a moving wave .";10;1276;"a three-dimensional linearized analysis of the forces
exerted on a rigid wing by a shock wave .";14.049720008361989;False
167;"exact solution methods for calculating the ablative mass loss of a
material ablating at high temperatures in a hypersonic flight
environment .";1;553;"ablation of glassy materials around blunt bodies of
revolution .";24.72522788358704;False
167;"exact solution methods for calculating the ablative mass loss of a
material ablating at high temperatures in a hypersonic flight
environment .";2;1279;sublimation in a hypersonic environment .;20.15072692847919;False
167;"exact solution methods for calculating the ablative mass loss of a
material ablating at high temperatures in a hypersonic flight
environment .";3;274;"analysis of quartz and teflon shields for a particular
re-entry mission .";16.819123978909186;True
167;"exact solution methods for calculating the ablative mass loss of a
material ablating at high temperatures in a hypersonic flight
environment .";4;1098;"an experimental investigation of ablating material
at low and high enthalpy potentials .";16.623959463107415;False
167;"exact solution methods for calculating the ablative mass loss of a
material ablating at high temperatures in a hypersonic flight
environment .";5;1100;an analytical investigation of ablation .;16.0060306725334;False
167;"exact solution methods for calculating the ablative mass loss of a
material ablating at high temperatures in a hypersonic flight
environment .";6;1043;on transverse vibrations of thin, shallow elastic shells .;15.995916934180471;False
167;"exact solution methods for calculating the ablative mass loss of a
material ablating at high temperatures in a hypersonic flight
environment .";7;82;"theoretical investigation of the ablation of a glass-type
heat protection shield of varied material properties
at the stagnation point of a re-entering irbm .";15.392877536444665;True
167;"exact solution methods for calculating the ablative mass loss of a
material ablating at high temperatures in a hypersonic flight
environment .";8;1147;"heat transfer to bodies traveling at high speed in the upper
atmosphere .";14.93135939351319;False
167;"exact solution methods for calculating the ablative mass loss of a
material ablating at high temperatures in a hypersonic flight
environment .";9;1157;hypersonic shock tunnel .;14.882385491980765;False
167;"exact solution methods for calculating the ablative mass loss of a
material ablating at high temperatures in a hypersonic flight
environment .";10;1241;"the turbulent boundary layer on chemically active ablating
surfaces .";13.869184065711455;False
168;"what approximate solutions are known to the direct problem of transonic
flow in the throat of a nozzle,  i.e. finding the flow in a given
nozzle .";1;750;"transonic flow in two dimensional and axially symmetrical
nozzles .";22.299697861594623;False
168;"what approximate solutions are known to the direct problem of transonic
flow in the throat of a nozzle,  i.e. finding the flow in a given
nozzle .";2;118;"the transonic flow of a compressible fluid through
an axially symmetrical nozzle .";20.64903444672027;False
168;"what approximate solutions are known to the direct problem of transonic
flow in the throat of a nozzle,  i.e. finding the flow in a given
nozzle .";3;410;"the supersonic flow about a blunt body of revolution
for gases at chemical equilibrium .";19.73640677292799;False
168;"what approximate solutions are known to the direct problem of transonic
flow in the throat of a nozzle,  i.e. finding the flow in a given
nozzle .";4;157;the hodographic transformation in transonic flow .;16.131812144128446;False
168;"what approximate solutions are known to the direct problem of transonic
flow in the throat of a nozzle,  i.e. finding the flow in a given
nozzle .";5;1224;on the plk method and the supersonic blunt-body problem .;15.15733750000111;False
168;"what approximate solutions are known to the direct problem of transonic
flow in the throat of a nozzle,  i.e. finding the flow in a given
nozzle .";6;965;analytic determination of discharge coefficients of flow nozzles .;14.837006943128152;False
168;"what approximate solutions are known to the direct problem of transonic
flow in the throat of a nozzle,  i.e. finding the flow in a given
nozzle .";7;341;"the analytical design of an axially symmetric laval
nozzle for a parallel and uniform jet .";14.48563346751274;False
168;"what approximate solutions are known to the direct problem of transonic
flow in the throat of a nozzle,  i.e. finding the flow in a given
nozzle .";8;404;two dimensional transonic flow past airfoils .;14.067767578064142;False
168;"what approximate solutions are known to the direct problem of transonic
flow in the throat of a nozzle,  i.e. finding the flow in a given
nozzle .";9;1280;wings with minimum drag due to lift in supersonic flow .;14.003543676795132;False
168;"what approximate solutions are known to the direct problem of transonic
flow in the throat of a nozzle,  i.e. finding the flow in a given
nozzle .";10;1273;"magnetohydrodynamic effects on the formation of couette,
flow .";13.849960815070373;False
169;"what approximate solutions are known to the indirect problem of
transonic flow in the throat of a nozzle,  i.e. finding a nozzle which
has a given axial velocity distribution .";1;750;"transonic flow in two dimensional and axially symmetrical
nozzles .";24.22776801640937;False
169;"what approximate solutions are known to the indirect problem of
transonic flow in the throat of a nozzle,  i.e. finding a nozzle which
has a given axial velocity distribution .";2;118;"the transonic flow of a compressible fluid through
an axially symmetrical nozzle .";21.850772056004395;True
169;"what approximate solutions are known to the indirect problem of
transonic flow in the throat of a nozzle,  i.e. finding a nozzle which
has a given axial velocity distribution .";3;157;the hodographic transformation in transonic flow .;20.34979098725386;True
169;"what approximate solutions are known to the indirect problem of
transonic flow in the throat of a nozzle,  i.e. finding a nozzle which
has a given axial velocity distribution .";4;1280;wings with minimum drag due to lift in supersonic flow .;19.19183009058757;False
169;"what approximate solutions are known to the indirect problem of
transonic flow in the throat of a nozzle,  i.e. finding a nozzle which
has a given axial velocity distribution .";5;985;"a rapid approximate method for the design of hub shroud profiles of
centrifugal impellers of given blade shape .";18.41367197366602;False
169;"what approximate solutions are known to the indirect problem of
transonic flow in the throat of a nozzle,  i.e. finding a nozzle which
has a given axial velocity distribution .";6;341;"the analytical design of an axially symmetric laval
nozzle for a parallel and uniform jet .";17.44411747663521;False
169;"what approximate solutions are known to the indirect problem of
transonic flow in the throat of a nozzle,  i.e. finding a nozzle which
has a given axial velocity distribution .";7;458;"a new series for calculation of steady laminar boundary
layer flows .";16.862226274495395;False
169;"what approximate solutions are known to the indirect problem of
transonic flow in the throat of a nozzle,  i.e. finding a nozzle which
has a given axial velocity distribution .";8;965;analytic determination of discharge coefficients of flow nozzles .;16.782052380920835;False
169;"what approximate solutions are known to the indirect problem of
transonic flow in the throat of a nozzle,  i.e. finding a nozzle which
has a given axial velocity distribution .";9;4;"approximate solutions of the incompressible laminar
boundary layer equations for a plate in shear flow .";16.68573419366403;False
169;"what approximate solutions are known to the indirect problem of
transonic flow in the throat of a nozzle,  i.e. finding a nozzle which
has a given axial velocity distribution .";10;1072;ignition and combustion in a laminar mixing zone .;16.667806969416745;False
17;"can the three-dimensional problem of a transverse potential flow about
a body of revolution be reduced to a two-dimensional problem .";1;106;the transverse potential flow past a body of revolution .;21.14638153961057;True
17;"can the three-dimensional problem of a transverse potential flow about
a body of revolution be reduced to a two-dimensional problem .";2;1108;a study of second-order supersonic flow theory .;20.876798102024942;False
17;"can the three-dimensional problem of a transverse potential flow about
a body of revolution be reduced to a two-dimensional problem .";3;916;"the flow around oscillating low aspect ratio wings at transonic
speeds .";19.76958266237533;False
17;"can the three-dimensional problem of a transverse potential flow about
a body of revolution be reduced to a two-dimensional problem .";4;1301;compressible boundary layers on bodies of revolution .;19.130467492928716;False
17;"can the three-dimensional problem of a transverse potential flow about
a body of revolution be reduced to a two-dimensional problem .";5;498;"calculation of potential flow about bodies of revolution
having axes perpendicular to the free-stream direction .";17.75777960984854;False
17;"can the three-dimensional problem of a transverse potential flow about
a body of revolution be reduced to a two-dimensional problem .";6;801;"experimental study of the equivalence of transonic
flow about slender cone-cylinders of circular and elliptic
cross section .";17.497670441370165;False
17;"can the three-dimensional problem of a transverse potential flow about
a body of revolution be reduced to a two-dimensional problem .";7;410;"the supersonic flow about a blunt body of revolution
for gases at chemical equilibrium .";16.819992322529025;False
17;"can the three-dimensional problem of a transverse potential flow about
a body of revolution be reduced to a two-dimensional problem .";8;266;"exact solution of the neumann problem . calculation
for non- circulatory plane and axially symmetric flows
about or within arbitrary boundaries .";16.42214649629644;False
17;"can the three-dimensional problem of a transverse potential flow about
a body of revolution be reduced to a two-dimensional problem .";9;700;two and three-dimensional unsteady lift problems in high speed flight .;16.401492104673796;False
17;"can the three-dimensional problem of a transverse potential flow about
a body of revolution be reduced to a two-dimensional problem .";10;1255;the flow about a charged body moving in the lower atmosphere .;16.31462490231308;False
170;"why do users of orthodox pitot-static tubes often find that the
calibrations appear to be,. - (a) significantly different from those formerly
specified,  (b) wildly variable at low reynolds numbers .";1;139;viscous effects on pitot tubes at low speeds .;28.17333112941006;True
170;"why do users of orthodox pitot-static tubes often find that the
calibrations appear to be,. - (a) significantly different from those formerly
specified,  (b) wildly variable at low reynolds numbers .";2;904;"calibration of the standard pitot-static head used
in the rae low speed wind tunnels .";27.7291901308389;True
170;"why do users of orthodox pitot-static tubes often find that the
calibrations appear to be,. - (a) significantly different from those formerly
specified,  (b) wildly variable at low reynolds numbers .";3;1082;"the flow past pitot tube at low reynolds numbers, part 1-dash the
numerical solution of the navier-stokes equations for steady viscous
axisymmetric flow, part 2-dash the effects of viscosity and orifice
size on a pitot tube at low reynolds numbers .";24.90787503337569;False
170;"why do users of orthodox pitot-static tubes often find that the
calibrations appear to be,. - (a) significantly different from those formerly
specified,  (b) wildly variable at low reynolds numbers .";4;238;"on a determination of the pitot-static tube factor
at low reynolds numbers, with special reference to
the measurement of low air speeds .";23.776268366210264;True
170;"why do users of orthodox pitot-static tubes often find that the
calibrations appear to be,. - (a) significantly different from those formerly
specified,  (b) wildly variable at low reynolds numbers .";5;315;"scale effects at high subsonic and transonic speeds
and methods for fixing transition in model experiments .";21.819083750799816;False
170;"why do users of orthodox pitot-static tubes often find that the
calibrations appear to be,. - (a) significantly different from those formerly
specified,  (b) wildly variable at low reynolds numbers .";6;239;"design and calibration at low speeds of a static tube
and a pitot-static tube with semi-ellipsoidal nose
shapes .";21.12997396341275;True
170;"why do users of orthodox pitot-static tubes often find that the
calibrations appear to be,. - (a) significantly different from those formerly
specified,  (b) wildly variable at low reynolds numbers .";7;893;"a new design of pitot-static tube with a discussion
of pitot-static tubes and their calibration factors .";20.979936022678945;False
170;"why do users of orthodox pitot-static tubes often find that the
calibrations appear to be,. - (a) significantly different from those formerly
specified,  (b) wildly variable at low reynolds numbers .";8;905;comparative tests of pitot-static tubes .;20.321024894606083;False
170;"why do users of orthodox pitot-static tubes often find that the
calibrations appear to be,. - (a) significantly different from those formerly
specified,  (b) wildly variable at low reynolds numbers .";9;1264;"boundary layer transition and heat transfer in shock
tubes .";18.83533338077123;False
170;"why do users of orthodox pitot-static tubes often find that the
calibrations appear to be,. - (a) significantly different from those formerly
specified,  (b) wildly variable at low reynolds numbers .";10;213;the performance of supersonic turbine nozzles .;18.771537516314666;False
171;"has a comparison been made between interference-free drag measurements
using free-flight models and similar measurements made in a low-blockage
wind tunnel .";1;516;"free-flight measurements of the dynamic longitudinal
stability characteristics of a wind tunnel interference
model (m=0 .92 to 1. 35) .";39.98044768505937;False
171;"has a comparison been made between interference-free drag measurements
using free-flight models and similar measurements made in a low-blockage
wind tunnel .";2;431;"free-flight measurements of the zero-lift drag and
base pressure on a wind tunnel interference model (m=0 .
8 - 1. 5) .";36.75592162942845;True
171;"has a comparison been made between interference-free drag measurements
using free-flight models and similar measurements made in a low-blockage
wind tunnel .";3;252;"an investigation of interference effects on similar models of
different size in various transonic tunnels in the u.k. .";28.96451942227828;True
171;"has a comparison been made between interference-free drag measurements
using free-flight models and similar measurements made in a low-blockage
wind tunnel .";4;141;free-flight techniques for high speed aerodynamic research .;24.483426756622286;True
171;"has a comparison been made between interference-free drag measurements
using free-flight models and similar measurements made in a low-blockage
wind tunnel .";5;904;"calibration of the standard pitot-static head used
in the rae low speed wind tunnels .";24.43214547832843;False
171;"has a comparison been made between interference-free drag measurements
using free-flight models and similar measurements made in a low-blockage
wind tunnel .";6;755;"oscillatory derivative measurements on sting-mounted
wind tunnel models method of test and results for pitch
and yaw on a cambered ogee wing at mach numbers up
to 2. 6.";23.021505457840014;False
171;"has a comparison been made between interference-free drag measurements
using free-flight models and similar measurements made in a low-blockage
wind tunnel .";7;230;"interference between the wings and tail plane of a
slender wing-body tailplane combination .";21.572523733030206;False
171;"has a comparison been made between interference-free drag measurements
using free-flight models and similar measurements made in a low-blockage
wind tunnel .";8;800;wall interference at transonic speeds on a hemisphere cylinder model .;21.375104238005143;False
171;"has a comparison been made between interference-free drag measurements
using free-flight models and similar measurements made in a low-blockage
wind tunnel .";9;1074;"theoretical and experimental investigation of second-order supersonic
wing-body interference .";21.326735473769418;False
171;"has a comparison been made between interference-free drag measurements
using free-flight models and similar measurements made in a low-blockage
wind tunnel .";10;799;"some effects of wind-tunnel interference observed in tests on
two-dimensional aerofoils at high subsonic and transonic speeds .";21.30039748304781;False
172;solution of the blasius problem with three-point boundary conditions .;1;320;"comment on improved numerical solution of the blasius problem with
three-point boundary conditions .";27.268451371305748;True
172;solution of the blasius problem with three-point boundary conditions .;2;322;"on the numerical solution of the blasius problem with three-point
boundary conditions .";25.513927062302248;True
172;solution of the blasius problem with three-point boundary conditions .;3;527;"note on the three-point boundary layer problem for
the blasius equations .";25.14183645798224;False
172;solution of the blasius problem with three-point boundary conditions .;4;321;"improved numerical solution of the blasius problem with three-point
boundary conditions .";24.737998949932027;True
172;solution of the blasius problem with three-point boundary conditions .;5;476;the blasius equation with three-point boundary conditions .;18.88463637295291;True
172;solution of the blasius problem with three-point boundary conditions .;6;478;"tabulation of the blasius function with blowing and
suction .";17.34966881495853;False
172;solution of the blasius problem with three-point boundary conditions .;7;1235;"a theory of the two dimensional laminar bounary layer
over a curved surface .";14.190769927877017;False
172;solution of the blasius problem with three-point boundary conditions .;8;1370;some remarks on the flat plate boundary layer .;13.935182714694779;False
172;solution of the blasius problem with three-point boundary conditions .;9;107;on the mixing of two parallel streams .;11.619772956221892;False
172;solution of the blasius problem with three-point boundary conditions .;10;934;"stability of cylindrical and conical shells of circular
cross section, with simultaneous action of axial compression
and external normal pressure .";11.28525849470772;False
173;"references on lyapunov's method on the stability of linear
differential equations with periodic coefficients .";1;451;liapunov's methods in automatic control theory .;27.663299846212993;True
173;"references on lyapunov's method on the stability of linear
differential equations with periodic coefficients .";2;367;"control system and analysis and design via the second method of
lyapunov .";26.890343760575725;True
173;"references on lyapunov's method on the stability of linear
differential equations with periodic coefficients .";3;532;"pitch-yaw stability of a missile oscillating in roll
via the second method of lyapunov .";22.701220239205792;False
173;"references on lyapunov's method on the stability of linear
differential equations with periodic coefficients .";4;956;"elastic stability of simply supported corrugated core
sand- wich cylinders .";14.925803078050931;False
173;"references on lyapunov's method on the stability of linear
differential equations with periodic coefficients .";5;931;stability equations for conical shells .;14.679745954114313;False
173;"references on lyapunov's method on the stability of linear
differential equations with periodic coefficients .";6;703;general airfoil theory .;13.82251371636572;False
173;"references on lyapunov's method on the stability of linear
differential equations with periodic coefficients .";7;91;periodic temperature distribution in a two-layer composite slab .;13.282337849702266;False
173;"references on lyapunov's method on the stability of linear
differential equations with periodic coefficients .";8;1088;"iterative methods for solving partial difference equations of elliptic
type .";12.8559891645119;False
173;"references on lyapunov's method on the stability of linear
differential equations with periodic coefficients .";9;1054;"iterative solutions for the non-linear bending of circular
plates .";12.839024338819428;False
173;"references on lyapunov's method on the stability of linear
differential equations with periodic coefficients .";10;1047;the bending strength of pressurized cylinders .;12.752182306660018;False
174;"obtain all papers and reports that contain shock detachment distance
data .";1;483;"stagnation point shock detachment distance for flow
around spheres and cylinder .";17.218256701607906;False
174;"obtain all papers and reports that contain shock detachment distance
data .";2;35;stagnation point of a blunt body in hypersonic flow .;16.79880763024249;False
174;"obtain all papers and reports that contain shock detachment distance
data .";3;1274;real gas effects in flow over blunt bodies at hypersonic speeds .;15.496429351378236;False
174;"obtain all papers and reports that contain shock detachment distance
data .";4;1319;real gas effects in flow over blunt bodies at hypersonic speeds .;15.368674014117989;False
174;"obtain all papers and reports that contain shock detachment distance
data .";5;533;"stagnation-point shock-detachment distance for flow
around spheres and cylinders in air .";15.294570322149918;False
174;"obtain all papers and reports that contain shock detachment distance
data .";6;501;"stagnation-point shock detachment of blunt bodies in
supersonic flow .";13.920266009510401;False
174;"obtain all papers and reports that contain shock detachment distance
data .";7;1257;an optical boundary-layer probe .;12.852801875758141;False
174;"obtain all papers and reports that contain shock detachment distance
data .";8;1151;experiments on supersonic blunt-body flows .;12.825594781883346;False
174;"obtain all papers and reports that contain shock detachment distance
data .";9;1390;"on the numerical calculation of detached bow shock
waves in hypersonic flow .";12.422291789298535;False
174;"obtain all papers and reports that contain shock detachment distance
data .";10;411;"data on shape and location of detached shock waves
in cones and sphere .";11.635159676239615;True
175;work on flow in channels at low reynolds numbers .;1;941;"viscous compressible and incompressible flow in slender
channels .";17.52808860435032;False
175;work on flow in channels at low reynolds numbers .;2;139;viscous effects on pitot tubes at low speeds .;14.997828249830324;False
175;work on flow in channels at low reynolds numbers .;3;1080;viscous flow round a sphere at low reynolds numbers . /l40/ .;14.593604178736353;False
175;work on flow in channels at low reynolds numbers .;4;1221;"steady flow of conducting fluids in channels under
transverse magnetic fields, with consideration of hall
effect .";12.50275874534288;False
175;work on flow in channels at low reynolds numbers .;5;666;blunt body heat transfer at hypersonic speed and low reynolds numbers .;12.449548063140305;False
175;work on flow in channels at low reynolds numbers .;6;238;"on a determination of the pitot-static tube factor
at low reynolds numbers, with special reference to
the measurement of low air speeds .";12.266684392085523;False
175;work on flow in channels at low reynolds numbers .;7;1082;"the flow past pitot tube at low reynolds numbers, part 1-dash the
numerical solution of the navier-stokes equations for steady viscous
axisymmetric flow, part 2-dash the effects of viscosity and orifice
size on a pitot tube at low reynolds numbers .";12.25438261072907;False
175;work on flow in channels at low reynolds numbers .;8;351;"thermal distributions in jeffrey-hamel flows between nonparallel plane
walls .";12.01320055841822;True
175;work on flow in channels at low reynolds numbers .;9;1191;"heat transfer to a hemisphere-cylinder at low reynolds
numbers .";11.837032992019381;False
175;work on flow in channels at low reynolds numbers .;10;491;"on the close relationship between turbulent plane-couette
and pressure flows .";11.80629836094603;False
176;"some approximate analytical heat conduction solutions using methods
other than biot's principle .";1;542;biot's variational principle in heat conduction .;26.62862837809315;False
176;"some approximate analytical heat conduction solutions using methods
other than biot's principle .";2;963;a variational principle for convection of heat .;20.467572586688547;False
176;"some approximate analytical heat conduction solutions using methods
other than biot's principle .";3;1073;"a practical method for numerical evaluation of solutions
of partial differential equations of the heat-conduction
type .";17.505027875544755;False
176;"some approximate analytical heat conduction solutions using methods
other than biot's principle .";4;869;"the calculation of transient temperature in turbine
blades and tapered discs using biot's variational method .";17.453411893030456;False
176;"some approximate analytical heat conduction solutions using methods
other than biot's principle .";5;586;"an approximate treatment of unsteady heat conduction
in semi-infinite solids with variable thermal properties .";16.933257254347087;True
176;"some approximate analytical heat conduction solutions using methods
other than biot's principle .";6;1375;"an approximate solution for the axisymmetric jet of a laminar
compressible fluid .";15.706923425850867;False
176;"some approximate analytical heat conduction solutions using methods
other than biot's principle .";7;767;"mathematical techniques applying to the thermal fatigue behaviour
of high temperature alloys .";14.970176789443002;False
176;"some approximate analytical heat conduction solutions using methods
other than biot's principle .";8;981;"solutions to the heat-conduction equation with time dependent boundary
conditions .";14.759600083979144;False
176;"some approximate analytical heat conduction solutions using methods
other than biot's principle .";9;461;"approximate methods fore predicting separation properties
of laminar boundary layers .";14.2451517815252;False
176;"some approximate analytical heat conduction solutions using methods
other than biot's principle .";10;307;"an approximate solution of hypersonic laminar boundary
layer equations and its application .";13.921010530633758;False
177;"what mode of stalling can be expected for each stage of an axial
compressor .";1;543;"the stacking of compressor stage characteristics to
give an overall compressor performance map .";21.595163965771956;False
177;"what mode of stalling can be expected for each stage of an axial
compressor .";2;590;"effects of stage characteristics and matching on axial flow compressor
performance .";21.172250688759263;True
177;"what mode of stalling can be expected for each stage of an axial
compressor .";3;588;compressor operation with one or more blade rows stalled .;20.574386673291528;True
177;"what mode of stalling can be expected for each stage of an axial
compressor .";4;589;some stall and surge phenomena in axial flow compressors .;19.16297863974314;True
177;"what mode of stalling can be expected for each stage of an axial
compressor .";5;216;the supersonic axial flow compressor .;18.75293596275571;False
177;"what mode of stalling can be expected for each stage of an axial
compressor .";6;426;"preliminary analysis of axial flow compressors having
supersonic velocity at the entrance of the stator .";18.394146012247912;False
177;"what mode of stalling can be expected for each stage of an axial
compressor .";7;237;a compressor routine test code .;17.9946841995048;False
177;"what mode of stalling can be expected for each stage of an axial
compressor .";8;138;wakes in axial compressors .;17.921388750070257;False
177;"what mode of stalling can be expected for each stage of an axial
compressor .";9;576;"viscous and inviscid stagnation flow in a dissociated hypervelocity free
 stream .";17.18919163202462;False
177;"what mode of stalling can be expected for each stage of an axial
compressor .";10;214;on the testing of supersonic compressor cascades .;14.858944641581088;False
178;"has a criterion been established for determining the axial compressor
choking line .";1;216;the supersonic axial flow compressor .;15.545655133477124;False
178;"has a criterion been established for determining the axial compressor
choking line .";2;138;wakes in axial compressors .;15.255600244234984;False
178;"has a criterion been established for determining the axial compressor
choking line .";3;591;an approximate equation for the /choke line/ of a compressor .;14.74269650195695;True
178;"has a criterion been established for determining the axial compressor
choking line .";4;589;some stall and surge phenomena in axial flow compressors .;14.129090310101587;True
178;"has a criterion been established for determining the axial compressor
choking line .";5;511;"tunnel tests on a double cascade to determine the interaction
between the rotor and the nozzles of a supersonic turbine .";13.509565107432556;False
178;"has a criterion been established for determining the axial compressor
choking line .";6;590;"effects of stage characteristics and matching on axial flow compressor
performance .";12.498787114413101;True
178;"has a criterion been established for determining the axial compressor
choking line .";7;237;a compressor routine test code .;12.457109177748933;False
178;"has a criterion been established for determining the axial compressor
choking line .";8;543;"the stacking of compressor stage characteristics to
give an overall compressor performance map .";12.132173764597287;False
178;"has a criterion been established for determining the axial compressor
choking line .";9;31;thermal buckling of supersonic wing panels .;11.765301658206837;False
178;"has a criterion been established for determining the axial compressor
choking line .";10;1155;"some experimental investigations on the influence of wall boundary
layers upon wind tunnel measurements at high subsonic speeds .";11.572109820159207;False
179;"has a theory of quasi-conical flows been developed, in supersonic
linearised theory, for which the upwash distribution on the lifting
surface, apart from being a homogeneous function in the
co-ordinate, is permitted to have a quite general functional form .";1;633;"an extension of the method of generalised conical flows
for lifting wings in supersonic flow .";47.782244898119856;False
179;"has a theory of quasi-conical flows been developed, in supersonic
linearised theory, for which the upwash distribution on the lifting
surface, apart from being a homogeneous function in the
co-ordinate, is permitted to have a quite general functional form .";2;428;"the quasi-cylinder of specified thickness and shell
loading in supersonic flow .";30.968480836493228;False
179;"has a theory of quasi-conical flows been developed, in supersonic
linearised theory, for which the upwash distribution on the lifting
surface, apart from being a homogeneous function in the
co-ordinate, is permitted to have a quite general functional form .";3;682;the lift of twisted and cambered wings in supersonic flow .;29.74462388992268;True
179;"has a theory of quasi-conical flows been developed, in supersonic
linearised theory, for which the upwash distribution on the lifting
surface, apart from being a homogeneous function in the
co-ordinate, is permitted to have a quite general functional form .";4;680;generalized conical flow fields in supersonic wing theory .;28.30973115270917;True
179;"has a theory of quasi-conical flows been developed, in supersonic
linearised theory, for which the upwash distribution on the lifting
surface, apart from being a homogeneous function in the
co-ordinate, is permitted to have a quite general functional form .";5;224;"quasi-cylindrical surfaces with prescribed loadings
in the linearised theory of supersonic flow .";26.123715224720947;False
179;"has a theory of quasi-conical flows been developed, in supersonic
linearised theory, for which the upwash distribution on the lifting
surface, apart from being a homogeneous function in the
co-ordinate, is permitted to have a quite general functional form .";6;122;"a simplified approximate method for the calculation of the pressure
around conical bodies of arbitrary shape in supersonic and hypersonic
flow .";24.349225743002517;False
179;"has a theory of quasi-conical flows been developed, in supersonic
linearised theory, for which the upwash distribution on the lifting
surface, apart from being a homogeneous function in the
co-ordinate, is permitted to have a quite general functional form .";7;811;"an investigation of lifting effects on the intensity
of sonic booms .";22.443742134792917;False
179;"has a theory of quasi-conical flows been developed, in supersonic
linearised theory, for which the upwash distribution on the lifting
surface, apart from being a homogeneous function in the
co-ordinate, is permitted to have a quite general functional form .";8;49;"temperature and velocity profiles in the compressible
laminar boundary layer with arbitrary distribution
of surface temperature .";20.845771148254904;False
179;"has a theory of quasi-conical flows been developed, in supersonic
linearised theory, for which the upwash distribution on the lifting
surface, apart from being a homogeneous function in the
co-ordinate, is permitted to have a quite general functional form .";9;930;"general theory of large deflections of thin shells
with special applications to conical shells .";20.568424813224993;False
179;"has a theory of quasi-conical flows been developed, in supersonic
linearised theory, for which the upwash distribution on the lifting
surface, apart from being a homogeneous function in the
co-ordinate, is permitted to have a quite general functional form .";10;19;"an investigation of the pressure distribution on conical bodies in
hypersonic flows .";20.378271048654604;False
18;"are experimental pressure distributions on bodies of revolution at angle
of attack available .";1;248;"the application of lighthill formula for numerical
calculation of pressure distributions on bodies of
revolution at supersonic speed and zero angle of attack .";23.407540646818376;False
18;"are experimental pressure distributions on bodies of revolution at angle
of attack available .";2;197;"pressure distributions on three bodies of revolution
to determine the effect of reynolds number up to and
including the transonic speed range .";21.867137015450705;True
18;"are experimental pressure distributions on bodies of revolution at angle
of attack available .";3;56;"an analysis of the applicability of the hypersonic
similarity law to the study of the flow about bodies
of revolution at zero angle of attack .";21.347411172950324;False
18;"are experimental pressure distributions on bodies of revolution at angle
of attack available .";4;234;"a second order shock-expansion method applicable to
bodies of revolution near zero lift .";21.105410917649245;False
18;"are experimental pressure distributions on bodies of revolution at angle
of attack available .";5;498;"calculation of potential flow about bodies of revolution
having axes perpendicular to the free-stream direction .";20.462660472353;False
18;"are experimental pressure distributions on bodies of revolution at angle
of attack available .";6;57;"applicability of the hypersonic similarity rule to
pressure distributions which include the effects of
rotation for bodies of revolution at zero angle of
attack .";20.39496375558045;False
18;"are experimental pressure distributions on bodies of revolution at angle
of attack available .";7;232;"accuracy of approximate methods for predicting pressure
on pointed non-lifting bodies of revolution in supersonic
flow .";18.961853337010268;False
18;"are experimental pressure distributions on bodies of revolution at angle
of attack available .";8;1005;free-flight measurements of the static and dynamic .;17.480163208909467;False
18;"are experimental pressure distributions on bodies of revolution at angle
of attack available .";9;124;"a summary of the supersonic pressure drag of bodies
of revolution .";16.987002207248317;False
18;"are experimental pressure distributions on bodies of revolution at angle
of attack available .";10;122;"a simplified approximate method for the calculation of the pressure
around conical bodies of arbitrary shape in supersonic and hypersonic
flow .";16.38559921549355;False
180;how does scale height vary with altitude in an atmosphere .;1;548;"the contraction of satellite orbits under the influence
of air drag . pt .iv with scale height dependent on
altitude .";26.885884955819034;False
180;how does scale height vary with altitude in an atmosphere .;2;616;"determination of upper-atmosphere air density and scale height from
satellite observations .";21.629736679118686;True
180;how does scale height vary with altitude in an atmosphere .;3;617;"determination of upper-atmosphere air density profile from satellite
observations .";19.74467246690694;True
180;how does scale height vary with altitude in an atmosphere .;4;622;"scale height in the upper atmosphere, derived from changes in satellite
orbits .";17.870452623948488;True
180;how does scale height vary with altitude in an atmosphere .;5;613;"the contraction of satellite orbits under the influence of air drag
part i . with spherically symmetrical atmosphere .";16.517504557916126;False
180;how does scale height vary with altitude in an atmosphere .;6;1391;shock wave and flow field development in hypersonic re-entry .;14.917457723646912;False
180;how does scale height vary with altitude in an atmosphere .;7;614;the contraction of satellite orbits under the influence of air drag .;14.516675668212331;False
180;how does scale height vary with altitude in an atmosphere .;8;218;"intensity, scale and spectra of turbulence in mixing
region of free subsonic jet .";13.82757021150186;False
180;how does scale height vary with altitude in an atmosphere .;9;1324;"the effect on transition of isolated surface excrescences
in the boundary layer .";11.725295026184943;False
180;how does scale height vary with altitude in an atmosphere .;10;1103;pressures, densities and temperatures in the upper atmosphere .;11.222169651290887;False
181;"jet interference with supersonic flows
theoretical papers .";1;997;experimental and theoretical studies of axisymmetric free jets .;14.590050520511234;True
181;"jet interference with supersonic flows
theoretical papers .";2;993;"the extent of the jet interference flow fields .
jet effects on cylindrical afterbodies housing sonic and supersonic
nozzles which exhaust against a supersonic stream at angles of attack
from 90degree to 180degree .";13.08352541446653;False
181;"jet interference with supersonic flows
theoretical papers .";3;1074;"theoretical and experimental investigation of second-order supersonic
wing-body interference .";11.754062706217956;False
181;"jet interference with supersonic flows
theoretical papers .";4;1075;"an experimental and theoretical investigation of second-order supersonic
 wing-body interference, for a non-lifting body with wings at incidence .";11.70317693751699;False
181;"jet interference with supersonic flows
theoretical papers .";5;1374;"theoretical analysis of turbulent mixing of reactive
gases with application to supersonic combustion of
hydrogen .";11.408850934335742;False
181;"jet interference with supersonic flows
theoretical papers .";6;1151;experiments on supersonic blunt-body flows .;11.309856385634394;False
181;"jet interference with supersonic flows
theoretical papers .";7;409;"on the base pressure resulting from the interaction of a supersonic
external stream with a sonic or subsonic jet .";11.0812652595062;True
181;"jet interference with supersonic flows
theoretical papers .";8;1195;experiments with two-dimensional, transversely impinging jets .;10.945288847870888;False
181;"jet interference with supersonic flows
theoretical papers .";9;1093;"induced interference effects on jet and buried-fan
vtol configurations in transition .";10.611612967705053;False
181;"jet interference with supersonic flows
theoretical papers .";10;1350;"effects of jet billowing on stability of missile-type
bodies at mach 3. 85 .";10.602079562302194;False
182;"effects of leading-edge bluntness on the flutter characteristics of some
square-planform double-wedge airfoils at mach numbers less than 15.4.";1;634;"effects of leading edge bluntness on flutter characteristics
of some square- planform double-wedge airfoils at a
mach number of 15 .4.";64.38912188181233;False
182;"effects of leading-edge bluntness on the flutter characteristics of some
square-planform double-wedge airfoils at mach numbers less than 15.4.";2;685;"aerodynamic effects of some configuration variables
on the aeroelastic characteristics of lifting surfaces
at mach numbers from 0. 7 to 6. 86 .";57.296107608982325;True
182;"effects of leading-edge bluntness on the flutter characteristics of some
square-planform double-wedge airfoils at mach numbers less than 15.4.";3;1300;"some effects of bluntness on boundary layer transition
and heat transfer at supersonic speeds .";25.099962934306582;False
182;"effects of leading-edge bluntness on the flutter characteristics of some
square-planform double-wedge airfoils at mach numbers less than 15.4.";4;593;"theoretical considerations of flutter at high mach
number .";24.96756769001113;False
182;"effects of leading-edge bluntness on the flutter characteristics of some
square-planform double-wedge airfoils at mach numbers less than 15.4.";5;686;"flutter tests of some simple models at a mach number
of 7. 2 in helium flow .";23.757699628841845;True
182;"effects of leading-edge bluntness on the flutter characteristics of some
square-planform double-wedge airfoils at mach numbers less than 15.4.";6;712;"low-speed longitudinal aerodynamic characteristics associated with a
series of low-aspect ratio wings having variations in leading-edge
contour .";21.326144571720494;False
182;"effects of leading-edge bluntness on the flutter characteristics of some
square-planform double-wedge airfoils at mach numbers less than 15.4.";7;193;"a study of inviscid flow about air foils at high supersonic
speeds .";20.998994882471667;False
182;"effects of leading-edge bluntness on the flutter characteristics of some
square-planform double-wedge airfoils at mach numbers less than 15.4.";8;1290;"measured and calculated subsonic and transonic flutter
characteristics of a 45 sweptback wing planform in
air and in freon-12 in the langley transonic dynamics
tunnel .";20.32749855926218;False
182;"effects of leading-edge bluntness on the flutter characteristics of some
square-planform double-wedge airfoils at mach numbers less than 15.4.";9;201;"supersonic flow past oscillating airfoils including
nonlinear thickness effects .";19.965606633502205;False
182;"effects of leading-edge bluntness on the flutter characteristics of some
square-planform double-wedge airfoils at mach numbers less than 15.4.";10;757;"an investigation of the flow about a plane half-wing
of cropped delta planform and 6( symmetrical section
at stream mach numbers between 0. 8 and 1. 41 .";19.931217457078894;False
183;"what factors have been shown to have a primary influence on sonic boom
strength .";1;809;"an investigation of the influence of lift on sonic-boom
intensity by means of wind tunnel measurements of the
pressure fields of several wing-body combinations at
a mach number of 2. 01 .";18.907578852490563;True
183;"what factors have been shown to have a primary influence on sonic boom
strength .";2;758;"the lower bound of attainable sonic-boom over-pressure
and design methods of approaching this limit .";16.06719613602268;False
183;"what factors have been shown to have a primary influence on sonic boom
strength .";3;811;"an investigation of lifting effects on the intensity
of sonic booms .";14.90692068021751;True
183;"what factors have been shown to have a primary influence on sonic boom
strength .";4;808;"an investigation of some aspects of the sonic boom
by means of wind tunnel measurements of pressures about
several bodies at a mach number of 2. 01 .";14.71485630447911;True
183;"what factors have been shown to have a primary influence on sonic boom
strength .";5;804;a flight test investigation of the sonic boom .;13.83715194272143;True
183;"what factors have been shown to have a primary influence on sonic boom
strength .";6;893;"a new design of pitot-static tube with a discussion
of pitot-static tubes and their calibration factors .";13.836968802329999;False
183;"what factors have been shown to have a primary influence on sonic boom
strength .";7;1177;effects of rapid heating on strength of airframe components .;13.419545489608995;False
183;"what factors have been shown to have a primary influence on sonic boom
strength .";8;807;"ground measurements of the shock wave noise from
supersonic bomber airplanes in the altitude range from 30,000
to 50,000 feet .";13.173212255341829;True
183;"what factors have been shown to have a primary influence on sonic boom
strength .";9;1243;supersonic boom of wing-body configurations .;12.959496038214041;True
183;"what factors have been shown to have a primary influence on sonic boom
strength .";10;88;magnetohydrodynamic free-convection pipe flow .;12.022359557803945;False
184;work on small-oscillation re-entry motions .;1;82;"theoretical investigation of the ablation of a glass-type
heat protection shield of varied material properties
at the stagnation point of a re-entering irbm .";14.166332215240539;False
184;work on small-oscillation re-entry motions .;2;1217;"application of inequality constraints to variational
problems of lifting re-entry .";12.530871353691907;False
184;work on small-oscillation re-entry motions .;3;554;generalized heat transfer formulas and graphs .;12.408805276525449;False
184;work on small-oscillation re-entry motions .;4;509;"a graphical approximation for temperatures and sublimation rates at
surfaces subjected to small net and large gross heat transfer rates .";12.145510704736934;False
184;work on small-oscillation re-entry motions .;5;813;"the motion of rolling symmetrical missiles referred
to a body-axis system .";11.94763458584501;False
184;work on small-oscillation re-entry motions .;6;1219;"determination of lift or drag programs to minimize
re-entry heating .";11.617776029797298;False
184;work on small-oscillation re-entry motions .;7;1379;hypersonic flight and the re-entry problem .;11.592866213488014;True
184;work on small-oscillation re-entry motions .;8;717;"motions of a short 10degree blunted cone entering a martian atmosphere
at arbitrary angles of attack and arbitrary pitching rates .";11.470573539757883;True
184;work on small-oscillation re-entry motions .;9;274;"analysis of quartz and teflon shields for a particular
re-entry mission .";11.261763860020785;False
184;work on small-oscillation re-entry motions .;10;67;"dynamic stability of vehicles traversing ascending
or descending paths through the atmosphere .";10.759605761393972;True
185;experimental studies on panel flutter .;1;856;"some experimental studies of panel flutter at mach
1 .3.";20.63030260560403;True
185;experimental studies on panel flutter .;2;857;"experimental studies of flutter of buckled rectangular
panels at mach numbers from 1. 2 to 3. 0 including
effects of pressure differential and of panel
width-length ratio .";19.334695900063444;True
185;experimental studies on panel flutter .;3;390;some panel-flutter studies using piston theory .;16.703972072568156;False
185;experimental studies on panel flutter .;4;858;"experimental investigation at mach numbers 3. 0 of
the effects of thermal stress and buckling on the flutter
of four-bay aluminium alloy panels with length-width
ratios of 10 .";15.46415956542376;True
185;experimental studies on panel flutter .;5;766;"experimental investigation at mach number of 3. 0 of
effects of thermal stress and buckling on flutter characteristics
of flat single-bay panels of length-width ratio 0. 96 .";15.274776452620712;True
185;experimental studies on panel flutter .;6;1008;free-flight measurements of the static and dynamic .;14.311463392904475;True
185;experimental studies on panel flutter .;7;948;"panel flutter tests on full scale x-15 lower vertical
stabilizer at mach number of 3. 0.";13.805868884781429;False
185;experimental studies on panel flutter .;8;391;"flutter of rectangular simply supported panels at high
supersonic speeds .";13.293911394398025;False
185;experimental studies on panel flutter .;9;859;"flutter of aerodynamically heated aluminium-alloy and
stainless steel panels with length-width ratio of 10
at mach 3. 0.";13.04506370442888;True
185;experimental studies on panel flutter .;10;658;"review of panel flutter and effects of aerodynamic noise
part i..  panel flutter .";12.824549590541512;False
186;"how can wing-body,  flow field interference effects be approximated
rationally .";1;1243;supersonic boom of wing-body configurations .;19.714264677255;False
186;"how can wing-body,  flow field interference effects be approximated
rationally .";2;1062;"an experimental and theoretical investigation of second-order
wing-body interference at high mach number .";18.66145566755495;True
186;"how can wing-body,  flow field interference effects be approximated
rationally .";3;1239;body under lifting wing .;16.787552039218376;False
186;"how can wing-body,  flow field interference effects be approximated
rationally .";4;229;"interference between the wings and tail surfaces of
a combination of slender body, cruciform wings and
cruciform tail set at both incidence and yaw .";15.87395189612409;False
186;"how can wing-body,  flow field interference effects be approximated
rationally .";5;1074;"theoretical and experimental investigation of second-order supersonic
wing-body interference .";15.370153212332522;True
186;"how can wing-body,  flow field interference effects be approximated
rationally .";6;1075;"an experimental and theoretical investigation of second-order supersonic
 wing-body interference, for a non-lifting body with wings at incidence .";14.9057131949156;True
186;"how can wing-body,  flow field interference effects be approximated
rationally .";7;230;"interference between the wings and tail plane of a
slender wing-body tailplane combination .";14.805424118505305;False
186;"how can wing-body,  flow field interference effects be approximated
rationally .";8;923;"methods for estimating lift interference of wing-body
combinations at supersonic speeds .";14.723375851122418;True
186;"how can wing-body,  flow field interference effects be approximated
rationally .";9;252;"an investigation of interference effects on similar models of
different size in various transonic tunnels in the u.k. .";14.571513455613307;False
186;"how can wing-body,  flow field interference effects be approximated
rationally .";10;610;corner interference effects .;14.273508245645408;False
187;"has anyone analytically or experimentally investigated the effects of
internal pressure on the buckling of circular-cylindrical shells under
bending .";1;763;"effects of internal pressure on the buckling of circular-cylindrical
shells under bending.";39.22995020997258;False
187;"has anyone analytically or experimentally investigated the effects of
internal pressure on the buckling of circular-cylindrical shells under
bending .";2;839;"the bending stability of thin-- walled unstiffened
circular cylinders including the effects of internal
pressure .";30.592144026064823;True
187;"has anyone analytically or experimentally investigated the effects of
internal pressure on the buckling of circular-cylindrical shells under
bending .";3;1126;"an engineer's conceptual approach to the buckling of
cylindrical shell (axial loading) .";27.707587325369442;False
187;"has anyone analytically or experimentally investigated the effects of
internal pressure on the buckling of circular-cylindrical shells under
bending .";4;841;"on the bending of circular cylindrical shells under
pure bending .";27.292176390108672;False
187;"has anyone analytically or experimentally investigated the effects of
internal pressure on the buckling of circular-cylindrical shells under
bending .";5;1051;"the stability of thin-walled unstiffened circular cylinders
under axial compression including the effects of internal
pressure .";25.538897869155903;False
187;"has anyone analytically or experimentally investigated the effects of
internal pressure on the buckling of circular-cylindrical shells under
bending .";6;1068;"instability analysis of cylindrical shells under hydrostatic
pressure .";25.327078909540162;False
187;"has anyone analytically or experimentally investigated the effects of
internal pressure on the buckling of circular-cylindrical shells under
bending .";7;897;"some results on buckling and postbuckling of cylindrical
shells .";25.145365911401925;False
187;"has anyone analytically or experimentally investigated the effects of
internal pressure on the buckling of circular-cylindrical shells under
bending .";8;1171;"the stability under axial compression and lateral pressure
of circular cylindrical shells with a soft elastic
core .";23.47191562475495;False
187;"has anyone analytically or experimentally investigated the effects of
internal pressure on the buckling of circular-cylindrical shells under
bending .";9;846;"on the vibration of thin cylindrical shells under internal
pressure .";22.91297191033309;False
187;"has anyone analytically or experimentally investigated the effects of
internal pressure on the buckling of circular-cylindrical shells under
bending .";10;926;"post buckling behaviour of circular cylinderical shells
under hydrostatic pressure .";22.873788719038462;False
188;"what theoretical and experimental work has been done on the excitation
and response of typical structures in a noise environment .";1;725;"the response of a typical aircraft structure to jet
noise .";27.050878632406892;True
188;"what theoretical and experimental work has been done on the excitation
and response of typical structures in a noise environment .";2;722;random excitation of a tailplane section by jet noise .;23.118544334464865;True
188;"what theoretical and experimental work has been done on the excitation
and response of typical structures in a noise environment .";3;640;the design of structures to resist jet noise fatigue .;22.83029902128813;False
188;"what theoretical and experimental work has been done on the excitation
and response of typical structures in a noise environment .";4;908;random vibration .;20.484932832510925;False
188;"what theoretical and experimental work has been done on the excitation
and response of typical structures in a noise environment .";5;220;"a general purpose analogue correlator for the analysis of
random noise signals .";19.57490932859495;False
188;"what theoretical and experimental work has been done on the excitation
and response of typical structures in a noise environment .";6;1360;"simplified analysis of general instability of stiffened
shells in pure bending .";19.054034810200505;False
188;"what theoretical and experimental work has been done on the excitation
and response of typical structures in a noise environment .";7;729;stresses in continuous skin stiffener panels under random loading .;16.057243488331697;True
188;"what theoretical and experimental work has been done on the excitation
and response of typical structures in a noise environment .";8;186;base pressure in supersonic flow .;15.726971617786191;False
188;"what theoretical and experimental work has been done on the excitation
and response of typical structures in a noise environment .";9;1316;"temperature measurements of shock-waves by spectrum-line reversal, ii a
double beam method .";14.68129021766104;False
188;"what theoretical and experimental work has been done on the excitation
and response of typical structures in a noise environment .";10;764;"breathing vibrations of a circular shell with an internal
liquid .";14.679997780981283;False
189;"is there a design method for calculating thermal fatigue endurances of
components of various types and sizes in a variety of circumstances .";1;767;"mathematical techniques applying to the thermal fatigue behaviour
of high temperature alloys .";23.899823323796017;False
189;"is there a design method for calculating thermal fatigue endurances of
components of various types and sizes in a variety of circumstances .";2;870;effect of rheological behaviour on thermal stresses .;15.72198511053658;True
189;"is there a design method for calculating thermal fatigue endurances of
components of various types and sizes in a variety of circumstances .";3;640;the design of structures to resist jet noise fatigue .;15.070769281988003;False
189;"is there a design method for calculating thermal fatigue endurances of
components of various types and sizes in a variety of circumstances .";4;881;cumulative damage in fatigue .;14.519394489051265;False
189;"is there a design method for calculating thermal fatigue endurances of
components of various types and sizes in a variety of circumstances .";5;1362;"non-linear analysis of heated, cambered wings by the matrix force
method .";14.377209815133817;False
189;"is there a design method for calculating thermal fatigue endurances of
components of various types and sizes in a variety of circumstances .";6;865;"a study of the thermal fatigue behaviour of metals .
 the effect of test conditions on nickel-base high
temperature alloys .";13.402229979075855;True
189;"is there a design method for calculating thermal fatigue endurances of
components of various types and sizes in a variety of circumstances .";7;833;"a simple method of matric structural analysis, part
iv, non-linear problems .";13.076600916370776;False
189;"is there a design method for calculating thermal fatigue endurances of
components of various types and sizes in a variety of circumstances .";8;883;correlated fatigue data for aircraft structural joints .;12.882646164875725;False
189;"is there a design method for calculating thermal fatigue endurances of
components of various types and sizes in a variety of circumstances .";9;246;"the design of minimum drag tip fins . with an appendix
- on the conformal transformation of a wing with a
fin .";12.719038169568552;False
189;"is there a design method for calculating thermal fatigue endurances of
components of various types and sizes in a variety of circumstances .";10;907;"cavitation and pressure distribution
head forms at zero angle of yaw .";12.652297190117453;False
19;"does there exist a good basic treatment of the dynamics of re-entry
combining consideration of realistic effects with relative simplicity of
results .";1;82;"theoretical investigation of the ablation of a glass-type
heat protection shield of varied material properties
at the stagnation point of a re-entering irbm .";18.457983977247572;False
19;"does there exist a good basic treatment of the dynamics of re-entry
combining consideration of realistic effects with relative simplicity of
results .";2;1346;modulated entry .;16.497148238220376;False
19;"does there exist a good basic treatment of the dynamics of re-entry
combining consideration of realistic effects with relative simplicity of
results .";3;706;on som reciprocal relations in the theory of nonstationary flows .;16.20019309313323;False
19;"does there exist a good basic treatment of the dynamics of re-entry
combining consideration of realistic effects with relative simplicity of
results .";4;713;"static longitudinal stability characteristics of a blunted glider
re-entry configuration having 79.5degree sweepback and 45degree dihedral at
 a mach number of 6.2 and angles of attack up to 20degree .";14.652315264369353;False
19;"does there exist a good basic treatment of the dynamics of re-entry
combining consideration of realistic effects with relative simplicity of
results .";5;274;"analysis of quartz and teflon shields for a particular
re-entry mission .";14.624033150124012;False
19;"does there exist a good basic treatment of the dynamics of re-entry
combining consideration of realistic effects with relative simplicity of
results .";6;1219;"determination of lift or drag programs to minimize
re-entry heating .";14.593585328734601;False
19;"does there exist a good basic treatment of the dynamics of re-entry
combining consideration of realistic effects with relative simplicity of
results .";7;1279;sublimation in a hypersonic environment .;14.417227735934317;False
19;"does there exist a good basic treatment of the dynamics of re-entry
combining consideration of realistic effects with relative simplicity of
results .";8;1296;"non-equilibrium expansions of air with coupled chemical
reactions .";14.179019993036105;False
19;"does there exist a good basic treatment of the dynamics of re-entry
combining consideration of realistic effects with relative simplicity of
results .";9;554;generalized heat transfer formulas and graphs .;13.99673941514591;False
19;"does there exist a good basic treatment of the dynamics of re-entry
combining consideration of realistic effects with relative simplicity of
results .";10;716;"study of the oscillatory motion of manned vehicles
entering the earth's atmosphere .";13.577830107366035;True
190;"will an analysis of panel flutter based on arbitrarily assumed modes of
deformation prove satisfactory,  and if so,  what is the minimum number
of modes that need be considered .";1;390;some panel-flutter studies using piston theory .;29.082278771231096;True
190;"will an analysis of panel flutter based on arbitrarily assumed modes of
deformation prove satisfactory,  and if so,  what is the minimum number
of modes that need be considered .";2;15;on two-dimensional panel flutter .;22.308253496280187;True
190;"will an analysis of panel flutter based on arbitrarily assumed modes of
deformation prove satisfactory,  and if so,  what is the minimum number
of modes that need be considered .";3;856;"some experimental studies of panel flutter at mach
1 .3.";20.410187434605056;False
190;"will an analysis of panel flutter based on arbitrarily assumed modes of
deformation prove satisfactory,  and if so,  what is the minimum number
of modes that need be considered .";4;1339;"calculation of flutter characteristics for finite-span swept or unswept
wings at subsonic and supersonic speeds by a modified strip analysis .";19.371607794811105;False
190;"will an analysis of panel flutter based on arbitrarily assumed modes of
deformation prove satisfactory,  and if so,  what is the minimum number
of modes that need be considered .";5;42;"the gyroscopic effect of a rigid rotating propeller
on engine and wing vibration modes .";19.358693312225906;False
190;"will an analysis of panel flutter based on arbitrarily assumed modes of
deformation prove satisfactory,  and if so,  what is the minimum number
of modes that need be considered .";6;627;flutter analysis of circular panels .;19.336273881522228;False
190;"will an analysis of panel flutter based on arbitrarily assumed modes of
deformation prove satisfactory,  and if so,  what is the minimum number
of modes that need be considered .";7;391;"flutter of rectangular simply supported panels at high
supersonic speeds .";19.32801672557926;True
190;"will an analysis of panel flutter based on arbitrarily assumed modes of
deformation prove satisfactory,  and if so,  what is the minimum number
of modes that need be considered .";8;948;"panel flutter tests on full scale x-15 lower vertical
stabilizer at mach number of 3. 0.";18.893370709406028;False
190;"will an analysis of panel flutter based on arbitrarily assumed modes of
deformation prove satisfactory,  and if so,  what is the minimum number
of modes that need be considered .";9;1008;free-flight measurements of the static and dynamic .;18.47654245243345;False
190;"will an analysis of panel flutter based on arbitrarily assumed modes of
deformation prove satisfactory,  and if so,  what is the minimum number
of modes that need be considered .";10;36;supersonic flow around blunt bodies .;18.32850182997742;False
191;"what is the criterion for true panel flutter,  as opposed to small
amplitude vibration arising from acoustic disturbances .";1;766;"experimental investigation at mach number of 3. 0 of
effects of thermal stress and buckling on flutter characteristics
of flat single-bay panels of length-width ratio 0. 96 .";20.791902974636102;False
191;"what is the criterion for true panel flutter,  as opposed to small
amplitude vibration arising from acoustic disturbances .";2;894;"flutter of a two dimensional simply supported buckled
panel with elastic restraint against edge displacement .";18.845460429526483;False
191;"what is the criterion for true panel flutter,  as opposed to small
amplitude vibration arising from acoustic disturbances .";3;15;on two-dimensional panel flutter .;17.44773625412993;True
191;"what is the criterion for true panel flutter,  as opposed to small
amplitude vibration arising from acoustic disturbances .";4;1392;"the solution of small displacement, stability or vibration
problems concerning a flat rectangular panel when the
edges are either clamped or simply supported .";17.132929290309256;False
191;"what is the criterion for true panel flutter,  as opposed to small
amplitude vibration arising from acoustic disturbances .";5;658;"review of panel flutter and effects of aerodynamic noise
part i..  panel flutter .";16.938588701202775;True
191;"what is the criterion for true panel flutter,  as opposed to small
amplitude vibration arising from acoustic disturbances .";6;1242;"some considerations on the laminar stability of time-dependent basic
flows .";16.115419908628834;False
191;"what is the criterion for true panel flutter,  as opposed to small
amplitude vibration arising from acoustic disturbances .";7;827;"a nonlinear theory of bending and buckling of thin
elastic shallow spherical shells .";15.41533931771048;False
191;"what is the criterion for true panel flutter,  as opposed to small
amplitude vibration arising from acoustic disturbances .";8;948;"panel flutter tests on full scale x-15 lower vertical
stabilizer at mach number of 3. 0.";15.399441701398345;True
191;"what is the criterion for true panel flutter,  as opposed to small
amplitude vibration arising from acoustic disturbances .";9;627;flutter analysis of circular panels .;15.214896224854563;False
191;"what is the criterion for true panel flutter,  as opposed to small
amplitude vibration arising from acoustic disturbances .";10;319;"propagation of weak disturbances in a gas subject to
relaxation effects .";15.18473358179887;False
192;papers dealing with uniformly loaded sectors .;1;641;"reduction of the clamped plate to two membrane problems
with an application to uniformly loaded sectors .";22.108440742491346;False
192;papers dealing with uniformly loaded sectors .;2;875;models for aeroelastic investigation .;14.881634339551333;False
192;papers dealing with uniformly loaded sectors .;3;735;"the bending of uniformly loaded sectorial plates with
clamped edges .";14.827139951856376;True
192;papers dealing with uniformly loaded sectors .;4;647;"bending of a uniformly loaded rectangular plate with
two adjacent edges and the others either simply supported
or free .";13.867120209422701;False
192;papers dealing with uniformly loaded sectors .;5;734;"the bending of uniformly loaded clamped plate in the
form of a circular sector .";11.42646504795307;True
192;papers dealing with uniformly loaded sectors .;6;648;"the approximate analysis of certain boundary value
problems .";9.466963353352298;False
192;papers dealing with uniformly loaded sectors .;7;1398;"stability of rectangular plates under shear and bending
forces .";8.751096211752175;False
192;papers dealing with uniformly loaded sectors .;8;46;some comments on the inversion of certain large matrices .;8.020455822367149;False
192;papers dealing with uniformly loaded sectors .;9;733;the bending of a sectorial plate .;7.533803852937594;True
192;papers dealing with uniformly loaded sectors .;10;388;"the pressure gradient induced by shear flow past a
flat plate .";7.087140005379896;False
193;general methods of solving clamped plate problems .;1;733;the bending of a sectorial plate .;18.430502698114108;True
193;general methods of solving clamped plate problems .;2;641;"reduction of the clamped plate to two membrane problems
with an application to uniformly loaded sectors .";16.27663144380815;False
193;general methods of solving clamped plate problems .;3;730;on the bending of a clamped plate .;15.955739067895003;True
193;general methods of solving clamped plate problems .;4;422;"bending of a square plate with two adjacent edges free
and the others clamped or simply supported .";14.930746491086873;True
193;general methods of solving clamped plate problems .;5;734;"the bending of uniformly loaded clamped plate in the
form of a circular sector .";13.729541052192445;True
193;general methods of solving clamped plate problems .;6;735;"the bending of uniformly loaded sectorial plates with
clamped edges .";13.681077590626394;True
193;general methods of solving clamped plate problems .;7;1392;"the solution of small displacement, stability or vibration
problems concerning a flat rectangular panel when the
edges are either clamped or simply supported .";11.62597706149259;True
193;general methods of solving clamped plate problems .;8;1088;"iterative methods for solving partial difference equations of elliptic
type .";11.394660569774857;False
193;general methods of solving clamped plate problems .;9;703;general airfoil theory .;10.928818685451478;False
193;general methods of solving clamped plate problems .;10;736;the bending of a wedge shaped plate .;10.782008103721068;True
194;"how can the analytical solution of the buckling strength of a uniform
circular cylinder loaded in axial compression be refined so as to lower
the buckling load .";1;642;"the buckling strength of a uniform circular cylinder
loaded in axial compression .";39.73651620252943;False
194;"how can the analytical solution of the buckling strength of a uniform
circular cylinder loaded in axial compression be refined so as to lower
the buckling load .";2;744;"lower buckling load in the non-linear buckling theory
of thin shells .";32.48152266586365;True
194;"how can the analytical solution of the buckling strength of a uniform
circular cylinder loaded in axial compression be refined so as to lower
the buckling load .";3;932;buckling of circular cones under axial compression .;27.76730482829307;False
194;"how can the analytical solution of the buckling strength of a uniform
circular cylinder loaded in axial compression be refined so as to lower
the buckling load .";4;740;"the behaviour of a cylindrical shell under axial compression
when the buckling load has been exceeded .";26.010060748976795;True
194;"how can the analytical solution of the buckling strength of a uniform
circular cylinder loaded in axial compression be refined so as to lower
the buckling load .";5;957;axisymmetric snap buckling of conical shells .;23.162239961855953;False
194;"how can the analytical solution of the buckling strength of a uniform
circular cylinder loaded in axial compression be refined so as to lower
the buckling load .";6;1123;an extension of donnell's equation for a circular cylindrical shell .;22.711365602941328;False
194;"how can the analytical solution of the buckling strength of a uniform
circular cylinder loaded in axial compression be refined so as to lower
the buckling load .";7;1051;"the stability of thin-walled unstiffened circular cylinders
under axial compression including the effects of internal
pressure .";22.588427159467713;False
194;"how can the analytical solution of the buckling strength of a uniform
circular cylinder loaded in axial compression be refined so as to lower
the buckling load .";8;760;"inelastic buckling of initially imperfect cylindrical
shells subject to axial compression .";22.322087343540638;False
194;"how can the analytical solution of the buckling strength of a uniform
circular cylinder loaded in axial compression be refined so as to lower
the buckling load .";9;739;"the buckling of thin cylindrical shells under axial
compression .";21.83677033054864;True
194;"how can the analytical solution of the buckling strength of a uniform
circular cylinder loaded in axial compression be refined so as to lower
the buckling load .";10;1069;"design and testing of honeycomb sandwich cylinders
under axial compression .";21.490372102205384;False
195;"in the problem of the buckling strength of uniform circular cylinders
loaded in axial compression,  does the linear solution help with
improving the non-linear one .";1;642;"the buckling strength of a uniform circular cylinder
loaded in axial compression .";35.10361388803035;False
195;"in the problem of the buckling strength of uniform circular cylinders
loaded in axial compression,  does the linear solution help with
improving the non-linear one .";2;932;buckling of circular cones under axial compression .;28.085188442421043;False
195;"in the problem of the buckling strength of uniform circular cylinders
loaded in axial compression,  does the linear solution help with
improving the non-linear one .";3;1122;"on the role of initial imperfections in plastic buckling
of cylinders under axial compression .";27.812365446553503;False
195;"in the problem of the buckling strength of uniform circular cylinders
loaded in axial compression,  does the linear solution help with
improving the non-linear one .";4;744;"lower buckling load in the non-linear buckling theory
of thin shells .";26.27551713368015;False
195;"in the problem of the buckling strength of uniform circular cylinders
loaded in axial compression,  does the linear solution help with
improving the non-linear one .";5;1359;"compression tests on circular cylinders stiffened longitudinally
by closely spaced z-section stringers .";24.143679436300452;False
195;"in the problem of the buckling strength of uniform circular cylinders
loaded in axial compression,  does the linear solution help with
improving the non-linear one .";6;1055;non-linear bending and buckling of circular plates .;23.67841838579302;False
195;"in the problem of the buckling strength of uniform circular cylinders
loaded in axial compression,  does the linear solution help with
improving the non-linear one .";7;739;"the buckling of thin cylindrical shells under axial
compression .";23.33708287753692;True
195;"in the problem of the buckling strength of uniform circular cylinders
loaded in axial compression,  does the linear solution help with
improving the non-linear one .";8;1173;the buckling of cylindrical shells under longitudinally varying loads .;22.176194291101726;False
195;"in the problem of the buckling strength of uniform circular cylinders
loaded in axial compression,  does the linear solution help with
improving the non-linear one .";9;1051;"the stability of thin-walled unstiffened circular cylinders
under axial compression including the effects of internal
pressure .";22.150759658961686;False
195;"in the problem of the buckling strength of uniform circular cylinders
loaded in axial compression,  does the linear solution help with
improving the non-linear one .";10;1293;design of stiffened cylinders in axial compression .;22.118745770571266;False
196;"the problem of similarity for representative investigation of
aeroelastic effects in a flow with the absence of heating effects .";1;184;scale models for thermo-aeroelastic research .;17.910510770112356;False
196;"the problem of similarity for representative investigation of
aeroelastic effects in a flow with the absence of heating effects .";2;486;similarity laws for aerothermoelastic testing .;15.931051061910837;False
196;"the problem of similarity for representative investigation of
aeroelastic effects in a flow with the absence of heating effects .";3;1361;"large deflections of structures subjected to heating
and external loads .";14.331592805219927;False
196;"the problem of similarity for representative investigation of
aeroelastic effects in a flow with the absence of heating effects .";4;875;models for aeroelastic investigation .;14.053405784320844;True
196;"the problem of similarity for representative investigation of
aeroelastic effects in a flow with the absence of heating effects .";5;1008;free-flight measurements of the static and dynamic .;13.543813130621675;False
196;"the problem of similarity for representative investigation of
aeroelastic effects in a flow with the absence of heating effects .";6;746;"aeroelastic problems in connection with high speed
flight .";13.036740635622595;True
196;"the problem of similarity for representative investigation of
aeroelastic effects in a flow with the absence of heating effects .";7;662;"theoretical and experimental investigation of
aerodynamic-heating and isothermal heat transfer parameters on
a hemisphere nose with laminar boundary layer at supersonic
mach numbers .";11.601563544009924;False
196;"the problem of similarity for representative investigation of
aeroelastic effects in a flow with the absence of heating effects .";8;966;"on fully developed channel flows,. some solutions and limitations, and
effects of compressibility, variable properties, and body forces .";11.486207266240248;False
196;"the problem of similarity for representative investigation of
aeroelastic effects in a flow with the absence of heating effects .";9;13;similarity laws for stressing heated wings .;11.443370111440931;True
196;"the problem of similarity for representative investigation of
aeroelastic effects in a flow with the absence of heating effects .";10;349;"numerical solution of the boundary layer equations
without similarity assumptions .";11.405707500079627;False
197;how is fatigue damage estimated using the normal long-hand method .;1;723;"on the fatigue failure of structures due to vibrations excited
by random pressure fields .";21.498802183490398;False
197;how is fatigue damage estimated using the normal long-hand method .;2;881;cumulative damage in fatigue .;19.872427552350793;True
197;how is fatigue damage estimated using the normal long-hand method .;3;884;the estimation of fatigue damage on structural elements .;19.440502048464385;True
197;how is fatigue damage estimated using the normal long-hand method .;4;726;on structural fatigue under random loading .;16.276055470782257;False
197;how is fatigue damage estimated using the normal long-hand method .;5;768;"formulae for use with the fatigue load meter in the
assessment of wing fatigue life .";14.809162096378273;False
197;how is fatigue damage estimated using the normal long-hand method .;6;261;"experiments on axi-symmetric boundary layers along
a long cylinder in incompressible flow .";12.576186052499079;False
197;how is fatigue damage estimated using the normal long-hand method .;7;724;structural acoustic proof testing .;12.05894705200839;False
197;how is fatigue damage estimated using the normal long-hand method .;8;909;the effect of jet noise on aircraft structures .;12.030434380315352;False
197;how is fatigue damage estimated using the normal long-hand method .;9;746;"aeroelastic problems in connection with high speed
flight .";11.937079715254134;False
197;how is fatigue damage estimated using the normal long-hand method .;10;767;"mathematical techniques applying to the thermal fatigue behaviour
of high temperature alloys .";10.23467996305393;False
198;"is there any information available on the difference in the effects of
various edge conditions on the buckling of cylindrical shells .";1;889;"a simplified method of elastic stability analysis for
thin cylindrical shells .";19.615198356545424;True
198;"is there any information available on the difference in the effects of
various edge conditions on the buckling of cylindrical shells .";2;1126;"an engineer's conceptual approach to the buckling of
cylindrical shell (axial loading) .";17.4698578842021;False
198;"is there any information available on the difference in the effects of
various edge conditions on the buckling of cylindrical shells .";3;897;"some results on buckling and postbuckling of cylindrical
shells .";17.05929756508394;False
198;"is there any information available on the difference in the effects of
various edge conditions on the buckling of cylindrical shells .";4;1174;general theory of buckling .;16.84457636734932;False
198;"is there any information available on the difference in the effects of
various edge conditions on the buckling of cylindrical shells .";5;743;"new developments in the nonlinear theories of the buckling of thin
cylindrical shells .";16.71497425551977;False
198;"is there any information available on the difference in the effects of
various edge conditions on the buckling of cylindrical shells .";6;1051;"the stability of thin-walled unstiffened circular cylinders
under axial compression including the effects of internal
pressure .";16.56464787275727;False
198;"is there any information available on the difference in the effects of
various edge conditions on the buckling of cylindrical shells .";7;843;"a simplified method of elastic stability analysis for
thin cylindrical shells .";16.484506173449596;True
198;"is there any information available on the difference in the effects of
various edge conditions on the buckling of cylindrical shells .";8;1068;"instability analysis of cylindrical shells under hydrostatic
pressure .";16.246074428332946;False
198;"is there any information available on the difference in the effects of
various edge conditions on the buckling of cylindrical shells .";9;890;comments on 'thermal buckling of clamped cylindrical shells' .;16.226127092950883;False
198;"is there any information available on the difference in the effects of
various edge conditions on the buckling of cylindrical shells .";10;763;"effects of internal pressure on the buckling of circular-cylindrical
shells under bending.";15.893005236474695;False
199;"have non-linear large deflection analyses been conducted for shell
shapes other than conical .";1;739;"the buckling of thin cylindrical shells under axial
compression .";20.006444543341672;False
199;"have non-linear large deflection analyses been conducted for shell
shapes other than conical .";2;1294;"non-linear shallow shell analysis by the matrix force
method .";18.139271328069675;False
199;"have non-linear large deflection analyses been conducted for shell
shapes other than conical .";3;931;stability equations for conical shells .;18.032448668414396;False
199;"have non-linear large deflection analyses been conducted for shell
shapes other than conical .";4;1059;the nonlinear conical spring .;17.7887489474479;False
199;"have non-linear large deflection analyses been conducted for shell
shapes other than conical .";5;930;"general theory of large deflections of thin shells
with special applications to conical shells .";16.970791815343862;False
199;"have non-linear large deflection analyses been conducted for shell
shapes other than conical .";6;852;"stress and displacement analysis of simply supported
non- circular cylindrical shell under lateral pressure .";16.232436129615092;False
199;"have non-linear large deflection analyses been conducted for shell
shapes other than conical .";7;428;"the quasi-cylinder of specified thickness and shell
loading in supersonic flow .";15.081301117836055;False
199;"have non-linear large deflection analyses been conducted for shell
shapes other than conical .";8;1051;"the stability of thin-walled unstiffened circular cylinders
under axial compression including the effects of internal
pressure .";14.36455296893773;False
199;"have non-linear large deflection analyses been conducted for shell
shapes other than conical .";9;451;liapunov's methods in automatic control theory .;14.095042895566396;False
199;"have non-linear large deflection analyses been conducted for shell
shapes other than conical .";10;1058;the conical disk spring .;14.080776328311334;False
2;"what are the structural and aeroelastic problems associated with flight
of high speed aircraft .";1;12;"some structural and aerelastic considerations of high
speed flight .";32.12933049788194;True
2;"what are the structural and aeroelastic problems associated with flight
of high speed aircraft .";2;746;"aeroelastic problems in connection with high speed
flight .";21.321069887135252;True
2;"what are the structural and aeroelastic problems associated with flight
of high speed aircraft .";3;792;some low speed problems of high speed aircraft .;17.807325772844024;False
2;"what are the structural and aeroelastic problems associated with flight
of high speed aircraft .";4;141;free-flight techniques for high speed aerodynamic research .;16.48904443944981;False
2;"what are the structural and aeroelastic problems associated with flight
of high speed aircraft .";5;14;"piston theory - a new aerodynamic tool for the
aeroelastician .";16.103354673664526;True
2;"what are the structural and aeroelastic problems associated with flight
of high speed aircraft .";6;1089;"aerodynamic characteristics of propeller-driven vtol
aircraft .";16.060923730741425;False
2;"what are the structural and aeroelastic problems associated with flight
of high speed aircraft .";7;724;structural acoustic proof testing .;15.220561170388562;False
2;"what are the structural and aeroelastic problems associated with flight
of high speed aircraft .";8;172;"some aerodynamic considerations of nozzle afterbody
combination .";14.834319724994439;False
2;"what are the structural and aeroelastic problems associated with flight
of high speed aircraft .";9;51;"theory of aircraft structural models subjected to aerodynamic
heating and external loads .";14.77442734677495;True
2;"what are the structural and aeroelastic problems associated with flight
of high speed aircraft .";10;1170;structural loads surveys on two tilt-wing vtol configurations .;14.29956135851631;False
20;"has anyone formally determined the influence of joule heating,  produced
by the induced current,  in magnetohydrodynamic free convection flows
under general conditions .";1;500;"joule heating in magnetohydrodynamic free-convection
flows .";43.79247882169912;False
20;"has anyone formally determined the influence of joule heating,  produced
by the induced current,  in magnetohydrodynamic free convection flows
under general conditions .";2;268;several magnetohydrodynamic free-convection solutions .;26.733831960558064;True
20;"has anyone formally determined the influence of joule heating,  produced
by the induced current,  in magnetohydrodynamic free convection flows
under general conditions .";3;88;magnetohydrodynamic free-convection pipe flow .;26.102973306363413;True
20;"has anyone formally determined the influence of joule heating,  produced
by the induced current,  in magnetohydrodynamic free convection flows
under general conditions .";4;270;"on combined free and forced convection laminar magnetohydrodynamic
flow and heat transfer in channels with transverse
magnetic field .";22.92470244637188;True
20;"has anyone formally determined the influence of joule heating,  produced
by the induced current,  in magnetohydrodynamic free convection flows
under general conditions .";5;450;some physical interpretations of magnetohydrodynamic duct flows .;20.704907270038795;False
20;"has anyone formally determined the influence of joule heating,  produced
by the induced current,  in magnetohydrodynamic free convection flows
under general conditions .";6;87;free-convection magnetohydrodynamic flow past a porous flat plate .;18.97313656406134;True
20;"has anyone formally determined the influence of joule heating,  produced
by the induced current,  in magnetohydrodynamic free convection flows
under general conditions .";7;966;"on fully developed channel flows,. some solutions and limitations, and
effects of compressibility, variable properties, and body forces .";17.37278104319369;False
20;"has anyone formally determined the influence of joule heating,  produced
by the induced current,  in magnetohydrodynamic free convection flows
under general conditions .";8;123;"the downstream influence of mass transfer at the nose
of a slender cone .";16.69674694329983;False
20;"has anyone formally determined the influence of joule heating,  produced
by the induced current,  in magnetohydrodynamic free convection flows
under general conditions .";9;300;"on a particular class of similar solutions of the equations
of motion and energy of a viscous fluid .";14.742162971958413;False
20;"has anyone formally determined the influence of joule heating,  produced
by the induced current,  in magnetohydrodynamic free convection flows
under general conditions .";10;190;on magnetohydrodynamic shock waves .;14.461087803596683;False
200;"are asymptotic methods sufficiently accurate in the determination of
pre-buckling stresses in torispherical shells,  or must we resort to
numerical methods .";1;1071;"stability of thin torispherical shells under uniform
internal pressure .";25.868196060538295;False
200;"are asymptotic methods sufficiently accurate in the determination of
pre-buckling stresses in torispherical shells,  or must we resort to
numerical methods .";2;1134;torispherical shells - a caution to designers .;23.65784636110587;True
200;"are asymptotic methods sufficiently accurate in the determination of
pre-buckling stresses in torispherical shells,  or must we resort to
numerical methods .";3;1053;spherical cap snapping .;22.61607028949686;False
200;"are asymptotic methods sufficiently accurate in the determination of
pre-buckling stresses in torispherical shells,  or must we resort to
numerical methods .";4;935;"buckling of thin single- and multi-layer conical and cylindrical
shells with rotationally symmetric stresses .";16.656665264145683;False
200;"are asymptotic methods sufficiently accurate in the determination of
pre-buckling stresses in torispherical shells,  or must we resort to
numerical methods .";5;934;"stability of cylindrical and conical shells of circular
cross section, with simultaneous action of axial compression
and external normal pressure .";16.079759012638107;False
200;"are asymptotic methods sufficiently accurate in the determination of
pre-buckling stresses in torispherical shells,  or must we resort to
numerical methods .";6;1070;buckling of orthotropic and stiffened conical shells .;15.953574147683916;False
200;"are asymptotic methods sufficiently accurate in the determination of
pre-buckling stresses in torispherical shells,  or must we resort to
numerical methods .";7;760;"inelastic buckling of initially imperfect cylindrical
shells subject to axial compression .";15.887269498286063;False
200;"are asymptotic methods sufficiently accurate in the determination of
pre-buckling stresses in torispherical shells,  or must we resort to
numerical methods .";8;885;"buckling of thin cylindrical shells under hoop stresses
varying in axial direction .";15.606307942816539;False
200;"are asymptotic methods sufficiently accurate in the determination of
pre-buckling stresses in torispherical shells,  or must we resort to
numerical methods .";9;1137;on the theory of thin elastic toroidal shells .;15.43796477480523;True
200;"are asymptotic methods sufficiently accurate in the determination of
pre-buckling stresses in torispherical shells,  or must we resort to
numerical methods .";10;1362;"non-linear analysis of heated, cambered wings by the matrix force
method .";15.126152054356655;False
201;"what are the nonequilibrium chemical constituents in the viscous shock
layer ahead of a blunt re-entry vehicle .";1;625;viscous and inviscid nonequilibrium gas flows .;28.59704974050556;True
201;"what are the nonequilibrium chemical constituents in the viscous shock
layer ahead of a blunt re-entry vehicle .";2;1297;ionization nonequilibrium in expanding flows .;20.404757674453748;False
201;"what are the nonequilibrium chemical constituents in the viscous shock
layer ahead of a blunt re-entry vehicle .";3;1296;"non-equilibrium expansions of air with coupled chemical
reactions .";19.698101346455914;True
201;"what are the nonequilibrium chemical constituents in the viscous shock
layer ahead of a blunt re-entry vehicle .";4;401;"inviscid hypersonic airflows with coupled non-equilibrium
processes .";19.06820640646344;True
201;"what are the nonequilibrium chemical constituents in the viscous shock
layer ahead of a blunt re-entry vehicle .";5;1217;"application of inequality constraints to variational
problems of lifting re-entry .";17.73378751827835;False
201;"what are the nonequilibrium chemical constituents in the viscous shock
layer ahead of a blunt re-entry vehicle .";6;1379;hypersonic flight and the re-entry problem .;17.450209533617276;False
201;"what are the nonequilibrium chemical constituents in the viscous shock
layer ahead of a blunt re-entry vehicle .";7;1391;shock wave and flow field development in hypersonic re-entry .;17.232865015929935;True
201;"what are the nonequilibrium chemical constituents in the viscous shock
layer ahead of a blunt re-entry vehicle .";8;274;"analysis of quartz and teflon shields for a particular
re-entry mission .";15.755554308327643;False
201;"what are the nonequilibrium chemical constituents in the viscous shock
layer ahead of a blunt re-entry vehicle .";9;1219;"determination of lift or drag programs to minimize
re-entry heating .";15.56353688005781;False
201;"what are the nonequilibrium chemical constituents in the viscous shock
layer ahead of a blunt re-entry vehicle .";10;410;"the supersonic flow about a blunt body of revolution
for gases at chemical equilibrium .";15.337584280481375;False
202;"how accurate are existing analytical theories in estimating pressure
distributions on cones at incidence,  at hypersonic speeds .";1;1285;"experiments at hypersonic speeds on circular cones
at incidence .";31.15472272393112;False
202;"how accurate are existing analytical theories in estimating pressure
distributions on cones at incidence,  at hypersonic speeds .";2;1310;"survey of inviscid hypersonic flow theory for geometrically
slender shapes .";25.59747804201767;True
202;"how accurate are existing analytical theories in estimating pressure
distributions on cones at incidence,  at hypersonic speeds .";3;232;"accuracy of approximate methods for predicting pressure
on pointed non-lifting bodies of revolution in supersonic
flow .";16.94938003622872;True
202;"how accurate are existing analytical theories in estimating pressure
distributions on cones at incidence,  at hypersonic speeds .";4;687;oscillating airfoils at high mach number .;16.25765830408134;False
202;"how accurate are existing analytical theories in estimating pressure
distributions on cones at incidence,  at hypersonic speeds .";5;1378;blunt-cone pressure distributions at hypersonic mach numbers .;15.691000760559582;False
202;"how accurate are existing analytical theories in estimating pressure
distributions on cones at incidence,  at hypersonic speeds .";6;925;factors affecting loads at hypersonic speeds .;15.531506817288594;False
202;"how accurate are existing analytical theories in estimating pressure
distributions on cones at incidence,  at hypersonic speeds .";7;927;"investigation of normal force distributions and wake
vortex characteristics of bodies of revolution at supersonic
speeds .";15.125600818746396;False
202;"how accurate are existing analytical theories in estimating pressure
distributions on cones at incidence,  at hypersonic speeds .";8;979;"correlation of base pressure and wake structure of
sharp and blunt-nose cones with reynolds number based
on boundary layer momentum thickness .";15.017012063120045;False
202;"how accurate are existing analytical theories in estimating pressure
distributions on cones at incidence,  at hypersonic speeds .";9;234;"a second order shock-expansion method applicable to
bodies of revolution near zero lift .";14.794574590998295;False
202;"how accurate are existing analytical theories in estimating pressure
distributions on cones at incidence,  at hypersonic speeds .";10;1319;real gas effects in flow over blunt bodies at hypersonic speeds .;14.241872360378899;False
203;"are simple empirical methods of any use for estimating pressure
distribution in cones .";1;1285;"experiments at hypersonic speeds on circular cones
at incidence .";15.244503088903583;False
203;"are simple empirical methods of any use for estimating pressure
distribution in cones .";2;122;"a simplified approximate method for the calculation of the pressure
around conical bodies of arbitrary shape in supersonic and hypersonic
flow .";14.014630953993077;True
203;"are simple empirical methods of any use for estimating pressure
distribution in cones .";3;1310;"survey of inviscid hypersonic flow theory for geometrically
slender shapes .";12.616574927541151;True
203;"are simple empirical methods of any use for estimating pressure
distribution in cones .";4;927;"investigation of normal force distributions and wake
vortex characteristics of bodies of revolution at supersonic
speeds .";12.493740580199844;False
203;"are simple empirical methods of any use for estimating pressure
distribution in cones .";5;58;"pressure measurements on sharp and blunt 5 and 15 half-angle
cones at mach number 3.86 and angles of attack to
100 .";12.150818454490269;True
203;"are simple empirical methods of any use for estimating pressure
distribution in cones .";6;1386;"analysis and calculation by integral methods of laminar
compressible boundary layer with heat transfer and
with and without pressure gradient .";11.947696019101015;False
203;"are simple empirical methods of any use for estimating pressure
distribution in cones .";7;1306;"experiments on circular cones at yaw in supersonic
flow .";11.907984064093544;True
203;"are simple empirical methods of any use for estimating pressure
distribution in cones .";8;814;stability derivatives of cones at supersonic speeds .;11.681862065619931;False
203;"are simple empirical methods of any use for estimating pressure
distribution in cones .";9;370;"theoretical pressure distribution on a hemisphere-cylinder
combination .";11.502556753168196;False
203;"are simple empirical methods of any use for estimating pressure
distribution in cones .";10;1206;magnetohydrodynamic mach cones .;11.443087753368335;False
204;do viscous effects seriously modify pressure distributions .;1;147;"supersonic flow past slender pointed wings with ?similar?
cross sections at zero lift .";14.97237832450983;False
204;do viscous effects seriously modify pressure distributions .;2;573;viscous hypersonic similitude .;10.196590131093313;False
204;do viscous effects seriously modify pressure distributions .;3;371;"note on tip-bluntness effects in the supersonic and
hypersonic regimes .";8.954084312642223;False
204;do viscous effects seriously modify pressure distributions .;4;1080;viscous flow round a sphere at low reynolds numbers . /l40/ .;8.664802824019906;False
204;do viscous effects seriously modify pressure distributions .;5;57;"applicability of the hypersonic similarity rule to
pressure distributions which include the effects of
rotation for bodies of revolution at zero angle of
attack .";8.000556867611875;False
204;do viscous effects seriously modify pressure distributions .;6;937;on the buckling of truncated conical shells in torsion .;7.94316398378114;False
204;do viscous effects seriously modify pressure distributions .;7;1229;"the effect of sweep angle on hypersonic flow over blunt
wings .";7.91043741684984;False
204;do viscous effects seriously modify pressure distributions .;8;443;"calculated and measured pressure distributions over the midspan section
of the naca 4412 airfoil .";7.847869600680488;False
204;do viscous effects seriously modify pressure distributions .;9;112;"steady motion of conducting fluids in pipes under transverse
magnetic fields .";7.764649014489926;False
204;do viscous effects seriously modify pressure distributions .;10;1236;"the stagnation point boundary layer in the presence
of an applied magnetic field .";7.687789575329148;False
205;"has anyone investigated theoretically whether surface flexibility
can stabilize a laminar boundary layer .";1;1323;"an investigation of the use of an auxiliary slot to
re-establish laminar flow on low drag aerofoils .";17.759573409729622;False
205;"has anyone investigated theoretically whether surface flexibility
can stabilize a laminar boundary layer .";2;131;two-dimensional jet mixing of a compressible fluid .;16.323255734666084;False
205;"has anyone investigated theoretically whether surface flexibility
can stabilize a laminar boundary layer .";3;1287;"progress report on an experiment on the effect of surface
flexibility on the stability of laminar flow .";14.948702322547074;False
205;"has anyone investigated theoretically whether surface flexibility
can stabilize a laminar boundary layer .";4;72;"boundary layer behind shock or thin expansion wave
moving into stationary fluid .";13.341539159063068;False
205;"has anyone investigated theoretically whether surface flexibility
can stabilize a laminar boundary layer .";5;912;"the axisymmetric free-convection temperature field
along a vertical thin cylinder .";12.932455334355119;False
205;"has anyone investigated theoretically whether surface flexibility
can stabilize a laminar boundary layer .";6;1017;note on creep buckling of columns .;12.758120482258807;False
205;"has anyone investigated theoretically whether surface flexibility
can stabilize a laminar boundary layer .";7;334;"influence of the leading-edge shock wave on the laminar boundary layer
at hypersonic speeds .";12.563096950451822;False
205;"has anyone investigated theoretically whether surface flexibility
can stabilize a laminar boundary layer .";8;135;"the calculation of wall shearing stress from heat-transfer measurements
in compressible flows .";12.504360920343489;False
205;"has anyone investigated theoretically whether surface flexibility
can stabilize a laminar boundary layer .";9;933;"the characteristics of roughness from insects as observed
for two-dimensional, incompressible flow past airfoils .";12.419294231888202;False
205;"has anyone investigated theoretically whether surface flexibility
can stabilize a laminar boundary layer .";10;1182;an approximate solution for laminar boundary layer flow .;12.39582321323359;False
206;"how do subsonic and transonic flutter data measured in the new langley
transonic dynamics tunnel compare with similar data obtained in other
facilities .";1;1290;"measured and calculated subsonic and transonic flutter
characteristics of a 45 sweptback wing planform in
air and in freon-12 in the langley transonic dynamics
tunnel .";44.95042144445932;False
206;"how do subsonic and transonic flutter data measured in the new langley
transonic dynamics tunnel compare with similar data obtained in other
facilities .";2;1338;"investigation to determine effects of center of gravity location on the
transonic flutter characteristics of a 45degree sweptback wing .";19.252405569628678;True
206;"how do subsonic and transonic flutter data measured in the new langley
transonic dynamics tunnel compare with similar data obtained in other
facilities .";3;315;"scale effects at high subsonic and transonic speeds
and methods for fixing transition in model experiments .";17.687172948762942;False
206;"how do subsonic and transonic flutter data measured in the new langley
transonic dynamics tunnel compare with similar data obtained in other
facilities .";4;1341;"investigation of wing flutter at transonic speeds for six systematically
 varied wing plan forms .";16.629586198112012;True
206;"how do subsonic and transonic flutter data measured in the new langley
transonic dynamics tunnel compare with similar data obtained in other
facilities .";5;371;"note on tip-bluntness effects in the supersonic and
hypersonic regimes .";15.630949632069564;False
206;"how do subsonic and transonic flutter data measured in the new langley
transonic dynamics tunnel compare with similar data obtained in other
facilities .";6;638;"longitudinal aerodynamic characteristics at low subsonic
speeds of a highly swept wing utilizing nose deflection
for control .";15.584737260205266;False
206;"how do subsonic and transonic flutter data measured in the new langley
transonic dynamics tunnel compare with similar data obtained in other
facilities .";7;252;"an investigation of interference effects on similar models of
different size in various transonic tunnels in the u.k. .";14.853030690521948;False
206;"how do subsonic and transonic flutter data measured in the new langley
transonic dynamics tunnel compare with similar data obtained in other
facilities .";8;567;"aerodynamic characteristics of a circular cylinder
at mach number of 6. 86 and angles of attack up to
90 .";14.592473265037999;False
206;"how do subsonic and transonic flutter data measured in the new langley
transonic dynamics tunnel compare with similar data obtained in other
facilities .";9;876;on flutter testing in high speed wind tunnels .;14.313115801584818;False
206;"how do subsonic and transonic flutter data measured in the new langley
transonic dynamics tunnel compare with similar data obtained in other
facilities .";10;878;"experimental model techniques and equipment for flutter
investigations .";14.27236349663739;False
207;"how do large changes in new mass ratio quantitatively affect
wing-flutter boundaries .";1;859;"flutter of aerodynamically heated aluminium-alloy and
stainless steel panels with length-width ratio of 10
at mach 3. 0.";19.26489524389231;False
207;"how do large changes in new mass ratio quantitatively affect
wing-flutter boundaries .";2;1290;"measured and calculated subsonic and transonic flutter
characteristics of a 45 sweptback wing planform in
air and in freon-12 in the langley transonic dynamics
tunnel .";16.12851417582839;False
207;"how do large changes in new mass ratio quantitatively affect
wing-flutter boundaries .";3;78;"an analytical treatment of aircraft propeller precession
instability .";15.002007663225783;False
207;"how do large changes in new mass ratio quantitatively affect
wing-flutter boundaries .";4;948;"panel flutter tests on full scale x-15 lower vertical
stabilizer at mach number of 3. 0.";14.969724955884823;False
207;"how do large changes in new mass ratio quantitatively affect
wing-flutter boundaries .";5;747;"bodt freedom flutter of ground launched rocket models
at supersonic and high subsonic speeds .";14.178308218663075;False
207;"how do large changes in new mass ratio quantitatively affect
wing-flutter boundaries .";6;766;"experimental investigation at mach number of 3. 0 of
effects of thermal stress and buckling on flutter characteristics
of flat single-bay panels of length-width ratio 0. 96 .";13.265358346703255;False
207;"how do large changes in new mass ratio quantitatively affect
wing-flutter boundaries .";7;1341;"investigation of wing flutter at transonic speeds for six systematically
 varied wing plan forms .";13.122254946012774;True
207;"how do large changes in new mass ratio quantitatively affect
wing-flutter boundaries .";8;391;"flutter of rectangular simply supported panels at high
supersonic speeds .";13.014261721794973;False
207;"how do large changes in new mass ratio quantitatively affect
wing-flutter boundaries .";9;749;"the aerodynamic effects of aspect ratio and sweepback
on wing flutter .";12.577701960178457;False
207;"how do large changes in new mass ratio quantitatively affect
wing-flutter boundaries .";10;39;on the flow of a sonic stream past an airfoil surface .;12.560492586414702;False
208;"what is the effect of the shape of the drag polar of a lifting
spacecraft on the amount of reduction in maximum deceleration obtainable by
continuously varying the aerodynamic coefficients during re-entry .";1;1291;"atmosphere entries with spacecraft lift-drag ratios
modulated to limit decelerations .";55.576591612386984;False
208;"what is the effect of the shape of the drag polar of a lifting
spacecraft on the amount of reduction in maximum deceleration obtainable by
continuously varying the aerodynamic coefficients during re-entry .";2;163;"an analysis of the corridor and guidance requirements
for supercircular entry planetary atmospheres .";36.95512416550257;True
208;"what is the effect of the shape of the drag polar of a lifting
spacecraft on the amount of reduction in maximum deceleration obtainable by
continuously varying the aerodynamic coefficients during re-entry .";3;1344;"atmospheric entries with vehicle lift-drag ratio modulated
to limit deceleration and rate of deceleration vehicles
with maximum lift-drag ratio of 0. 5.";29.7424871599964;True
208;"what is the effect of the shape of the drag polar of a lifting
spacecraft on the amount of reduction in maximum deceleration obtainable by
continuously varying the aerodynamic coefficients during re-entry .";4;1345;"the use of aerodynamic lift during entry into the earth's
atmosphere .";26.459989478450805;True
208;"what is the effect of the shape of the drag polar of a lifting
spacecraft on the amount of reduction in maximum deceleration obtainable by
continuously varying the aerodynamic coefficients during re-entry .";5;1217;"application of inequality constraints to variational
problems of lifting re-entry .";24.86105988452864;False
208;"what is the effect of the shape of the drag polar of a lifting
spacecraft on the amount of reduction in maximum deceleration obtainable by
continuously varying the aerodynamic coefficients during re-entry .";6;1348;"radiative heat transfer during atmosphere entry at
parabolic velocity .";24.085492059078945;False
208;"what is the effect of the shape of the drag polar of a lifting
spacecraft on the amount of reduction in maximum deceleration obtainable by
continuously varying the aerodynamic coefficients during re-entry .";7;566;"investigation of local heat transfer and pressure drag
characteristics of a yawed circular cylinder at supersonic
speeds .";22.018454670477038;False
208;"what is the effect of the shape of the drag polar of a lifting
spacecraft on the amount of reduction in maximum deceleration obtainable by
continuously varying the aerodynamic coefficients during re-entry .";8;164;"an approximate analytical method for studying entry
into planetary atmospheres .";20.653553622421587;True
208;"what is the effect of the shape of the drag polar of a lifting
spacecraft on the amount of reduction in maximum deceleration obtainable by
continuously varying the aerodynamic coefficients during re-entry .";9;1346;modulated entry .;20.11763944567955;True
208;"what is the effect of the shape of the drag polar of a lifting
spacecraft on the amount of reduction in maximum deceleration obtainable by
continuously varying the aerodynamic coefficients during re-entry .";10;1219;"determination of lift or drag programs to minimize
re-entry heating .";19.708117570952115;False
209;"what are the physical significance and characteristics of separated
laminar and turbulent boundary layer flows .";1;959;heat transfer in separated flows .;21.029014952627037;False
209;"what are the physical significance and characteristics of separated
laminar and turbulent boundary layer flows .";2;187;"investigation of separated flows in supersonic and subsonic
streams with emphasis on the effect of transition .";20.53030795561849;True
209;"what are the physical significance and characteristics of separated
laminar and turbulent boundary layer flows .";3;455;"modified cross-lees mixing theory for supersonic separated
and reattaching flows .";18.70511817882554;False
209;"what are the physical significance and characteristics of separated
laminar and turbulent boundary layer flows .";4;651;"heat transfer to separated and reattached subsonic
turbulen flows obtained downstream of a surface step .";17.811013274888268;False
209;"what are the physical significance and characteristics of separated
laminar and turbulent boundary layer flows .";5;89;"an investigation of separated flows, part i: the pressure
field .";16.482342250918222;False
209;"what are the physical significance and characteristics of separated
laminar and turbulent boundary layer flows .";6;45;"an investigation of separated flows, part ii: flow
in the cavity and heat transfer .";16.205574947507007;True
209;"what are the physical significance and characteristics of separated
laminar and turbulent boundary layer flows .";7;798;"interaction between shock waves and boundary layers, with a note on the
effects of the interaction of the performance of supersonic intakes .";15.438371179628092;False
209;"what are the physical significance and characteristics of separated
laminar and turbulent boundary layer flows .";8;487;"theory for supersonic two-dimensional, laminar, base-type
flows using the crocco-lees mixing concepts .";15.341738161335002;True
209;"what are the physical significance and characteristics of separated
laminar and turbulent boundary layer flows .";9;996;"extension of boundary layer separation criteria to
a m=6 .5 utilizing flat plates with forward-facing
steps .";15.218484701399962;False
209;"what are the physical significance and characteristics of separated
laminar and turbulent boundary layer flows .";10;358;"on the model of the free shock separation, turbulent
boundary layer .";14.591508590613268;False
21;"why does the compressibility transformation fail to correlate the high
speed data for helium and air .";1;502;on squire's test of the compressibility transformation .;30.797466860568303;False
21;"why does the compressibility transformation fail to correlate the high
speed data for helium and air .";2;302;"approximations for the thermodynamic and transport properties of high
temperature air .";15.445970442073952;False
21;"why does the compressibility transformation fail to correlate the high
speed data for helium and air .";3;271;"an experimental test of compressibility transformation
for turbulent boundary layer .";14.098990811727406;True
21;"why does the compressibility transformation fail to correlate the high
speed data for helium and air .";4;343;"transpiration cooling experiments in a turbulent boundary
layer at m=3 .";14.08119625203214;False
21;"why does the compressibility transformation fail to correlate the high
speed data for helium and air .";5;68;"some aspects of air-helium simulation and hypersonic
approximations .";13.690050406433247;False
21;"why does the compressibility transformation fail to correlate the high
speed data for helium and air .";6;686;"flutter tests of some simple models at a mach number
of 7. 2 in helium flow .";13.01470315476384;False
21;"why does the compressibility transformation fail to correlate the high
speed data for helium and air .";7;413;"turbulent skin friction at high mach numbers and reynolds
numbers in air and helium . nasa r82, 1960 .";12.353036121777572;True
21;"why does the compressibility transformation fail to correlate the high
speed data for helium and air .";8;96;"review of published data on the effect of roughness on transition from
laminar to turbulent flow .";12.16737301232197;False
21;"why does the compressibility transformation fail to correlate the high
speed data for helium and air .";9;628;thermal effects on a transpiration cooled hemisphere .;12.022706643876223;False
21;"why does the compressibility transformation fail to correlate the high
speed data for helium and air .";10;338;mass transfer cooling at mach number 4. 8.;11.911976797736497;False
210;"has anyone analytically investigated the stabilizing influence of soft
elastic cores on the buckling strength of cylindrical shells subjected
to non-uniform external pressure .";1;1172;"elastic stability of circular cylindrical shells stabilized
by a soft elastic core .";40.110491201001835;True
210;"has anyone analytically investigated the stabilizing influence of soft
elastic cores on the buckling strength of cylindrical shells subjected
to non-uniform external pressure .";2;1145;"buckling of core-stabilized cylinders under axisymmetric external
loads .";31.13866044450573;False
210;"has anyone analytically investigated the stabilizing influence of soft
elastic cores on the buckling strength of cylindrical shells subjected
to non-uniform external pressure .";3;1171;"the stability under axial compression and lateral pressure
of circular cylindrical shells with a soft elastic
core .";27.73755983076586;True
210;"has anyone analytically investigated the stabilizing influence of soft
elastic cores on the buckling strength of cylindrical shells subjected
to non-uniform external pressure .";4;887;"buckling due to thermal stress of cylindrical shells
subjected to axial temperature distributions .";25.14062370884127;False
210;"has anyone analytically investigated the stabilizing influence of soft
elastic cores on the buckling strength of cylindrical shells subjected
to non-uniform external pressure .";5;1125;"collapse by instability of thin cylindrical shells
under external pressure .";24.96948175411949;False
210;"has anyone analytically investigated the stabilizing influence of soft
elastic cores on the buckling strength of cylindrical shells subjected
to non-uniform external pressure .";6;1068;"instability analysis of cylindrical shells under hydrostatic
pressure .";24.770012369433026;False
210;"has anyone analytically investigated the stabilizing influence of soft
elastic cores on the buckling strength of cylindrical shells subjected
to non-uniform external pressure .";7;739;"the buckling of thin cylindrical shells under axial
compression .";23.5993075811205;False
210;"has anyone analytically investigated the stabilizing influence of soft
elastic cores on the buckling strength of cylindrical shells subjected
to non-uniform external pressure .";8;1173;the buckling of cylindrical shells under longitudinally varying loads .;22.64700835553954;True
210;"has anyone analytically investigated the stabilizing influence of soft
elastic cores on the buckling strength of cylindrical shells subjected
to non-uniform external pressure .";9;1126;"an engineer's conceptual approach to the buckling of
cylindrical shell (axial loading) .";22.639456101753247;False
210;"has anyone analytically investigated the stabilizing influence of soft
elastic cores on the buckling strength of cylindrical shells subjected
to non-uniform external pressure .";10;743;"new developments in the nonlinear theories of the buckling of thin
cylindrical shells .";22.501498959140722;False
211;"what papers are available on the buckling of empty cylindrical shells
under non-uniform pressure .";1;739;"the buckling of thin cylindrical shells under axial
compression .";27.821239312281666;False
211;"what papers are available on the buckling of empty cylindrical shells
under non-uniform pressure .";2;1068;"instability analysis of cylindrical shells under hydrostatic
pressure .";23.21883491731785;True
211;"what papers are available on the buckling of empty cylindrical shells
under non-uniform pressure .";3;885;"buckling of thin cylindrical shells under hoop stresses
varying in axial direction .";20.684949778021124;False
211;"what papers are available on the buckling of empty cylindrical shells
under non-uniform pressure .";4;1117;"stability of orthotropic cylindrical shells under combined
loading .";20.260812124612976;False
211;"what papers are available on the buckling of empty cylindrical shells
under non-uniform pressure .";5;1173;the buckling of cylindrical shells under longitudinally varying loads .;19.174139512338343;True
211;"what papers are available on the buckling of empty cylindrical shells
under non-uniform pressure .";6;1070;buckling of orthotropic and stiffened conical shells .;18.667839803618314;False
211;"what papers are available on the buckling of empty cylindrical shells
under non-uniform pressure .";7;763;"effects of internal pressure on the buckling of circular-cylindrical
shells under bending.";18.635040240580445;True
211;"what papers are available on the buckling of empty cylindrical shells
under non-uniform pressure .";8;1051;"the stability of thin-walled unstiffened circular cylinders
under axial compression including the effects of internal
pressure .";18.525144405333034;False
211;"what papers are available on the buckling of empty cylindrical shells
under non-uniform pressure .";9;1171;"the stability under axial compression and lateral pressure
of circular cylindrical shells with a soft elastic
core .";18.52051019935105;False
211;"what papers are available on the buckling of empty cylindrical shells
under non-uniform pressure .";10;1145;"buckling of core-stabilized cylinders under axisymmetric external
loads .";18.48180279694113;False
212;"what effect do thermal stresses have on the compressive buckling
strength of ring-stiffened cylinders .";1;1177;effects of rapid heating on strength of airframe components .;34.79381426027888;True
212;"what effect do thermal stresses have on the compressive buckling
strength of ring-stiffened cylinders .";2;1178;"buckling of ring-stiffened cylinders under a pure bending
moment and a nonuniform temperature distribution .";34.3676054866838;True
212;"what effect do thermal stresses have on the compressive buckling
strength of ring-stiffened cylinders .";3;838;"bending and compression tests of pressurised ring-stiffened
cylinders .";30.882164158874186;False
212;"what effect do thermal stresses have on the compressive buckling
strength of ring-stiffened cylinders .";4;888;"combinations of temperature and axial compression required
for buckling of a ring-stiffened cylinder .";30.038918808536547;True
212;"what effect do thermal stresses have on the compressive buckling
strength of ring-stiffened cylinders .";5;1176;bending tests of ring-stiffened circular cylinders .;24.90205429866325;True
212;"what effect do thermal stresses have on the compressive buckling
strength of ring-stiffened cylinders .";6;1132;"general instability of ring stiffened cylindrical shells
subject to external hydrostatic pressure - a comparison
of theory and experiment .";20.300673380773418;False
212;"what effect do thermal stresses have on the compressive buckling
strength of ring-stiffened cylinders .";7;885;"buckling of thin cylindrical shells under hoop stresses
varying in axial direction .";20.087091381654048;True
212;"what effect do thermal stresses have on the compressive buckling
strength of ring-stiffened cylinders .";8;1146;thermal buckling of cylinders .;19.952672529291092;False
212;"what effect do thermal stresses have on the compressive buckling
strength of ring-stiffened cylinders .";9;1133;"a simple extension of southwell's method for determining the elastic
general instability pressure of ring-stiffened cylinders subject
to external hydrostatic pressure .";19.551067074849822;False
212;"what effect do thermal stresses have on the compressive buckling
strength of ring-stiffened cylinders .";10;1070;buckling of orthotropic and stiffened conical shells .;19.30669494681603;False
213;"what is the effect on cylinder buckling of a circumferential stress
system that varies in the axial direction .";1;888;"combinations of temperature and axial compression required
for buckling of a ring-stiffened cylinder .";22.469175867210122;True
213;"what is the effect on cylinder buckling of a circumferential stress
system that varies in the axial direction .";2;885;"buckling of thin cylindrical shells under hoop stresses
varying in axial direction .";22.46605234860299;True
213;"what is the effect on cylinder buckling of a circumferential stress
system that varies in the axial direction .";3;1173;the buckling of cylindrical shells under longitudinally varying loads .;22.402527282633894;True
213;"what is the effect on cylinder buckling of a circumferential stress
system that varies in the axial direction .";4;769;"local circumferential buckling of thin circular cylindrical
shells .";22.320237345743916;True
213;"what is the effect on cylinder buckling of a circumferential stress
system that varies in the axial direction .";5;741;"the behaviour of thin cylindrical shells after buckling
under axial compression .";21.539428453630272;False
213;"what is the effect on cylinder buckling of a circumferential stress
system that varies in the axial direction .";6;887;"buckling due to thermal stress of cylindrical shells
subjected to axial temperature distributions .";20.983469402699754;True
213;"what is the effect on cylinder buckling of a circumferential stress
system that varies in the axial direction .";7;642;"the buckling strength of a uniform circular cylinder
loaded in axial compression .";17.822524920033086;False
213;"what is the effect on cylinder buckling of a circumferential stress
system that varies in the axial direction .";8;1038;on transverse vibrations of thin, shallow elastic shells .;16.024350572238017;False
213;"what is the effect on cylinder buckling of a circumferential stress
system that varies in the axial direction .";9;890;comments on 'thermal buckling of clamped cylindrical shells' .;15.917555225946623;True
213;"what is the effect on cylinder buckling of a circumferential stress
system that varies in the axial direction .";10;891;"buckling of a finite length cylindrical shell under
a circumferential band of pressure .";15.565328739172923;False
214;"can non-linear shallow shell analysis be reduced to an engineering
technique by use of the matrix .";1;1294;"non-linear shallow shell analysis by the matrix force
method .";36.83013073902721;False
214;"can non-linear shallow shell analysis be reduced to an engineering
technique by use of the matrix .";2;1362;"non-linear analysis of heated, cambered wings by the matrix force
method .";23.56005069061063;True
214;"can non-linear shallow shell analysis be reduced to an engineering
technique by use of the matrix .";3;828;"stresses and small displacements of shallow spherical
shells .";20.246118228154547;False
214;"can non-linear shallow shell analysis be reduced to an engineering
technique by use of the matrix .";4;739;"the buckling of thin cylindrical shells under axial
compression .";18.7571882796215;False
214;"can non-linear shallow shell analysis be reduced to an engineering
technique by use of the matrix .";5;916;"the flow around oscillating low aspect ratio wings at transonic
speeds .";16.522448104673643;False
214;"can non-linear shallow shell analysis be reduced to an engineering
technique by use of the matrix .";6;92;"the analysis of redundant structures by the use of
high-speed digital computers .";16.251812395133538;False
214;"can non-linear shallow shell analysis be reduced to an engineering
technique by use of the matrix .";7;930;"general theory of large deflections of thin shells
with special applications to conical shells .";16.002475658825762;False
214;"can non-linear shallow shell analysis be reduced to an engineering
technique by use of the matrix .";8;1044;on the theory of thin elastic shells .;15.588134517113389;False
214;"can non-linear shallow shell analysis be reduced to an engineering
technique by use of the matrix .";9;1154;"on the influence of wall boundary layers in closed transonic test
sections .";15.51358847057764;False
214;"can non-linear shallow shell analysis be reduced to an engineering
technique by use of the matrix .";10;777;"a technique for rendering approximate solutions to
physical problems uniformly valid .";15.321874293089286;False
215;"is it possible to predict the shape of a shroud which will allow
simulation of the nose region flow field for a sphere in hypersonic flow .";1;535;"shroud design for simulating hypersonic flow over the nose of a
hemisphere .";29.27301850056133;False
215;"is it possible to predict the shape of a shroud which will allow
simulation of the nose region flow field for a sphere in hypersonic flow .";2;25;inviscid hypersonic flow over blunt-nosed slender bodies .;19.156615034675237;False
215;"is it possible to predict the shape of a shroud which will allow
simulation of the nose region flow field for a sphere in hypersonic flow .";3;1253;"hypersonic viscous flow near the stagnation point in
the presence of magnetic field .";18.484207497430024;False
215;"is it possible to predict the shape of a shroud which will allow
simulation of the nose region flow field for a sphere in hypersonic flow .";4;574;"inviscid flow with nonequilibrium molecular dissociation for pressure
distributions encountered in hypersonic flight .";18.125084762790344;False
215;"is it possible to predict the shape of a shroud which will allow
simulation of the nose region flow field for a sphere in hypersonic flow .";5;1205;"effects of cooling on boundary layer transition on
a hemi- sphere in simulated hypersonic flow .";18.08924391031595;False
215;"is it possible to predict the shape of a shroud which will allow
simulation of the nose region flow field for a sphere in hypersonic flow .";6;666;blunt body heat transfer at hypersonic speed and low reynolds numbers .;17.72040806138296;False
215;"is it possible to predict the shape of a shroud which will allow
simulation of the nose region flow field for a sphere in hypersonic flow .";7;1198;the blunt-leading-edge problem in hypersonic flow .;16.40690956325845;False
215;"is it possible to predict the shape of a shroud which will allow
simulation of the nose region flow field for a sphere in hypersonic flow .";8;1391;shock wave and flow field development in hypersonic re-entry .;16.056131046896986;False
215;"is it possible to predict the shape of a shroud which will allow
simulation of the nose region flow field for a sphere in hypersonic flow .";9;707;"thermal analysis of stagnation regions with emphasis on heat-sustaining
nose shapes at hypersonic speeds .";15.352316276582496;False
215;"is it possible to predict the shape of a shroud which will allow
simulation of the nose region flow field for a sphere in hypersonic flow .";10;625;viscous and inviscid nonequilibrium gas flows .;15.329995268234192;False
216;"what investigations have been made of the wave system created by a
static pressure distribution over a liquid surface .";1;1319;real gas effects in flow over blunt bodies at hypersonic speeds .;17.8046958234012;False
216;"what investigations have been made of the wave system created by a
static pressure distribution over a liquid surface .";2;1274;real gas effects in flow over blunt bodies at hypersonic speeds .;17.69767525261725;False
216;"what investigations have been made of the wave system created by a
static pressure distribution over a liquid surface .";3;175;experiments with static tubes in a supersonic airstream .;16.41158915726297;False
216;"what investigations have been made of the wave system created by a
static pressure distribution over a liquid surface .";4;893;"a new design of pitot-static tube with a discussion
of pitot-static tubes and their calibration factors .";16.293853250040655;False
216;"what investigations have been made of the wave system created by a
static pressure distribution over a liquid surface .";5;39;on the flow of a sonic stream past an airfoil surface .;15.66565116457178;False
216;"what investigations have been made of the wave system created by a
static pressure distribution over a liquid surface .";6;974;approximate analysis of thrust vector control by fluid injection .;15.152423459485824;False
216;"what investigations have been made of the wave system created by a
static pressure distribution over a liquid surface .";7;506;"a note on havelock's shallow-water wave-resistance
curves .";14.596457800246391;False
216;"what investigations have been made of the wave system created by a
static pressure distribution over a liquid surface .";8;117;the motion of a viscous liquid past a paraboloid .;14.399285009796184;False
216;"what investigations have been made of the wave system created by a
static pressure distribution over a liquid surface .";9;612;"pressure distributions and flow patterns at m=4 . on
some delta wings of inverted 'v' cross section .";14.177104216344318;False
216;"what investigations have been made of the wave system created by a
static pressure distribution over a liquid surface .";10;800;wall interference at transonic speeds on a hemisphere cylinder model .;14.10110862212328;False
217;"has anyone investigated the effect of shock generated vorticity on heat
transfer to a blunt body .";1;666;blunt body heat transfer at hypersonic speed and low reynolds numbers .;18.436372915871637;True
217;"has anyone investigated the effect of shock generated vorticity on heat
transfer to a blunt body .";2;983;"addendum to 'heat transfer to satellite vehicles re-entering the
atmosphere .";17.13545582282189;False
217;"has anyone investigated the effect of shock generated vorticity on heat
transfer to a blunt body .";3;323;"vorticity interaction at an axisymmetric stagnation
point in a viscous incompressible fluid .";16.925961842273765;False
217;"has anyone investigated the effect of shock generated vorticity on heat
transfer to a blunt body .";4;1393;"heat transfer near the forward stagnation point of
a body of revolution .";16.909441335036025;False
217;"has anyone investigated the effect of shock generated vorticity on heat
transfer to a blunt body .";5;44;tip-bluntness effects on cone pressures at m=6.85 .;16.90628234219036;False
217;"has anyone investigated the effect of shock generated vorticity on heat
transfer to a blunt body .";6;1151;experiments on supersonic blunt-body flows .;16.748423995818225;False
217;"has anyone investigated the effect of shock generated vorticity on heat
transfer to a blunt body .";7;1161;"stagnation point heat transfer measurements in dissociated
air .";15.997464204152932;False
217;"has anyone investigated the effect of shock generated vorticity on heat
transfer to a blunt body .";8;1395;"low density stagnation point heat transfer measurements
in the hypersonic shock tunnel .";15.860478477824184;True
217;"has anyone investigated the effect of shock generated vorticity on heat
transfer to a blunt body .";9;1394;"stagnation point heat transfer measurements in hypersonic
low density flow .";15.473619982066863;True
217;"has anyone investigated the effect of shock generated vorticity on heat
transfer to a blunt body .";10;946;"exploratory investigation of the effect of a forward
facing jet on the bow shock of a blunt body in a mach
number 6 free stream .";15.244914535092976;False
218;what is the heat transfer to a blunt body in the absence of vorticity .;1;36;supersonic flow around blunt bodies .;16.2489845182271;False
218;what is the heat transfer to a blunt body in the absence of vorticity .;2;670;"on blunt-body heat transfer at hypersonic speed and low reynolds
number .";14.300472204463134;False
218;what is the heat transfer to a blunt body in the absence of vorticity .;3;1393;"heat transfer near the forward stagnation point of
a body of revolution .";13.79917183038631;True
218;what is the heat transfer to a blunt body in the absence of vorticity .;4;666;blunt body heat transfer at hypersonic speed and low reynolds numbers .;13.532703463710885;True
218;what is the heat transfer to a blunt body in the absence of vorticity .;5;1395;"low density stagnation point heat transfer measurements
in the hypersonic shock tunnel .";13.191671534886343;False
218;what is the heat transfer to a blunt body in the absence of vorticity .;6;1394;"stagnation point heat transfer measurements in hypersonic
low density flow .";13.121434351251105;False
218;what is the heat transfer to a blunt body in the absence of vorticity .;7;323;"vorticity interaction at an axisymmetric stagnation
point in a viscous incompressible fluid .";13.052382183522536;False
218;what is the heat transfer to a blunt body in the absence of vorticity .;8;1281;"turbulent heat transfer on blunt-nosed bodies in two-dimensional
and general three-dimensional hypersonic flow .";12.799709572343613;False
218;what is the heat transfer to a blunt body in the absence of vorticity .;9;983;"addendum to 'heat transfer to satellite vehicles re-entering the
atmosphere .";12.789021983841966;False
218;what is the heat transfer to a blunt body in the absence of vorticity .;10;295;a note on transitional heat transfer under hypersonic conditions .;12.292802107521975;False
219;"what are the general effects on flow fields when the reynolds number is
small .";1;993;"the extent of the jet interference flow fields .
jet effects on cylindrical afterbodies housing sonic and supersonic
nozzles which exhaust against a supersonic stream at angles of attack
from 90degree to 180degree .";14.33180354447475;False
219;"what are the general effects on flow fields when the reynolds number is
small .";2;1221;"steady flow of conducting fluids in channels under
transverse magnetic fields, with consideration of hall
effect .";14.142312612486098;False
219;"what are the general effects on flow fields when the reynolds number is
small .";3;1222;axisymmetric magnetohydrodynamic channel flow .;14.052012562709768;False
219;"what are the general effects on flow fields when the reynolds number is
small .";4;992;"the effects of a small jet of air exhausting from the nose of a body
of revolution in supersonic flow .";13.438690398353662;False
219;"what are the general effects on flow fields when the reynolds number is
small .";5;208;"the hall effect in the viscous flow of ionized gas
between parallel plates under transverse magnetic field .";12.72174622197232;False
219;"what are the general effects on flow fields when the reynolds number is
small .";6;236;criteria for thermodynamic equilibrium in gas flow .;12.62583837515995;False
219;"what are the general effects on flow fields when the reynolds number is
small .";7;456;"a study of flow fields about some typical blunt-nosed
slender bodies .";12.55978887690392;False
219;"what are the general effects on flow fields when the reynolds number is
small .";8;1082;"the flow past pitot tube at low reynolds numbers, part 1-dash the
numerical solution of the navier-stokes equations for steady viscous
axisymmetric flow, part 2-dash the effects of viscosity and orifice
size on a pitot tube at low reynolds numbers .";12.381055682334997;False
219;"what are the general effects on flow fields when the reynolds number is
small .";9;319;"propagation of weak disturbances in a gas subject to
relaxation effects .";12.067070258415466;False
219;"what are the general effects on flow fields when the reynolds number is
small .";10;342;"effect of diffusion fields on the laminar boundary
layer .";11.86554294573437;False
22;"did anyone else discover that the turbulent skin friction is not over
sensitive to the nature of the variation of the viscosity with
temperature .";1;125;"measurements of skin friction of the compressible turbulent
boundary layer on a cone with foreign gas injection .";20.594352605234064;False
22;"did anyone else discover that the turbulent skin friction is not over
sensitive to the nature of the variation of the viscosity with
temperature .";2;413;"turbulent skin friction at high mach numbers and reynolds
numbers in air and helium . nasa r82, 1960 .";20.371207764870025;False
22;"did anyone else discover that the turbulent skin friction is not over
sensitive to the nature of the variation of the viscosity with
temperature .";3;560;"a theoretical study of the effect of upstream
transpiration-cooling on the heat transfer and skin friction characteristics
of a compressible laminar boundary layer .";18.769603468794745;False
22;"did anyone else discover that the turbulent skin friction is not over
sensitive to the nature of the variation of the viscosity with
temperature .";4;307;"an approximate solution of hypersonic laminar boundary
layer equations and its application .";17.998454502599163;False
22;"did anyone else discover that the turbulent skin friction is not over
sensitive to the nature of the variation of the viscosity with
temperature .";5;9;"transition studies and skin friction measurements on
an insulated flat plate at a mach number of 5.8 .";16.644761575696496;False
22;"did anyone else discover that the turbulent skin friction is not over
sensitive to the nature of the variation of the viscosity with
temperature .";6;50;"investigation of laminar boundary layer in compressible
fluids using the crocco method .";16.433218244568135;False
22;"did anyone else discover that the turbulent skin friction is not over
sensitive to the nature of the variation of the viscosity with
temperature .";7;962;"contributions to the theory of heat transfer through
a laminar boundary layer .";16.42364900031505;False
22;"did anyone else discover that the turbulent skin friction is not over
sensitive to the nature of the variation of the viscosity with
temperature .";8;565;"similar solutions for the compressible boundary layer
on a yawed cylinder with transpiration cooling .";16.26652081397954;False
22;"did anyone else discover that the turbulent skin friction is not over
sensitive to the nature of the variation of the viscosity with
temperature .";9;348;turbulent boundary layer in compressible fluids .;16.12695294032246;False
22;"did anyone else discover that the turbulent skin friction is not over
sensitive to the nature of the variation of the viscosity with
temperature .";10;16;"transformation of the compressible turbulent boundary
layer .";16.008847155549947;False
220;"find a calculation procedure applicable to all incompressible laminar
boundary layer flow problems having good accuracy and reasonable
computation time .";1;1375;"an approximate solution for the axisymmetric jet of a laminar
compressible fluid .";20.03251683570183;False
220;"find a calculation procedure applicable to all incompressible laminar
boundary layer flow problems having good accuracy and reasonable
computation time .";2;292;"rapid laminar boundary layer calculations by piece-wise
application of similar solutions .";19.808020856995228;True
220;"find a calculation procedure applicable to all incompressible laminar
boundary layer flow problems having good accuracy and reasonable
computation time .";3;458;"a new series for calculation of steady laminar boundary
layer flows .";19.792977470163702;True
220;"find a calculation procedure applicable to all incompressible laminar
boundary layer flow problems having good accuracy and reasonable
computation time .";4;1192;"an integral method for calculation of supersonic laminar
boundary layer with heat transfer on yawed cone .";19.09831286999023;False
220;"find a calculation procedure applicable to all incompressible laminar
boundary layer flow problems having good accuracy and reasonable
computation time .";5;231;"practical calculation of second-order supersonic flow
past non-lifting bodies of revolution .";18.018210365090354;False
220;"find a calculation procedure applicable to all incompressible laminar
boundary layer flow problems having good accuracy and reasonable
computation time .";6;461;"approximate methods fore predicting separation properties
of laminar boundary layers .";17.7639342931034;False
220;"find a calculation procedure applicable to all incompressible laminar
boundary layer flow problems having good accuracy and reasonable
computation time .";7;527;"note on the three-point boundary layer problem for
the blasius equations .";16.333268248436774;False
220;"find a calculation procedure applicable to all incompressible laminar
boundary layer flow problems having good accuracy and reasonable
computation time .";8;837;"inelastic behaviour of structures subjected to cyclic
thermal and mechanical stressing conditions .";16.304923196364168;False
220;"find a calculation procedure applicable to all incompressible laminar
boundary layer flow problems having good accuracy and reasonable
computation time .";9;1365;approximate calculation of the laminar boundary layer .;15.881816845338314;True
220;"find a calculation procedure applicable to all incompressible laminar
boundary layer flow problems having good accuracy and reasonable
computation time .";10;261;"experiments on axi-symmetric boundary layers along
a long cylinder in incompressible flow .";15.60996002567257;False
221;"papers applicable to this problem (calculation procedures for laminar
incompressible flow with arbitrary pressure gradient) .";1;1366;"the compressible laminar boundary layer with heat transfer
and arbitrary pressure gradient .";18.373908671761455;True
221;"papers applicable to this problem (calculation procedures for laminar
incompressible flow with arbitrary pressure gradient) .";2;1386;"analysis and calculation by integral methods of laminar
compressible boundary layer with heat transfer and
with and without pressure gradient .";17.481530804535566;True
221;"papers applicable to this problem (calculation procedures for laminar
incompressible flow with arbitrary pressure gradient) .";3;458;"a new series for calculation of steady laminar boundary
layer flows .";16.988505814253376;True
221;"papers applicable to this problem (calculation procedures for laminar
incompressible flow with arbitrary pressure gradient) .";4;388;"the pressure gradient induced by shear flow past a
flat plate .";16.954771951655225;False
221;"papers applicable to this problem (calculation procedures for laminar
incompressible flow with arbitrary pressure gradient) .";5;662;"theoretical and experimental investigation of
aerodynamic-heating and isothermal heat transfer parameters on
a hemisphere nose with laminar boundary layer at supersonic
mach numbers .";14.649908890295908;False
221;"papers applicable to this problem (calculation procedures for laminar
incompressible flow with arbitrary pressure gradient) .";6;54;"method for calculation of compressible laminar boundary
layer characteristics in axial pressure gradient with
zero heat transfer .";14.632140227008584;False
221;"papers applicable to this problem (calculation procedures for laminar
incompressible flow with arbitrary pressure gradient) .";7;528;"first-order slip effects on the laminar boundary layer over a slender
body of revolution with zero pressure gradient .";14.560407132018442;False
221;"papers applicable to this problem (calculation procedures for laminar
incompressible flow with arbitrary pressure gradient) .";8;653;transient magnetohydrodynamic duct flow .;13.98947409206062;False
221;"papers applicable to this problem (calculation procedures for laminar
incompressible flow with arbitrary pressure gradient) .";9;49;"temperature and velocity profiles in the compressible
laminar boundary layer with arbitrary distribution
of surface temperature .";13.774801985886738;False
221;"papers applicable to this problem (calculation procedures for laminar
incompressible flow with arbitrary pressure gradient) .";10;1182;an approximate solution for laminar boundary layer flow .;13.711258886845771;False
222;has anyone investigated the shear buckling of stiffened plates .;1;1399;buckling of transverse stiffened plates under shear .;20.706632924251014;True
222;has anyone investigated the shear buckling of stiffened plates .;2;1130;"handbook of structural stability . pt .vi . strength
of stiffened curved plates and shells .";20.342499435014055;False
222;has anyone investigated the shear buckling of stiffened plates .;3;419;"the design of intermediate vertical stiffeners on web
plates subjected to shear .";19.98353954047445;True
222;has anyone investigated the shear buckling of stiffened plates .;4;400;buckling stress of clamped rectangular plates in shear .;15.019461117909213;True
222;has anyone investigated the shear buckling of stiffened plates .;5;1400;"the buckling shear stress of simply-supported infinitely
long plates with transverse stiffeners .";14.665668333079179;True
222;has anyone investigated the shear buckling of stiffened plates .;6;1121;"compressive and torsional buckling of thin-wall cylinders
in the yield region .";13.669927614311527;False
222;has anyone investigated the shear buckling of stiffened plates .;7;1050;"compressive buckling of simply supported curved plates
and cylinders of sandwich construction .";13.302305129747367;False
222;has anyone investigated the shear buckling of stiffened plates .;8;1396;"shear buckling of clamped and simply-supported infinitely
long plates reinforced by transverse stiffeners .";13.163135040716677;False
222;has anyone investigated the shear buckling of stiffened plates .;9;820;theories of plastic buckling .;12.776139697323051;False
222;has anyone investigated the shear buckling of stiffened plates .;10;1048;a small deflection theory for curved sandwich plates .;12.619111039819341;False
223;papers on shear buckling of unstiffened rectangular plates under shear .;1;1399;buckling of transverse stiffened plates under shear .;21.14846589033753;False
223;papers on shear buckling of unstiffened rectangular plates under shear .;2;400;buckling stress of clamped rectangular plates in shear .;20.80596071081255;True
223;papers on shear buckling of unstiffened rectangular plates under shear .;3;1358;"compressive buckling of simply supported plates with
transverse stiffeners .";17.10242039299386;False
223;papers on shear buckling of unstiffened rectangular plates under shear .;4;1357;"compressive buckling of simply supplorted plates with
longitudinal stiffeners .";16.896088005447098;False
223;papers on shear buckling of unstiffened rectangular plates under shear .;5;1008;free-flight measurements of the static and dynamic .;16.35366771070239;False
223;papers on shear buckling of unstiffened rectangular plates under shear .;6;1398;"stability of rectangular plates under shear and bending
forces .";16.09287525896354;True
223;papers on shear buckling of unstiffened rectangular plates under shear .;7;1387;"the buckling of a square panel under shear, when one
pair of opposite edges is clamped and the other pair
is simply supported .";15.535564798437282;True
223;papers on shear buckling of unstiffened rectangular plates under shear .;8;1400;"the buckling shear stress of simply-supported infinitely
long plates with transverse stiffeners .";14.651936345954876;False
223;papers on shear buckling of unstiffened rectangular plates under shear .;9;419;"the design of intermediate vertical stiffeners on web
plates subjected to shear .";14.561786711630617;False
223;papers on shear buckling of unstiffened rectangular plates under shear .;10;1119;plastic stability theory of thin shells .;13.916664829454517;False
224;"in practice, how close to reality are the assumptions that the flow
in a hypersonic shock tube using nitrogen is non-viscous and in
thermodynamic equilibrium .";1;1312;"tabulated solutions of the equilibrium gas properties
behind the incidents and reflected normal shock-wave
in a shock-tube .";26.245701085150333;False
224;"in practice, how close to reality are the assumptions that the flow
in a hypersonic shock tube using nitrogen is non-viscous and in
thermodynamic equilibrium .";2;1286;"equilibrium real-gas performance charts for a shypersonic
shock-tube wind-tunnel employing nitrogen .";25.499836351148993;False
224;"in practice, how close to reality are the assumptions that the flow
in a hypersonic shock tube using nitrogen is non-viscous and in
thermodynamic equilibrium .";3;317;non-equilibrium flow of an ideal dissociating gas .;22.63046893205595;False
224;"in practice, how close to reality are the assumptions that the flow
in a hypersonic shock tube using nitrogen is non-viscous and in
thermodynamic equilibrium .";4;401;"inviscid hypersonic airflows with coupled non-equilibrium
processes .";22.36919884641643;False
224;"in practice, how close to reality are the assumptions that the flow
in a hypersonic shock tube using nitrogen is non-viscous and in
thermodynamic equilibrium .";5;1296;"non-equilibrium expansions of air with coupled chemical
reactions .";20.671987129540042;False
224;"in practice, how close to reality are the assumptions that the flow
in a hypersonic shock tube using nitrogen is non-viscous and in
thermodynamic equilibrium .";6;259;"second order theory for unsteady supersonic flow
past slender pointed bodies of revolution .";19.788283962382398;False
224;"in practice, how close to reality are the assumptions that the flow
in a hypersonic shock tube using nitrogen is non-viscous and in
thermodynamic equilibrium .";7;236;criteria for thermodynamic equilibrium in gas flow .;18.876986885749513;False
224;"in practice, how close to reality are the assumptions that the flow
in a hypersonic shock tube using nitrogen is non-viscous and in
thermodynamic equilibrium .";8;1316;"temperature measurements of shock-waves by spectrum-line reversal, ii a
double beam method .";17.16602118142795;True
224;"in practice, how close to reality are the assumptions that the flow
in a hypersonic shock tube using nitrogen is non-viscous and in
thermodynamic equilibrium .";9;576;"viscous and inviscid stagnation flow in a dissociated hypervelocity free
 stream .";16.97515958933159;False
224;"in practice, how close to reality are the assumptions that the flow
in a hypersonic shock tube using nitrogen is non-viscous and in
thermodynamic equilibrium .";10;656;departure from dissociation equilibrium in a hypersonic nozzle .;16.798981901337616;True
225;"what design factors can be used to control lift-drag ratios at mach
numbers above 5 .";1;1188;"factors affecting lift-drag ratios at mach numbers
from 5 to 20 .";31.31837564198125;False
225;"what design factors can be used to control lift-drag ratios at mach
numbers above 5 .";2;1380;the problem of obtaining high lift-drag ratios at supersonic speeds .;23.009740188312747;True
225;"what design factors can be used to control lift-drag ratios at mach
numbers above 5 .";3;70;"a study of flow changes associated with airfoil section
drag rise at supercritical speeds .";19.42632038720204;False
225;"what design factors can be used to control lift-drag ratios at mach
numbers above 5 .";4;1345;"the use of aerodynamic lift during entry into the earth's
atmosphere .";17.38329372673143;False
225;"what design factors can be used to control lift-drag ratios at mach
numbers above 5 .";5;225;elliptic cones alone and with wings at supersonic speeds .;16.913654883459476;True
225;"what design factors can be used to control lift-drag ratios at mach
numbers above 5 .";6;1291;"atmosphere entries with spacecraft lift-drag ratios
modulated to limit decelerations .";16.76679015969636;False
225;"what design factors can be used to control lift-drag ratios at mach
numbers above 5 .";7;416;"methods of boundary-layer control for postponing and alleviating
buffeting and other effects of shock-induced separation .";16.608121523894376;False
225;"what design factors can be used to control lift-drag ratios at mach
numbers above 5 .";8;1334;"calculated spanwise lift distributions and aerodynamic
influence coefficients for swept wings in subsonic
flow .";16.20547610077115;False
225;"what design factors can be used to control lift-drag ratios at mach
numbers above 5 .";9;1124;"design of missile bodies for minimum drag at very high
speeds - thickness ratio, lift, and center of pressure
given .";15.861022318326247;True
225;"what design factors can be used to control lift-drag ratios at mach
numbers above 5 .";10;1332;"calculated spanwise lift distributions, influence functions
and influence coefficients for unswept wings in subsonic
flow .";15.682899257541646;False
23;what progress has been made in research on unsteady aerodynamics .;1;902;"some current and proposed investigations into the flow
for slender delta and other wings in unsteady motion .";15.921168144914267;True
23;what progress has been made in research on unsteady aerodynamics .;2;28;"a note on the explosion solution of sedov with application
to the newtonian theory of unsteady hypersonic flow .";15.290500854522929;False
23;what progress has been made in research on unsteady aerodynamics .;3;892;research on unsteady flow .;14.799111274746227;False
23;what progress has been made in research on unsteady aerodynamics .;4;718;means and examples of aeronautical research in france at onera .;13.781226593410691;False
23;what progress has been made in research on unsteady aerodynamics .;5;1287;"progress report on an experiment on the effect of surface
flexibility on the stability of laminar flow .";13.159760977673542;False
23;what progress has been made in research on unsteady aerodynamics .;6;251;"a collection of longitudinal stability derivatives
of wings at supersonic speeds .";11.932742430397044;False
23;what progress has been made in research on unsteady aerodynamics .;7;1151;experiments on supersonic blunt-body flows .;11.925424607607502;False
23;what progress has been made in research on unsteady aerodynamics .;8;753;"development of a quasi-steady approach to flutter and
correlation with kernel-function results .";11.334207983910684;False
23;what progress has been made in research on unsteady aerodynamics .;9;237;a compressor routine test code .;11.198069837743486;False
23;what progress has been made in research on unsteady aerodynamics .;10;360;lift on inclined bodies of revolution in hypersonic flow .;10.371019849317099;False
24;"what are the factors which influence the time required to invert large
structural matrices .";1;756;further comments on the inversion of large structural matrices .;18.607020197834828;False
24;"what are the factors which influence the time required to invert large
structural matrices .";2;46;some comments on the inversion of certain large matrices .;17.39172776901584;True
24;"what are the factors which influence the time required to invert large
structural matrices .";3;12;"some structural and aerelastic considerations of high
speed flight .";12.423934395098113;False
24;"what are the factors which influence the time required to invert large
structural matrices .";4;724;structural acoustic proof testing .;12.160034319257784;False
24;"what are the factors which influence the time required to invert large
structural matrices .";5;51;"theory of aircraft structural models subjected to aerodynamic
heating and external loads .";11.30091655997005;False
24;"what are the factors which influence the time required to invert large
structural matrices .";6;893;"a new design of pitot-static tube with a discussion
of pitot-static tubes and their calibration factors .";11.081202667657909;False
24;"what are the factors which influence the time required to invert large
structural matrices .";7;47;analysis of low-aspect-ratio aircraft structures .;10.440198097588505;True
24;"what are the factors which influence the time required to invert large
structural matrices .";8;883;correlated fatigue data for aircraft structural joints .;9.940401757948951;False
24;"what are the factors which influence the time required to invert large
structural matrices .";9;837;"inelastic behaviour of structures subjected to cyclic
thermal and mechanical stressing conditions .";9.666325128384212;False
24;"what are the factors which influence the time required to invert large
structural matrices .";10;1170;structural loads surveys on two tilt-wing vtol configurations .;9.320121472041736;False
25;"does a practical flow follow the theoretical concepts for the
interaction between adjacent blade rows of a supersonic cascade .";1;215;"the test performance of highly loaded turbine stages
designed for high pressure ratio .";21.70713390530897;True
25;"does a practical flow follow the theoretical concepts for the
interaction between adjacent blade rows of a supersonic cascade .";2;121;"a theory for base pressures in transonic and supersonic
flow .";20.222054118730973;False
25;"does a practical flow follow the theoretical concepts for the
interaction between adjacent blade rows of a supersonic cascade .";3;277;"study of flow conditions and deflection angle at exit
of two-dimensional cascade of turbine rotor blades
at critical and supercritical pressure ratios .";18.30127495480971;True
25;"does a practical flow follow the theoretical concepts for the
interaction between adjacent blade rows of a supersonic cascade .";4;511;"tunnel tests on a double cascade to determine the interaction
between the rotor and the nozzles of a supersonic turbine .";18.026759237803688;False
25;"does a practical flow follow the theoretical concepts for the
interaction between adjacent blade rows of a supersonic cascade .";5;216;the supersonic axial flow compressor .;16.115187603030414;True
25;"does a practical flow follow the theoretical concepts for the
interaction between adjacent blade rows of a supersonic cascade .";6;212;"theory and tunnel tests of rotor blade for supersonic
turbines .";15.868821079198844;True
25;"does a practical flow follow the theoretical concepts for the
interaction between adjacent blade rows of a supersonic cascade .";7;214;on the testing of supersonic compressor cascades .;15.599892463885727;True
25;"does a practical flow follow the theoretical concepts for the
interaction between adjacent blade rows of a supersonic cascade .";8;134;"note on an interaction between the boundary layer and the inviscid
flow .";15.154738420185485;False
25;"does a practical flow follow the theoretical concepts for the
interaction between adjacent blade rows of a supersonic cascade .";9;588;compressor operation with one or more blade rows stalled .;14.77082399991325;False
25;"does a practical flow follow the theoretical concepts for the
interaction between adjacent blade rows of a supersonic cascade .";10;945;"method for design of pump impellers using a high speed
digital computer .";14.21130757959048;False
26;"what is a single approximate formula for the displacement thickness of
a laminar boundary layer in compressible flow on a flat plate .";1;611;"an approximate solution of the compressible laminar
boundary layer on a flat plate .";27.076116705303587;True
26;"what is a single approximate formula for the displacement thickness of
a laminar boundary layer in compressible flow on a flat plate .";2;145;"skin friction in the laminar boundary layer in compressible
flow .";25.1291011726255;True
26;"what is a single approximate formula for the displacement thickness of
a laminar boundary layer in compressible flow on a flat plate .";3;307;"an approximate solution of hypersonic laminar boundary
layer equations and its application .";24.81763105322564;False
26;"what is a single approximate formula for the displacement thickness of
a laminar boundary layer in compressible flow on a flat plate .";4;382;"a note on the laminar boundary layer on a circular cylinder in
axial incompressible flow .";23.60742732270811;False
26;"what is a single approximate formula for the displacement thickness of
a laminar boundary layer in compressible flow on a flat plate .";5;96;"review of published data on the effect of roughness on transition from
laminar to turbulent flow .";22.470717442125103;False
26;"what is a single approximate formula for the displacement thickness of
a laminar boundary layer in compressible flow on a flat plate .";6;4;"approximate solutions of the incompressible laminar
boundary layer equations for a plate in shear flow .";21.694414487011983;False
26;"what is a single approximate formula for the displacement thickness of
a laminar boundary layer in compressible flow on a flat plate .";7;348;turbulent boundary layer in compressible fluids .;21.604966911855808;False
26;"what is a single approximate formula for the displacement thickness of
a laminar boundary layer in compressible flow on a flat plate .";8;305;"hypersonic strong viscous interaction on a flat plate
with surface mass transfer .";21.601122079347135;False
26;"what is a single approximate formula for the displacement thickness of
a laminar boundary layer in compressible flow on a flat plate .";9;629;second-order effects in laminar boundary layers .;20.93594754208066;False
26;"what is a single approximate formula for the displacement thickness of
a laminar boundary layer in compressible flow on a flat plate .";10;306;"second approximation to laminar compressible boundary
layer on flat plate in slip flow .";20.404599482117646;False
27;"how is the design of ring or part ring wings by linear theory affected
by thickness .";1;1362;"non-linear analysis of heated, cambered wings by the matrix force
method .";16.883406813233243;False
27;"how is the design of ring or part ring wings by linear theory affected
by thickness .";2;428;"the quasi-cylinder of specified thickness and shell
loading in supersonic flow .";15.490390137751978;True
27;"how is the design of ring or part ring wings by linear theory affected
by thickness .";3;833;"a simple method of matric structural analysis, part
iv, non-linear problems .";14.656628703003774;False
27;"how is the design of ring or part ring wings by linear theory affected
by thickness .";4;680;generalized conical flow fields in supersonic wing theory .;13.744731737497009;False
27;"how is the design of ring or part ring wings by linear theory affected
by thickness .";5;921;slender-body theory-review and extension .;12.94600853671484;False
27;"how is the design of ring or part ring wings by linear theory affected
by thickness .";6;1031;note on creep buckling of columns .;12.906487965139405;False
27;"how is the design of ring or part ring wings by linear theory affected
by thickness .";7;677;"methods for calculating the lift distribution of wings /subsonic
lifting surface theory/ .";12.324859606868433;False
27;"how is the design of ring or part ring wings by linear theory affected
by thickness .";8;752;slender not-so-thin wing theory .;12.319036136178257;False
27;"how is the design of ring or part ring wings by linear theory affected
by thickness .";9;919;"theoretical studies of unsteady transonic flow . part iii . the
oscillating low aspect ratio rectangular wing .";12.219214844418424;False
27;"how is the design of ring or part ring wings by linear theory affected
by thickness .";10;888;"combinations of temperature and axial compression required
for buckling of a ring-stiffened cylinder .";12.065082716673883;False
28;what application has the linear theory design of curved wings .;1;251;"a collection of longitudinal stability derivatives
of wings at supersonic speeds .";16.15878289640315;False
28;what application has the linear theory design of curved wings .;2;28;"a note on the explosion solution of sedov with application
to the newtonian theory of unsteady hypersonic flow .";11.505744221271183;False
28;what application has the linear theory design of curved wings .;3;674;"the shapes and lift-dependent drags on some sweptback
wings designed for m= 1. 2.";11.143187103328309;False
28;what application has the linear theory design of curved wings .;4;36;supersonic flow around blunt bodies .;11.015049950573827;False
28;what application has the linear theory design of curved wings .;5;1362;"non-linear analysis of heated, cambered wings by the matrix force
method .";10.350783141335876;False
28;what application has the linear theory design of curved wings .;6;677;"methods for calculating the lift distribution of wings /subsonic
lifting surface theory/ .";10.315076538243082;False
28;what application has the linear theory design of curved wings .;7;893;"a new design of pitot-static tube with a discussion
of pitot-static tubes and their calibration factors .";10.261047746115082;False
28;what application has the linear theory design of curved wings .;8;503;"theoretical prediction of the transonic characteristics
of airfoils .";10.02148138769975;False
28;what application has the linear theory design of curved wings .;9;521;"a note on application of transonic linearization to
an airfoil with a round leading edge .";9.879462730517936;False
28;what application has the linear theory design of curved wings .;10;367;"control system and analysis and design via the second method of
lyapunov .";9.859899884084852;False
29;"what is the effect of cross sectional shape on the flow over simple
delta wings with sharp leading edges .";1;465;slender delta wings with sharp edges at zero lift .;29.361030923872192;True
29;"what is the effect of cross sectional shape on the flow over simple
delta wings with sharp leading edges .";2;612;"pressure distributions and flow patterns at m=4 . on
some delta wings of inverted 'v' cross section .";27.61076882435365;True
29;"what is the effect of cross sectional shape on the flow over simple
delta wings with sharp leading edges .";3;420;"an experimental study of the flow field about swept and delta wings
with sharp leading edges .";26.592402599848583;False
29;"what is the effect of cross sectional shape on the flow over simple
delta wings with sharp leading edges .";4;514;"pressure distributions and flow patterns on some conical
shapes with sharp edges and symmetrical cross-sections
at m=4 .0.";23.915627335154895;True
29;"what is the effect of cross sectional shape on the flow over simple
delta wings with sharp leading edges .";5;513;"pressure measurements at supersonic speeds on three
uncambered conical wings of unit aspect ratio .";23.674197135436103;False
29;"what is the effect of cross sectional shape on the flow over simple
delta wings with sharp leading edges .";6;222;"the flow over delta wings at low speeds with leading
edge separation .";23.451305693985496;False
29;"what is the effect of cross sectional shape on the flow over simple
delta wings with sharp leading edges .";7;464;"flow studies on flat plate delta wings at supersonic
speeds .";23.241693665144837;True
29;"what is the effect of cross sectional shape on the flow over simple
delta wings with sharp leading edges .";8;901;long slender delta wings with leading edge separation .;23.169158969210265;False
29;"what is the effect of cross sectional shape on the flow over simple
delta wings with sharp leading edges .";9;146;"supersonic flow past slender bodies with discontinuous
profile slope .";22.20025612651606;False
29;"what is the effect of cross sectional shape on the flow over simple
delta wings with sharp leading edges .";10;211;"effect of slight blunting of leading edge of an immersed
body on the flow around it at hypersonic speed .";22.18229745699883;False
3;"what problems of heat conduction in composite slabs have been solved so
far .";1;399;conduction of heat in composite slabs .;26.790567931635273;True
3;"what problems of heat conduction in composite slabs have been solved so
far .";2;5;"one-dimensional transient heat conduction into a double-layer
slab subjected to a linear heat input for a small time
internal .";23.18169836383328;True
3;"what problems of heat conduction in composite slabs have been solved so
far .";3;181;some problems on heat conduction in stratiform bodies .;20.821731318522733;True
3;"what problems of heat conduction in composite slabs have been solved so
far .";4;144;heat flow in composite slabs .;20.508105938817422;True
3;"what problems of heat conduction in composite slabs have been solved so
far .";5;485;linear heat flow in a composite slab .;17.500665417106624;False
3;"what problems of heat conduction in composite slabs have been solved so
far .";6;542;biot's variational principle in heat conduction .;16.81262377169816;False
3;"what problems of heat conduction in composite slabs have been solved so
far .";7;828;"stresses and small displacements of shallow spherical
shells .";13.276592994668116;False
3;"what problems of heat conduction in composite slabs have been solved so
far .";8;826;small bending and stretching of sandwich type shells .;12.959085000479211;False
3;"what problems of heat conduction in composite slabs have been solved so
far .";9;251;"a collection of longitudinal stability derivatives
of wings at supersonic speeds .";12.651911058002662;False
3;"what problems of heat conduction in composite slabs have been solved so
far .";10;980;"a method of computing the transient temperature of thick walls from
arbitrary variation of adiabatic-wall temperature and heat-transfer
coefficient .";12.379536470891969;False
30;papers on flow visualization on slender conical wings .;1;513;"pressure measurements at supersonic speeds on three
uncambered conical wings of unit aspect ratio .";13.529628511006697;False
30;papers on flow visualization on slender conical wings .;2;601;"calculation of the flow past slender delta wings with
leading edge separation .";11.264751951286973;False
30;papers on flow visualization on slender conical wings .;3;633;"an extension of the method of generalised conical flows
for lifting wings in supersonic flow .";11.149676410189016;False
30;papers on flow visualization on slender conical wings .;4;683;"the use of conical camber to produce flow attachment at the leading
edge of a delta wing and to minimize the lift-dependent drag at sonic
and supersonic speeds .";11.08497757637044;False
30;papers on flow visualization on slender conical wings .;5;420;"an experimental study of the flow field about swept and delta wings
with sharp leading edges .";10.714672367314416;False
30;papers on flow visualization on slender conical wings .;6;147;"supersonic flow past slender pointed wings with ?similar?
cross sections at zero lift .";10.621132254976217;False
30;papers on flow visualization on slender conical wings .;7;602;"the 7 x 7 in . hypersonic wind tunnel at rae farnborough,
part 1, design, instrumentation and flow visualization
techniques .";10.597674521338755;False
30;papers on flow visualization on slender conical wings .;8;466;"development of the vapour screen method of flow
visualization in the 3ft tunnel at rae bedford.";10.555536306424322;True
30;papers on flow visualization on slender conical wings .;9;247;"the calculation of the pressure distribution on thick
wings of small aspect ratio at zero lift in subsonic
flow .";10.0761812589528;False
30;papers on flow visualization on slender conical wings .;10;464;"flow studies on flat plate delta wings at supersonic
speeds .";10.064278991105205;True
31;"what size of end plate can be safely used to simulate two-dimensional
flow conditions over a bluff cylindrical body of finite aspect ratio .";1;751;"a note on the use of end plates to prevent three dimensional
flow at the ends of bluff cylinders .";22.43687233684346;False
31;"what size of end plate can be safely used to simulate two-dimensional
flow conditions over a bluff cylindrical body of finite aspect ratio .";2;247;"the calculation of the pressure distribution on thick
wings of small aspect ratio at zero lift in subsonic
flow .";20.353320712140512;False
31;"what size of end plate can be safely used to simulate two-dimensional
flow conditions over a bluff cylindrical body of finite aspect ratio .";3;1209;aerodynamic processes in the downwash-impingement problem .;19.795519596842986;False
31;"what size of end plate can be safely used to simulate two-dimensional
flow conditions over a bluff cylindrical body of finite aspect ratio .";4;916;"the flow around oscillating low aspect ratio wings at transonic
speeds .";19.027676607436288;False
31;"what size of end plate can be safely used to simulate two-dimensional
flow conditions over a bluff cylindrical body of finite aspect ratio .";5;228;navier-stokes solutions at large distances from a finite body .;17.64794223665616;False
31;"what size of end plate can be safely used to simulate two-dimensional
flow conditions over a bluff cylindrical body of finite aspect ratio .";6;1339;"calculation of flutter characteristics for finite-span swept or unswept
wings at subsonic and supersonic speeds by a modified strip analysis .";17.5229803007903;False
31;"what size of end plate can be safely used to simulate two-dimensional
flow conditions over a bluff cylindrical body of finite aspect ratio .";7;1153;"a study of the simulation of flow with free stream mach number 1 in a
choked wind tunnel .";17.483396147448218;False
31;"what size of end plate can be safely used to simulate two-dimensional
flow conditions over a bluff cylindrical body of finite aspect ratio .";8;895;"the airforces on the low aspect ratio rectangular wing
oscillating in sonic flow .";16.884649144247433;False
31;"what size of end plate can be safely used to simulate two-dimensional
flow conditions over a bluff cylindrical body of finite aspect ratio .";9;1082;"the flow past pitot tube at low reynolds numbers, part 1-dash the
numerical solution of the navier-stokes equations for steady viscous
axisymmetric flow, part 2-dash the effects of viscosity and orifice
size on a pitot tube at low reynolds numbers .";16.682865112379645;False
31;"what size of end plate can be safely used to simulate two-dimensional
flow conditions over a bluff cylindrical body of finite aspect ratio .";10;749;"the aerodynamic effects of aspect ratio and sweepback
on wing flutter .";16.543990184902437;False
32;"to find an approximate correction for thickness in slender thin-wing
theory .";1;752;slender not-so-thin wing theory .;28.71128458671227;False
32;"to find an approximate correction for thickness in slender thin-wing
theory .";2;1186;"lift of slender delta wings according to newtonian
theory .";17.430854807226254;False
32;"to find an approximate correction for thickness in slender thin-wing
theory .";3;467;"thin airfoil theory based on approximate solution of the transonic flow
equation .";13.648205824504203;False
32;"to find an approximate correction for thickness in slender thin-wing
theory .";4;147;"supersonic flow past slender pointed wings with ?similar?
cross sections at zero lift .";13.553371332398518;False
32;"to find an approximate correction for thickness in slender thin-wing
theory .";5;921;slender-body theory-review and extension .;13.524638528031902;False
32;"to find an approximate correction for thickness in slender thin-wing
theory .";6;468;a refinement of the linearised transonic flow theory .;13.176161087512334;False
32;"to find an approximate correction for thickness in slender thin-wing
theory .";7;250;"pressure distributions at zero lift for delta wings
with rhombic cross sections .";12.68930116524553;True
32;"to find an approximate correction for thickness in slender thin-wing
theory .";8;919;"theoretical studies of unsteady transonic flow . part iii . the
oscillating low aspect ratio rectangular wing .";12.137896086347169;False
32;"to find an approximate correction for thickness in slender thin-wing
theory .";9;230;"interference between the wings and tail plane of a
slender wing-body tailplane combination .";12.076011373955517;False
32;"to find an approximate correction for thickness in slender thin-wing
theory .";10;683;"the use of conical camber to produce flow attachment at the leading
edge of a delta wing and to minimize the lift-dependent drag at sonic
and supersonic speeds .";11.776749403663754;False
33;"how do interference-free longitudinal stability measurements (made
using free-flight models) compare with similar measurements made in
a low-blockage wind tunnel .";1;516;"free-flight measurements of the dynamic longitudinal
stability characteristics of a wind tunnel interference
model (m=0 .92 to 1. 35) .";45.92673561804621;False
33;"how do interference-free longitudinal stability measurements (made
using free-flight models) compare with similar measurements made in
a low-blockage wind tunnel .";2;431;"free-flight measurements of the zero-lift drag and
base pressure on a wind tunnel interference model (m=0 .
8 - 1. 5) .";30.054559515045373;True
33;"how do interference-free longitudinal stability measurements (made
using free-flight models) compare with similar measurements made in
a low-blockage wind tunnel .";3;252;"an investigation of interference effects on similar models of
different size in various transonic tunnels in the u.k. .";28.883481005025825;True
33;"how do interference-free longitudinal stability measurements (made
using free-flight models) compare with similar measurements made in
a low-blockage wind tunnel .";4;141;free-flight techniques for high speed aerodynamic research .;28.767840164045605;True
33;"how do interference-free longitudinal stability measurements (made
using free-flight models) compare with similar measurements made in
a low-blockage wind tunnel .";5;904;"calibration of the standard pitot-static head used
in the rae low speed wind tunnels .";23.09970322185695;False
33;"how do interference-free longitudinal stability measurements (made
using free-flight models) compare with similar measurements made in
a low-blockage wind tunnel .";6;808;"an investigation of some aspects of the sonic boom
by means of wind tunnel measurements of pressures about
several bodies at a mach number of 2. 01 .";21.617043989898242;False
33;"how do interference-free longitudinal stability measurements (made
using free-flight models) compare with similar measurements made in
a low-blockage wind tunnel .";7;1163;"force-test investigation of the stability and control
characteristics of a scale model of a tilt-wing vertical
take-off and landing aircraft .";20.037018095905434;False
33;"how do interference-free longitudinal stability measurements (made
using free-flight models) compare with similar measurements made in
a low-blockage wind tunnel .";8;755;"oscillatory derivative measurements on sting-mounted
wind tunnel models method of test and results for pitch
and yaw on a cambered ogee wing at mach numbers up
to 2. 6.";19.95028382668165;False
33;"how do interference-free longitudinal stability measurements (made
using free-flight models) compare with similar measurements made in
a low-blockage wind tunnel .";9;1106;"free-flight observation of a separated turbulent flow
including heat transfer up to mach 8. 5.";19.794675532983433;False
33;"how do interference-free longitudinal stability measurements (made
using free-flight models) compare with similar measurements made in
a low-blockage wind tunnel .";10;1153;"a study of the simulation of flow with free stream mach number 1 in a
choked wind tunnel .";19.5882140369968;False
34;"have wind tunnel interference effects been investigated on a systematic
basis .";1;516;"free-flight measurements of the dynamic longitudinal
stability characteristics of a wind tunnel interference
model (m=0 .92 to 1. 35) .";20.785432955601863;False
34;"have wind tunnel interference effects been investigated on a systematic
basis .";2;799;"some effects of wind-tunnel interference observed in tests on
two-dimensional aerofoils at high subsonic and transonic speeds .";18.237232282518523;True
34;"have wind tunnel interference effects been investigated on a systematic
basis .";3;1153;"a study of the simulation of flow with free stream mach number 1 in a
choked wind tunnel .";17.182557240699175;False
34;"have wind tunnel interference effects been investigated on a systematic
basis .";4;1350;"effects of jet billowing on stability of missile-type
bodies at mach 3. 85 .";16.12328409100651;False
34;"have wind tunnel interference effects been investigated on a systematic
basis .";5;431;"free-flight measurements of the zero-lift drag and
base pressure on a wind tunnel interference model (m=0 .
8 - 1. 5) .";15.902868285007367;True
34;"have wind tunnel interference effects been investigated on a systematic
basis .";6;610;corner interference effects .;15.434334218551442;False
34;"have wind tunnel interference effects been investigated on a systematic
basis .";7;175;experiments with static tubes in a supersonic airstream .;14.814300941820484;False
34;"have wind tunnel interference effects been investigated on a systematic
basis .";8;1155;"some experimental investigations on the influence of wall boundary
layers upon wind tunnel measurements at high subsonic speeds .";14.520207933244999;False
34;"have wind tunnel interference effects been investigated on a systematic
basis .";9;1062;"an experimental and theoretical investigation of second-order
wing-body interference at high mach number .";13.680276805486555;False
34;"have wind tunnel interference effects been investigated on a systematic
basis .";10;795;"the operation of the npl 18in x 14in. wind tunnel in the transonic speed
 range .";13.433734583068473;False
35;"are there any papers dealing with acoustic wave propagation in reacting
gases .";1;875;models for aeroelastic investigation .;14.881634339551333;False
35;"are there any papers dealing with acoustic wave propagation in reacting
gases .";2;1203;"the propagation of a nonuniform magnetohydrodynamic
shock wave into a moving monatomic fluid .";14.273458578624988;False
35;"are there any papers dealing with acoustic wave propagation in reacting
gases .";3;1208;"a linearized analysis of the forces exerted on a rigid
wing by a shock wave .";12.855074257915943;False
35;"are there any papers dealing with acoustic wave propagation in reacting
gases .";4;488;"a reaction-rate parameter for gasdynamics of a chemically
reacting gas mixture .";12.54966701433633;False
35;"are there any papers dealing with acoustic wave propagation in reacting
gases .";5;654;"on the propagation and structure of the blast wave .
 part 1.";12.117741575216542;False
35;"are there any papers dealing with acoustic wave propagation in reacting
gases .";6;319;"propagation of weak disturbances in a gas subject to
relaxation effects .";11.610222598140798;False
35;"are there any papers dealing with acoustic wave propagation in reacting
gases .";7;1327;on the propagation and structure of the blast wave .;11.571319848833056;False
35;"are there any papers dealing with acoustic wave propagation in reacting
gases .";8;1389;numerical construction of detached shock waves .;11.138040766284218;False
35;"are there any papers dealing with acoustic wave propagation in reacting
gases .";9;1160;recent advances in gaseous detonation .;10.169838798196466;False
35;"are there any papers dealing with acoustic wave propagation in reacting
gases .";10;156;the effect of shallow water on wave resistance .;10.111868714748365;False
36;"has anyone investigated relaxation effects on gaseous heat transfer to a
suddenly heated wall .";1;550;laminar heat transfer in tubes under slip-flow conditions .;14.893687836248002;False
36;"has anyone investigated relaxation effects on gaseous heat transfer to a
suddenly heated wall .";2;135;"the calculation of wall shearing stress from heat-transfer measurements
in compressible flows .";14.655341081052581;False
36;"has anyone investigated relaxation effects on gaseous heat transfer to a
suddenly heated wall .";3;1268;"stable combustion of a high-velocity gas in a heated
boundary layer .";14.633682039051788;False
36;"has anyone investigated relaxation effects on gaseous heat transfer to a
suddenly heated wall .";4;123;"the downstream influence of mass transfer at the nose
of a slender cone .";14.243854208791092;False
36;"has anyone investigated relaxation effects on gaseous heat transfer to a
suddenly heated wall .";5;1004;free-flight measurements of the static and dynamic .;13.941486880519568;False
36;"has anyone investigated relaxation effects on gaseous heat transfer to a
suddenly heated wall .";6;274;"analysis of quartz and teflon shields for a particular
re-entry mission .";13.770852064333727;False
36;"has anyone investigated relaxation effects on gaseous heat transfer to a
suddenly heated wall .";7;959;heat transfer in separated flows .;13.376160081108688;False
36;"has anyone investigated relaxation effects on gaseous heat transfer to a
suddenly heated wall .";8;1222;axisymmetric magnetohydrodynamic channel flow .;13.280636380206381;False
36;"has anyone investigated relaxation effects on gaseous heat transfer to a
suddenly heated wall .";9;565;"similar solutions for the compressible boundary layer
on a yawed cylinder with transpiration cooling .";13.217598740220621;False
36;"has anyone investigated relaxation effects on gaseous heat transfer to a
suddenly heated wall .";10;975;one dimensional flows of an imperfect diatomic gas .;13.071260852205373;False
37;are there any theoretical methods for predicting base pressure .;1;186;base pressure in supersonic flow .;16.430313205604353;False
37;are there any theoretical methods for predicting base pressure .;2;179;"an analysis of base pressure at supersonic speeds and
comparison with experiment .";12.435271202448323;False
37;are there any theoretical methods for predicting base pressure .;3;461;"approximate methods fore predicting separation properties
of laminar boundary layers .";11.468837984484374;False
37;are there any theoretical methods for predicting base pressure .;4;1352;"aerodynamic investigation of a parabolic body of revolution
at mach number of 1. 92 and some effects of an annular
supersonic jet exhausting from the base .";11.456140530973919;False
37;are there any theoretical methods for predicting base pressure .;5;232;"accuracy of approximate methods for predicting pressure
on pointed non-lifting bodies of revolution in supersonic
flow .";11.257881423013167;False
37;are there any theoretical methods for predicting base pressure .;6;283;"laminar heat transfer around blunt bodies in dissociated
air .";11.151856296601984;False
37;are there any theoretical methods for predicting base pressure .;7;409;"on the base pressure resulting from the interaction of a supersonic
external stream with a sonic or subsonic jet .";10.91398563764586;True
37;are there any theoretical methods for predicting base pressure .;8;188;"an analysis of base pressure at supersonic velocities and
comparison with experiment .";10.796028911759324;True
37;are there any theoretical methods for predicting base pressure .;9;1311;"some simple solutions to the problem of predicting
boundary layer self-induced pressures .";10.515575464704835;False
37;are there any theoretical methods for predicting base pressure .;10;979;"correlation of base pressure and wake structure of
sharp and blunt-nose cones with reynolds number based
on boundary layer momentum thickness .";10.512119893122215;False
38;does transition in the hypersonic wake depend on body geometry and size;1;536;"transition in the viscous wakes of blunt bodies at
hypersonic speeds .";15.496851343079602;False
38;does transition in the hypersonic wake depend on body geometry and size;2;1238;"the newtonian approximation in magnetic hypersonic
stagnation-point flow .";14.726021225186447;False
38;does transition in the hypersonic wake depend on body geometry and size;3;976;"turbulent diffusion in the wake of a blunt nosed body
at hypersonic speeds .";13.33671097157746;False
38;does transition in the hypersonic wake depend on body geometry and size;4;1373;nose drag in free-molecule flow and its minimization .;12.863439491042481;False
38;does transition in the hypersonic wake depend on body geometry and size;5;1205;"effects of cooling on boundary layer transition on
a hemi- sphere in simulated hypersonic flow .";12.352133749681467;False
38;does transition in the hypersonic wake depend on body geometry and size;6;338;mass transfer cooling at mach number 4. 8.;12.3187782176418;False
38;does transition in the hypersonic wake depend on body geometry and size;7;85;"on trails of axisymmetric hypersonic blunt bodies flying
through the atmosphere .";12.062622585856627;False
38;does transition in the hypersonic wake depend on body geometry and size;8;1211;"boundary layer transition at supersonic
speeds-three-dimensional roughness effects (spheres).";11.851361894671868;False
38;does transition in the hypersonic wake depend on body geometry and size;9;433;"application of two dimensional vortex theory to the
prediction of flow fields behind wings of wing-body
combinations at subsonic and supersonic speeds .";11.598313919288442;False
38;does transition in the hypersonic wake depend on body geometry and size;10;25;inviscid hypersonic flow over blunt-nosed slender bodies .;11.593661699420771;False
39;how can one detect transition phenomena in boundary layers .;1;315;"scale effects at high subsonic and transonic speeds
and methods for fixing transition in model experiments .";16.19453396507769;False
39;how can one detect transition phenomena in boundary layers .;2;1268;"stable combustion of a high-velocity gas in a heated
boundary layer .";12.442082630923554;False
39;how can one detect transition phenomena in boundary layers .;3;1257;an optical boundary-layer probe .;12.181391724231446;True
39;how can one detect transition phenomena in boundary layers .;4;610;corner interference effects .;12.093221013539372;False
39;how can one detect transition phenomena in boundary layers .;5;207;"laminar boundary layer oscillations and transition
on a flat plate .";11.664391439995399;True
39;how can one detect transition phenomena in boundary layers .;6;959;heat transfer in separated flows .;11.41453075940281;False
39;how can one detect transition phenomena in boundary layers .;7;37;"a new technique for investigating heat transfer and
surface phenomena under hypersonic flow conditions .";11.218826189394678;False
39;how can one detect transition phenomena in boundary layers .;8;337;boundary layer transition with gas injection .;10.539883191348906;False
39;how can one detect transition phenomena in boundary layers .;9;272;"oscillatory aerodynamic coefficients for a unified supersonic
hypersonic strip theory .";10.310484438307084;True
39;how can one detect transition phenomena in boundary layers .;10;1154;"on the influence of wall boundary layers in closed transonic test
sections .";10.268599247906469;False
4;"can a criterion be developed to show empirically the validity of flow
solutions for chemically reacting gas mixtures based on the simplifying
assumption of instantaneous local chemical equilibrium .";1;166;flow of chemically reacting gas mixtures .;36.95824874788979;True
4;"can a criterion be developed to show empirically the validity of flow
solutions for chemically reacting gas mixtures based on the simplifying
assumption of instantaneous local chemical equilibrium .";2;488;"a reaction-rate parameter for gasdynamics of a chemically
reacting gas mixture .";27.684475110514924;False
4;"can a criterion be developed to show empirically the validity of flow
solutions for chemically reacting gas mixtures based on the simplifying
assumption of instantaneous local chemical equilibrium .";3;185;"some possibilities of using gas mixtures other than in
aerodynamic research .";22.96484472772197;False
4;"can a criterion be developed to show empirically the validity of flow
solutions for chemically reacting gas mixtures based on the simplifying
assumption of instantaneous local chemical equilibrium .";4;1189;nonequilibrium flow past a wedge .;22.358862804180887;False
4;"can a criterion be developed to show empirically the validity of flow
solutions for chemically reacting gas mixtures based on the simplifying
assumption of instantaneous local chemical equilibrium .";5;1061;"turbulent mixing of a rocket exhaust jet with a supersonic stream
including chemical reactions .";20.28563963239833;False
4;"can a criterion be developed to show empirically the validity of flow
solutions for chemically reacting gas mixtures based on the simplifying
assumption of instantaneous local chemical equilibrium .";6;1275;flow about an unsteadily rotating disc .;18.93569687196586;False
4;"can a criterion be developed to show empirically the validity of flow
solutions for chemically reacting gas mixtures based on the simplifying
assumption of instantaneous local chemical equilibrium .";7;1255;the flow about a charged body moving in the lower atmosphere .;17.875894814799455;False
4;"can a criterion be developed to show empirically the validity of flow
solutions for chemically reacting gas mixtures based on the simplifying
assumption of instantaneous local chemical equilibrium .";8;1085;"note on the convergence of numerical solutions of the navier-stokes
equations .";17.55410311438297;False
4;"can a criterion be developed to show empirically the validity of flow
solutions for chemically reacting gas mixtures based on the simplifying
assumption of instantaneous local chemical equilibrium .";9;1123;an extension of donnell's equation for a circular cylindrical shell .;17.345808772674832;False
4;"can a criterion be developed to show empirically the validity of flow
solutions for chemically reacting gas mixtures based on the simplifying
assumption of instantaneous local chemical equilibrium .";10;236;criteria for thermodynamic equilibrium in gas flow .;17.121388567282768;True
40;how can one detect transition phenomena in hypersonic wakes .;1;536;"transition in the viscous wakes of blunt bodies at
hypersonic speeds .";15.397506612382276;False
40;how can one detect transition phenomena in hypersonic wakes .;2;37;"a new technique for investigating heat transfer and
surface phenomena under hypersonic flow conditions .";13.199724567354878;False
40;how can one detect transition phenomena in hypersonic wakes .;3;17;remarks on the eddy viscosity in compressible mixing flows .;10.732246094922939;False
40;how can one detect transition phenomena in hypersonic wakes .;4;315;"scale effects at high subsonic and transonic speeds
and methods for fixing transition in model experiments .";10.39548714530375;False
40;how can one detect transition phenomena in hypersonic wakes .;5;1257;an optical boundary-layer probe .;10.377927774403847;False
40;how can one detect transition phenomena in hypersonic wakes .;6;281;higher order approximations for relaxation oscillations .;10.105313515381368;False
40;how can one detect transition phenomena in hypersonic wakes .;7;207;"laminar boundary layer oscillations and transition
on a flat plate .";9.855120848537256;False
40;how can one detect transition phenomena in hypersonic wakes .;8;171;"a low density wind tunnel study of shock wave structure
and relaxation phenomena in gases .";9.56977479625227;False
40;how can one detect transition phenomena in hypersonic wakes .;9;330;taylor instability of finite surface waves .;9.158665805536968;False
40;how can one detect transition phenomena in hypersonic wakes .;10;401;"inviscid hypersonic airflows with coupled non-equilibrium
processes .";9.125236627118106;False
41;"has anyone investigated and developed a simple model for the vortex
wake behind a cruciform wing .";1;289;"a theoretical study of the aerodynamics of slender
cruciform-wing arrangements and their wakes .";32.516143077385735;True
41;"has anyone investigated and developed a simple model for the vortex
wake behind a cruciform wing .";2;433;"application of two dimensional vortex theory to the
prediction of flow fields behind wings of wing-body
combinations at subsonic and supersonic speeds .";25.37156452561927;True
41;"has anyone investigated and developed a simple model for the vortex
wake behind a cruciform wing .";3;927;"investigation of normal force distributions and wake
vortex characteristics of bodies of revolution at supersonic
speeds .";19.20256505080472;False
41;"has anyone investigated and developed a simple model for the vortex
wake behind a cruciform wing .";4;520;"wing-tail interference as a cause of 'magnus' effects
on a finned missile .";18.128250696090372;False
41;"has anyone investigated and developed a simple model for the vortex
wake behind a cruciform wing .";5;288;"the rolling up of the trailing vortex sheet and its
effect on the downwash behind wings .";17.909001228563344;True
41;"has anyone investigated and developed a simple model for the vortex
wake behind a cruciform wing .";6;432;"theoretical damping in roll and rolling moment due
to differential wing incidence for slender cruciform
wings and wing-body combinations .";16.916631663910206;False
41;"has anyone investigated and developed a simple model for the vortex
wake behind a cruciform wing .";7;1277;a study of vortex cancellation .;16.449448230386945;False
41;"has anyone investigated and developed a simple model for the vortex
wake behind a cruciform wing .";8;229;"interference between the wings and tail surfaces of
a combination of slender body, cruciform wings and
cruciform tail set at both incidence and yaw .";15.985295232436211;False
41;"has anyone investigated and developed a simple model for the vortex
wake behind a cruciform wing .";9;1152;on periodically oscillating wakes in the oseen approximation .;15.036978872881642;False
41;"has anyone investigated and developed a simple model for the vortex
wake behind a cruciform wing .";10;126;"an investigation of two-dimensional supersonic base
pressures .";14.219720562122227;False
42;"what is a criterion that the transonic flow around an airfoil with a
round leading edge be validly analyzed by the linearized transonic flow
theory .";1;521;"a note on application of transonic linearization to
an airfoil with a round leading edge .";36.90676576878222;False
42;"what is a criterion that the transonic flow around an airfoil with a
round leading edge be validly analyzed by the linearized transonic flow
theory .";2;526;"leading edge attachment in transonic flow with laminar
or turbulent boundary layers .";26.85754974225709;False
42;"what is a criterion that the transonic flow around an airfoil with a
round leading edge be validly analyzed by the linearized transonic flow
theory .";3;496;"a theory of transonic aileron buzz, neglecting viscous
effects .";22.832095961427243;False
42;"what is a criterion that the transonic flow around an airfoil with a
round leading edge be validly analyzed by the linearized transonic flow
theory .";4;439;a factor affecting transonic leading edge flow separation .;20.461773660878947;False
42;"what is a criterion that the transonic flow around an airfoil with a
round leading edge be validly analyzed by the linearized transonic flow
theory .";5;211;"effect of slight blunting of leading edge of an immersed
body on the flow around it at hypersonic speed .";19.285604379063507;False
42;"what is a criterion that the transonic flow around an airfoil with a
round leading edge be validly analyzed by the linearized transonic flow
theory .";6;797;"a study of the effect of leading-edge modifications on the flow over
a 50degree sweptback wing at transonic speeds .";19.246804370107263;False
42;"what is a criterion that the transonic flow around an airfoil with a
round leading edge be validly analyzed by the linearized transonic flow
theory .";7;469;"linearised transonic flow about slender bodies at zero
angle of attack .";19.016758789211682;True
42;"what is a criterion that the transonic flow around an airfoil with a
round leading edge be validly analyzed by the linearized transonic flow
theory .";8;1228;"leading-edge separation of laminar boundary layers
in supersonic flow .";18.898053760628887;False
42;"what is a criterion that the transonic flow around an airfoil with a
round leading edge be validly analyzed by the linearized transonic flow
theory .";9;468;a refinement of the linearised transonic flow theory .;18.803660384109854;True
42;"what is a criterion that the transonic flow around an airfoil with a
round leading edge be validly analyzed by the linearized transonic flow
theory .";10;503;"theoretical prediction of the transonic characteristics
of airfoils .";18.78931741201737;False
43;"can the transonic flow around an arbitrary smooth thin airfoil be
analysed in a simple approximate way .";1;467;"thin airfoil theory based on approximate solution of the transonic flow
equation .";21.312058514928754;True
43;"can the transonic flow around an arbitrary smooth thin airfoil be
analysed in a simple approximate way .";2;469;"linearised transonic flow about slender bodies at zero
angle of attack .";18.872082075158936;True
43;"can the transonic flow around an arbitrary smooth thin airfoil be
analysed in a simple approximate way .";3;903;"two dimensional transonic unsteady flow with shock
waves .";17.888713543262355;False
43;"can the transonic flow around an arbitrary smooth thin airfoil be
analysed in a simple approximate way .";4;503;"theoretical prediction of the transonic characteristics
of airfoils .";16.543655296348035;True
43;"can the transonic flow around an arbitrary smooth thin airfoil be
analysed in a simple approximate way .";5;916;"the flow around oscillating low aspect ratio wings at transonic
speeds .";16.383002375213472;False
43;"can the transonic flow around an arbitrary smooth thin airfoil be
analysed in a simple approximate way .";6;496;"a theory of transonic aileron buzz, neglecting viscous
effects .";15.987361955000626;False
43;"can the transonic flow around an arbitrary smooth thin airfoil be
analysed in a simple approximate way .";7;404;two dimensional transonic flow past airfoils .;15.700019937075494;False
43;"can the transonic flow around an arbitrary smooth thin airfoil be
analysed in a simple approximate way .";8;521;"a note on application of transonic linearization to
an airfoil with a round leading edge .";15.342466985697383;False
43;"can the transonic flow around an arbitrary smooth thin airfoil be
analysed in a simple approximate way .";9;194;"general theory of airfoil sections having arbitrary
shape or pressure distribution .";15.19005128435692;False
43;"can the transonic flow around an arbitrary smooth thin airfoil be
analysed in a simple approximate way .";10;39;on the flow of a sonic stream past an airfoil surface .;14.802866794464627;True
44;"what are the details of the rigorous kinetic theory of gases .
(chapman-enskog theory) .";1;1190;flow of a gas near a solid surface .;13.573504014726783;False
44;"what are the details of the rigorous kinetic theory of gases .
(chapman-enskog theory) .";2;103;"theory of mixing and chemical reaction in the opposed
jet diffusion flame .";12.177392726500294;False
44;"what are the details of the rigorous kinetic theory of gases .
(chapman-enskog theory) .";3;1199;"theoretical investigations of a supersonic laminar
boundary layer with foreign-gas injection .";11.467868439745368;False
44;"what are the details of the rigorous kinetic theory of gases .
(chapman-enskog theory) .";4;108;properties of the confluent hypergeometric function .;10.379045592390273;False
44;"what are the details of the rigorous kinetic theory of gases .
(chapman-enskog theory) .";5;236;criteria for thermodynamic equilibrium in gas flow .;9.867546319110897;False
44;"what are the details of the rigorous kinetic theory of gases .
(chapman-enskog theory) .";6;943;compressible free shear layer with finite initial thickness .;9.246643289849299;False
44;"what are the details of the rigorous kinetic theory of gases .
(chapman-enskog theory) .";7;357;"optimum nose shapes for missiles in the super-aerodynamic
region .";9.176941087278122;False
44;"what are the details of the rigorous kinetic theory of gases .
(chapman-enskog theory) .";8;1031;note on creep buckling of columns .;8.130203246548332;False
44;"what are the details of the rigorous kinetic theory of gases .
(chapman-enskog theory) .";9;1148;knudsen flow through a circular capillary .;8.048175820099408;False
44;"what are the details of the rigorous kinetic theory of gases .
(chapman-enskog theory) .";10;367;"control system and analysis and design via the second method of
lyapunov .";7.9527561744722135;False
45;"has anyone investigated the effect of surface mass transfer on
hypersonic viscous interactions .";1;305;"hypersonic strong viscous interaction on a flat plate
with surface mass transfer .";20.195620681744195;True
45;"has anyone investigated the effect of surface mass transfer on
hypersonic viscous interactions .";2;525;"on hypersonic viscous flow over an insulated flat plate
with surface mass transfer .";19.754898677018943;False
45;"has anyone investigated the effect of surface mass transfer on
hypersonic viscous interactions .";3;123;"the downstream influence of mass transfer at the nose
of a slender cone .";16.393597756571523;False
45;"has anyone investigated the effect of surface mass transfer on
hypersonic viscous interactions .";4;540;"use of local similarity concepts in hypersonic viscous
interaction problems .";15.793302599601208;False
45;"has anyone investigated the effect of surface mass transfer on
hypersonic viscous interactions .";5;1299;hypersonic viscous shock layer .;14.9717332543154;False
45;"has anyone investigated the effect of surface mass transfer on
hypersonic viscous interactions .";6;84;"experimental investigation of the downstream influence
of stagnation point mass transfer .";14.91294338641779;False
45;"has anyone investigated the effect of surface mass transfer on
hypersonic viscous interactions .";7;353;"the effect of helium injection at an axially symmetric stagnation
point .";14.655636992200446;False
45;"has anyone investigated the effect of surface mass transfer on
hypersonic viscous interactions .";8;1159;"experimental investigation of the effect of yaw on
rates of heat transfer to transverse circular
cylinders in a 6500-foot-per-second
hypersonic air stream .";14.169434860787817;False
45;"has anyone investigated the effect of surface mass transfer on
hypersonic viscous interactions .";9;274;"analysis of quartz and teflon shields for a particular
re-entry mission .";13.401053983644214;False
45;"has anyone investigated the effect of surface mass transfer on
hypersonic viscous interactions .";10;1185;"an integral method for calculating heat and mass transfer
in laminar boundary layers .";12.834922221630537;True
46;"what is the combined effect of surface heat and mass transfer on
hypersonic flow .";1;305;"hypersonic strong viscous interaction on a flat plate
with surface mass transfer .";19.123365731000582;True
46;"what is the combined effect of surface heat and mass transfer on
hypersonic flow .";2;353;"the effect of helium injection at an axially symmetric stagnation
point .";17.45156812963552;False
46;"what is the combined effect of surface heat and mass transfer on
hypersonic flow .";3;525;"on hypersonic viscous flow over an insulated flat plate
with surface mass transfer .";17.386244677149445;False
46;"what is the combined effect of surface heat and mass transfer on
hypersonic flow .";4;1159;"experimental investigation of the effect of yaw on
rates of heat transfer to transverse circular
cylinders in a 6500-foot-per-second
hypersonic air stream .";16.74678967386322;False
46;"what is the combined effect of surface heat and mass transfer on
hypersonic flow .";5;123;"the downstream influence of mass transfer at the nose
of a slender cone .";16.480977782337;True
46;"what is the combined effect of surface heat and mass transfer on
hypersonic flow .";6;36;supersonic flow around blunt bodies .;16.046119690079113;False
46;"what is the combined effect of surface heat and mass transfer on
hypersonic flow .";7;84;"experimental investigation of the downstream influence
of stagnation point mass transfer .";15.823402436585368;True
46;"what is the combined effect of surface heat and mass transfer on
hypersonic flow .";8;655;"effects of boundary layer displacement and leading edge bluntness on
pressure distribution, skin friction, and heat transfer of bodies at
hypersonic speeds .";15.3036934447467;False
46;"what is the combined effect of surface heat and mass transfer on
hypersonic flow .";9;623;on the coupling between heat and mass transfer .;15.188546489318405;True
46;"what is the combined effect of surface heat and mass transfer on
hypersonic flow .";10;983;"addendum to 'heat transfer to satellite vehicles re-entering the
atmosphere .";15.071277464178337;False
47;"what are the existing solutions for hypersonic viscous interactions over
an insulated flat plate .";1;525;"on hypersonic viscous flow over an insulated flat plate
with surface mass transfer .";25.902906271074503;False
47;"what are the existing solutions for hypersonic viscous interactions over
an insulated flat plate .";2;568;"shock wave effects on the laminar skin friction of
an insulated flat plate at hypersonic speeds .";21.524564575567265;False
47;"what are the existing solutions for hypersonic viscous interactions over
an insulated flat plate .";3;307;"an approximate solution of hypersonic laminar boundary
layer equations and its application .";20.96096535175173;True
47;"what are the existing solutions for hypersonic viscous interactions over
an insulated flat plate .";4;310;hypersonic viscous flow over a flat plate .;20.38955321802591;True
47;"what are the existing solutions for hypersonic viscous interactions over
an insulated flat plate .";5;1200;hypersonic viscous flow over a sweat-cooled flat plate .;19.667401132470324;False
47;"what are the existing solutions for hypersonic viscous interactions over
an insulated flat plate .";6;304;"first-order approach to a strong interaction problem
in hypersonic flow over an insulated flat plate .";19.517933785277172;True
47;"what are the existing solutions for hypersonic viscous interactions over
an insulated flat plate .";7;305;"hypersonic strong viscous interaction on a flat plate
with surface mass transfer .";19.377528551192466;True
47;"what are the existing solutions for hypersonic viscous interactions over
an insulated flat plate .";8;570;"on the boundary layer equations in hypersonic flow
and their approximate solutions .";18.825648300325575;True
47;"what are the existing solutions for hypersonic viscous interactions over
an insulated flat plate .";9;327;"on local flat plate similarity in the hypersonic boundary
layer .";18.22842554640664;False
47;"what are the existing solutions for hypersonic viscous interactions over
an insulated flat plate .";10;9;"transition studies and skin friction measurements on
an insulated flat plate at a mach number of 5.8 .";17.152731629026658;False
48;what controls leading-edge attachment at transonic speeds .;1;526;"leading edge attachment in transonic flow with laminar
or turbulent boundary layers .";26.64418466783529;False
48;what controls leading-edge attachment at transonic speeds .;2;440;"compilation of information on the transonic attachment
of flows at the leading edge of airfoils .";25.853552345640516;True
48;what controls leading-edge attachment at transonic speeds .;3;797;"a study of the effect of leading-edge modifications on the flow over
a 50degree sweptback wing at transonic speeds .";20.183659588332056;True
48;what controls leading-edge attachment at transonic speeds .;4;683;"the use of conical camber to produce flow attachment at the leading
edge of a delta wing and to minimize the lift-dependent drag at sonic
and supersonic speeds .";19.54717812070408;False
48;what controls leading-edge attachment at transonic speeds .;5;222;"the flow over delta wings at low speeds with leading
edge separation .";18.004483247723684;False
48;what controls leading-edge attachment at transonic speeds .;6;521;"a note on application of transonic linearization to
an airfoil with a round leading edge .";13.819927029465259;False
48;what controls leading-edge attachment at transonic speeds .;7;796;"an investigation at transonic speeds of the performance of various
distributed roughness bands used to cause boundary layer transition
near the leading edge of a cropped delta half-wing .";13.692009513034549;False
48;what controls leading-edge attachment at transonic speeds .;8;334;"influence of the leading-edge shock wave on the laminar boundary layer
at hypersonic speeds .";13.217500829977066;False
48;what controls leading-edge attachment at transonic speeds .;9;439;a factor affecting transonic leading edge flow separation .;12.88134357520465;True
48;what controls leading-edge attachment at transonic speeds .;10;1320;"divergence of plate airfoils of low aspect ratio at
supersonic speeds .";12.702963333239948;False
49;"can the three-point boundary-value problem for the blasius equation
be integrated numerically,  using suitable transformations,  without
iteration on the boundary conditions .";1;527;"note on the three-point boundary layer problem for
the blasius equations .";29.474033257904395;False
49;"can the three-point boundary-value problem for the blasius equation
be integrated numerically,  using suitable transformations,  without
iteration on the boundary conditions .";2;321;"improved numerical solution of the blasius problem with three-point
boundary conditions .";28.230705669577166;False
49;"can the three-point boundary-value problem for the blasius equation
be integrated numerically,  using suitable transformations,  without
iteration on the boundary conditions .";3;320;"comment on improved numerical solution of the blasius problem with
three-point boundary conditions .";24.377573689635668;True
49;"can the three-point boundary-value problem for the blasius equation
be integrated numerically,  using suitable transformations,  without
iteration on the boundary conditions .";4;349;"numerical solution of the boundary layer equations
without similarity assumptions .";23.727620272504552;False
49;"can the three-point boundary-value problem for the blasius equation
be integrated numerically,  using suitable transformations,  without
iteration on the boundary conditions .";5;322;"on the numerical solution of the blasius problem with three-point
boundary conditions .";23.31231266672519;False
49;"can the three-point boundary-value problem for the blasius equation
be integrated numerically,  using suitable transformations,  without
iteration on the boundary conditions .";6;1370;some remarks on the flat plate boundary layer .;23.17619747716419;False
49;"can the three-point boundary-value problem for the blasius equation
be integrated numerically,  using suitable transformations,  without
iteration on the boundary conditions .";7;1235;"a theory of the two dimensional laminar bounary layer
over a curved surface .";22.707019533161102;False
49;"can the three-point boundary-value problem for the blasius equation
be integrated numerically,  using suitable transformations,  without
iteration on the boundary conditions .";8;476;the blasius equation with three-point boundary conditions .;21.911287519193223;False
49;"can the three-point boundary-value problem for the blasius equation
be integrated numerically,  using suitable transformations,  without
iteration on the boundary conditions .";9;366;"helium injection into the boundary layer at an axisymmetric
stagnation point .";21.32774175167517;False
49;"can the three-point boundary-value problem for the blasius equation
be integrated numerically,  using suitable transformations,  without
iteration on the boundary conditions .";10;1108;a study of second-order supersonic flow theory .;19.85076958358994;False
5;"what chemical kinetic system is applicable to hypersonic aerodynamic
problems .";1;103;"theory of mixing and chemical reaction in the opposed
jet diffusion flame .";16.369972302693704;False
5;"what chemical kinetic system is applicable to hypersonic aerodynamic
problems .";2;1032;on the conservativeness of various distributed force systems .;14.840552315990983;False
5;"what chemical kinetic system is applicable to hypersonic aerodynamic
problems .";3;1296;"non-equilibrium expansions of air with coupled chemical
reactions .";13.27584670564627;True
5;"what chemical kinetic system is applicable to hypersonic aerodynamic
problems .";4;943;compressible free shear layer with finite initial thickness .;13.08497593639096;False
5;"what chemical kinetic system is applicable to hypersonic aerodynamic
problems .";5;746;"aeroelastic problems in connection with high speed
flight .";11.334122257936432;False
5;"what chemical kinetic system is applicable to hypersonic aerodynamic
problems .";6;1272;"oscillatory aerodynamic coefficients for a unified
supersonic hypersonic strip theory .";11.272905082573915;False
5;"what chemical kinetic system is applicable to hypersonic aerodynamic
problems .";7;650;some design problems of hovercraft .;10.814988011467946;False
5;"what chemical kinetic system is applicable to hypersonic aerodynamic
problems .";8;625;viscous and inviscid nonequilibrium gas flows .;10.645581234137847;False
5;"what chemical kinetic system is applicable to hypersonic aerodynamic
problems .";9;28;"a note on the explosion solution of sedov with application
to the newtonian theory of unsteady hypersonic flow .";10.468950593273732;False
5;"what chemical kinetic system is applicable to hypersonic aerodynamic
problems .";10;1379;hypersonic flight and the re-entry problem .;10.412497265807485;False
50;"what are the effects of small amounts of gas rarefaction on the
characteristics of the boundary layers on slender bodies of revolution .";1;1259;"second-order theory for unsteady supersonic flow past
slender pointed bodies of revolution .";17.303466834834236;False
50;"what are the effects of small amounts of gas rarefaction on the
characteristics of the boundary layers on slender bodies of revolution .";2;192;"on the hypersonic viscous flow past slender bodies
of revolution .";16.95835245066689;False
50;"what are the effects of small amounts of gas rarefaction on the
characteristics of the boundary layers on slender bodies of revolution .";3;435;"application of similar solutions to calculations of
laminar heat transfer on bodies with yaw and large
pressure gradients in high speed flow .";16.08659207565247;False
50;"what are the effects of small amounts of gas rarefaction on the
characteristics of the boundary layers on slender bodies of revolution .";4;541;"similitude of hypersonic flows over slender bodies
in non-equilibrium dissociated gases .";16.01732486367766;False
50;"what are the effects of small amounts of gas rarefaction on the
characteristics of the boundary layers on slender bodies of revolution .";5;494;"axisymmetric viscous flow plast very slender bodies
of revolution .";15.711264478172676;False
50;"what are the effects of small amounts of gas rarefaction on the
characteristics of the boundary layers on slender bodies of revolution .";6;1301;compressible boundary layers on bodies of revolution .;15.535861264210414;False
50;"what are the effects of small amounts of gas rarefaction on the
characteristics of the boundary layers on slender bodies of revolution .";7;326;"forst-order slip effects on the compressible laminar
boundary layer over a slender body of revolution in
axial flow .";15.148441414561669;True
50;"what are the effects of small amounts of gas rarefaction on the
characteristics of the boundary layers on slender bodies of revolution .";8;273;flow past slender blunt bodies - a review and extension .;14.691377980892657;False
50;"what are the effects of small amounts of gas rarefaction on the
characteristics of the boundary layers on slender bodies of revolution .";9;332;"similitude of hypersonic real-gas flows over slender
bodies with blunted noses .";14.580336870977131;False
50;"what are the effects of small amounts of gas rarefaction on the
characteristics of the boundary layers on slender bodies of revolution .";10;27;newtonian flow theory for slender bodies .;14.31114215525845;False
51;"what is the available information pertaining to boundary layers on very
slender bodies of revolution in continuum flow (the ?transverse
curvature  effect) .";1;494;"axisymmetric viscous flow plast very slender bodies
of revolution .";31.98567657807435;True
51;"what is the available information pertaining to boundary layers on very
slender bodies of revolution in continuum flow (the ?transverse
curvature  effect) .";2;326;"forst-order slip effects on the compressible laminar
boundary layer over a slender body of revolution in
axial flow .";22.537505196706487;True
51;"what is the available information pertaining to boundary layers on very
slender bodies of revolution in continuum flow (the ?transverse
curvature  effect) .";3;528;"first-order slip effects on the laminar boundary layer over a slender
body of revolution with zero pressure gradient .";21.179152889205458;False
51;"what is the available information pertaining to boundary layers on very
slender bodies of revolution in continuum flow (the ?transverse
curvature  effect) .";4;261;"experiments on axi-symmetric boundary layers along
a long cylinder in incompressible flow .";20.348009123278324;True
51;"what is the available information pertaining to boundary layers on very
slender bodies of revolution in continuum flow (the ?transverse
curvature  effect) .";5;36;supersonic flow around blunt bodies .;18.53865844533974;False
51;"what is the available information pertaining to boundary layers on very
slender bodies of revolution in continuum flow (the ?transverse
curvature  effect) .";6;1281;"turbulent heat transfer on blunt-nosed bodies in two-dimensional
and general three-dimensional hypersonic flow .";18.150386462344716;False
51;"what is the available information pertaining to boundary layers on very
slender bodies of revolution in continuum flow (the ?transverse
curvature  effect) .";7;1213;"heat transfer to slender cones in hypersonic flow,
including effects of yaw and nose bluntness .";17.918914159294886;False
51;"what is the available information pertaining to boundary layers on very
slender bodies of revolution in continuum flow (the ?transverse
curvature  effect) .";8;25;inviscid hypersonic flow over blunt-nosed slender bodies .;17.496325056853777;False
51;"what is the available information pertaining to boundary layers on very
slender bodies of revolution in continuum flow (the ?transverse
curvature  effect) .";9;1301;compressible boundary layers on bodies of revolution .;17.071528383717133;False
51;"what is the available information pertaining to boundary layers on very
slender bodies of revolution in continuum flow (the ?transverse
curvature  effect) .";10;142;the problem of aerodynamic heating .;16.5169415921054;False
52;"what is the available information pertaining to the effect of slight
rarefaction on boundary layer flows (the ?slip? effect) .";1;1215;the effect of slip particularly for highly cooled walls .;15.418321550741505;False
52;"what is the available information pertaining to the effect of slight
rarefaction on boundary layer flows (the ?slip? effect) .";2;36;supersonic flow around blunt bodies .;15.20606001175198;False
52;"what is the available information pertaining to the effect of slight
rarefaction on boundary layer flows (the ?slip? effect) .";3;550;laminar heat transfer in tubes under slip-flow conditions .;15.164619231669265;False
52;"what is the available information pertaining to the effect of slight
rarefaction on boundary layer flows (the ?slip? effect) .";4;306;"second approximation to laminar compressible boundary
layer on flat plate in slip flow .";15.07931837172261;True
52;"what is the available information pertaining to the effect of slight
rarefaction on boundary layer flows (the ?slip? effect) .";5;251;"a collection of longitudinal stability derivatives
of wings at supersonic speeds .";15.058757912821463;False
52;"what is the available information pertaining to the effect of slight
rarefaction on boundary layer flows (the ?slip? effect) .";6;21;on heat transfer in slip flow .;14.89299108428444;True
52;"what is the available information pertaining to the effect of slight
rarefaction on boundary layer flows (the ?slip? effect) .";7;1214;"the drag of elongated bodies over a wide reynolds number
range .";13.384515508268738;False
52;"what is the available information pertaining to the effect of slight
rarefaction on boundary layer flows (the ?slip? effect) .";8;326;"forst-order slip effects on the compressible laminar
boundary layer over a slender body of revolution in
axial flow .";13.381022095485962;True
52;"what is the available information pertaining to the effect of slight
rarefaction on boundary layer flows (the ?slip? effect) .";9;534;"consideration of energy separation for laminar slip
flow in a circular tube .";12.830039384945609;False
52;"what is the available information pertaining to the effect of slight
rarefaction on boundary layer flows (the ?slip? effect) .";10;96;"review of published data on the effect of roughness on transition from
laminar to turbulent flow .";12.685811574771511;False
53;"what investigations have been made of the flow field about a body moving
through a rarefied,  partially ionized gas in the presence of a magnetic
field .";1;208;"the hall effect in the viscous flow of ionized gas
between parallel plates under transverse magnetic field .";34.0211657146974;True
53;"what investigations have been made of the flow field about a body moving
through a rarefied,  partially ionized gas in the presence of a magnetic
field .";2;1221;"steady flow of conducting fluids in channels under
transverse magnetic fields, with consideration of hall
effect .";25.13534559855429;False
53;"what investigations have been made of the flow field about a body moving
through a rarefied,  partially ionized gas in the presence of a magnetic
field .";3;531;the flow about a moving body in the upper ionosphere .;21.96676554294643;False
53;"what investigations have been made of the flow field about a body moving
through a rarefied,  partially ionized gas in the presence of a magnetic
field .";4;437;hypervelocity stagnation point heat transfer .;21.854403323039453;False
53;"what investigations have been made of the flow field about a body moving
through a rarefied,  partially ionized gas in the presence of a magnetic
field .";5;296;"notes on waves through gases at pressures small compared
with the magnetic pressure, with applications to upper
atmosphere aerodynamics .";20.682327928958536;True
53;"what investigations have been made of the flow field about a body moving
through a rarefied,  partially ionized gas in the presence of a magnetic
field .";6;1253;"hypersonic viscous flow near the stagnation point in
the presence of magnetic field .";19.968226792242397;False
53;"what investigations have been made of the flow field about a body moving
through a rarefied,  partially ionized gas in the presence of a magnetic
field .";7;1255;the flow about a charged body moving in the lower atmosphere .;19.485178421790266;False
53;"what investigations have been made of the flow field about a body moving
through a rarefied,  partially ionized gas in the presence of a magnetic
field .";8;1139;"the effect of entrance velocity on the flow of a rarefied
gas, through a tube .";19.197269495564633;False
53;"what investigations have been made of the flow field about a body moving
through a rarefied,  partially ionized gas in the presence of a magnetic
field .";9;1236;"the stagnation point boundary layer in the presence
of an applied magnetic field .";18.08112846042991;False
53;"what investigations have been made of the flow field about a body moving
through a rarefied,  partially ionized gas in the presence of a magnetic
field .";10;625;viscous and inviscid nonequilibrium gas flows .;17.82789373545995;False
54;"how is the heat transfer downstream of the mass transfer region effected
by mass transfer at the nose of a blunted cone .";1;123;"the downstream influence of mass transfer at the nose
of a slender cone .";25.583493655508242;False
54;"how is the heat transfer downstream of the mass transfer region effected
by mass transfer at the nose of a blunted cone .";2;1307;"laminar heat-transfer and pressure measurements at
a mach number of 6 on sharp and blunt 15 half-angle
cones at angles of attack up to 90 .";21.806433999540932;False
54;"how is the heat transfer downstream of the mass transfer region effected
by mass transfer at the nose of a blunted cone .";3;44;tip-bluntness effects on cone pressures at m=6.85 .;20.374428739382104;False
54;"how is the heat transfer downstream of the mass transfer region effected
by mass transfer at the nose of a blunted cone .";4;1213;"heat transfer to slender cones in hypersonic flow,
including effects of yaw and nose bluntness .";19.50445124086801;False
54;"how is the heat transfer downstream of the mass transfer region effected
by mass transfer at the nose of a blunted cone .";5;1300;"some effects of bluntness on boundary layer transition
and heat transfer at supersonic speeds .";19.5033800215207;False
54;"how is the heat transfer downstream of the mass transfer region effected
by mass transfer at the nose of a blunted cone .";6;354;"laminar heat-transfer and pressure measurements over blunt-nosed
cones at large angle of attack .";18.910766561075402;False
54;"how is the heat transfer downstream of the mass transfer region effected
by mass transfer at the nose of a blunted cone .";7;84;"experimental investigation of the downstream influence
of stagnation point mass transfer .";17.635624505890497;True
54;"how is the heat transfer downstream of the mass transfer region effected
by mass transfer at the nose of a blunted cone .";8;651;"heat transfer to separated and reattached subsonic
turbulen flows obtained downstream of a surface step .";17.57069247777381;False
54;"how is the heat transfer downstream of the mass transfer region effected
by mass transfer at the nose of a blunted cone .";9;555;"closing reply to comments on generalized heat transfer
formulas and graphs for nose cone re-entry into the
atmosphere .";16.172864407557675;False
54;"how is the heat transfer downstream of the mass transfer region effected
by mass transfer at the nose of a blunted cone .";10;338;mass transfer cooling at mach number 4. 8.;16.07499460442655;False
55;"to what extent can the available information for incompressible boundary
layers be applied to problems involving compressible boundary layers .";1;17;remarks on the eddy viscosity in compressible mixing flows .;21.272219485692897;False
55;"to what extent can the available information for incompressible boundary
layers be applied to problems involving compressible boundary layers .";2;1185;"an integral method for calculating heat and mass transfer
in laminar boundary layers .";21.07451027330347;False
55;"to what extent can the available information for incompressible boundary
layers be applied to problems involving compressible boundary layers .";3;251;"a collection of longitudinal stability derivatives
of wings at supersonic speeds .";19.179631958953237;False
55;"to what extent can the available information for incompressible boundary
layers be applied to problems involving compressible boundary layers .";4;460;"correlated incompressible and compressible boundary
layers .";19.09704709266152;True
55;"to what extent can the available information for incompressible boundary
layers be applied to problems involving compressible boundary layers .";5;376;"transformation between compressible and incompressible
boundary layer equations .";18.08593230952744;True
55;"to what extent can the available information for incompressible boundary
layers be applied to problems involving compressible boundary layers .";6;1301;compressible boundary layers on bodies of revolution .;18.073530015055706;False
55;"to what extent can the available information for incompressible boundary
layers be applied to problems involving compressible boundary layers .";7;377;a turbulent analog of the stewartson-illingworth transformation .;17.86712052534701;True
55;"to what extent can the available information for incompressible boundary
layers be applied to problems involving compressible boundary layers .";8;135;"the calculation of wall shearing stress from heat-transfer measurements
in compressible flows .";15.830724821942752;False
55;"to what extent can the available information for incompressible boundary
layers be applied to problems involving compressible boundary layers .";9;1214;"the drag of elongated bodies over a wide reynolds number
range .";14.421811882011594;False
55;"to what extent can the available information for incompressible boundary
layers be applied to problems involving compressible boundary layers .";10;344;some experimental techniques in mass transfer cooling .;14.341994362222913;False
56;"to what extent can readily available steady-state aerodynamic data be
utilized to predict lifting-surface flutter characteristics .";1;753;"development of a quasi-steady approach to flutter and
correlation with kernel-function results .";36.1654348242482;False
56;"to what extent can readily available steady-state aerodynamic data be
utilized to predict lifting-surface flutter characteristics .";2;14;"piston theory - a new aerodynamic tool for the
aeroelastician .";21.477392477256195;True
56;"to what extent can readily available steady-state aerodynamic data be
utilized to predict lifting-surface flutter characteristics .";3;783;"a method for calculating the subsonic steady-state loading on an
airplane with a wing of arbitrary planform and stiffness .";21.44500704721067;False
56;"to what extent can readily available steady-state aerodynamic data be
utilized to predict lifting-surface flutter characteristics .";4;1339;"calculation of flutter characteristics for finite-span swept or unswept
wings at subsonic and supersonic speeds by a modified strip analysis .";17.860530689644133;True
56;"to what extent can readily available steady-state aerodynamic data be
utilized to predict lifting-surface flutter characteristics .";5;441;"evaluation of high angle-of-attack aerodynamic derivative
data and stall-flutter prediction techniques .";16.163809153566405;False
56;"to what extent can readily available steady-state aerodynamic data be
utilized to predict lifting-surface flutter characteristics .";6;251;"a collection of longitudinal stability derivatives
of wings at supersonic speeds .";15.817735220044938;False
56;"to what extent can readily available steady-state aerodynamic data be
utilized to predict lifting-surface flutter characteristics .";7;1105;"numerical solutions for supersonic flow of an ideal
gas around blunt two-dimensional bodies .";15.52924321190542;False
56;"to what extent can readily available steady-state aerodynamic data be
utilized to predict lifting-surface flutter characteristics .";8;711;"an investigation at subsonic speeds of aerodynamic characteristics at
angles of attack from -dash 4degrees to 100degrees of a delta-wing
reentry configuration having folding wingtip panels .";15.171836041883656;False
56;"to what extent can readily available steady-state aerodynamic data be
utilized to predict lifting-surface flutter characteristics .";9;685;"aerodynamic effects of some configuration variables
on the aeroelastic characteristics of lifting surfaces
at mach numbers from 0. 7 to 6. 86 .";14.78272740699645;False
56;"to what extent can readily available steady-state aerodynamic data be
utilized to predict lifting-surface flutter characteristics .";10;1331;"calculated responses of a large sweptwing airplane
to continuous turbulence with flight-test comparisons .";14.631912153506308;False
57;"what are the significant steady and non-steady flow characteristics
which affect the flutter mechanism .";1;753;"development of a quasi-steady approach to flutter and
correlation with kernel-function results .";18.267208484247348;False
57;"what are the significant steady and non-steady flow characteristics
which affect the flutter mechanism .";2;1181;"steady magnetohydrodynamic flow past a non-conducting
wedge .";13.74578980827743;False
57;"what are the significant steady and non-steady flow characteristics
which affect the flutter mechanism .";3;1296;"non-equilibrium expansions of air with coupled chemical
reactions .";13.276462191543292;False
57;"what are the significant steady and non-steady flow characteristics
which affect the flutter mechanism .";4;1099;a theoretical study of stagnation point ablation .;13.27051204843015;False
57;"what are the significant steady and non-steady flow characteristics
which affect the flutter mechanism .";5;1339;"calculation of flutter characteristics for finite-span swept or unswept
wings at subsonic and supersonic speeds by a modified strip analysis .";12.83586003096519;False
57;"what are the significant steady and non-steady flow characteristics
which affect the flutter mechanism .";6;117;the motion of a viscous liquid past a paraboloid .;12.406671170203687;False
57;"what are the significant steady and non-steady flow characteristics
which affect the flutter mechanism .";7;856;"some experimental studies of panel flutter at mach
1 .3.";11.45830634954582;False
57;"what are the significant steady and non-steady flow characteristics
which affect the flutter mechanism .";8;894;"flutter of a two dimensional simply supported buckled
panel with elastic restraint against edge displacement .";11.360592361732976;False
57;"what are the significant steady and non-steady flow characteristics
which affect the flutter mechanism .";9;444;an approach to the flutter problem in real fluids .;11.349761865493669;False
57;"what are the significant steady and non-steady flow characteristics
which affect the flutter mechanism .";10;380;"effect of quasi-steady air forces on incompressible
bending-torsion flutter .";11.288760914959258;True
58;"is it possible to determine rates of forced convective heat transfer
from heated cylinders of non-circular cross-section,  (the fluid flow
being along the generators) .";1;754;"heat transfer through laminar boundary layers on
semi-infinite cylinders of arbitrary cross section .";33.99902543961277;False
58;"is it possible to determine rates of forced convective heat transfer
from heated cylinders of non-circular cross-section,  (the fluid flow
being along the generators) .";2;270;"on combined free and forced convection laminar magnetohydrodynamic
flow and heat transfer in channels with transverse
magnetic field .";25.795403098710548;False
58;"is it possible to determine rates of forced convective heat transfer
from heated cylinders of non-circular cross-section,  (the fluid flow
being along the generators) .";3;1159;"experimental investigation of the effect of yaw on
rates of heat transfer to transverse circular
cylinders in a 6500-foot-per-second
hypersonic air stream .";24.211111886117028;False
58;"is it possible to determine rates of forced convective heat transfer
from heated cylinders of non-circular cross-section,  (the fluid flow
being along the generators) .";4;788;"an approximate boundary layer theory for semi-infinite cylinders of
arbitrary cross-section .";23.645224887152537;True
58;"is it possible to determine rates of forced convective heat transfer
from heated cylinders of non-circular cross-section,  (the fluid flow
being along the generators) .";5;120;"measurement of convective heat transfer by means of
the reynolds analogy .";22.75855644487983;False
58;"is it possible to determine rates of forced convective heat transfer
from heated cylinders of non-circular cross-section,  (the fluid flow
being along the generators) .";6;873;"lagrangian thermodynamics of heat transfer in systems
including fluid motion .";22.147629483561317;False
58;"is it possible to determine rates of forced convective heat transfer
from heated cylinders of non-circular cross-section,  (the fluid flow
being along the generators) .";7;785;the flow of fluid along cylinders .;22.012379745120903;True
58;"is it possible to determine rates of forced convective heat transfer
from heated cylinders of non-circular cross-section,  (the fluid flow
being along the generators) .";8;773;"q . app . math . 7, 1950, 381 . experiments on porous-wall
cooling and flow separation control in a supersonic
nozzle .";19.62454883249522;False
58;"is it possible to determine rates of forced convective heat transfer
from heated cylinders of non-circular cross-section,  (the fluid flow
being along the generators) .";9;789;"a further note on the calculation of heat transfer
through the axisymmetrical laminar boundary layer on
a circular cylinder .";19.19398107896945;True
58;"is it possible to determine rates of forced convective heat transfer
from heated cylinders of non-circular cross-section,  (the fluid flow
being along the generators) .";10;1348;"radiative heat transfer during atmosphere entry at
parabolic velocity .";18.581313598212695;False
59;"how much is known about boundary layer flows along non-circular
cylinders .";1;292;"rapid laminar boundary layer calculations by piece-wise
application of similar solutions .";15.808395399818037;False
59;"how much is known about boundary layer flows along non-circular
cylinders .";2;801;"experimental study of the equivalence of transonic
flow about slender cone-cylinders of circular and elliptic
cross section .";14.743219759837448;False
59;"how much is known about boundary layer flows along non-circular
cylinders .";3;657;"interferometric studies of supersonic flows about truncated
cones .";13.69745751033166;False
59;"how much is known about boundary layer flows along non-circular
cylinders .";4;842;"an improvement on donnell's approximation for thin-walled
circular cylinders .";13.531385451427738;False
59;"how much is known about boundary layer flows along non-circular
cylinders .";5;786;the skin friction on infinite cylinders moving parallell to their length .;13.34098317485909;True
59;"how much is known about boundary layer flows along non-circular
cylinders .";6;785;the flow of fluid along cylinders .;13.318564501600065;True
59;"how much is known about boundary layer flows along non-circular
cylinders .";7;912;"the axisymmetric free-convection temperature field
along a vertical thin cylinder .";13.048893483671064;False
59;"how much is known about boundary layer flows along non-circular
cylinders .";8;1105;"numerical solutions for supersonic flow of an ideal
gas around blunt two-dimensional bodies .";12.931737801473973;False
59;"how much is known about boundary layer flows along non-circular
cylinders .";9;610;corner interference effects .;12.616493948192055;False
59;"how much is known about boundary layer flows along non-circular
cylinders .";10;1055;non-linear bending and buckling of circular plates .;12.60543819010552;False
6;"what theoretical and experimental guides do we have as to turbulent
couette flow behaviour .";1;491;"on the close relationship between turbulent plane-couette
and pressure flows .";17.289564832944343;False
6;"what theoretical and experimental guides do we have as to turbulent
couette flow behaviour .";2;257;on turbulen flow between parallel plates .;14.053800187555165;True
6;"what theoretical and experimental guides do we have as to turbulent
couette flow behaviour .";3;315;"scale effects at high subsonic and transonic speeds
and methods for fixing transition in model experiments .";13.042596907581526;False
6;"what theoretical and experimental guides do we have as to turbulent
couette flow behaviour .";4;121;"a theory for base pressures in transonic and supersonic
flow .";11.853634353432263;False
6;"what theoretical and experimental guides do we have as to turbulent
couette flow behaviour .";5;148;on displacement thickness .;11.598454906785143;False
6;"what theoretical and experimental guides do we have as to turbulent
couette flow behaviour .";6;251;"a collection of longitudinal stability derivatives
of wings at supersonic speeds .";11.373520370999115;False
6;"what theoretical and experimental guides do we have as to turbulent
couette flow behaviour .";7;767;"mathematical techniques applying to the thermal fatigue behaviour
of high temperature alloys .";11.281850703103288;False
6;"what theoretical and experimental guides do we have as to turbulent
couette flow behaviour .";8;651;"heat transfer to separated and reattached subsonic
turbulen flows obtained downstream of a surface step .";11.049136193261338;False
6;"what theoretical and experimental guides do we have as to turbulent
couette flow behaviour .";9;344;some experimental techniques in mass transfer cooling .;10.847281346535599;False
6;"what theoretical and experimental guides do we have as to turbulent
couette flow behaviour .";10;296;"notes on waves through gases at pressures small compared
with the magnetic pressure, with applications to upper
atmosphere aerodynamics .";10.81304847259849;False
60;"is there any simple,  but practical,  method for numerical integration
of the mixing problem (i.e. the blasius problem with three-point
boundary conditions) .";1;321;"improved numerical solution of the blasius problem with three-point
boundary conditions .";34.772650528039314;False
60;"is there any simple,  but practical,  method for numerical integration
of the mixing problem (i.e. the blasius problem with three-point
boundary conditions) .";2;527;"note on the three-point boundary layer problem for
the blasius equations .";34.05864111879682;True
60;"is there any simple,  but practical,  method for numerical integration
of the mixing problem (i.e. the blasius problem with three-point
boundary conditions) .";3;322;"on the numerical solution of the blasius problem with three-point
boundary conditions .";33.34297082970565;False
60;"is there any simple,  but practical,  method for numerical integration
of the mixing problem (i.e. the blasius problem with three-point
boundary conditions) .";4;320;"comment on improved numerical solution of the blasius problem with
three-point boundary conditions .";28.19182136322375;True
60;"is there any simple,  but practical,  method for numerical integration
of the mixing problem (i.e. the blasius problem with three-point
boundary conditions) .";5;1235;"a theory of the two dimensional laminar bounary layer
over a curved surface .";19.670585052104506;False
60;"is there any simple,  but practical,  method for numerical integration
of the mixing problem (i.e. the blasius problem with three-point
boundary conditions) .";6;476;the blasius equation with three-point boundary conditions .;19.30453839678521;True
60;"is there any simple,  but practical,  method for numerical integration
of the mixing problem (i.e. the blasius problem with three-point
boundary conditions) .";7;833;"a simple method of matric structural analysis, part
iv, non-linear problems .";18.89946247089643;False
60;"is there any simple,  but practical,  method for numerical integration
of the mixing problem (i.e. the blasius problem with three-point
boundary conditions) .";8;150;integration of the boundary layer equations .;18.867801433673158;False
60;"is there any simple,  but practical,  method for numerical integration
of the mixing problem (i.e. the blasius problem with three-point
boundary conditions) .";9;933;"the characteristics of roughness from insects as observed
for two-dimensional, incompressible flow past airfoils .";18.1284993478367;False
60;"is there any simple,  but practical,  method for numerical integration
of the mixing problem (i.e. the blasius problem with three-point
boundary conditions) .";10;1377;"theoretical investigation of the flow field about blunt
nosed bodies in supersonic flight .";17.218103428419283;False
61;"does there exist a closed-form expression for the local heat transfer
around a yawed cylinder .";1;539;"local heat transfer to a yawed, infite, circular cylinder
in laminar compressible flow .";23.108582749702993;False
61;"does there exist a closed-form expression for the local heat transfer
around a yawed cylinder .";2;566;"investigation of local heat transfer and pressure drag
characteristics of a yawed circular cylinder at supersonic
speeds .";21.462004613175452;True
61;"does there exist a closed-form expression for the local heat transfer
around a yawed cylinder .";3;564;"local heat transfer and recovery temperature on a yawed
cylinder at a mach number of 4. 15 and high reynolds
numbers .";20.532979825483654;True
61;"does there exist a closed-form expression for the local heat transfer
around a yawed cylinder .";4;435;"application of similar solutions to calculations of
laminar heat transfer on bodies with yaw and large
pressure gradients in high speed flow .";18.320654284415266;False
61;"does there exist a closed-form expression for the local heat transfer
around a yawed cylinder .";5;283;"laminar heat transfer around blunt bodies in dissociated
air .";17.390095334102178;False
61;"does there exist a closed-form expression for the local heat transfer
around a yawed cylinder .";6;333;"boundary-layer interaction on a yawed infinite wing in hypersonic
flow .";16.206041550799704;False
61;"does there exist a closed-form expression for the local heat transfer
around a yawed cylinder .";7;1258;"heat transfer, recovery factor and pressure distributions
around a circular cylinder normal to a supersonic rarefied
air stream .";15.760697835407802;False
61;"does there exist a closed-form expression for the local heat transfer
around a yawed cylinder .";8;1213;"heat transfer to slender cones in hypersonic flow,
including effects of yaw and nose bluntness .";15.507261027605697;False
61;"does there exist a closed-form expression for the local heat transfer
around a yawed cylinder .";9;122;"a simplified approximate method for the calculation of the pressure
around conical bodies of arbitrary shape in supersonic and hypersonic
flow .";15.33415048840288;False
61;"does there exist a closed-form expression for the local heat transfer
around a yawed cylinder .";10;352;"on heat transfer over a sweat-cooled surface in laminar
compressible flow with a pressure gradient .";15.072406839172636;False
62;"how far around a cylinder and under what conditions of flow,  if any,
is the velocity just outside of the boundary layer a linear function of
the distance around the cylinder .";1;459;on the solution of the laminar boundary layer equations .;25.4901306215756;False
62;"how far around a cylinder and under what conditions of flow,  if any,
is the velocity just outside of the boundary layer a linear function of
the distance around the cylinder .";2;1268;"stable combustion of a high-velocity gas in a heated
boundary layer .";24.581112495953455;False
62;"how far around a cylinder and under what conditions of flow,  if any,
is the velocity just outside of the boundary layer a linear function of
the distance around the cylinder .";3;148;on displacement thickness .;23.980834526448362;False
62;"how far around a cylinder and under what conditions of flow,  if any,
is the velocity just outside of the boundary layer a linear function of
the distance around the cylinder .";4;255;"an approximate solution of the turbulent boundary layer
equations in incompressible and compressible .";20.930925977362627;False
62;"how far around a cylinder and under what conditions of flow,  if any,
is the velocity just outside of the boundary layer a linear function of
the distance around the cylinder .";5;105;"the asymptotic boundary layer on a circular cylinder
in axial incompressible flow .";20.358346250644352;False
62;"how far around a cylinder and under what conditions of flow,  if any,
is the velocity just outside of the boundary layer a linear function of
the distance around the cylinder .";6;381;the axisymmetric boundary layer on a long thin cylinder .;20.090507339519775;False
62;"how far around a cylinder and under what conditions of flow,  if any,
is the velocity just outside of the boundary layer a linear function of
the distance around the cylinder .";7;1383;on the theory of laminar boundary layer involving separation .;19.374731408388612;False
62;"how far around a cylinder and under what conditions of flow,  if any,
is the velocity just outside of the boundary layer a linear function of
the distance around the cylinder .";8;1072;ignition and combustion in a laminar mixing zone .;18.78839285977889;False
62;"how far around a cylinder and under what conditions of flow,  if any,
is the velocity just outside of the boundary layer a linear function of
the distance around the cylinder .";9;1258;"heat transfer, recovery factor and pressure distributions
around a circular cylinder normal to a supersonic rarefied
air stream .";18.30093165151334;False
62;"how far around a cylinder and under what conditions of flow,  if any,
is the velocity just outside of the boundary layer a linear function of
the distance around the cylinder .";10;452;symmetric joukowsky airfoils in shear flow .;17.922159516763273;False
63;where can i find pressure data on surfaces of swept cylinders .;1;843;"a simplified method of elastic stability analysis for
thin cylindrical shells .";11.282146754665554;False
63;where can i find pressure data on surfaces of swept cylinders .;2;1121;"compressive and torsional buckling of thin-wall cylinders
in the yield region .";11.259469033230356;False
63;where can i find pressure data on surfaces of swept cylinders .;3;287;"some theoretical low-speed loading characteristics
of swept wings in roll and sideslip .";11.060100679453335;False
63;where can i find pressure data on surfaces of swept cylinders .;4;1051;"the stability of thin-walled unstiffened circular cylinders
under axial compression including the effects of internal
pressure .";10.927343333065483;False
63;where can i find pressure data on surfaces of swept cylinders .;5;1334;"calculated spanwise lift distributions and aerodynamic
influence coefficients for swept wings in subsonic
flow .";10.281277458903736;False
63;where can i find pressure data on surfaces of swept cylinders .;6;1336;"studies of the use of freon-12 as a wind tunnel testing
medium .";10.27793261124296;False
63;where can i find pressure data on surfaces of swept cylinders .;7;1104;aerodynamic heating of blunt nose shapes at mach numbers up to 14 .;10.207171128670515;False
63;where can i find pressure data on surfaces of swept cylinders .;8;1084;the flow past circular cylinders at low speeds .;10.18196741194991;False
63;where can i find pressure data on surfaces of swept cylinders .;9;839;"the bending stability of thin-- walled unstiffened
circular cylinders including the effects of internal
pressure .";10.02641049674671;False
63;where can i find pressure data on surfaces of swept cylinders .;10;1327;on the propagation and structure of the blast wave .;9.924191768767;False
64;"can't the static deflection shapes be used in predicting flutter in
place of vibrational shapes . if so,  can we provide a justification by
means of an example .";1;914;transtability flutter of supersonic aircraft panels .;21.141859384065853;False
64;"can't the static deflection shapes be used in predicting flutter in
place of vibrational shapes . if so,  can we provide a justification by
means of an example .";2;730;on the bending of a clamped plate .;18.63726105832296;False
64;"can't the static deflection shapes be used in predicting flutter in
place of vibrational shapes . if so,  can we provide a justification by
means of an example .";3;1225;"the effect of adverse pressure gradients on the characteristics of
turbulent boundary layers in supersonic streams .";16.630559923013738;False
64;"can't the static deflection shapes be used in predicting flutter in
place of vibrational shapes . if so,  can we provide a justification by
means of an example .";4;390;some panel-flutter studies using piston theory .;16.404128926428783;True
64;"can't the static deflection shapes be used in predicting flutter in
place of vibrational shapes . if so,  can we provide a justification by
means of an example .";5;277;"study of flow conditions and deflection angle at exit
of two-dimensional cascade of turbine rotor blades
at critical and supercritical pressure ratios .";16.368299916117344;False
64;"can't the static deflection shapes be used in predicting flutter in
place of vibrational shapes . if so,  can we provide a justification by
means of an example .";6;1204;"experimental effect of bluntness and gas rarefaction
on drag coefficients and stagnation heat transfer on
axisymmetric shapes in hypersonic flow .";16.315954511102426;False
64;"can't the static deflection shapes be used in predicting flutter in
place of vibrational shapes . if so,  can we provide a justification by
means of an example .";7;928;"a new theory for the buckling of thin cylinders under
axial compression and bending .";15.754393133370108;False
64;"can't the static deflection shapes be used in predicting flutter in
place of vibrational shapes . if so,  can we provide a justification by
means of an example .";8;1252;"on the approach to chemical and vibrational equilibrium
behind a strong normal shock wave .";15.141768108349932;False
64;"can't the static deflection shapes be used in predicting flutter in
place of vibrational shapes . if so,  can we provide a justification by
means of an example .";9;827;"a nonlinear theory of bending and buckling of thin
elastic shallow spherical shells .";15.1193213026175;False
64;"can't the static deflection shapes be used in predicting flutter in
place of vibrational shapes . if so,  can we provide a justification by
means of an example .";10;1024;note on creep buckling of columns .;15.051943805336526;False
65;"does the boundary layer on a flat plate in a shear flow induce a
pressure gradient .";1;3;the boundary layer in simple shear flow past a flat plate .;23.795596647389775;True
65;"does the boundary layer on a flat plate in a shear flow induce a
pressure gradient .";2;388;"the pressure gradient induced by shear flow past a
flat plate .";23.675233638178067;False
65;"does the boundary layer on a flat plate in a shear flow induce a
pressure gradient .";3;1106;"free-flight observation of a separated turbulent flow
including heat transfer up to mach 8. 5.";20.458574028721113;False
65;"does the boundary layer on a flat plate in a shear flow induce a
pressure gradient .";4;1370;some remarks on the flat plate boundary layer .;18.681754898056784;False
65;"does the boundary layer on a flat plate in a shear flow induce a
pressure gradient .";5;664;"the boundary layer on a flat plate in a stream with
uniform shear .";18.64060933499267;True
65;"does the boundary layer on a flat plate in a shear flow induce a
pressure gradient .";6;1237;"foreign-gas injection into a compressible turbulent
boundary layer on a flat plate .";18.213718564252062;False
65;"does the boundary layer on a flat plate in a shear flow induce a
pressure gradient .";7;393;the shear flow along a flat plate with uniform suction .;18.17235883309997;True
65;"does the boundary layer on a flat plate in a shear flow induce a
pressure gradient .";8;180;"boundary layer over a flat plate in presence of shear
flow .";18.002785768966547;True
65;"does the boundary layer on a flat plate in a shear flow induce a
pressure gradient .";9;4;"approximate solutions of the incompressible laminar
boundary layer equations for a plate in shear flow .";17.054767006979667;True
65;"does the boundary layer on a flat plate in a shear flow induce a
pressure gradient .";10;310;hypersonic viscous flow over a flat plate .;16.785828133935603;False
66;"can the procedure of matching inner and outer solutions for a viscous
flow problem be applied when the main stream is a shear flow .";1;128;"effects of free stream vorticity on the behaviour of
a viscous boundary layer .";29.06861326705486;False
66;"can the procedure of matching inner and outer solutions for a viscous
flow problem be applied when the main stream is a shear flow .";2;366;"helium injection into the boundary layer at an axisymmetric
stagnation point .";20.648890478397497;False
66;"can the procedure of matching inner and outer solutions for a viscous
flow problem be applied when the main stream is a shear flow .";3;576;"viscous and inviscid stagnation flow in a dissociated hypervelocity free
 stream .";19.1488488103328;False
66;"can the procedure of matching inner and outer solutions for a viscous
flow problem be applied when the main stream is a shear flow .";4;329;"various aerodynamic characteristics in hypersonic rarefied
gas flow .";19.016898579346584;False
66;"can the procedure of matching inner and outer solutions for a viscous
flow problem be applied when the main stream is a shear flow .";5;1206;magnetohydrodynamic mach cones .;18.9668038422083;False
66;"can the procedure of matching inner and outer solutions for a viscous
flow problem be applied when the main stream is a shear flow .";6;191;a theory for the core of a leading edge vortex .;18.891661781105576;False
66;"can the procedure of matching inner and outer solutions for a viscous
flow problem be applied when the main stream is a shear flow .";7;375;steady flow in the laminar boundary layer of a gas .;18.470154965166483;False
66;"can the procedure of matching inner and outer solutions for a viscous
flow problem be applied when the main stream is a shear flow .";8;629;second-order effects in laminar boundary layers .;18.381335564433574;True
66;"can the procedure of matching inner and outer solutions for a viscous
flow problem be applied when the main stream is a shear flow .";9;2;"simple shear flow past a flat plate in an incompressible fluid of small
viscosity .";17.925279700506493;False
66;"can the procedure of matching inner and outer solutions for a viscous
flow problem be applied when the main stream is a shear flow .";10;1182;an approximate solution for laminar boundary layer flow .;16.44964948993436;False
67;"can series expansions be found for the boundary layer on a flat plate in
a shear flow .";1;2;"simple shear flow past a flat plate in an incompressible fluid of small
viscosity .";19.661465904236717;True
67;"can series expansions be found for the boundary layer on a flat plate in
a shear flow .";2;393;the shear flow along a flat plate with uniform suction .;19.123105894190665;True
67;"can series expansions be found for the boundary layer on a flat plate in
a shear flow .";3;3;the boundary layer in simple shear flow past a flat plate .;18.43132620148891;True
67;"can series expansions be found for the boundary layer on a flat plate in
a shear flow .";4;180;"boundary layer over a flat plate in presence of shear
flow .";18.365006270740633;True
67;"can series expansions be found for the boundary layer on a flat plate in
a shear flow .";5;306;"second approximation to laminar compressible boundary
layer on flat plate in slip flow .";18.102814822796542;False
67;"can series expansions be found for the boundary layer on a flat plate in
a shear flow .";6;664;"the boundary layer on a flat plate in a stream with
uniform shear .";17.724340977660734;True
67;"can series expansions be found for the boundary layer on a flat plate in
a shear flow .";7;4;"approximate solutions of the incompressible laminar
boundary layer equations for a plate in shear flow .";17.42668510467274;True
67;"can series expansions be found for the boundary layer on a flat plate in
a shear flow .";8;9;"transition studies and skin friction measurements on
an insulated flat plate at a mach number of 5.8 .";17.025596894397783;False
67;"can series expansions be found for the boundary layer on a flat plate in
a shear flow .";9;388;"the pressure gradient induced by shear flow past a
flat plate .";16.838279773582343;False
67;"can series expansions be found for the boundary layer on a flat plate in
a shear flow .";10;1107;"the flow field over blunted flat plates and its effect
on turbulent boundary growth and heat transfer at a
mach number of 4. 7.";16.175902559086406;False
68;"what possible techniques are available for computing the injection
distribution corresponding to an isothermal transpiration cooled
hemisphere .";1;628;thermal effects on a transpiration cooled hemisphere .;34.1369291403632;False
68;"what possible techniques are available for computing the injection
distribution corresponding to an isothermal transpiration cooled
hemisphere .";2;662;"theoretical and experimental investigation of
aerodynamic-heating and isothermal heat transfer parameters on
a hemisphere nose with laminar boundary layer at supersonic
mach numbers .";16.57153384150866;True
68;"what possible techniques are available for computing the injection
distribution corresponding to an isothermal transpiration cooled
hemisphere .";3;560;"a theoretical study of the effect of upstream
transpiration-cooling on the heat transfer and skin friction characteristics
of a compressible laminar boundary layer .";14.31457176331167;False
68;"what possible techniques are available for computing the injection
distribution corresponding to an isothermal transpiration cooled
hemisphere .";4;344;some experimental techniques in mass transfer cooling .;14.242726682364337;False
68;"what possible techniques are available for computing the injection
distribution corresponding to an isothermal transpiration cooled
hemisphere .";5;1240;"nonsimilar solutions of the compressible laminar boundary
layer equations with applications to the upstream-transpiration
cooling problem .";14.100843805395261;False
68;"what possible techniques are available for computing the injection
distribution corresponding to an isothermal transpiration cooled
hemisphere .";6;1248;an analytic extension of the shock-expansion method .;13.555536614091181;False
68;"what possible techniques are available for computing the injection
distribution corresponding to an isothermal transpiration cooled
hemisphere .";7;1200;hypersonic viscous flow over a sweat-cooled flat plate .;13.425197806290907;False
68;"what possible techniques are available for computing the injection
distribution corresponding to an isothermal transpiration cooled
hemisphere .";8;272;"oscillatory aerodynamic coefficients for a unified supersonic
hypersonic strip theory .";13.144172279659749;False
68;"what possible techniques are available for computing the injection
distribution corresponding to an isothermal transpiration cooled
hemisphere .";9;1191;"heat transfer to a hemisphere-cylinder at low reynolds
numbers .";13.098972775743682;False
68;"what possible techniques are available for computing the injection
distribution corresponding to an isothermal transpiration cooled
hemisphere .";10;661;"summary of laminar boundary layer solutions for
wedge-type flow over convection and transpiration cooled
surfaces .";12.745348854883282;True
69;"what is known regarding asymptotic solutions to the exact boundary layer
equations .";1;128;"effects of free stream vorticity on the behaviour of
a viscous boundary layer .";16.942013859123016;False
69;"what is known regarding asymptotic solutions to the exact boundary layer
equations .";2;540;"use of local similarity concepts in hypersonic viscous
interaction problems .";14.874771176975846;False
69;"what is known regarding asymptotic solutions to the exact boundary layer
equations .";3;365;"the homogeneous boundary layer at an axisymmetric stagnation
point with large rates of injection .";12.653481558587544;False
69;"what is known regarding asymptotic solutions to the exact boundary layer
equations .";4;292;"rapid laminar boundary layer calculations by piece-wise
application of similar solutions .";12.529128760488764;False
69;"what is known regarding asymptotic solutions to the exact boundary layer
equations .";5;300;"on a particular class of similar solutions of the equations
of motion and energy of a viscous fluid .";12.365161680932639;False
69;"what is known regarding asymptotic solutions to the exact boundary layer
equations .";6;306;"second approximation to laminar compressible boundary
layer on flat plate in slip flow .";12.081777820470865;False
69;"what is known regarding asymptotic solutions to the exact boundary layer
equations .";7;1043;on transverse vibrations of thin, shallow elastic shells .;11.955116903998697;False
69;"what is known regarding asymptotic solutions to the exact boundary layer
equations .";8;117;the motion of a viscous liquid past a paraboloid .;11.931557749385146;False
69;"what is known regarding asymptotic solutions to the exact boundary layer
equations .";9;559;"heat transfer at the forward stagnation point of blunt
bodies .";11.814682927610535;False
69;"what is known regarding asymptotic solutions to the exact boundary layer
equations .";10;565;"similar solutions for the compressible boundary layer
on a yawed cylinder with transpiration cooling .";11.77244258258702;False
7;"is it possible to relate the available pressure distributions for an
ogive forebody at zero angle of attack to the lower surface pressures of
an equivalent ogive forebody at angle of attack .";1;492;prediction of ogive-forebody pressures at angles of attack .;45.18666961626295;False
7;"is it possible to relate the available pressure distributions for an
ogive forebody at zero angle of attack to the lower surface pressures of
an equivalent ogive forebody at angle of attack .";2;122;"a simplified approximate method for the calculation of the pressure
around conical bodies of arbitrary shape in supersonic and hypersonic
flow .";26.45995137024042;False
7;"is it possible to relate the available pressure distributions for an
ogive forebody at zero angle of attack to the lower surface pressures of
an equivalent ogive forebody at angle of attack .";3;56;"an analysis of the applicability of the hypersonic
similarity law to the study of the flow about bodies
of revolution at zero angle of attack .";26.09604737732435;True
7;"is it possible to relate the available pressure distributions for an
ogive forebody at zero angle of attack to the lower surface pressures of
an equivalent ogive forebody at angle of attack .";4;57;"applicability of the hypersonic similarity rule to
pressure distributions which include the effects of
rotation for bodies of revolution at zero angle of
attack .";25.573781289447595;True
7;"is it possible to relate the available pressure distributions for an
ogive forebody at zero angle of attack to the lower surface pressures of
an equivalent ogive forebody at angle of attack .";5;1231;hypersonic flow over an elliptic cone: theory and experiment .;23.30210607759181;False
7;"is it possible to relate the available pressure distributions for an
ogive forebody at zero angle of attack to the lower surface pressures of
an equivalent ogive forebody at angle of attack .";6;973;"interaction effects produced by jet exhausting laterally near base of
ogive-cylinder model in supersonic main stream .";21.622276564899195;False
7;"is it possible to relate the available pressure distributions for an
ogive forebody at zero angle of attack to the lower surface pressures of
an equivalent ogive forebody at angle of attack .";7;124;"a summary of the supersonic pressure drag of bodies
of revolution .";20.980712697506075;False
7;"is it possible to relate the available pressure distributions for an
ogive forebody at zero angle of attack to the lower surface pressures of
an equivalent ogive forebody at angle of attack .";8;1040;on transverse vibrations of thin, shallow elastic shells .;20.506783770880723;False
7;"is it possible to relate the available pressure distributions for an
ogive forebody at zero angle of attack to the lower surface pressures of
an equivalent ogive forebody at angle of attack .";9;248;"the application of lighthill formula for numerical
calculation of pressure distributions on bodies of
revolution at supersonic speed and zero angle of attack .";20.341499820713064;False
7;"is it possible to relate the available pressure distributions for an
ogive forebody at zero angle of attack to the lower surface pressures of
an equivalent ogive forebody at angle of attack .";10;232;"accuracy of approximate methods for predicting pressure
on pointed non-lifting bodies of revolution in supersonic
flow .";19.862292755126937;False
70;previous solutions to the boundary layer similarity equations .;1;540;"use of local similarity concepts in hypersonic viscous
interaction problems .";17.262680585740057;False
70;previous solutions to the boundary layer similarity equations .;2;180;"boundary layer over a flat plate in presence of shear
flow .";14.711638833423255;False
70;previous solutions to the boundary layer similarity equations .;3;349;"numerical solution of the boundary layer equations
without similarity assumptions .";14.443731520022634;False
70;previous solutions to the boundary layer similarity equations .;4;300;"on a particular class of similar solutions of the equations
of motion and energy of a viscous fluid .";13.77048269334782;False
70;previous solutions to the boundary layer similarity equations .;5;327;"on local flat plate similarity in the hypersonic boundary
layer .";12.682063495454027;False
70;previous solutions to the boundary layer similarity equations .;6;62;"similar solutions for the compressible laminar boundary
layer with heat transfer and pressure gradient .";12.266896445102672;True
70;previous solutions to the boundary layer similarity equations .;7;1236;"the stagnation point boundary layer in the presence
of an applied magnetic field .";12.097152951934516;False
70;previous solutions to the boundary layer similarity equations .;8;1311;"some simple solutions to the problem of predicting
boundary layer self-induced pressures .";11.659448729263662;False
70;previous solutions to the boundary layer similarity equations .;9;365;"the homogeneous boundary layer at an axisymmetric stagnation
point with large rates of injection .";11.544956615843436;False
70;previous solutions to the boundary layer similarity equations .;10;4;"approximate solutions of the incompressible laminar
boundary layer equations for a plate in shear flow .";10.479457743286886;False
71;experimental results on hypersonic viscous interaction .;1;540;"use of local similarity concepts in hypersonic viscous
interaction problems .";14.373089160442676;False
71;experimental results on hypersonic viscous interaction .;2;305;"hypersonic strong viscous interaction on a flat plate
with surface mass transfer .";14.211800259439169;False
71;experimental results on hypersonic viscous interaction .;3;63;hypersonic viscous flow over slender cones .;13.763151129278997;False
71;experimental results on hypersonic viscous interaction .;4;525;"on hypersonic viscous flow over an insulated flat plate
with surface mass transfer .";13.321212158498799;False
71;experimental results on hypersonic viscous interaction .;5;573;viscous hypersonic similitude .;12.719555477702805;False
71;experimental results on hypersonic viscous interaction .;6;572;"boundary layer displacement and leading edge bluntness effects in high
temperature hypersonic flow .";12.410027145276905;True
71;experimental results on hypersonic viscous interaction .;7;1395;"low density stagnation point heat transfer measurements
in the hypersonic shock tunnel .";12.16125179975275;False
71;experimental results on hypersonic viscous interaction .;8;570;"on the boundary layer equations in hypersonic flow
and their approximate solutions .";11.621419071588857;False
71;experimental results on hypersonic viscous interaction .;9;1253;"hypersonic viscous flow near the stagnation point in
the presence of magnetic field .";11.545161152702468;False
71;experimental results on hypersonic viscous interaction .;10;26;inviscid leading-edge effect in hypersonic flow .;11.539413855988771;False
72;"what has been done about viscous interactions in relatively low reynolds
number flows,  particularly at high mach numbers .";1;315;"scale effects at high subsonic and transonic speeds
and methods for fixing transition in model experiments .";20.632358731051518;False
72;"what has been done about viscous interactions in relatively low reynolds
number flows,  particularly at high mach numbers .";2;139;viscous effects on pitot tubes at low speeds .;19.2547879231949;False
72;"what has been done about viscous interactions in relatively low reynolds
number flows,  particularly at high mach numbers .";3;193;"a study of inviscid flow about air foils at high supersonic
speeds .";18.952540380271987;False
72;"what has been done about viscous interactions in relatively low reynolds
number flows,  particularly at high mach numbers .";4;799;"some effects of wind-tunnel interference observed in tests on
two-dimensional aerofoils at high subsonic and transonic speeds .";18.172831938137996;False
72;"what has been done about viscous interactions in relatively low reynolds
number flows,  particularly at high mach numbers .";5;1078;"the steady flow of a viscous fluid past a circular cylinder at reynolds
numbers 40 and 44 .";18.048954646802418;False
72;"what has been done about viscous interactions in relatively low reynolds
number flows,  particularly at high mach numbers .";6;630;stagnation region in rarefied high mach number flow .;17.850728261508518;True
72;"what has been done about viscous interactions in relatively low reynolds
number flows,  particularly at high mach numbers .";7;1082;"the flow past pitot tube at low reynolds numbers, part 1-dash the
numerical solution of the navier-stokes equations for steady viscous
axisymmetric flow, part 2-dash the effects of viscosity and orifice
size on a pitot tube at low reynolds numbers .";17.73728232406627;False
72;"what has been done about viscous interactions in relatively low reynolds
number flows,  particularly at high mach numbers .";8;244;"an improved smoke generator for use in the visualisation
of airflow, particularly boundary layer flow at high
reynolds numbers .";17.632810372468057;False
72;"what has been done about viscous interactions in relatively low reynolds
number flows,  particularly at high mach numbers .";9;416;"methods of boundary-layer control for postponing and alleviating
buffeting and other effects of shock-induced separation .";17.499895973104227;False
72;"what has been done about viscous interactions in relatively low reynolds
number flows,  particularly at high mach numbers .";10;53;"transition reynolds numbers of separated flows at
supersonic speeds .";17.26584509538103;False
73;"what role does the effect of chemical reaction (particularly when out of
equilibrium) play in the similitude laws governing hypersonic flows over
slender aerodynamic bodies .";1;332;"similitude of hypersonic real-gas flows over slender
bodies with blunted noses .";43.5897200227942;True
73;"what role does the effect of chemical reaction (particularly when out of
equilibrium) play in the similitude laws governing hypersonic flows over
slender aerodynamic bodies .";2;541;"similitude of hypersonic flows over slender bodies
in non-equilibrium dissociated gases .";37.692608179327955;False
73;"what role does the effect of chemical reaction (particularly when out of
equilibrium) play in the similitude laws governing hypersonic flows over
slender aerodynamic bodies .";3;577;on hypersonic similitude .;24.919029608587472;True
73;"what role does the effect of chemical reaction (particularly when out of
equilibrium) play in the similitude laws governing hypersonic flows over
slender aerodynamic bodies .";4;625;viscous and inviscid nonequilibrium gas flows .;24.0557626253618;True
73;"what role does the effect of chemical reaction (particularly when out of
equilibrium) play in the similitude laws governing hypersonic flows over
slender aerodynamic bodies .";5;401;"inviscid hypersonic airflows with coupled non-equilibrium
processes .";22.086452464031208;True
73;"what role does the effect of chemical reaction (particularly when out of
equilibrium) play in the similitude laws governing hypersonic flows over
slender aerodynamic bodies .";6;573;viscous hypersonic similitude .;21.205234207721528;True
73;"what role does the effect of chemical reaction (particularly when out of
equilibrium) play in the similitude laws governing hypersonic flows over
slender aerodynamic bodies .";7;101;"laminar heat transfer over blunt-nosed bodies at hypersonic flight
speeds .";20.69508565921044;False
73;"what role does the effect of chemical reaction (particularly when out of
equilibrium) play in the similitude laws governing hypersonic flows over
slender aerodynamic bodies .";8;1296;"non-equilibrium expansions of air with coupled chemical
reactions .";19.98633086356355;False
73;"what role does the effect of chemical reaction (particularly when out of
equilibrium) play in the similitude laws governing hypersonic flows over
slender aerodynamic bodies .";9;42;"the gyroscopic effect of a rigid rotating propeller
on engine and wing vibration modes .";19.75347420955168;False
73;"what role does the effect of chemical reaction (particularly when out of
equilibrium) play in the similitude laws governing hypersonic flows over
slender aerodynamic bodies .";10;488;"a reaction-rate parameter for gasdynamics of a chemically
reacting gas mixture .";19.41080589251236;False
74;"how significant is the possible pressure of a dissociated free stream
with respect to the realization of hypersonic simulation in high
enthalpy wind tunnels .";1;1153;"a study of the simulation of flow with free stream mach number 1 in a
choked wind tunnel .";23.67491134102156;False
74;"how significant is the possible pressure of a dissociated free stream
with respect to the realization of hypersonic simulation in high
enthalpy wind tunnels .";2;625;viscous and inviscid nonequilibrium gas flows .;20.144236025626128;False
74;"how significant is the possible pressure of a dissociated free stream
with respect to the realization of hypersonic simulation in high
enthalpy wind tunnels .";3;364;"a method for analysing the insulating properties of
the laminar compressible boundary layer .";19.602597995027853;False
74;"how significant is the possible pressure of a dissociated free stream
with respect to the realization of hypersonic simulation in high
enthalpy wind tunnels .";4;576;"viscous and inviscid stagnation flow in a dissociated hypervelocity free
 stream .";19.430400767075113;True
74;"how significant is the possible pressure of a dissociated free stream
with respect to the realization of hypersonic simulation in high
enthalpy wind tunnels .";5;68;"some aspects of air-helium simulation and hypersonic
approximations .";19.40416533122459;False
74;"how significant is the possible pressure of a dissociated free stream
with respect to the realization of hypersonic simulation in high
enthalpy wind tunnels .";6;1161;"stagnation point heat transfer measurements in dissociated
air .";18.94407882873405;False
74;"how significant is the possible pressure of a dissociated free stream
with respect to the realization of hypersonic simulation in high
enthalpy wind tunnels .";7;26;inviscid leading-edge effect in hypersonic flow .;17.981018172319086;False
74;"how significant is the possible pressure of a dissociated free stream
with respect to the realization of hypersonic simulation in high
enthalpy wind tunnels .";8;1142;"effect of wall divergence on sonic flows in solid wall
tunnels .";17.428757430117436;False
74;"how significant is the possible pressure of a dissociated free stream
with respect to the realization of hypersonic simulation in high
enthalpy wind tunnels .";9;280;"the surface oil flow technique as used in high speed
wind tunnels in the united kingdom .";16.798602392863646;False
74;"how significant is the possible pressure of a dissociated free stream
with respect to the realization of hypersonic simulation in high
enthalpy wind tunnels .";10;608;aerodynamic noise in supersonic wind tunnels .;16.173127205328253;False
75;"do the discrepancies among current analyses of the vorticity effect
on stagnation-point heat transfer result primarily from the
differences in the viscosity-temperature law assumed .";1;55;"separation, stability and other properties of compressible
laminar boundary layer with pressure gradient and heat
transfer .";22.299368896193414;False
75;"do the discrepancies among current analyses of the vorticity effect
on stagnation-point heat transfer result primarily from the
differences in the viscosity-temperature law assumed .";2;82;"theoretical investigation of the ablation of a glass-type
heat protection shield of varied material properties
at the stagnation point of a re-entering irbm .";21.580944850923657;False
75;"do the discrepancies among current analyses of the vorticity effect
on stagnation-point heat transfer result primarily from the
differences in the viscosity-temperature law assumed .";3;1395;"low density stagnation point heat transfer measurements
in the hypersonic shock tunnel .";20.17721130271752;False
75;"do the discrepancies among current analyses of the vorticity effect
on stagnation-point heat transfer result primarily from the
differences in the viscosity-temperature law assumed .";4;54;"method for calculation of compressible laminar boundary
layer characteristics in axial pressure gradient with
zero heat transfer .";20.000941742282073;False
75;"do the discrepancies among current analyses of the vorticity effect
on stagnation-point heat transfer result primarily from the
differences in the viscosity-temperature law assumed .";5;73;"investigation of the stability of the laminar boundary
layer in a compressible fluid .";19.528666186452124;False
75;"do the discrepancies among current analyses of the vorticity effect
on stagnation-point heat transfer result primarily from the
differences in the viscosity-temperature law assumed .";6;324;"vorticity effect on the stagnation point flow of a viscous
incompressible fluid .";19.419377675831374;True
75;"do the discrepancies among current analyses of the vorticity effect
on stagnation-point heat transfer result primarily from the
differences in the viscosity-temperature law assumed .";7;565;"similar solutions for the compressible boundary layer
on a yawed cylinder with transpiration cooling .";19.18791119154408;False
75;"do the discrepancies among current analyses of the vorticity effect
on stagnation-point heat transfer result primarily from the
differences in the viscosity-temperature law assumed .";8;630;stagnation region in rarefied high mach number flow .;19.18722983817573;False
75;"do the discrepancies among current analyses of the vorticity effect
on stagnation-point heat transfer result primarily from the
differences in the viscosity-temperature law assumed .";9;645;thermodynamic coupling in boundary layers .;18.55020594901878;False
75;"do the discrepancies among current analyses of the vorticity effect
on stagnation-point heat transfer result primarily from the
differences in the viscosity-temperature law assumed .";10;353;"the effect of helium injection at an axially symmetric stagnation
point .";18.361538804831678;False
76;"how far can one trust the linear viscosity-temperature solution
assumed in some of the analyses of hypersonic shock layer at low
reynolds number .";1;630;stagnation region in rarefied high mach number flow .;24.038147826335948;False
76;"how far can one trust the linear viscosity-temperature solution
assumed in some of the analyses of hypersonic shock layer at low
reynolds number .";2;667;"hypersonic shock layer theory of the stagnation region at low reynolds
number .";23.530105680817883;True
76;"how far can one trust the linear viscosity-temperature solution
assumed in some of the analyses of hypersonic shock layer at low
reynolds number .";3;666;blunt body heat transfer at hypersonic speed and low reynolds numbers .;22.735037585195194;True
76;"how far can one trust the linear viscosity-temperature solution
assumed in some of the analyses of hypersonic shock layer at low
reynolds number .";4;328;"the boundary layer near the stagnation point in hypersonic
flow past a sphere .";20.47638469259074;False
76;"how far can one trust the linear viscosity-temperature solution
assumed in some of the analyses of hypersonic shock layer at low
reynolds number .";5;1198;the blunt-leading-edge problem in hypersonic flow .;17.512023200326848;False
76;"how far can one trust the linear viscosity-temperature solution
assumed in some of the analyses of hypersonic shock layer at low
reynolds number .";6;1395;"low density stagnation point heat transfer measurements
in the hypersonic shock tunnel .";17.51082437183428;False
76;"how far can one trust the linear viscosity-temperature solution
assumed in some of the analyses of hypersonic shock layer at low
reynolds number .";7;1007;free-flight measurements of the static and dynamic .;17.450340150538654;False
76;"how far can one trust the linear viscosity-temperature solution
assumed in some of the analyses of hypersonic shock layer at low
reynolds number .";8;43;"the relation between wall temperature and the effect
of roughness on boundary layer transition .";17.163827899508348;False
76;"how far can one trust the linear viscosity-temperature solution
assumed in some of the analyses of hypersonic shock layer at low
reynolds number .";9;1394;"stagnation point heat transfer measurements in hypersonic
low density flow .";16.979990436125174;False
76;"how far can one trust the linear viscosity-temperature solution
assumed in some of the analyses of hypersonic shock layer at low
reynolds number .";10;1391;shock wave and flow field development in hypersonic re-entry .;16.784066253819727;True
77;"how close is the comparison of the shock layer theory with existing
experiments in the low reynolds number (merged-layer) regime .";1;329;"various aerodynamic characteristics in hypersonic rarefied
gas flow .";28.056791374492825;True
77;"how close is the comparison of the shock layer theory with existing
experiments in the low reynolds number (merged-layer) regime .";2;630;stagnation region in rarefied high mach number flow .;22.578212149109277;False
77;"how close is the comparison of the shock layer theory with existing
experiments in the low reynolds number (merged-layer) regime .";3;1395;"low density stagnation point heat transfer measurements
in the hypersonic shock tunnel .";22.483952501452638;False
77;"how close is the comparison of the shock layer theory with existing
experiments in the low reynolds number (merged-layer) regime .";4;667;"hypersonic shock layer theory of the stagnation region at low reynolds
number .";21.67518108924315;True
77;"how close is the comparison of the shock layer theory with existing
experiments in the low reynolds number (merged-layer) regime .";5;1264;"boundary layer transition and heat transfer in shock
tubes .";19.303711884979908;False
77;"how close is the comparison of the shock layer theory with existing
experiments in the low reynolds number (merged-layer) regime .";6;315;"scale effects at high subsonic and transonic speeds
and methods for fixing transition in model experiments .";18.26000365777816;False
77;"how close is the comparison of the shock layer theory with existing
experiments in the low reynolds number (merged-layer) regime .";7;1391;shock wave and flow field development in hypersonic re-entry .;18.002745008222156;True
77;"how close is the comparison of the shock layer theory with existing
experiments in the low reynolds number (merged-layer) regime .";8;668;"measurements of stagnation point heat transfer at low
reynolds number .";16.914752841257734;True
77;"how close is the comparison of the shock layer theory with existing
experiments in the low reynolds number (merged-layer) regime .";9;572;"boundary layer displacement and leading edge bluntness effects in high
temperature hypersonic flow .";16.5737906931769;False
77;"how close is the comparison of the shock layer theory with existing
experiments in the low reynolds number (merged-layer) regime .";10;272;"oscillatory aerodynamic coefficients for a unified supersonic
hypersonic strip theory .";16.439676867640248;False
78;"has anyone explained the kink in the surge line of a multi-stage
axial compressor .";1;589;some stall and surge phenomena in axial flow compressors .;28.843014448315667;True
78;"has anyone explained the kink in the surge line of a multi-stage
axial compressor .";2;543;"the stacking of compressor stage characteristics to
give an overall compressor performance map .";26.292572035387877;False
78;"has anyone explained the kink in the surge line of a multi-stage
axial compressor .";3;588;compressor operation with one or more blade rows stalled .;22.36395946574307;True
78;"has anyone explained the kink in the surge line of a multi-stage
axial compressor .";4;237;a compressor routine test code .;20.979785170153022;False
78;"has anyone explained the kink in the surge line of a multi-stage
axial compressor .";5;590;"effects of stage characteristics and matching on axial flow compressor
performance .";20.416993950279586;True
78;"has anyone explained the kink in the surge line of a multi-stage
axial compressor .";6;578;dissociation scaling for nonequilibrium blunt nose flows .;20.356350610620837;False
78;"has anyone explained the kink in the surge line of a multi-stage
axial compressor .";7;216;the supersonic axial flow compressor .;19.36881194170809;False
78;"has anyone explained the kink in the surge line of a multi-stage
axial compressor .";8;138;wakes in axial compressors .;16.91768391709371;False
78;"has anyone explained the kink in the surge line of a multi-stage
axial compressor .";9;426;"preliminary analysis of axial flow compressors having
supersonic velocity at the entrance of the stator .";15.019956964419311;False
78;"has anyone explained the kink in the surge line of a multi-stage
axial compressor .";10;591;an approximate equation for the /choke line/ of a compressor .;14.389658955241693;False
79;"have any aerodynamic derivatives been measured at hypersonic mach
numbers and comparison been made with theoretical work .";1;199;"measurement of two dimensional derivatives on a wing-aileron-tab
system .";23.19365058203996;False
79;"have any aerodynamic derivatives been measured at hypersonic mach
numbers and comparison been made with theoretical work .";2;544;"a theoretical and experimental study of oscillating wedge shaped
aerofoils in hypersonic flow .";22.74477419452407;False
79;"have any aerodynamic derivatives been measured at hypersonic mach
numbers and comparison been made with theoretical work .";3;755;"oscillatory derivative measurements on sting-mounted
wind tunnel models method of test and results for pitch
and yaw on a cambered ogee wing at mach numbers up
to 2. 6.";21.858011574779972;False
79;"have any aerodynamic derivatives been measured at hypersonic mach
numbers and comparison been made with theoretical work .";4;748;"subsonic aerodynamic flutter derivatives for wings and control surfaces,
 /compressible and incompressible flow/ .";21.48428508682898;False
79;"have any aerodynamic derivatives been measured at hypersonic mach
numbers and comparison been made with theoretical work .";5;597;"measurements of pitching moment derivatives for blunt-nose aerofoils
oscillating in two-dimensional supersonic flow .";20.52499949267238;True
79;"have any aerodynamic derivatives been measured at hypersonic mach
numbers and comparison been made with theoretical work .";6;567;"aerodynamic characteristics of a circular cylinder
at mach number of 6. 86 and angles of attack up to
90 .";20.242020856601602;False
79;"have any aerodynamic derivatives been measured at hypersonic mach
numbers and comparison been made with theoretical work .";7;1066;"wind tunnel measurements of aerodynamic damping derivatives
of a launch vehicle vibrating in free-free bending
modes at mach numbers from 0. 70 to 2. 87 and comparisons
with theory .";18.889067355390676;False
79;"have any aerodynamic derivatives been measured at hypersonic mach
numbers and comparison been made with theoretical work .";8;52;"procedure for calculating flutter at high supersonic
speed including camber deflections, and comparison
with experimental results .";16.43165046711596;False
79;"have any aerodynamic derivatives been measured at hypersonic mach
numbers and comparison been made with theoretical work .";9;1104;aerodynamic heating of blunt nose shapes at mach numbers up to 14 .;15.797100494552867;False
79;"have any aerodynamic derivatives been measured at hypersonic mach
numbers and comparison been made with theoretical work .";10;196;"pressure distributions . axially symmetric bodies in
oblique flow .";15.718348259419399;False
8;"what methods -dash exact or approximate -dash are presently available
for predicting body pressures at angle of attack.";1;122;"a simplified approximate method for the calculation of the pressure
around conical bodies of arbitrary shape in supersonic and hypersonic
flow .";24.75140826039459;True
8;"what methods -dash exact or approximate -dash are presently available
for predicting body pressures at angle of attack.";2;232;"accuracy of approximate methods for predicting pressure
on pointed non-lifting bodies of revolution in supersonic
flow .";20.388487638368332;False
8;"what methods -dash exact or approximate -dash are presently available
for predicting body pressures at angle of attack.";3;492;prediction of ogive-forebody pressures at angles of attack .;18.558952382838118;False
8;"what methods -dash exact or approximate -dash are presently available
for predicting body pressures at angle of attack.";4;556;"numerical comparison between exact and approximate
theories of hypersonic inviscid flow past slender blunt
nosed bodies .";17.946700453174383;False
8;"what methods -dash exact or approximate -dash are presently available
for predicting body pressures at angle of attack.";5;69;"predicted shock envelopes about two types of vehicles
at large angles of attack .";16.96110508421478;False
8;"what methods -dash exact or approximate -dash are presently available
for predicting body pressures at angle of attack.";6;443;"calculated and measured pressure distributions over the midspan section
of the naca 4412 airfoil .";16.61951667598631;False
8;"what methods -dash exact or approximate -dash are presently available
for predicting body pressures at angle of attack.";7;433;"application of two dimensional vortex theory to the
prediction of flow fields behind wings of wing-body
combinations at subsonic and supersonic speeds .";16.528362091426576;False
8;"what methods -dash exact or approximate -dash are presently available
for predicting body pressures at angle of attack.";8;1352;"aerodynamic investigation of a parabolic body of revolution
at mach number of 1. 92 and some effects of an annular
supersonic jet exhausting from the base .";16.353698412849138;False
8;"what methods -dash exact or approximate -dash are presently available
for predicting body pressures at angle of attack.";9;711;"an investigation at subsonic speeds of aerodynamic characteristics at
angles of attack from -dash 4degrees to 100degrees of a delta-wing
reentry configuration having folding wingtip panels .";15.576738181265327;False
8;"what methods -dash exact or approximate -dash are presently available
for predicting body pressures at angle of attack.";10;907;"cavitation and pressure distribution
head forms at zero angle of yaw .";15.397439878202755;False
80;"are methods of measuring aerodynamic derivatives available which
could be adopted for use in short running time facilities .";1;544;"a theoretical and experimental study of oscillating wedge shaped
aerofoils in hypersonic flow .";23.589303024755207;False
80;"are methods of measuring aerodynamic derivatives available which
could be adopted for use in short running time facilities .";2;790;"a wind-tunnel test technique for measuring the dynamic rotary
stability derivatives at subsonic and supersonic speeds .";19.257063002022193;False
80;"are methods of measuring aerodynamic derivatives available which
could be adopted for use in short running time facilities .";3;1335;use of freon-12 as a fluid for aerodynamic testing .;16.179236506168877;False
80;"are methods of measuring aerodynamic derivatives available which
could be adopted for use in short running time facilities .";4;878;"experimental model techniques and equipment for flutter
investigations .";14.872652521644492;False
80;"are methods of measuring aerodynamic derivatives available which
could be adopted for use in short running time facilities .";5;606;"formulae and approximations for aerodynamic heating rates in high speed
flight .";14.748058259867918;False
80;"are methods of measuring aerodynamic derivatives available which
could be adopted for use in short running time facilities .";6;251;"a collection of longitudinal stability derivatives
of wings at supersonic speeds .";14.316369043201071;False
80;"are methods of measuring aerodynamic derivatives available which
could be adopted for use in short running time facilities .";7;814;stability derivatives of cones at supersonic speeds .;13.895391631062793;False
80;"are methods of measuring aerodynamic derivatives available which
could be adopted for use in short running time facilities .";8;1066;"wind tunnel measurements of aerodynamic damping derivatives
of a launch vehicle vibrating in free-free bending
modes at mach numbers from 0. 70 to 2. 87 and comparisons
with theory .";13.739849045326356;False
80;"are methods of measuring aerodynamic derivatives available which
could be adopted for use in short running time facilities .";9;599;"aerodynamic forces, moments and stability derivatives
for slender bodies of general cross section .";13.65050323012736;False
80;"are methods of measuring aerodynamic derivatives available which
could be adopted for use in short running time facilities .";10;748;"subsonic aerodynamic flutter derivatives for wings and control surfaces,
 /compressible and incompressible flow/ .";13.649427434900117;False
81;"what are wind-tunnel corrections for a two-dimensional aerofoil
mounted off-centre in a tunnel .";1;631;"low speed wind tunnel tests on a two dimensional aerofoil
with split flap near the ground .";20.221175662602548;False
81;"what are wind-tunnel corrections for a two-dimensional aerofoil
mounted off-centre in a tunnel .";2;714;"blockage corrections for three-dimensional flow closed
throat wind tunnels, with considerations of the effect
of compressibility .";18.70242106873284;False
81;"what are wind-tunnel corrections for a two-dimensional aerofoil
mounted off-centre in a tunnel .";3;799;"some effects of wind-tunnel interference observed in tests on
two-dimensional aerofoils at high subsonic and transonic speeds .";16.695964021785198;True
81;"what are wind-tunnel corrections for a two-dimensional aerofoil
mounted off-centre in a tunnel .";4;1163;"force-test investigation of the stability and control
characteristics of a scale model of a tilt-wing vertical
take-off and landing aircraft .";15.69057324672279;False
81;"what are wind-tunnel corrections for a two-dimensional aerofoil
mounted off-centre in a tunnel .";5;755;"oscillatory derivative measurements on sting-mounted
wind tunnel models method of test and results for pitch
and yaw on a cambered ogee wing at mach numbers up
to 2. 6.";15.470869191398064;False
81;"what are wind-tunnel corrections for a two-dimensional aerofoil
mounted off-centre in a tunnel .";6;245;the ground effect on the jet flap in two dimensions .;14.199300027914871;False
81;"what are wind-tunnel corrections for a two-dimensional aerofoil
mounted off-centre in a tunnel .";7;672;tunnel interference effects .;13.668869665308987;True
81;"what are wind-tunnel corrections for a two-dimensional aerofoil
mounted off-centre in a tunnel .";8;42;"the gyroscopic effect of a rigid rotating propeller
on engine and wing vibration modes .";12.804396262296294;False
81;"what are wind-tunnel corrections for a two-dimensional aerofoil
mounted off-centre in a tunnel .";9;1354;"investigation of the flow through a single stage two
dimensional nozzle in the langley 11in . hypersonic
tunnel .";12.733259391039459;False
81;"what are wind-tunnel corrections for a two-dimensional aerofoil
mounted off-centre in a tunnel .";10;264;"asymptotic solution of the two dimensional oscillating
aerofoil problem for high subsonic mach numbers .";12.556259888364023;False
82;"how do kuchemann's and multhopp's methods for calculating lift
distributions on swept wings in subsonic flow compare with each other and with
experiment .";1;677;"methods for calculating the lift distribution of wings /subsonic
lifting surface theory/ .";29.718840771197918;True
82;"how do kuchemann's and multhopp's methods for calculating lift
distributions on swept wings in subsonic flow compare with each other and with
experiment .";2;1339;"calculation of flutter characteristics for finite-span swept or unswept
wings at subsonic and supersonic speeds by a modified strip analysis .";27.345359725302238;False
82;"how do kuchemann's and multhopp's methods for calculating lift
distributions on swept wings in subsonic flow compare with each other and with
experiment .";3;1332;"calculated spanwise lift distributions, influence functions
and influence coefficients for unswept wings in subsonic
flow .";26.92542955314171;False
82;"how do kuchemann's and multhopp's methods for calculating lift
distributions on swept wings in subsonic flow compare with each other and with
experiment .";4;1334;"calculated spanwise lift distributions and aerodynamic
influence coefficients for swept wings in subsonic
flow .";24.740193607980157;False
82;"how do kuchemann's and multhopp's methods for calculating lift
distributions on swept wings in subsonic flow compare with each other and with
experiment .";5;678;the effect of end plates on swept wings .;23.23087692300188;True
82;"how do kuchemann's and multhopp's methods for calculating lift
distributions on swept wings in subsonic flow compare with each other and with
experiment .";6;676;"a simple method for calculating the span and chordwise loading on
straight and swept wings of any aspect ratio at subsonic speeds .";22.708982332464196;True
82;"how do kuchemann's and multhopp's methods for calculating lift
distributions on swept wings in subsonic flow compare with each other and with
experiment .";7;315;"scale effects at high subsonic and transonic speeds
and methods for fixing transition in model experiments .";19.77126303320382;False
82;"how do kuchemann's and multhopp's methods for calculating lift
distributions on swept wings in subsonic flow compare with each other and with
experiment .";8;247;"the calculation of the pressure distribution on thick
wings of small aspect ratio at zero lift in subsonic
flow .";19.010585451856883;False
82;"how do kuchemann's and multhopp's methods for calculating lift
distributions on swept wings in subsonic flow compare with each other and with
experiment .";9;924;"a method for calculating the lift and centre of pressure
of wing-body-tail combinations at subsonic, transonic
speeds .";18.91609158762126;False
82;"how do kuchemann's and multhopp's methods for calculating lift
distributions on swept wings in subsonic flow compare with each other and with
experiment .";10;465;slender delta wings with sharp edges at zero lift .;18.57973912192726;False
83;what is the present state of the theory of quasi-conical flows .;1;898;"a survey of buckling theory and experiment for circular
conical shells of constant thickness .";14.860784189755876;False
83;what is the present state of the theory of quasi-conical flows .;2;1275;flow about an unsteadily rotating disc .;13.169090090978893;False
83;what is the present state of the theory of quasi-conical flows .;3;428;"the quasi-cylinder of specified thickness and shell
loading in supersonic flow .";13.138800350843283;False
83;what is the present state of the theory of quasi-conical flows .;4;753;"development of a quasi-steady approach to flutter and
correlation with kernel-function results .";12.941958080426476;False
83;what is the present state of the theory of quasi-conical flows .;5;633;"an extension of the method of generalised conical flows
for lifting wings in supersonic flow .";12.441313417234701;False
83;what is the present state of the theory of quasi-conical flows .;6;680;generalized conical flow fields in supersonic wing theory .;12.04171299560641;True
83;what is the present state of the theory of quasi-conical flows .;7;97;"a mixing theory for the interaction between dissipative
flows and nearly isentropic streams .";11.542089437072033;False
83;what is the present state of the theory of quasi-conical flows .;8;236;criteria for thermodynamic equilibrium in gas flow .;10.539050417117267;False
83;what is the present state of the theory of quasi-conical flows .;9;1330;"on some fourier transforms in the theory of non-stationary
flows .";10.4136593908784;False
83;what is the present state of the theory of quasi-conical flows .;10;1196;growth of the turbulent wake behind a supersonic sphere .;10.350651837364218;False
84;"references on the methods available for accurately estimating
aerodynamic heat transfer to conical bodies for both laminar and turbulent
flow .";1;294;"an investigation of laminar transitional and turbulent
heat transfer on blunt-nosed bodies in hypersonic flow .";21.751162657076225;True
84;"references on the methods available for accurately estimating
aerodynamic heat transfer to conical bodies for both laminar and turbulent
flow .";2;142;the problem of aerodynamic heating .;21.594504018285207;True
84;"references on the methods available for accurately estimating
aerodynamic heat transfer to conical bodies for both laminar and turbulent
flow .";3;522;"laminar, transitional and turbulent heat transfer to
a cone-cylinder-flare body at mach 8. 0.";19.164304751792912;True
84;"references on the methods available for accurately estimating
aerodynamic heat transfer to conical bodies for both laminar and turbulent
flow .";4;435;"application of similar solutions to calculations of
laminar heat transfer on bodies with yaw and large
pressure gradients in high speed flow .";19.108350840245347;False
84;"references on the methods available for accurately estimating
aerodynamic heat transfer to conical bodies for both laminar and turbulent
flow .";5;1104;aerodynamic heating of blunt nose shapes at mach numbers up to 14 .;18.93779256530212;False
84;"references on the methods available for accurately estimating
aerodynamic heat transfer to conical bodies for both laminar and turbulent
flow .";6;959;heat transfer in separated flows .;17.17940357397363;False
84;"references on the methods available for accurately estimating
aerodynamic heat transfer to conical bodies for both laminar and turbulent
flow .";7;1310;"survey of inviscid hypersonic flow theory for geometrically
slender shapes .";16.82227303703738;False
84;"references on the methods available for accurately estimating
aerodynamic heat transfer to conical bodies for both laminar and turbulent
flow .";8;398;heat transfer in turbulent shear flow .;16.74049293092842;False
84;"references on the methods available for accurately estimating
aerodynamic heat transfer to conical bodies for both laminar and turbulent
flow .";9;1281;"turbulent heat transfer on blunt-nosed bodies in two-dimensional
and general three-dimensional hypersonic flow .";16.430569187292846;False
84;"references on the methods available for accurately estimating
aerodynamic heat transfer to conical bodies for both laminar and turbulent
flow .";10;661;"summary of laminar boundary layer solutions for
wedge-type flow over convection and transpiration cooled
surfaces .";16.33995133373503;False
85;"what parameters can seriously influence natural transition
from laminar to turbulent flow on a model in a wind tunnel .";1;315;"scale effects at high subsonic and transonic speeds
and methods for fixing transition in model experiments .";19.19148489095266;False
85;"what parameters can seriously influence natural transition
from laminar to turbulent flow on a model in a wind tunnel .";2;314;"simplified method for determination of the critical
height of distributed roughness particles for boundary
layer transition at mach numbers from 0 to 5.";19.01993419641257;False
85;"what parameters can seriously influence natural transition
from laminar to turbulent flow on a model in a wind tunnel .";3;84;"experimental investigation of the downstream influence
of stagnation point mass transfer .";18.628715294475533;False
85;"what parameters can seriously influence natural transition
from laminar to turbulent flow on a model in a wind tunnel .";4;184;scale models for thermo-aeroelastic research .;18.59971568591228;False
85;"what parameters can seriously influence natural transition
from laminar to turbulent flow on a model in a wind tunnel .";5;294;"an investigation of laminar transitional and turbulent
heat transfer on blunt-nosed bodies in hypersonic flow .";17.48186093057912;False
85;"what parameters can seriously influence natural transition
from laminar to turbulent flow on a model in a wind tunnel .";6;7;"the effect of controlled three-dimensional roughness
on boundary layer transition at supersonic speeds .";16.899704295807027;False
85;"what parameters can seriously influence natural transition
from laminar to turbulent flow on a model in a wind tunnel .";7;9;"transition studies and skin friction measurements on
an insulated flat plate at a mach number of 5.8 .";16.580052335622366;False
85;"what parameters can seriously influence natural transition
from laminar to turbulent flow on a model in a wind tunnel .";8;710;"the smallest height of roughness capable of affecting boundary-layer
transition .";16.510064686342506;True
85;"what parameters can seriously influence natural transition
from laminar to turbulent flow on a model in a wind tunnel .";9;1287;"progress report on an experiment on the effect of surface
flexibility on the stability of laminar flow .";16.387713071940794;False
85;"what parameters can seriously influence natural transition
from laminar to turbulent flow on a model in a wind tunnel .";10;1155;"some experimental investigations on the influence of wall boundary
layers upon wind tunnel measurements at high subsonic speeds .";16.339598016367326;False
86;"can a satisfactory experimental technique be developed for measuring
oscillatory derivatives on slender sting-mounted models in supersonic
wind tunnels .";1;755;"oscillatory derivative measurements on sting-mounted
wind tunnel models method of test and results for pitch
and yaw on a cambered ogee wing at mach numbers up
to 2. 6.";47.077884440145354;False
86;"can a satisfactory experimental technique be developed for measuring
oscillatory derivatives on slender sting-mounted models in supersonic
wind tunnels .";2;790;"a wind-tunnel test technique for measuring the dynamic rotary
stability derivatives at subsonic and supersonic speeds .";32.09978562772465;True
86;"can a satisfactory experimental technique be developed for measuring
oscillatory derivatives on slender sting-mounted models in supersonic
wind tunnels .";3;594;"wind tunnel techniques for the measurements of oscillatory
derivatives .";24.51399792285413;True
86;"can a satisfactory experimental technique be developed for measuring
oscillatory derivatives on slender sting-mounted models in supersonic
wind tunnels .";4;431;"free-flight measurements of the zero-lift drag and
base pressure on a wind tunnel interference model (m=0 .
8 - 1. 5) .";22.381221522182752;False
86;"can a satisfactory experimental technique be developed for measuring
oscillatory derivatives on slender sting-mounted models in supersonic
wind tunnels .";5;188;"an analysis of base pressure at supersonic velocities and
comparison with experiment .";19.794927804393744;False
86;"can a satisfactory experimental technique be developed for measuring
oscillatory derivatives on slender sting-mounted models in supersonic
wind tunnels .";6;179;"an analysis of base pressure at supersonic speeds and
comparison with experiment .";19.41520391750615;False
86;"can a satisfactory experimental technique be developed for measuring
oscillatory derivatives on slender sting-mounted models in supersonic
wind tunnels .";7;280;"the surface oil flow technique as used in high speed
wind tunnels in the united kingdom .";19.237820885581492;False
86;"can a satisfactory experimental technique be developed for measuring
oscillatory derivatives on slender sting-mounted models in supersonic
wind tunnels .";8;1155;"some experimental investigations on the influence of wall boundary
layers upon wind tunnel measurements at high subsonic speeds .";19.05807500098581;False
86;"can a satisfactory experimental technique be developed for measuring
oscillatory derivatives on slender sting-mounted models in supersonic
wind tunnels .";9;600;"the calculation of lateral stability derivatives of
slender wings at incidence including fin effectiveness,
and correlation with experiment .";18.553257538442583;False
86;"can a satisfactory experimental technique be developed for measuring
oscillatory derivatives on slender sting-mounted models in supersonic
wind tunnels .";10;184;scale models for thermo-aeroelastic research .;17.02796698896089;False
87;"what effect has the boundary layer in modifying the basic inviscid flow
behind the shock,  neglecting effects of leading edge and corner .";1;1228;"leading-edge separation of laminar boundary layers
in supersonic flow .";24.295667036721373;False
87;"what effect has the boundary layer in modifying the basic inviscid flow
behind the shock,  neglecting effects of leading edge and corner .";2;572;"boundary layer displacement and leading edge bluntness effects in high
temperature hypersonic flow .";21.59721423032862;False
87;"what effect has the boundary layer in modifying the basic inviscid flow
behind the shock,  neglecting effects of leading edge and corner .";3;1198;the blunt-leading-edge problem in hypersonic flow .;21.562511204619668;False
87;"what effect has the boundary layer in modifying the basic inviscid flow
behind the shock,  neglecting effects of leading edge and corner .";4;439;a factor affecting transonic leading edge flow separation .;21.213329919114177;False
87;"what effect has the boundary layer in modifying the basic inviscid flow
behind the shock,  neglecting effects of leading edge and corner .";5;797;"a study of the effect of leading-edge modifications on the flow over
a 50degree sweptback wing at transonic speeds .";20.593625629773193;False
87;"what effect has the boundary layer in modifying the basic inviscid flow
behind the shock,  neglecting effects of leading edge and corner .";6;547;boundary layer characteristics of caret wings .;20.354268132042147;False
87;"what effect has the boundary layer in modifying the basic inviscid flow
behind the shock,  neglecting effects of leading edge and corner .";7;26;inviscid leading-edge effect in hypersonic flow .;20.316593320734512;False
87;"what effect has the boundary layer in modifying the basic inviscid flow
behind the shock,  neglecting effects of leading edge and corner .";8;334;"influence of the leading-edge shock wave on the laminar boundary layer
at hypersonic speeds .";19.937421590287045;False
87;"what effect has the boundary layer in modifying the basic inviscid flow
behind the shock,  neglecting effects of leading edge and corner .";9;625;viscous and inviscid nonequilibrium gas flows .;19.33334395998841;False
87;"what effect has the boundary layer in modifying the basic inviscid flow
behind the shock,  neglecting effects of leading edge and corner .";10;2;"simple shear flow past a flat plate in an incompressible fluid of small
viscosity .";19.105585821435213;False
88;"how does a satellite orbit contract under the action of air drag in
an atmosphere in which the scale height varies with altitude .";1;548;"the contraction of satellite orbits under the influence
of air drag . pt .iv with scale height dependent on
altitude .";44.34797624102522;False
88;"how does a satellite orbit contract under the action of air drag in
an atmosphere in which the scale height varies with altitude .";2;617;"determination of upper-atmosphere air density profile from satellite
observations .";40.432339672739246;True
88;"how does a satellite orbit contract under the action of air drag in
an atmosphere in which the scale height varies with altitude .";3;613;"the contraction of satellite orbits under the influence of air drag
part i . with spherically symmetrical atmosphere .";39.225146936541314;True
88;"how does a satellite orbit contract under the action of air drag in
an atmosphere in which the scale height varies with altitude .";4;622;"scale height in the upper atmosphere, derived from changes in satellite
orbits .";35.77442038900416;False
88;"how does a satellite orbit contract under the action of air drag in
an atmosphere in which the scale height varies with altitude .";5;616;"determination of upper-atmosphere air density and scale height from
satellite observations .";33.5927899689504;True
88;"how does a satellite orbit contract under the action of air drag in
an atmosphere in which the scale height varies with altitude .";6;614;the contraction of satellite orbits under the influence of air drag .;27.743303802658865;True
88;"how does a satellite orbit contract under the action of air drag in
an atmosphere in which the scale height varies with altitude .";7;615;"the contraction of satellite orbits under the influence of air drag .
part iii . high eccentricity orbits . /0.2 e 1/ .";24.98954844155029;True
88;"how does a satellite orbit contract under the action of air drag in
an atmosphere in which the scale height varies with altitude .";8;618;orbit decay and prediction of the motion of artificial satellites .;22.00466696157651;True
88;"how does a satellite orbit contract under the action of air drag in
an atmosphere in which the scale height varies with altitude .";9;1150;preliminary results of density measurements from an air force satellite.;20.57961598530833;False
88;"how does a satellite orbit contract under the action of air drag in
an atmosphere in which the scale height varies with altitude .";10;163;"an analysis of the corridor and guidance requirements
for supercircular entry planetary atmospheres .";20.218557010905705;False
89;"how is the flow at transonic speeds about a delta wing different
from that on a closely-related tapered sweptback wing .";1;757;"an investigation of the flow about a plane half-wing
of cropped delta planform and 6( symmetrical section
at stream mach numbers between 0. 8 and 1. 41 .";26.36578299488779;False
89;"how is the flow at transonic speeds about a delta wing different
from that on a closely-related tapered sweptback wing .";2;793;"the flow pattern on a tapered sweptback wing at mach numbers between 0.6
 and 1.6 .";24.32830771346783;True
89;"how is the flow at transonic speeds about a delta wing different
from that on a closely-related tapered sweptback wing .";3;801;"experimental study of the equivalence of transonic
flow about slender cone-cylinders of circular and elliptic
cross section .";24.246281200420718;False
89;"how is the flow at transonic speeds about a delta wing different
from that on a closely-related tapered sweptback wing .";4;797;"a study of the effect of leading-edge modifications on the flow over
a 50degree sweptback wing at transonic speeds .";21.75383302516663;True
89;"how is the flow at transonic speeds about a delta wing different
from that on a closely-related tapered sweptback wing .";5;1338;"investigation to determine effects of center of gravity location on the
transonic flutter characteristics of a 45degree sweptback wing .";20.04569452200748;False
89;"how is the flow at transonic speeds about a delta wing different
from that on a closely-related tapered sweptback wing .";6;315;"scale effects at high subsonic and transonic speeds
and methods for fixing transition in model experiments .";19.590459432308922;False
89;"how is the flow at transonic speeds about a delta wing different
from that on a closely-related tapered sweptback wing .";7;917;"a method of calculating the short period longitudinal
stability derivatives of a wing in linearised unsteady
compressible flow .";19.39812646287169;False
89;"how is the flow at transonic speeds about a delta wing different
from that on a closely-related tapered sweptback wing .";8;685;"aerodynamic effects of some configuration variables
on the aeroelastic characteristics of lifting surfaces
at mach numbers from 0. 7 to 6. 86 .";19.09685105616267;False
89;"how is the flow at transonic speeds about a delta wing different
from that on a closely-related tapered sweptback wing .";9;916;"the flow around oscillating low aspect ratio wings at transonic
speeds .";18.949756709654608;False
89;"how is the flow at transonic speeds about a delta wing different
from that on a closely-related tapered sweptback wing .";10;796;"an investigation at transonic speeds of the performance of various
distributed roughness bands used to cause boundary layer transition
near the leading edge of a cropped delta half-wing .";18.443539163677517;True
9;papers on internal /slip flow/ heat transfer studies .;1;21;on heat transfer in slip flow .;20.616469321289866;True
9;papers on internal /slip flow/ heat transfer studies .;2;45;"an investigation of separated flows, part ii: flow
in the cavity and heat transfer .";17.068929541064442;False
9;papers on internal /slip flow/ heat transfer studies .;3;550;laminar heat transfer in tubes under slip-flow conditions .;15.794365248590426;True
9;papers on internal /slip flow/ heat transfer studies .;4;22;on slip-flow heat transfer to a flat plate .;15.657302197945683;True
9;papers on internal /slip flow/ heat transfer studies .;5;270;"on combined free and forced convection laminar magnetohydrodynamic
flow and heat transfer in channels with transverse
magnetic field .";14.56380091543084;False
9;papers on internal /slip flow/ heat transfer studies .;6;571;"heat transfer to flat plate in high temperature rarefied
ultra-high mach number flow .";14.41491511063966;False
9;papers on internal /slip flow/ heat transfer studies .;7;306;"second approximation to laminar compressible boundary
layer on flat plate in slip flow .";14.365767514756646;False
9;papers on internal /slip flow/ heat transfer studies .;8;102;advantages and limitations of models .;12.544569101202093;False
9;papers on internal /slip flow/ heat transfer studies .;9;1215;the effect of slip particularly for highly cooled walls .;12.370929565701289;False
9;papers on internal /slip flow/ heat transfer studies .;10;303;"effect of variable heat recombination on stagnation
point heat transfer .";12.202899855254465;False
90;recent data on shock-induced boundary-layer separation .;1;265;"some instabilities arising from the interaction between
shock waves and boundary layer .";20.26511079934612;False
90;recent data on shock-induced boundary-layer separation .;2;1187;"shock-induced boundary layer separation in overexpanded conical exhaust
nozzles .";18.514454969423966;True
90;recent data on shock-induced boundary-layer separation .;3;1228;"leading-edge separation of laminar boundary layers
in supersonic flow .";13.949134083632153;False
90;recent data on shock-induced boundary-layer separation .;4;358;"on the model of the free shock separation, turbulent
boundary layer .";13.46054679982451;False
90;recent data on shock-induced boundary-layer separation .;5;416;"methods of boundary-layer control for postponing and alleviating
buffeting and other effects of shock-induced separation .";13.38962911045124;False
90;recent data on shock-induced boundary-layer separation .;6;311;"a method for predicting the onset of buffeting and other separation
effects from wind tunnel tests on rigid models .";13.117202854234455;True
90;recent data on shock-induced boundary-layer separation .;7;1257;an optical boundary-layer probe .;12.797118058276919;False
90;recent data on shock-induced boundary-layer separation .;8;293;"recent studies on the effect of cooling on boundary
layer transition at mach 4.";12.745741833713426;False
90;recent data on shock-induced boundary-layer separation .;9;504;"stability of compressible boundary layers induced by
a moving wave .";12.167794966593855;False
90;recent data on shock-induced boundary-layer separation .;10;291;"sweepback effects in the turbulent boundary-layer shock-wave
interaction .";12.165841792896325;True
91;what interference effects are likely at transonic speeds .;1;252;"an investigation of interference effects on similar models of
different size in various transonic tunnels in the u.k. .";17.101936638836417;True
91;what interference effects are likely at transonic speeds .;2;799;"some effects of wind-tunnel interference observed in tests on
two-dimensional aerofoils at high subsonic and transonic speeds .";16.09195552436612;True
91;what interference effects are likely at transonic speeds .;3;924;"a method for calculating the lift and centre of pressure
of wing-body-tail combinations at subsonic, transonic
speeds .";15.347258263379436;False
91;what interference effects are likely at transonic speeds .;4;431;"free-flight measurements of the zero-lift drag and
base pressure on a wind tunnel interference model (m=0 .
8 - 1. 5) .";13.759000938441178;False
91;what interference effects are likely at transonic speeds .;5;800;wall interference at transonic speeds on a hemisphere cylinder model .;13.19180605288134;True
91;what interference effects are likely at transonic speeds .;6;316;"the occurrence and development of boundary layer separations at high
incidences and high speeds .";12.682938439426424;False
91;what interference effects are likely at transonic speeds .;7;315;"scale effects at high subsonic and transonic speeds
and methods for fixing transition in model experiments .";12.474901894259531;False
91;what interference effects are likely at transonic speeds .;8;672;tunnel interference effects .;12.100278717983887;True
91;what interference effects are likely at transonic speeds .;9;925;factors affecting loads at hypersonic speeds .;11.95605442335425;False
91;what interference effects are likely at transonic speeds .;10;1153;"a study of the simulation of flow with free stream mach number 1 in a
choked wind tunnel .";11.84146753952288;False
92;"given complete freedom in the design of an airplane,  what procedure
would be used in order to minimize sonic boom intensity,  and is there a
limit to the degree of minimizing that can be accomplished .";1;758;"the lower bound of attainable sonic-boom over-pressure
and design methods of approaching this limit .";30.87198061358231;False
92;"given complete freedom in the design of an airplane,  what procedure
would be used in order to minimize sonic boom intensity,  and is there a
limit to the degree of minimizing that can be accomplished .";2;807;"ground measurements of the shock wave noise from
supersonic bomber airplanes in the altitude range from 30,000
to 50,000 feet .";27.274219200395518;True
92;"given complete freedom in the design of an airplane,  what procedure
would be used in order to minimize sonic boom intensity,  and is there a
limit to the degree of minimizing that can be accomplished .";3;1247;"the supersonic boom of a projectile related to drag
and volume .";23.982992859020744;True
92;"given complete freedom in the design of an airplane,  what procedure
would be used in order to minimize sonic boom intensity,  and is there a
limit to the degree of minimizing that can be accomplished .";4;806;"ground measurements of airplane shock wave noise at
mach numbers to 2, and at altitudes of 60,000 feet .";23.588515733144924;True
92;"given complete freedom in the design of an airplane,  what procedure
would be used in order to minimize sonic boom intensity,  and is there a
limit to the degree of minimizing that can be accomplished .";5;810;"the shock wave noise problem of supersonic aircraft
in steady flight .";22.89615384405745;True
92;"given complete freedom in the design of an airplane,  what procedure
would be used in order to minimize sonic boom intensity,  and is there a
limit to the degree of minimizing that can be accomplished .";6;804;a flight test investigation of the sonic boom .;22.800860009641443;True
92;"given complete freedom in the design of an airplane,  what procedure
would be used in order to minimize sonic boom intensity,  and is there a
limit to the degree of minimizing that can be accomplished .";7;809;"an investigation of the influence of lift on sonic-boom
intensity by means of wind tunnel measurements of the
pressure fields of several wing-body combinations at
a mach number of 2. 01 .";21.557967979868096;True
92;"given complete freedom in the design of an airplane,  what procedure
would be used in order to minimize sonic boom intensity,  and is there a
limit to the degree of minimizing that can be accomplished .";8;683;"the use of conical camber to produce flow attachment at the leading
edge of a delta wing and to minimize the lift-dependent drag at sonic
and supersonic speeds .";20.885837867320852;False
92;"given complete freedom in the design of an airplane,  what procedure
would be used in order to minimize sonic boom intensity,  and is there a
limit to the degree of minimizing that can be accomplished .";9;811;"an investigation of lifting effects on the intensity
of sonic booms .";20.485209441320276;True
92;"given complete freedom in the design of an airplane,  what procedure
would be used in order to minimize sonic boom intensity,  and is there a
limit to the degree of minimizing that can be accomplished .";10;36;supersonic flow around blunt bodies .;20.28076657733798;False
93;"can methane-air combustion product be used as a hypersonic test
medium and predict, within experimental accuracies, the results
obtained in air .";1;635;"heat transfer and pressure distributions on a hemisphere-cylinder and a
bluff-afterbody model
in methane-air combustion products and in air .";37.74482665754022;False
93;"can methane-air combustion product be used as a hypersonic test
medium and predict, within experimental accuracies, the results
obtained in air .";2;691;"calculation procedure for thermodynamic transport, and flow properties
of the combustion products of a hydrocarbon fuel mixture burned in air
with results for ethylene-air and methane-air mixtures .";24.81505083675057;True
93;"can methane-air combustion product be used as a hypersonic test
medium and predict, within experimental accuracies, the results
obtained in air .";3;68;"some aspects of air-helium simulation and hypersonic
approximations .";20.388077878659814;False
93;"can methane-air combustion product be used as a hypersonic test
medium and predict, within experimental accuracies, the results
obtained in air .";4;1143;"a one-foot hypervelocity shock tunnel in which high-enthalpy
real gas flows can be generated with flow times of
about 180 milliseconds .";17.606405182315587;False
93;"can methane-air combustion product be used as a hypersonic test
medium and predict, within experimental accuracies, the results
obtained in air .";5;1336;"studies of the use of freon-12 as a wind tunnel testing
medium .";15.075966289358858;False
93;"can methane-air combustion product be used as a hypersonic test
medium and predict, within experimental accuracies, the results
obtained in air .";6;1204;"experimental effect of bluntness and gas rarefaction
on drag coefficients and stagnation heat transfer on
axisymmetric shapes in hypersonic flow .";14.956865340512934;False
93;"can methane-air combustion product be used as a hypersonic test
medium and predict, within experimental accuracies, the results
obtained in air .";7;1374;"theoretical analysis of turbulent mixing of reactive
gases with application to supersonic combustion of
hydrogen .";14.699521697627375;False
93;"can methane-air combustion product be used as a hypersonic test
medium and predict, within experimental accuracies, the results
obtained in air .";8;572;"boundary layer displacement and leading edge bluntness effects in high
temperature hypersonic flow .";14.337469908842989;False
93;"can methane-air combustion product be used as a hypersonic test
medium and predict, within experimental accuracies, the results
obtained in air .";9;1241;"the turbulent boundary layer on chemically active ablating
surfaces .";14.071767625775765;False
93;"can methane-air combustion product be used as a hypersonic test
medium and predict, within experimental accuracies, the results
obtained in air .";10;1157;hypersonic shock tunnel .;13.902793030962632;False
94;"what is the theoretical heat transfer rate at the stagnation point of a
blunt body .";1;1393;"heat transfer near the forward stagnation point of
a body of revolution .";26.33821192421245;True
94;"what is the theoretical heat transfer rate at the stagnation point of a
blunt body .";2;283;"laminar heat transfer around blunt bodies in dissociated
air .";24.142634803040647;True
94;"what is the theoretical heat transfer rate at the stagnation point of a
blunt body .";3;983;"addendum to 'heat transfer to satellite vehicles re-entering the
atmosphere .";22.683828220856405;False
94;"what is the theoretical heat transfer rate at the stagnation point of a
blunt body .";4;1161;"stagnation point heat transfer measurements in dissociated
air .";22.617163295208524;True
94;"what is the theoretical heat transfer rate at the stagnation point of a
blunt body .";5;438;"stagnation point heat transfer measurements at super
satellite speeds .";21.10679784487631;False
94;"what is the theoretical heat transfer rate at the stagnation point of a
blunt body .";6;101;"laminar heat transfer over blunt-nosed bodies at hypersonic flight
speeds .";20.57766643264797;True
94;"what is the theoretical heat transfer rate at the stagnation point of a
blunt body .";7;1104;aerodynamic heating of blunt nose shapes at mach numbers up to 14 .;20.50798167615633;True
94;"what is the theoretical heat transfer rate at the stagnation point of a
blunt body .";8;559;"heat transfer at the forward stagnation point of blunt
bodies .";20.100926697089143;True
94;"what is the theoretical heat transfer rate at the stagnation point of a
blunt body .";9;1394;"stagnation point heat transfer measurements in hypersonic
low density flow .";19.66639287113877;False
94;"what is the theoretical heat transfer rate at the stagnation point of a
blunt body .";10;662;"theoretical and experimental investigation of
aerodynamic-heating and isothermal heat transfer parameters on
a hemisphere nose with laminar boundary layer at supersonic
mach numbers .";19.287824417452576;False
95;what is the theoretical heat transfer distribution around a hemisphere .;1;635;"heat transfer and pressure distributions on a hemisphere-cylinder and a
bluff-afterbody model
in methane-air combustion products and in air .";18.80659637013733;False
95;what is the theoretical heat transfer distribution around a hemisphere .;2;662;"theoretical and experimental investigation of
aerodynamic-heating and isothermal heat transfer parameters on
a hemisphere nose with laminar boundary layer at supersonic
mach numbers .";17.963088754248943;True
95;what is the theoretical heat transfer distribution around a hemisphere .;3;36;supersonic flow around blunt bodies .;15.044872773483291;False
95;what is the theoretical heat transfer distribution around a hemisphere .;4;283;"laminar heat transfer around blunt bodies in dissociated
air .";14.727378273737544;True
95;what is the theoretical heat transfer distribution around a hemisphere .;5;1191;"heat transfer to a hemisphere-cylinder at low reynolds
numbers .";14.177219215135546;False
95;what is the theoretical heat transfer distribution around a hemisphere .;6;628;thermal effects on a transpiration cooled hemisphere .;13.83243180040125;False
95;what is the theoretical heat transfer distribution around a hemisphere .;7;689;"investigation of the laminar aerodynamics heat transfer
characteristics of a hemisphere cylinder in the langley
11-inch hypersonic tunnel at a mach number of 6. 8.";13.628844668977383;False
95;what is the theoretical heat transfer distribution around a hemisphere .;8;1258;"heat transfer, recovery factor and pressure distributions
around a circular cylinder normal to a supersonic rarefied
air stream .";13.165688744750465;False
95;what is the theoretical heat transfer distribution around a hemisphere .;9;1002;preliminary investigations of spiked bodies at hypersonic speeds .;12.876950768785749;False
95;what is the theoretical heat transfer distribution around a hemisphere .;10;690;"investigaion of the flow over a spiked-nose hemisphere
cylinder at a mach number of 6. 8.";12.673446011764328;False
96;"has anyone investigated the unsteady lift distributions on finite
wings in subsonic flow .";1;637;"an integral equation relating the general time-dependent lift and
downwash distributions on finite wings in subsonic flow .";26.40667574781511;False
96;"has anyone investigated the unsteady lift distributions on finite
wings in subsonic flow .";2;699;"approximate indical lift functions for several wings of finite span in
incompressible flow as obtained from oscillatory lift coefficients .";21.19581106633848;True
96;"has anyone investigated the unsteady lift distributions on finite
wings in subsonic flow .";3;1339;"calculation of flutter characteristics for finite-span swept or unswept
wings at subsonic and supersonic speeds by a modified strip analysis .";21.04626408377702;True
96;"has anyone investigated the unsteady lift distributions on finite
wings in subsonic flow .";4;698;the unsteady lift of a wing of finite aspect ratio .;19.233544529957857;True
96;"has anyone investigated the unsteady lift distributions on finite
wings in subsonic flow .";5;705;"on the kernel function of the integral equation relating the lift and
downwash distributions of oscillating finite wings in subsonic flow .";18.993007011671665;True
96;"has anyone investigated the unsteady lift distributions on finite
wings in subsonic flow .";6;465;slender delta wings with sharp edges at zero lift .;17.882239332431126;False
96;"has anyone investigated the unsteady lift distributions on finite
wings in subsonic flow .";7;1332;"calculated spanwise lift distributions, influence functions
and influence coefficients for unswept wings in subsonic
flow .";17.825358911349557;False
96;"has anyone investigated the unsteady lift distributions on finite
wings in subsonic flow .";8;1334;"calculated spanwise lift distributions and aerodynamic
influence coefficients for swept wings in subsonic
flow .";17.70508481457049;False
96;"has anyone investigated the unsteady lift distributions on finite
wings in subsonic flow .";9;779;"calculation and compilation of the unsteady lift functions for a rigid
wing subjected to sinusoidal gusts and to sinusoidal sinking
oscillations .";17.28936131799172;True
96;"has anyone investigated the unsteady lift distributions on finite
wings in subsonic flow .";10;712;"low-speed longitudinal aerodynamic characteristics associated with a
series of low-aspect ratio wings having variations in leading-edge
contour .";15.654172917554138;False
97;"what information is available for dynamic response of airplanes to
gusts  or blasts in the subsonic regime .";1;779;"calculation and compilation of the unsteady lift functions for a rigid
wing subjected to sinusoidal gusts and to sinusoidal sinking
oscillations .";16.093311359209963;True
97;"what information is available for dynamic response of airplanes to
gusts  or blasts in the subsonic regime .";2;251;"a collection of longitudinal stability derivatives
of wings at supersonic speeds .";14.932013122631638;False
97;"what information is available for dynamic response of airplanes to
gusts  or blasts in the subsonic regime .";3;1331;"calculated responses of a large sweptwing airplane
to continuous turbulence with flight-test comparisons .";14.896932251473565;False
97;"what information is available for dynamic response of airplanes to
gusts  or blasts in the subsonic regime .";4;728;free vibrations of continuous skin stringer panels .;13.619222072742351;False
97;"what information is available for dynamic response of airplanes to
gusts  or blasts in the subsonic regime .";5;1214;"the drag of elongated bodies over a wide reynolds number
range .";12.928506571759662;False
97;"what information is available for dynamic response of airplanes to
gusts  or blasts in the subsonic regime .";6;36;supersonic flow around blunt bodies .;12.742209730923571;False
97;"what information is available for dynamic response of airplanes to
gusts  or blasts in the subsonic regime .";7;1289;"numerical technique to lifting surface theory for calculation
of unsteady aerodynamic forces due to continuous sinusoidal
gusts on several wing planforms at sobsonic speeds .";12.718673550553135;True
97;"what information is available for dynamic response of airplanes to
gusts  or blasts in the subsonic regime .";8;187;"investigation of separated flows in supersonic and subsonic
streams with emphasis on the effect of transition .";11.659708995093956;False
97;"what information is available for dynamic response of airplanes to
gusts  or blasts in the subsonic regime .";9;1334;"calculated spanwise lift distributions and aerodynamic
influence coefficients for swept wings in subsonic
flow .";11.530886887907693;False
97;"what information is available for dynamic response of airplanes to
gusts  or blasts in the subsonic regime .";10;824;on the concept of stability of inelastic systems .;10.484952965626915;False
98;"will forward or apex located controls be effective at low subsonic
speeds and how do they compare with conventional trailing-edge
flaps .";1;638;"longitudinal aerodynamic characteristics at low subsonic
speeds of a highly swept wing utilizing nose deflection
for control .";33.06596282801408;False
98;"will forward or apex located controls be effective at low subsonic
speeds and how do they compare with conventional trailing-edge
flaps .";2;673;"investigation of full scale split trailing edge wing
flaps with various chords and hinge locations .";28.627984566342803;False
98;"will forward or apex located controls be effective at low subsonic
speeds and how do they compare with conventional trailing-edge
flaps .";3;315;"scale effects at high subsonic and transonic speeds
and methods for fixing transition in model experiments .";23.17472142215892;False
98;"will forward or apex located controls be effective at low subsonic
speeds and how do they compare with conventional trailing-edge
flaps .";4;1343;"formulas for the supersonic loading, lift and drag
of flat swept back wings with leading edges behind
the mach lines .";22.725751012461952;False
98;"will forward or apex located controls be effective at low subsonic
speeds and how do they compare with conventional trailing-edge
flaps .";5;1095;"investigation of effectiveness of large-chord slotted
flaps in deflecting propeller slipstreams downward
for vertical take-off and low-speed flight .";19.039962370370333;False
98;"will forward or apex located controls be effective at low subsonic
speeds and how do they compare with conventional trailing-edge
flaps .";6;288;"the rolling up of the trailing vortex sheet and its
effect on the downwash behind wings .";18.415759327676366;False
98;"will forward or apex located controls be effective at low subsonic
speeds and how do they compare with conventional trailing-edge
flaps .";7;521;"a note on application of transonic linearization to
an airfoil with a round leading edge .";18.039257270390923;False
98;"will forward or apex located controls be effective at low subsonic
speeds and how do they compare with conventional trailing-edge
flaps .";8;792;some low speed problems of high speed aircraft .;17.906403006456582;False
98;"will forward or apex located controls be effective at low subsonic
speeds and how do they compare with conventional trailing-edge
flaps .";9;704;"a systematic kernel function procedure for determining aerodynamic
forces on oscillating or steady finite wings at subsonic speeds .";16.97609474653307;False
98;"will forward or apex located controls be effective at low subsonic
speeds and how do they compare with conventional trailing-edge
flaps .";10;712;"low-speed longitudinal aerodynamic characteristics associated with a
series of low-aspect ratio wings having variations in leading-edge
contour .";16.56772513593297;True
99;"given that an uncontrolled vehicle will tumble as it enters an
atmosphere, is it possible to predict when and how it will stop
tumbling and its subsequent motion .";1;639;"analytical study of the tumbling motions of vehicles
entering planetary atmospheres .";25.819176471794467;False
99;"given that an uncontrolled vehicle will tumble as it enters an
atmosphere, is it possible to predict when and how it will stop
tumbling and its subsequent motion .";2;715;"motion of a ballistic missile angularly misaligned
with the flight path upon entering the atmosphere and
its effect upon aerodynamic heating, aerodynamic loads
and miss distance .";21.703769142577453;False
99;"given that an uncontrolled vehicle will tumble as it enters an
atmosphere, is it possible to predict when and how it will stop
tumbling and its subsequent motion .";3;719;tumbling bodies entering the atmosphere .;18.91595294216984;True
99;"given that an uncontrolled vehicle will tumble as it enters an
atmosphere, is it possible to predict when and how it will stop
tumbling and its subsequent motion .";4;717;"motions of a short 10degree blunted cone entering a martian atmosphere
at arbitrary angles of attack and arbitrary pitching rates .";18.81040333469295;True
99;"given that an uncontrolled vehicle will tumble as it enters an
atmosphere, is it possible to predict when and how it will stop
tumbling and its subsequent motion .";5;32;"the dynamic motion of a missile descending through
the atmosphere .";17.9213480682393;False
99;"given that an uncontrolled vehicle will tumble as it enters an
atmosphere, is it possible to predict when and how it will stop
tumbling and its subsequent motion .";6;553;"ablation of glassy materials around blunt bodies of
revolution .";17.612214971458645;False
99;"given that an uncontrolled vehicle will tumble as it enters an
atmosphere, is it possible to predict when and how it will stop
tumbling and its subsequent motion .";7;958;air scooping vehicle .;17.138327330063962;False
99;"given that an uncontrolled vehicle will tumble as it enters an
atmosphere, is it possible to predict when and how it will stop
tumbling and its subsequent motion .";8;613;"the contraction of satellite orbits under the influence of air drag
part i . with spherically symmetrical atmosphere .";16.841466579153188;False
99;"given that an uncontrolled vehicle will tumble as it enters an
atmosphere, is it possible to predict when and how it will stop
tumbling and its subsequent motion .";9;962;"contributions to the theory of heat transfer through
a laminar boundary layer .";16.554609212778903;False
99;"given that an uncontrolled vehicle will tumble as it enters an
atmosphere, is it possible to predict when and how it will stop
tumbling and its subsequent motion .";10;42;"the gyroscopic effect of a rigid rotating propeller
on engine and wing vibration modes .";16.50092274006524;False
