query_id;query_text;rank;document_id;document_title;score;relevant
1;"what similarity laws must be obeyed when constructing aeroelastic models
of heated high speed aircraft .";1;51;"theory of aircraft structural models subjected to aerodynamic
heating and external loads .";24.110905576590508;True
1;"what similarity laws must be obeyed when constructing aeroelastic models
of heated high speed aircraft .";2;486;similarity laws for aerothermoelastic testing .;22.095892060249657;False
1;"what similarity laws must be obeyed when constructing aeroelastic models
of heated high speed aircraft .";3;184;scale models for thermo-aeroelastic research .;20.809722595441833;True
1;"what similarity laws must be obeyed when constructing aeroelastic models
of heated high speed aircraft .";4;573;viscous hypersonic similitude .;18.526298810737693;False
1;"what similarity laws must be obeyed when constructing aeroelastic models
of heated high speed aircraft .";5;12;"some structural and aerelastic considerations of high
speed flight .";18.492214899587037;True
1;"what similarity laws must be obeyed when constructing aeroelastic models
of heated high speed aircraft .";6;878;"experimental model techniques and equipment for flutter
investigations .";16.17736146698001;False
1;"what similarity laws must be obeyed when constructing aeroelastic models
of heated high speed aircraft .";7;665;"on the theory of hypersonic gas flow with a power law
shock wave .";14.616412001980208;False
1;"what similarity laws must be obeyed when constructing aeroelastic models
of heated high speed aircraft .";8;14;"piston theory - a new aerodynamic tool for the
aeroelastician .";14.535066348031682;True
1;"what similarity laws must be obeyed when constructing aeroelastic models
of heated high speed aircraft .";9;1268;"stable combustion of a high-velocity gas in a heated
boundary layer .";14.371649612121445;False
1;"what similarity laws must be obeyed when constructing aeroelastic models
of heated high speed aircraft .";10;1361;"large deflections of structures subjected to heating
and external loads .";14.299156330458262;False
10;"are real-gas transport properties for air available over a wide range of
enthalpies and densities .";1;493;"real-gas laminar boundary layer skin friction and heat
transfer .";24.866805127988624;False
10;"are real-gas transport properties for air available over a wide range of
enthalpies and densities .";2;302;"approximations for the thermodynamic and transport properties of high
temperature air .";24.43399042084608;True
10;"are real-gas transport properties for air available over a wide range of
enthalpies and densities .";3;1143;"a one-foot hypervelocity shock tunnel in which high-enthalpy
real gas flows can be generated with flow times of
about 180 milliseconds .";20.419941705057926;False
10;"are real-gas transport properties for air available over a wide range of
enthalpies and densities .";4;949;"charts for equilibrium flow properties of air in
hyper-velocity nozzles .";19.389941483957625;False
10;"are real-gas transport properties for air available over a wide range of
enthalpies and densities .";5;1199;"theoretical investigations of a supersonic laminar
boundary layer with foreign-gas injection .";17.556800527145747;False
10;"are real-gas transport properties for air available over a wide range of
enthalpies and densities .";6;332;"similitude of hypersonic real-gas flows over slender
bodies with blunted noses .";17.26406164505477;False
10;"are real-gas transport properties for air available over a wide range of
enthalpies and densities .";7;524;"stagnation point heat transfer in partially ionized
air .";17.152575203654823;False
10;"are real-gas transport properties for air available over a wide range of
enthalpies and densities .";8;1286;"equilibrium real-gas performance charts for a shypersonic
shock-tube wind-tunnel employing nitrogen .";16.74139630848504;False
10;"are real-gas transport properties for air available over a wide range of
enthalpies and densities .";9;691;"calculation procedure for thermodynamic transport, and flow properties
of the combustion products of a hydrocarbon fuel mixture burned in air
with results for ethylene-air and methane-air mixtures .";16.257732060450962;False
10;"are real-gas transport properties for air available over a wide range of
enthalpies and densities .";10;1010;free-flight measurements of the static and dynamic .;16.114778746823056;False
100;"what are the effects of initial imperfections on the elastic buckling of
cylindrical shells under axial compression .";1;1122;"on the role of initial imperfections in plastic buckling
of cylinders under axial compression .";33.375163767252744;True
100;"what are the effects of initial imperfections on the elastic buckling of
cylindrical shells under axial compression .";2;760;"inelastic buckling of initially imperfect cylindrical
shells subject to axial compression .";33.07135338842312;False
100;"what are the effects of initial imperfections on the elastic buckling of
cylindrical shells under axial compression .";3;822;"effects of imperfections on buckling of thin cylinders
and columns under axial compression .";32.3728602492159;True
100;"what are the effects of initial imperfections on the elastic buckling of
cylindrical shells under axial compression .";4;1068;"instability analysis of cylindrical shells under hydrostatic
pressure .";29.56056525163849;False
100;"what are the effects of initial imperfections on the elastic buckling of
cylindrical shells under axial compression .";5;739;"the buckling of thin cylindrical shells under axial
compression .";28.201018656866804;False
100;"what are the effects of initial imperfections on the elastic buckling of
cylindrical shells under axial compression .";6;1126;"an engineer's conceptual approach to the buckling of
cylindrical shell (axial loading) .";28.102250369001688;False
100;"what are the effects of initial imperfections on the elastic buckling of
cylindrical shells under axial compression .";7;885;"buckling of thin cylindrical shells under hoop stresses
varying in axial direction .";27.47824456931615;False
100;"what are the effects of initial imperfections on the elastic buckling of
cylindrical shells under axial compression .";8;1051;"the stability of thin-walled unstiffened circular cylinders
under axial compression including the effects of internal
pressure .";27.187948024805927;True
100;"what are the effects of initial imperfections on the elastic buckling of
cylindrical shells under axial compression .";9;897;"some results on buckling and postbuckling of cylindrical
shells .";27.1369080831681;False
100;"what are the effects of initial imperfections on the elastic buckling of
cylindrical shells under axial compression .";10;740;"the behaviour of a cylindrical shell under axial compression
when the buckling load has been exceeded .";27.086983702467002;False
101;"why does the incremental theory and the deformation theory of plastic
stress-strain relationship differ greatly when applied to stability
problems .";1;819;"stresses in the plastic range around a normally loaded
circular hole in an infinite sheet .";31.32789327739998;True
101;"why does the incremental theory and the deformation theory of plastic
stress-strain relationship differ greatly when applied to stability
problems .";2;817;loading paths and the incremental stress law .;29.476728066731305;True
101;"why does the incremental theory and the deformation theory of plastic
stress-strain relationship differ greatly when applied to stability
problems .";3;760;"inelastic buckling of initially imperfect cylindrical
shells subject to axial compression .";27.104860409902344;False
101;"why does the incremental theory and the deformation theory of plastic
stress-strain relationship differ greatly when applied to stability
problems .";4;818;"a quantitative comparison of flow and deformation theories
of plasticity .";26.867557528788677;True
101;"why does the incremental theory and the deformation theory of plastic
stress-strain relationship differ greatly when applied to stability
problems .";5;1119;plastic stability theory of thin shells .;24.915541084393585;False
101;"why does the incremental theory and the deformation theory of plastic
stress-strain relationship differ greatly when applied to stability
problems .";6;820;theories of plastic buckling .;24.021614340554688;True
101;"why does the incremental theory and the deformation theory of plastic
stress-strain relationship differ greatly when applied to stability
problems .";7;823;"plastic torsional buckling strength of cylinders including
the effects of imperfections .";23.819171565485508;False
101;"why does the incremental theory and the deformation theory of plastic
stress-strain relationship differ greatly when applied to stability
problems .";8;825;inelastic instability and incremental theories of plasticity .;22.568112567515612;True
101;"why does the incremental theory and the deformation theory of plastic
stress-strain relationship differ greatly when applied to stability
problems .";9;837;"inelastic behaviour of structures subjected to cyclic
thermal and mechanical stressing conditions .";22.32012118970027;False
101;"why does the incremental theory and the deformation theory of plastic
stress-strain relationship differ greatly when applied to stability
problems .";10;826;small bending and stretching of sandwich type shells .;20.74633335197449;False
102;basic dynamic characteristics of structures continuous over many spans .;1;910;"natural frequencies of continuous beams of uniform
span length .";12.375444626481535;True
102;basic dynamic characteristics of structures continuous over many spans .;2;1339;"calculation of flutter characteristics for finite-span swept or unswept
wings at subsonic and supersonic speeds by a modified strip analysis .";11.410645424767592;False
102;basic dynamic characteristics of structures continuous over many spans .;3;729;stresses in continuous skin stiffener panels under random loading .;11.379931867069763;False
102;basic dynamic characteristics of structures continuous over many spans .;4;516;"free-flight measurements of the dynamic longitudinal
stability characteristics of a wind tunnel interference
model (m=0 .92 to 1. 35) .";10.637789456911166;False
102;basic dynamic characteristics of structures continuous over many spans .;5;1290;"measured and calculated subsonic and transonic flutter
characteristics of a 45 sweptback wing planform in
air and in freon-12 in the langley transonic dynamics
tunnel .";10.337964871889683;False
102;basic dynamic characteristics of structures continuous over many spans .;6;1007;free-flight measurements of the static and dynamic .;10.192594895001127;False
102;basic dynamic characteristics of structures continuous over many spans .;7;1289;"numerical technique to lifting surface theory for calculation
of unsteady aerodynamic forces due to continuous sinusoidal
gusts on several wing planforms at sobsonic speeds .";9.916937279092553;False
102;basic dynamic characteristics of structures continuous over many spans .;8;650;some design problems of hovercraft .;9.519410472107552;False
102;basic dynamic characteristics of structures continuous over many spans .;9;728;free vibrations of continuous skin stringer panels .;9.246052105258778;True
102;basic dynamic characteristics of structures continuous over many spans .;10;446;wake of a satellite traversing the ionosphere .;9.231294902221924;False
103;is the information on the buckling of sandwich sphere available .;1;761;buckling of sandwich under normal pressure .;19.439297899784435;False
103;is the information on the buckling of sandwich sphere available .;2;1214;"the drag of elongated bodies over a wide reynolds number
range .";15.670569701419328;False
103;is the information on the buckling of sandwich sphere available .;3;1050;"compressive buckling of simply supported curved plates
and cylinders of sandwich construction .";12.435667974245494;False
103;is the information on the buckling of sandwich sphere available .;4;1127;the buckling of sandwich type panels .;12.363281164552108;False
103;is the information on the buckling of sandwich sphere available .;5;1048;a small deflection theory for curved sandwich plates .;12.181008031529826;False
103;is the information on the buckling of sandwich sphere available .;6;956;"elastic stability of simply supported corrugated core
sand- wich cylinders .";10.923114028972945;False
103;is the information on the buckling of sandwich sphere available .;7;1126;"an engineer's conceptual approach to the buckling of
cylindrical shell (axial loading) .";10.715072319011135;False
103;is the information on the buckling of sandwich sphere available .;8;951;a unified theory of creep buckling under normal loads .;10.505323979296694;False
103;is the information on the buckling of sandwich sphere available .;9;1027;note on creep buckling of columns .;10.149816891931888;False
103;is the information on the buckling of sandwich sphere available .;10;1211;"boundary layer transition at supersonic
speeds-three-dimensional roughness effects (spheres).";9.774302972954654;False
104;"can the load deformation characteristics of a beam be obtained with the
material being inelastic and a non uniform temperature being present .";1;762;"allowable axial loads and bending moments for inelastic structures
under nonuniform temperature distribution .";23.759148131693895;False
104;"can the load deformation characteristics of a beam be obtained with the
material being inelastic and a non uniform temperature being present .";2;837;"inelastic behaviour of structures subjected to cyclic
thermal and mechanical stressing conditions .";19.24897360023751;True
104;"can the load deformation characteristics of a beam be obtained with the
material being inelastic and a non uniform temperature being present .";3;1024;note on creep buckling of columns .;18.76741121606319;False
104;"can the load deformation characteristics of a beam be obtained with the
material being inelastic and a non uniform temperature being present .";4;462;photo-thermoelasticity .;17.5736315305193;False
104;"can the load deformation characteristics of a beam be obtained with the
material being inelastic and a non uniform temperature being present .";5;644;"a study of the cantilever square plate subjected to
a uniform loading .";17.45764805898965;False
104;"can the load deformation characteristics of a beam be obtained with the
material being inelastic and a non uniform temperature being present .";6;744;"lower buckling load in the non-linear buckling theory
of thin shells .";17.04609734499398;False
104;"can the load deformation characteristics of a beam be obtained with the
material being inelastic and a non uniform temperature being present .";7;824;on the concept of stability of inelastic systems .;16.30825109944786;False
104;"can the load deformation characteristics of a beam be obtained with the
material being inelastic and a non uniform temperature being present .";8;739;"the buckling of thin cylindrical shells under axial
compression .";15.454321746644315;False
104;"can the load deformation characteristics of a beam be obtained with the
material being inelastic and a non uniform temperature being present .";9;1055;non-linear bending and buckling of circular plates .;15.093146145807978;False
104;"can the load deformation characteristics of a beam be obtained with the
material being inelastic and a non uniform temperature being present .";10;1019;note on creep buckling of columns .;15.08891679038981;False
105;"what is the effect of an internal liquid column on the breathing
vibrations of a cylindrical shell .";1;848;"the effect of an internal compressible fluid column
on the breathing vibrations of a thin pressurised cylindrical
shell .";38.895825773840095;True
105;"what is the effect of an internal liquid column on the breathing
vibrations of a cylindrical shell .";2;764;"breathing vibrations of a circular shell with an internal
liquid .";38.124598350149995;False
105;"what is the effect of an internal liquid column on the breathing
vibrations of a cylindrical shell .";3;847;"experimental study of the vibrations of a circular
cylindrical shell .";21.596841234289126;True
105;"what is the effect of an internal liquid column on the breathing
vibrations of a cylindrical shell .";4;846;"on the vibration of thin cylindrical shells under internal
pressure .";20.918987010620192;True
105;"what is the effect of an internal liquid column on the breathing
vibrations of a cylindrical shell .";5;953;"vibrations of infinitely long cylindrical shells under
initial stress .";17.822070974158912;False
105;"what is the effect of an internal liquid column on the breathing
vibrations of a cylindrical shell .";6;763;"effects of internal pressure on the buckling of circular-cylindrical
shells under bending.";16.963734953496058;False
105;"what is the effect of an internal liquid column on the breathing
vibrations of a cylindrical shell .";7;1126;"an engineer's conceptual approach to the buckling of
cylindrical shell (axial loading) .";16.18175760485363;False
105;"what is the effect of an internal liquid column on the breathing
vibrations of a cylindrical shell .";8;739;"the buckling of thin cylindrical shells under axial
compression .";15.140749726583913;False
105;"what is the effect of an internal liquid column on the breathing
vibrations of a cylindrical shell .";9;1068;"instability analysis of cylindrical shells under hydrostatic
pressure .";15.026840329069849;False
105;"what is the effect of an internal liquid column on the breathing
vibrations of a cylindrical shell .";10;1037;on transverse vibrations of thin, shallow elastic shells .;14.828277140335173;False
106;experimental techniques in shell vibration .;1;847;"experimental study of the vibrations of a circular
cylindrical shell .";12.437263786206275;True
106;experimental techniques in shell vibration .;2;764;"breathing vibrations of a circular shell with an internal
liquid .";11.699604183987649;False
106;experimental techniques in shell vibration .;3;1036;on transverse vibrations of thin, shallow elastic shells .;10.648665696348722;False
106;experimental techniques in shell vibration .;4;844;"flexural vibrations of the walls of thin cylindrical
shells having freely supported ends .";10.429063095999377;True
106;experimental techniques in shell vibration .;5;953;"vibrations of infinitely long cylindrical shells under
initial stress .";10.330089819214363;False
106;experimental techniques in shell vibration .;6;846;"on the vibration of thin cylindrical shells under internal
pressure .";10.113587301552316;True
106;experimental techniques in shell vibration .;7;848;"the effect of an internal compressible fluid column
on the breathing vibrations of a thin pressurised cylindrical
shell .";10.015902242207346;False
106;experimental techniques in shell vibration .;8;1042;on transverse vibrations of thin, shallow elastic shells .;9.746088981982867;False
106;experimental techniques in shell vibration .;9;1038;on transverse vibrations of thin, shallow elastic shells .;9.633902217356912;False
106;experimental techniques in shell vibration .;10;1037;on transverse vibrations of thin, shallow elastic shells .;9.34316746324549;False
107;"in summarizing theoretical and experimental work on the behaviour of a
typical aircraft structure in a noise environment is it possible to
develop a design procedure .";1;640;the design of structures to resist jet noise fatigue .;35.200744968066594;False
107;"in summarizing theoretical and experimental work on the behaviour of a
typical aircraft structure in a noise environment is it possible to
develop a design procedure .";2;725;"the response of a typical aircraft structure to jet
noise .";27.196575993876966;True
107;"in summarizing theoretical and experimental work on the behaviour of a
typical aircraft structure in a noise environment is it possible to
develop a design procedure .";3;883;correlated fatigue data for aircraft structural joints .;24.10372226006431;False
107;"in summarizing theoretical and experimental work on the behaviour of a
typical aircraft structure in a noise environment is it possible to
develop a design procedure .";4;909;the effect of jet noise on aircraft structures .;22.414117869275795;True
107;"in summarizing theoretical and experimental work on the behaviour of a
typical aircraft structure in a noise environment is it possible to
develop a design procedure .";5;220;"a general purpose analogue correlator for the analysis of
random noise signals .";22.004556091500607;False
107;"in summarizing theoretical and experimental work on the behaviour of a
typical aircraft structure in a noise environment is it possible to
develop a design procedure .";6;870;effect of rheological behaviour on thermal stresses .;21.563772061609683;False
107;"in summarizing theoretical and experimental work on the behaviour of a
typical aircraft structure in a noise environment is it possible to
develop a design procedure .";7;720;"a note on the use of sandwich structures in severe acoustic
environments .";21.010413457892355;True
107;"in summarizing theoretical and experimental work on the behaviour of a
typical aircraft structure in a noise environment is it possible to
develop a design procedure .";8;911;"experimental study of the random vibrations of an aircraft
structure excited by jet noise .";19.75944391015838;True
107;"in summarizing theoretical and experimental work on the behaviour of a
typical aircraft structure in a noise environment is it possible to
develop a design procedure .";9;724;structural acoustic proof testing .;19.676002671259962;False
107;"in summarizing theoretical and experimental work on the behaviour of a
typical aircraft structure in a noise environment is it possible to
develop a design procedure .";10;12;"some structural and aerelastic considerations of high
speed flight .";19.028621030431186;False
108;what data is there on the fatigue of structures under acoustic loading .;1;75;studies of structural failure due to acoustic loading .;24.66970172606399;True
108;what data is there on the fatigue of structures under acoustic loading .;2;724;structural acoustic proof testing .;23.67787133756275;True
108;what data is there on the fatigue of structures under acoustic loading .;3;726;on structural fatigue under random loading .;19.862240991126136;True
108;what data is there on the fatigue of structures under acoustic loading .;4;720;"a note on the use of sandwich structures in severe acoustic
environments .";18.97973339101201;True
108;what data is there on the fatigue of structures under acoustic loading .;5;884;the estimation of fatigue damage on structural elements .;18.74778778695266;False
108;what data is there on the fatigue of structures under acoustic loading .;6;727;"a study of the acoustic fatigue characteristics of
some flat and curved aluminium panels exposed to random
and discrete noise .";18.076797665033215;True
108;what data is there on the fatigue of structures under acoustic loading .;7;883;correlated fatigue data for aircraft structural joints .;17.946475721693815;False
108;what data is there on the fatigue of structures under acoustic loading .;8;640;the design of structures to resist jet noise fatigue .;15.574343290886771;False
108;what data is there on the fatigue of structures under acoustic loading .;9;881;cumulative damage in fatigue .;15.285939590152038;False
108;what data is there on the fatigue of structures under acoustic loading .;10;867;"low frequency fatigue of nimonic 90 . low frequency
fatigue - a rheological approach .";14.46975937542817;False
109;panels subjected to aerodynamic heating .;1;391;"flutter of rectangular simply supported panels at high
supersonic speeds .";13.12632781458554;False
109;panels subjected to aerodynamic heating .;2;859;"flutter of aerodynamically heated aluminium-alloy and
stainless steel panels with length-width ratio of 10
at mach 3. 0.";12.547424141786044;False
109;panels subjected to aerodynamic heating .;3;627;flutter analysis of circular panels .;11.702810041012128;False
109;panels subjected to aerodynamic heating .;4;711;"an investigation at subsonic speeds of aerodynamic characteristics at
angles of attack from -dash 4degrees to 100degrees of a delta-wing
reentry configuration having folding wingtip panels .";11.250997728849804;False
109;panels subjected to aerodynamic heating .;5;1008;free-flight measurements of the static and dynamic .;11.245607855253812;False
109;panels subjected to aerodynamic heating .;6;51;"theory of aircraft structural models subjected to aerodynamic
heating and external loads .";10.882757890937203;False
109;panels subjected to aerodynamic heating .;7;31;thermal buckling of supersonic wing panels .;10.467649916131176;False
109;panels subjected to aerodynamic heating .;8;5;"one-dimensional transient heat conduction into a double-layer
slab subjected to a linear heat input for a small time
internal .";10.271519377707104;False
109;panels subjected to aerodynamic heating .;9;658;"review of panel flutter and effects of aerodynamic noise
part i..  panel flutter .";10.231791617226627;False
109;panels subjected to aerodynamic heating .;10;390;some panel-flutter studies using piston theory .;9.505053553560309;False
11;"is it possible to find an analytical,  similar solution of the strong
blast wave problem in the newtonian approximation .";1;495;"on similar solutions for strong blast waves and their
application to steady hypersonic flow .";31.56440065003687;False
11;"is it possible to find an analytical,  similar solution of the strong
blast wave problem in the newtonian approximation .";2;472;waves in supersonic flow .;17.07465110243596;False
11;"is it possible to find an analytical,  similar solution of the strong
blast wave problem in the newtonian approximation .";3;556;"numerical comparison between exact and approximate
theories of hypersonic inviscid flow past slender blunt
nosed bodies .";16.986290647685085;False
11;"is it possible to find an analytical,  similar solution of the strong
blast wave problem in the newtonian approximation .";4;28;"a note on the explosion solution of sedov with application
to the newtonian theory of unsteady hypersonic flow .";16.460905493389888;True
11;"is it possible to find an analytical,  similar solution of the strong
blast wave problem in the newtonian approximation .";5;654;"on the propagation and structure of the blast wave .
 part 1.";15.823064501323932;True
11;"is it possible to find an analytical,  similar solution of the strong
blast wave problem in the newtonian approximation .";6;1186;"lift of slender delta wings according to newtonian
theory .";15.622985852744618;False
11;"is it possible to find an analytical,  similar solution of the strong
blast wave problem in the newtonian approximation .";7;72;"boundary layer behind shock or thin expansion wave
moving into stationary fluid .";15.621785771552243;False
11;"is it possible to find an analytical,  similar solution of the strong
blast wave problem in the newtonian approximation .";8;110;dynamics of a dissociating gas .;15.197653574668477;False
11;"is it possible to find an analytical,  similar solution of the strong
blast wave problem in the newtonian approximation .";9;1327;on the propagation and structure of the blast wave .;15.19415708268224;False
11;"is it possible to find an analytical,  similar solution of the strong
blast wave problem in the newtonian approximation .";10;305;"hypersonic strong viscous interaction on a flat plate
with surface mass transfer .";15.15131560043304;False
110;"can increasing the edge loading of a plate beyond the critical value for
buckling change the buckling mode .";1;1387;"the buckling of a square panel under shear, when one
pair of opposite edges is clamped and the other pair
is simply supported .";17.748632935164906;False
110;"can increasing the edge loading of a plate beyond the critical value for
buckling change the buckling mode .";2;15;on two-dimensional panel flutter .;17.333914375775784;False
110;"can increasing the edge loading of a plate beyond the critical value for
buckling change the buckling mode .";3;862;"the phenomenon of change in buckle pattern in elastic
structures .";16.08130109613356;True
110;"can increasing the edge loading of a plate beyond the critical value for
buckling change the buckling mode .";4;1398;"stability of rectangular plates under shear and bending
forces .";15.84280581558227;False
110;"can increasing the edge loading of a plate beyond the critical value for
buckling change the buckling mode .";5;1117;"stability of orthotropic cylindrical shells under combined
loading .";15.678307785581064;False
110;"can increasing the edge loading of a plate beyond the critical value for
buckling change the buckling mode .";6;425;the solution of elastic plate problems by electrical analogies .;15.4113881000326;False
110;"can increasing the edge loading of a plate beyond the critical value for
buckling change the buckling mode .";7;412;"critical combinations of shear and transverse direct
stress for an infinitely long flat plate with
edges elastically restrained against rotation .";15.391996178822536;False
110;"can increasing the edge loading of a plate beyond the critical value for
buckling change the buckling mode .";8;744;"lower buckling load in the non-linear buckling theory
of thin shells .";15.062851342776879;False
110;"can increasing the edge loading of a plate beyond the critical value for
buckling change the buckling mode .";9;1015;principles of creep buckling weight-strength analysis .;14.801134443611527;False
110;"can increasing the edge loading of a plate beyond the critical value for
buckling change the buckling mode .";10;1069;"design and testing of honeycomb sandwich cylinders
under axial compression .";14.531742279471954;False
111;"have the effects of an elastic edge restraint been considered in
previous papers on panel flutter .";1;894;"flutter of a two dimensional simply supported buckled
panel with elastic restraint against edge displacement .";28.58212723768978;False
111;"have the effects of an elastic edge restraint been considered in
previous papers on panel flutter .";2;627;flutter analysis of circular panels .;21.90677079891355;True
111;"have the effects of an elastic edge restraint been considered in
previous papers on panel flutter .";3;857;"experimental studies of flutter of buckled rectangular
panels at mach numbers from 1. 2 to 3. 0 including
effects of pressure differential and of panel
width-length ratio .";21.354116578073743;False
111;"have the effects of an elastic edge restraint been considered in
previous papers on panel flutter .";4;856;"some experimental studies of panel flutter at mach
1 .3.";18.92110804492167;False
111;"have the effects of an elastic edge restraint been considered in
previous papers on panel flutter .";5;390;some panel-flutter studies using piston theory .;18.15941886750838;False
111;"have the effects of an elastic edge restraint been considered in
previous papers on panel flutter .";6;658;"review of panel flutter and effects of aerodynamic noise
part i..  panel flutter .";17.817820948718587;True
111;"have the effects of an elastic edge restraint been considered in
previous papers on panel flutter .";7;392;"natural frequencies of rectangular plates with edges
elastically restrained against rotation .";17.294825640958198;True
111;"have the effects of an elastic edge restraint been considered in
previous papers on panel flutter .";8;1131;"the effect of axial constraint on the instability of
thin conical shells under external pressure .";17.1093644045199;False
111;"have the effects of an elastic edge restraint been considered in
previous papers on panel flutter .";9;285;on the flutter of panels at high mach numbers .;16.878318160129627;False
111;"have the effects of an elastic edge restraint been considered in
previous papers on panel flutter .";10;1008;free-flight measurements of the static and dynamic .;16.771333616893433;False
112;"has the solution of the clamped plate problem,  in the classical theory
of bending,  been reduced to two successive membrane boundary value
problems .";1;641;"reduction of the clamped plate to two membrane problems
with an application to uniformly loaded sectors .";41.20875158352284;False
112;"has the solution of the clamped plate problem,  in the classical theory
of bending,  been reduced to two successive membrane boundary value
problems .";2;730;on the bending of a clamped plate .;29.201793390285104;True
112;"has the solution of the clamped plate problem,  in the classical theory
of bending,  been reduced to two successive membrane boundary value
problems .";3;734;"the bending of uniformly loaded clamped plate in the
form of a circular sector .";24.202882686254746;False
112;"has the solution of the clamped plate problem,  in the classical theory
of bending,  been reduced to two successive membrane boundary value
problems .";4;422;"bending of a square plate with two adjacent edges free
and the others clamped or simply supported .";22.583945589486113;False
112;"has the solution of the clamped plate problem,  in the classical theory
of bending,  been reduced to two successive membrane boundary value
problems .";5;735;"the bending of uniformly loaded sectorial plates with
clamped edges .";19.633090492643895;False
112;"has the solution of the clamped plate problem,  in the classical theory
of bending,  been reduced to two successive membrane boundary value
problems .";6;733;the bending of a sectorial plate .;19.386854540595746;False
112;"has the solution of the clamped plate problem,  in the classical theory
of bending,  been reduced to two successive membrane boundary value
problems .";7;736;the bending of a wedge shaped plate .;18.723345115143353;False
112;"has the solution of the clamped plate problem,  in the classical theory
of bending,  been reduced to two successive membrane boundary value
problems .";8;15;on two-dimensional panel flutter .;18.335803186214214;False
112;"has the solution of the clamped plate problem,  in the classical theory
of bending,  been reduced to two successive membrane boundary value
problems .";9;936;"a donnell-type theory for asymmetrical bending and
buckling of thin conical shells .";17.45175804082133;False
112;"has the solution of the clamped plate problem,  in the classical theory
of bending,  been reduced to two successive membrane boundary value
problems .";10;648;"the approximate analysis of certain boundary value
problems .";17.41518327956602;False
113;"what data exists on oscillatory aerodynamic forces on control surfaces
at transonic mach numbers .";1;704;"a systematic kernel function procedure for determining aerodynamic
forces on oscillating or steady finite wings at subsonic speeds .";18.11750274277487;False
113;"what data exists on oscillatory aerodynamic forces on control surfaces
at transonic mach numbers .";2;815;"investigation of several blunt bodies to determine
trans- onic aerodynamic characteristics including effects
of spinning and of extendible afterbody flaps and some
measurements of unsteady base pressures .";16.678326924913673;False
113;"what data exists on oscillatory aerodynamic forces on control surfaces
at transonic mach numbers .";3;748;"subsonic aerodynamic flutter derivatives for wings and control surfaces,
 /compressible and incompressible flow/ .";16.032750817073758;True
113;"what data exists on oscillatory aerodynamic forces on control surfaces
at transonic mach numbers .";4;709;"static longitudinal aerodynamic characteristics at transonic speeds and
angles of attack up to 99degree of a reentry glider having folding
wingtip panels .";15.242539462678685;False
113;"what data exists on oscillatory aerodynamic forces on control surfaces
at transonic mach numbers .";5;708;"aerodynamic characteristics of two winged reentry vehicles at supersonic
 and hypersonic speeds .";15.211395844346399;False
113;"what data exists on oscillatory aerodynamic forces on control surfaces
at transonic mach numbers .";6;638;"longitudinal aerodynamic characteristics at low subsonic
speeds of a highly swept wing utilizing nose deflection
for control .";15.130723963855285;False
113;"what data exists on oscillatory aerodynamic forces on control surfaces
at transonic mach numbers .";7;685;"aerodynamic effects of some configuration variables
on the aeroelastic characteristics of lifting surfaces
at mach numbers from 0. 7 to 6. 86 .";14.680111909335226;False
113;"what data exists on oscillatory aerodynamic forces on control surfaces
at transonic mach numbers .";8;467;"thin airfoil theory based on approximate solution of the transonic flow
equation .";14.615288936829035;False
113;"what data exists on oscillatory aerodynamic forces on control surfaces
at transonic mach numbers .";9;205;"a correlation of airfoil section data with the aerodynamic
loads measured on a 45 sweptback wing at subsonic mach
numbers .";14.467560000004733;False
113;"what data exists on oscillatory aerodynamic forces on control surfaces
at transonic mach numbers .";10;52;"procedure for calculating flutter at high supersonic
speed including camber deflections, and comparison
with experimental results .";14.34460951983541;False
114;"it is not likely that the airforces on a wing of general planform
oscillating in transonic flow can be determined by purely analytical
methods . is it possible to determine the airforces on a single
particular planform, such as the rectangular one by such method .";1;895;"the airforces on the low aspect ratio rectangular wing
oscillating in sonic flow .";31.65394828186833;False
114;"it is not likely that the airforces on a wing of general planform
oscillating in transonic flow can be determined by purely analytical
methods . is it possible to determine the airforces on a single
particular planform, such as the rectangular one by such method .";2;704;"a systematic kernel function procedure for determining aerodynamic
forces on oscillating or steady finite wings at subsonic speeds .";27.989197520128133;False
114;"it is not likely that the airforces on a wing of general planform
oscillating in transonic flow can be determined by purely analytical
methods . is it possible to determine the airforces on a single
particular planform, such as the rectangular one by such method .";3;919;"theoretical studies of unsteady transonic flow . part iii . the
oscillating low aspect ratio rectangular wing .";27.37196390256796;True
114;"it is not likely that the airforces on a wing of general planform
oscillating in transonic flow can be determined by purely analytical
methods . is it possible to determine the airforces on a single
particular planform, such as the rectangular one by such method .";4;918;"on the low aspect ratio oscillating rectangular wing
in supersonic flow .";26.676382611354462;False
114;"it is not likely that the airforces on a wing of general planform
oscillating in transonic flow can be determined by purely analytical
methods . is it possible to determine the airforces on a single
particular planform, such as the rectangular one by such method .";5;315;"scale effects at high subsonic and transonic speeds
and methods for fixing transition in model experiments .";26.20849364704805;False
114;"it is not likely that the airforces on a wing of general planform
oscillating in transonic flow can be determined by purely analytical
methods . is it possible to determine the airforces on a single
particular planform, such as the rectangular one by such method .";6;917;"a method of calculating the short period longitudinal
stability derivatives of a wing in linearised unsteady
compressible flow .";25.335860564001685;False
114;"it is not likely that the airforces on a wing of general planform
oscillating in transonic flow can be determined by purely analytical
methods . is it possible to determine the airforces on a single
particular planform, such as the rectangular one by such method .";7;1333;aerodynamic forces on wings in non-uniform motion .;23.93635468844564;False
114;"it is not likely that the airforces on a wing of general planform
oscillating in transonic flow can be determined by purely analytical
methods . is it possible to determine the airforces on a single
particular planform, such as the rectangular one by such method .";8;916;"the flow around oscillating low aspect ratio wings at transonic
speeds .";22.594645484325124;True
114;"it is not likely that the airforces on a wing of general planform
oscillating in transonic flow can be determined by purely analytical
methods . is it possible to determine the airforces on a single
particular planform, such as the rectangular one by such method .";9;780;"the transonic characteristics of 38 cambered rectangular
wings of varying aspect ratio and thickness as determined
by transonic-bump technique .";21.113444928941767;False
114;"it is not likely that the airforces on a wing of general planform
oscillating in transonic flow can be determined by purely analytical
methods . is it possible to determine the airforces on a single
particular planform, such as the rectangular one by such method .";10;1392;"the solution of small displacement, stability or vibration
problems concerning a flat rectangular panel when the
edges are either clamped or simply supported .";20.61505401229922;False
115;"is the problem of similarity for representative investigations of
aeroelastic effects in heated flow as intractable as previous investigations
imply .";1;486;similarity laws for aerothermoelastic testing .;15.812348680910283;False
115;"is the problem of similarity for representative investigations of
aeroelastic effects in heated flow as intractable as previous investigations
imply .";2;184;scale models for thermo-aeroelastic research .;15.107967350895667;False
115;"is the problem of similarity for representative investigations of
aeroelastic effects in heated flow as intractable as previous investigations
imply .";3;746;"aeroelastic problems in connection with high speed
flight .";14.063909084681029;False
115;"is the problem of similarity for representative investigations of
aeroelastic effects in heated flow as intractable as previous investigations
imply .";4;540;"use of local similarity concepts in hypersonic viscous
interaction problems .";13.031157572284705;False
115;"is the problem of similarity for representative investigations of
aeroelastic effects in heated flow as intractable as previous investigations
imply .";5;81;"compressible laminar flow and heat transfer about a
rotating isothermal disk .";12.999989891393138;False
115;"is the problem of similarity for representative investigations of
aeroelastic effects in heated flow as intractable as previous investigations
imply .";6;371;"note on tip-bluntness effects in the supersonic and
hypersonic regimes .";12.324677700893638;False
115;"is the problem of similarity for representative investigations of
aeroelastic effects in heated flow as intractable as previous investigations
imply .";7;875;models for aeroelastic investigation .;11.920947817670097;False
115;"is the problem of similarity for representative investigations of
aeroelastic effects in heated flow as intractable as previous investigations
imply .";8;51;"theory of aircraft structural models subjected to aerodynamic
heating and external loads .";11.87069207488944;True
115;"is the problem of similarity for representative investigations of
aeroelastic effects in heated flow as intractable as previous investigations
imply .";9;14;"piston theory - a new aerodynamic tool for the
aeroelastician .";11.411246116642399;False
115;"is the problem of similarity for representative investigations of
aeroelastic effects in heated flow as intractable as previous investigations
imply .";10;1361;"large deflections of structures subjected to heating
and external loads .";11.344682646380338;False
116;"what is the magnitude and distribution of lift over the cone and the
cylindrical portion of a cone-cylinder configuration .";1;522;"laminar, transitional and turbulent heat transfer to
a cone-cylinder-flare body at mach 8. 0.";20.748602820492042;False
116;"what is the magnitude and distribution of lift over the cone and the
cylindrical portion of a cone-cylinder configuration .";2;1106;"free-flight observation of a separated turbulent flow
including heat transfer up to mach 8. 5.";17.67306855018068;False
116;"what is the magnitude and distribution of lift over the cone and the
cylindrical portion of a cone-cylinder configuration .";3;272;"oscillatory aerodynamic coefficients for a unified supersonic
hypersonic strip theory .";17.124433366918172;False
116;"what is the magnitude and distribution of lift over the cone and the
cylindrical portion of a cone-cylinder configuration .";4;1038;on transverse vibrations of thin, shallow elastic shells .;14.878602212073115;False
116;"what is the magnitude and distribution of lift over the cone and the
cylindrical portion of a cone-cylinder configuration .";5;605;"pressure measurements on a cone-cylinder-flare configuration at small
incidences for m 6.8 .";14.52998134298118;True
116;"what is the magnitude and distribution of lift over the cone and the
cylindrical portion of a cone-cylinder configuration .";6;759;"stability investigation of a blunted cone and a blunted
ogive with a flared cylinder afterbody at mach numbers
from 0. 30 to 2. 85 .";14.397093988377952;False
116;"what is the magnitude and distribution of lift over the cone and the
cylindrical portion of a cone-cylinder configuration .";7;1351;"exploratory tests of the effects of jet plumes on the
flow over cone- cylinder flare bodies .";13.798970045141285;False
116;"what is the magnitude and distribution of lift over the cone and the
cylindrical portion of a cone-cylinder configuration .";8;186;base pressure in supersonic flow .;13.157394931671199;False
116;"what is the magnitude and distribution of lift over the cone and the
cylindrical portion of a cone-cylinder configuration .";9;1218;"experimental lift and drag of a series of glide configurations
at mach numbers 12 .6 and 17 .5.";12.471133813653577;False
116;"what is the magnitude and distribution of lift over the cone and the
cylindrical portion of a cone-cylinder configuration .";10;801;"experimental study of the equivalence of transonic
flow about slender cone-cylinders of circular and elliptic
cross section .";12.19840906867854;False
117;"is there any information on how the addition of a /boat-tail/ affects
the normal force on the body of various angles of incidence .";1;229;"interference between the wings and tail surfaces of
a combination of slender body, cruciform wings and
cruciform tail set at both incidence and yaw .";20.250643450551145;False
117;"is there any information on how the addition of a /boat-tail/ affects
the normal force on the body of various angles of incidence .";2;282;"jet effects on base pressure of conical afterbodies
at mach 1. 91 and 3. 12 .";19.869658396060892;False
117;"is there any information on how the addition of a /boat-tail/ affects
the normal force on the body of various angles of incidence .";3;230;"interference between the wings and tail plane of a
slender wing-body tailplane combination .";18.959516700889512;False
117;"is there any information on how the addition of a /boat-tail/ affects
the normal force on the body of various angles of incidence .";4;196;"pressure distributions . axially symmetric bodies in
oblique flow .";18.623544249334902;False
117;"is there any information on how the addition of a /boat-tail/ affects
the normal force on the body of various angles of incidence .";5;907;"cavitation and pressure distribution
head forms at zero angle of yaw .";17.17682258234584;False
117;"is there any information on how the addition of a /boat-tail/ affects
the normal force on the body of various angles of incidence .";6;60;"estimation forces and moments due to rolling for several
slender tail configurations at supersonic speeds .";16.77314753289284;False
117;"is there any information on how the addition of a /boat-tail/ affects
the normal force on the body of various angles of incidence .";7;122;"a simplified approximate method for the calculation of the pressure
around conical bodies of arbitrary shape in supersonic and hypersonic
flow .";16.6331012341481;False
117;"is there any information on how the addition of a /boat-tail/ affects
the normal force on the body of various angles of incidence .";8;1164;"effect of ground proximity on the aerodynamic characteristics
of a four- engined vertical take-off and landing transport
airplane model with tilting wing and propellers .";16.541259621253502;False
117;"is there any information on how the addition of a /boat-tail/ affects
the normal force on the body of various angles of incidence .";9;1304;newtonian flow over a surface .;15.812038728005623;False
117;"is there any information on how the addition of a /boat-tail/ affects
the normal force on the body of various angles of incidence .";10;924;"a method for calculating the lift and centre of pressure
of wing-body-tail combinations at subsonic, transonic
speeds .";15.773160409368408;False
118;"what are the aerodynamic interference effects on the fin lift and body
lift of a fin-body combination .";1;520;"wing-tail interference as a cause of 'magnus' effects
on a finned missile .";19.278150032427035;False
118;"what are the aerodynamic interference effects on the fin lift and body
lift of a fin-body combination .";2;229;"interference between the wings and tail surfaces of
a combination of slender body, cruciform wings and
cruciform tail set at both incidence and yaw .";19.215256751736504;False
118;"what are the aerodynamic interference effects on the fin lift and body
lift of a fin-body combination .";3;923;"methods for estimating lift interference of wing-body
combinations at supersonic speeds .";19.059965473241625;True
118;"what are the aerodynamic interference effects on the fin lift and body
lift of a fin-body combination .";4;924;"a method for calculating the lift and centre of pressure
of wing-body-tail combinations at subsonic, transonic
speeds .";17.565587004772627;True
118;"what are the aerodynamic interference effects on the fin lift and body
lift of a fin-body combination .";5;1075;"an experimental and theoretical investigation of second-order supersonic
 wing-body interference, for a non-lifting body with wings at incidence .";17.328863693754847;False
118;"what are the aerodynamic interference effects on the fin lift and body
lift of a fin-body combination .";6;1074;"theoretical and experimental investigation of second-order supersonic
wing-body interference .";16.80355518806143;False
118;"what are the aerodynamic interference effects on the fin lift and body
lift of a fin-body combination .";7;1062;"an experimental and theoretical investigation of second-order
wing-body interference at high mach number .";16.74883469696115;False
118;"what are the aerodynamic interference effects on the fin lift and body
lift of a fin-body combination .";8;230;"interference between the wings and tail plane of a
slender wing-body tailplane combination .";15.837578048738749;False
118;"what are the aerodynamic interference effects on the fin lift and body
lift of a fin-body combination .";9;803;"the shock pattern of a wing-body combination far from
the flight path .";15.60525681023185;False
118;"what are the aerodynamic interference effects on the fin lift and body
lift of a fin-body combination .";10;431;"free-flight measurements of the zero-lift drag and
base pressure on a wind tunnel interference model (m=0 .
8 - 1. 5) .";14.433477241302546;False
119;"what is the effect of initial axisymmetric deviations from circularity
on the non linear (large-deflection) load-deflection response of
cylinders under hydrostatic pressure .";1;926;"post buckling behaviour of circular cylinderical shells
under hydrostatic pressure .";28.375053647741957;True
119;"what is the effect of initial axisymmetric deviations from circularity
on the non linear (large-deflection) load-deflection response of
cylinders under hydrostatic pressure .";2;1068;"instability analysis of cylindrical shells under hydrostatic
pressure .";25.50152009285963;False
119;"what is the effect of initial axisymmetric deviations from circularity
on the non linear (large-deflection) load-deflection response of
cylinders under hydrostatic pressure .";3;897;"some results on buckling and postbuckling of cylindrical
shells .";24.721850381392;False
119;"what is the effect of initial axisymmetric deviations from circularity
on the non linear (large-deflection) load-deflection response of
cylinders under hydrostatic pressure .";4;928;"a new theory for the buckling of thin cylinders under
axial compression and bending .";23.64688804271811;False
119;"what is the effect of initial axisymmetric deviations from circularity
on the non linear (large-deflection) load-deflection response of
cylinders under hydrostatic pressure .";5;1055;non-linear bending and buckling of circular plates .;22.7547742139814;False
119;"what is the effect of initial axisymmetric deviations from circularity
on the non linear (large-deflection) load-deflection response of
cylinders under hydrostatic pressure .";6;765;"clamped short oval cylindrical shells under hydrostatic
pressure .";22.16766863340284;False
119;"what is the effect of initial axisymmetric deviations from circularity
on the non linear (large-deflection) load-deflection response of
cylinders under hydrostatic pressure .";7;744;"lower buckling load in the non-linear buckling theory
of thin shells .";21.461367617634078;False
119;"what is the effect of initial axisymmetric deviations from circularity
on the non linear (large-deflection) load-deflection response of
cylinders under hydrostatic pressure .";8;1033;"the design of tubes under uniform external pressure on the
basis of assumed inaccuracies .";21.29805384134052;False
119;"what is the effect of initial axisymmetric deviations from circularity
on the non linear (large-deflection) load-deflection response of
cylinders under hydrostatic pressure .";9;852;"stress and displacement analysis of simply supported
non- circular cylindrical shell under lateral pressure .";21.12140825965439;False
119;"what is the effect of initial axisymmetric deviations from circularity
on the non linear (large-deflection) load-deflection response of
cylinders under hydrostatic pressure .";10;1024;note on creep buckling of columns .;20.899135038346436;False
12;"how can the aerodynamic performance of channel flow ground effect
machines be calculated .";1;624;cruise performance of channel-flow ground effect machines .;27.5096755514843;False
12;"how can the aerodynamic performance of channel flow ground effect
machines be calculated .";2;650;some design problems of hovercraft .;18.811090314690855;True
12;"how can the aerodynamic performance of channel flow ground effect
machines be calculated .";3;966;"on fully developed channel flows,. some solutions and limitations, and
effects of compressibility, variable properties, and body forces .";16.78393865328839;False
12;"how can the aerodynamic performance of channel flow ground effect
machines be calculated .";4;506;"a note on havelock's shallow-water wave-resistance
curves .";15.675523664421755;False
12;"how can the aerodynamic performance of channel flow ground effect
machines be calculated .";5;543;"the stacking of compressor stage characteristics to
give an overall compressor performance map .";14.544991930520561;False
12;"how can the aerodynamic performance of channel flow ground effect
machines be calculated .";6;649;the hovercraft - a new concept in maritime transport .;14.233246228399178;True
12;"how can the aerodynamic performance of channel flow ground effect
machines be calculated .";7;704;"a systematic kernel function procedure for determining aerodynamic
forces on oscillating or steady finite wings at subsonic speeds .";13.393128593001812;False
12;"how can the aerodynamic performance of channel flow ground effect
machines be calculated .";8;1221;"steady flow of conducting fluids in channels under
transverse magnetic fields, with consideration of hall
effect .";12.23419164686571;False
12;"how can the aerodynamic performance of channel flow ground effect
machines be calculated .";9;1232;the curtain jet .;12.002938835820226;False
12;"how can the aerodynamic performance of channel flow ground effect
machines be calculated .";10;325;"heat transfer to constant property laminar boundary
layer flows with power function free stream velocity
and wall temperature variation .";11.882768841096018;False
120;"are previous analyses of circumferential thermal buckling of circular
cylindrical shells unnecessarily involved or even inaccurate due to the
assumed forms of buckling mode .";1;769;"local circumferential buckling of thin circular cylindrical
shells .";44.380309661181194;False
120;"are previous analyses of circumferential thermal buckling of circular
cylindrical shells unnecessarily involved or even inaccurate due to the
assumed forms of buckling mode .";2;887;"buckling due to thermal stress of cylindrical shells
subjected to axial temperature distributions .";31.05540107774749;True
120;"are previous analyses of circumferential thermal buckling of circular
cylindrical shells unnecessarily involved or even inaccurate due to the
assumed forms of buckling mode .";3;890;comments on 'thermal buckling of clamped cylindrical shells' .;28.06173407291395;True
120;"are previous analyses of circumferential thermal buckling of circular
cylindrical shells unnecessarily involved or even inaccurate due to the
assumed forms of buckling mode .";4;1172;"elastic stability of circular cylindrical shells stabilized
by a soft elastic core .";22.642746211724376;False
120;"are previous analyses of circumferential thermal buckling of circular
cylindrical shells unnecessarily involved or even inaccurate due to the
assumed forms of buckling mode .";5;1070;buckling of orthotropic and stiffened conical shells .;22.039014250842698;False
120;"are previous analyses of circumferential thermal buckling of circular
cylindrical shells unnecessarily involved or even inaccurate due to the
assumed forms of buckling mode .";6;891;"buckling of a finite length cylindrical shell under
a circumferential band of pressure .";21.935945619701812;True
120;"are previous analyses of circumferential thermal buckling of circular
cylindrical shells unnecessarily involved or even inaccurate due to the
assumed forms of buckling mode .";7;1145;"buckling of core-stabilized cylinders under axisymmetric external
loads .";21.78105015915066;False
120;"are previous analyses of circumferential thermal buckling of circular
cylindrical shells unnecessarily involved or even inaccurate due to the
assumed forms of buckling mode .";8;764;"breathing vibrations of a circular shell with an internal
liquid .";21.709310211571083;False
120;"are previous analyses of circumferential thermal buckling of circular
cylindrical shells unnecessarily involved or even inaccurate due to the
assumed forms of buckling mode .";9;886;thermal buckling of clamped cylindrical shells .;21.63519787695716;True
120;"are previous analyses of circumferential thermal buckling of circular
cylindrical shells unnecessarily involved or even inaccurate due to the
assumed forms of buckling mode .";10;1122;"on the role of initial imperfections in plastic buckling
of cylinders under axial compression .";21.21789696463201;False
121;"what papers are there dealing with circumferential buckling either
thermal buckling or due to mechanical loading .";1;769;"local circumferential buckling of thin circular cylindrical
shells .";22.45757847311644;False
121;"what papers are there dealing with circumferential buckling either
thermal buckling or due to mechanical loading .";2;890;comments on 'thermal buckling of clamped cylindrical shells' .;21.156204365800306;True
121;"what papers are there dealing with circumferential buckling either
thermal buckling or due to mechanical loading .";3;887;"buckling due to thermal stress of cylindrical shells
subjected to axial temperature distributions .";19.322002249412886;True
121;"what papers are there dealing with circumferential buckling either
thermal buckling or due to mechanical loading .";4;1146;thermal buckling of cylinders .;19.303568317536097;True
121;"what papers are there dealing with circumferential buckling either
thermal buckling or due to mechanical loading .";5;888;"combinations of temperature and axial compression required
for buckling of a ring-stiffened cylinder .";18.20545519659781;True
121;"what papers are there dealing with circumferential buckling either
thermal buckling or due to mechanical loading .";6;1017;note on creep buckling of columns .;17.906964283377476;False
121;"what papers are there dealing with circumferential buckling either
thermal buckling or due to mechanical loading .";7;1056;"axisymmetric large deflections of circular plates subjected
to thermal and mechanical load .";16.291044074714915;False
121;"what papers are there dealing with circumferential buckling either
thermal buckling or due to mechanical loading .";8;837;"inelastic behaviour of structures subjected to cyclic
thermal and mechanical stressing conditions .";15.283987976180196;False
121;"what papers are there dealing with circumferential buckling either
thermal buckling or due to mechanical loading .";9;742;"post-buckling behaviour of axially compressed circular
cylinder shells .";14.322059776974744;False
121;"what papers are there dealing with circumferential buckling either
thermal buckling or due to mechanical loading .";10;1127;the buckling of sandwich type panels .;14.273810594493872;False
122;"what analytical investigations have been made of the stability of
conical shells . how do the results compare with experiment .";1;898;"a survey of buckling theory and experiment for circular
conical shells of constant thickness .";21.07046575555273;False
122;"what analytical investigations have been made of the stability of
conical shells . how do the results compare with experiment .";2;78;"an analytical treatment of aircraft propeller precession
instability .";17.41903225808256;False
122;"what analytical investigations have been made of the stability of
conical shells . how do the results compare with experiment .";3;1068;"instability analysis of cylindrical shells under hydrostatic
pressure .";17.125525986498886;False
122;"what analytical investigations have been made of the stability of
conical shells . how do the results compare with experiment .";4;251;"a collection of longitudinal stability derivatives
of wings at supersonic speeds .";16.542439563610273;False
122;"what analytical investigations have been made of the stability of
conical shells . how do the results compare with experiment .";5;1070;buckling of orthotropic and stiffened conical shells .;16.16999854896969;False
122;"what analytical investigations have been made of the stability of
conical shells . how do the results compare with experiment .";6;934;"stability of cylindrical and conical shells of circular
cross section, with simultaneous action of axial compression
and external normal pressure .";15.882283075359641;True
122;"what analytical investigations have been made of the stability of
conical shells . how do the results compare with experiment .";7;893;"a new design of pitot-static tube with a discussion
of pitot-static tubes and their calibration factors .";15.695105758344807;False
122;"what analytical investigations have been made of the stability of
conical shells . how do the results compare with experiment .";8;931;stability equations for conical shells .;15.548763864998682;True
122;"what analytical investigations have been made of the stability of
conical shells . how do the results compare with experiment .";9;315;"scale effects at high subsonic and transonic speeds
and methods for fixing transition in model experiments .";15.408429392200734;False
122;"what analytical investigations have been made of the stability of
conical shells . how do the results compare with experiment .";10;1118;elastic stability of orthotropic shells .;15.229798073759484;False
123;"has any work been done on determining the nature of compressible
viscous flow in a straight channel .";1;1360;"simplified analysis of general instability of stiffened
shells in pure bending .";19.94422446525207;False
123;"has any work been done on determining the nature of compressible
viscous flow in a straight channel .";2;941;"viscous compressible and incompressible flow in slender
channels .";18.632267140777753;False
123;"has any work been done on determining the nature of compressible
viscous flow in a straight channel .";3;740;"the behaviour of a cylindrical shell under axial compression
when the buckling load has been exceeded .";16.182388628470587;False
123;"has any work been done on determining the nature of compressible
viscous flow in a straight channel .";4;112;"steady motion of conducting fluids in pipes under transverse
magnetic fields .";15.641644559023346;False
123;"has any work been done on determining the nature of compressible
viscous flow in a straight channel .";5;147;"supersonic flow past slender pointed wings with ?similar?
cross sections at zero lift .";14.661226223660133;False
123;"has any work been done on determining the nature of compressible
viscous flow in a straight channel .";6;742;"post-buckling behaviour of axially compressed circular
cylinder shells .";14.616532308741084;False
123;"has any work been done on determining the nature of compressible
viscous flow in a straight channel .";7;775;studies on two dimensional flows of compressible fluid.;14.354786839085028;False
123;"has any work been done on determining the nature of compressible
viscous flow in a straight channel .";8;270;"on combined free and forced convection laminar magnetohydrodynamic
flow and heat transfer in channels with transverse
magnetic field .";14.207695575767014;False
123;"has any work been done on determining the nature of compressible
viscous flow in a straight channel .";9;1221;"steady flow of conducting fluids in channels under
transverse magnetic fields, with consideration of hall
effect .";14.145464821673464;False
123;"has any work been done on determining the nature of compressible
viscous flow in a straight channel .";10;131;two-dimensional jet mixing of a compressible fluid .;13.918467335034052;False
124;"in what areas, other than low density wind tunnel flows, is viscous
compressible flow in slender channels a problem .
what analytical investigations have been made of the stability of
conical shells . how do the results compare with experiment .";1;941;"viscous compressible and incompressible flow in slender
channels .";28.885967297512572;False
124;"in what areas, other than low density wind tunnel flows, is viscous
compressible flow in slender channels a problem .
what analytical investigations have been made of the stability of
conical shells . how do the results compare with experiment .";2;516;"free-flight measurements of the dynamic longitudinal
stability characteristics of a wind tunnel interference
model (m=0 .92 to 1. 35) .";24.97295106043939;False
124;"in what areas, other than low density wind tunnel flows, is viscous
compressible flow in slender channels a problem .
what analytical investigations have been made of the stability of
conical shells . how do the results compare with experiment .";3;78;"an analytical treatment of aircraft propeller precession
instability .";23.7417230838048;False
124;"in what areas, other than low density wind tunnel flows, is viscous
compressible flow in slender channels a problem .
what analytical investigations have been made of the stability of
conical shells . how do the results compare with experiment .";4;315;"scale effects at high subsonic and transonic speeds
and methods for fixing transition in model experiments .";23.666910390185354;False
124;"in what areas, other than low density wind tunnel flows, is viscous
compressible flow in slender channels a problem .
what analytical investigations have been made of the stability of
conical shells . how do the results compare with experiment .";5;442;"some effects of variations in several parameters including
fluid density on the flutter speed of light uniform
cantilever wings .";21.968195884047606;False
124;"in what areas, other than low density wind tunnel flows, is viscous
compressible flow in slender channels a problem .
what analytical investigations have been made of the stability of
conical shells . how do the results compare with experiment .";6;934;"stability of cylindrical and conical shells of circular
cross section, with simultaneous action of axial compression
and external normal pressure .";21.896832169621376;False
124;"in what areas, other than low density wind tunnel flows, is viscous
compressible flow in slender channels a problem .
what analytical investigations have been made of the stability of
conical shells . how do the results compare with experiment .";7;898;"a survey of buckling theory and experiment for circular
conical shells of constant thickness .";21.459411034087328;False
124;"in what areas, other than low density wind tunnel flows, is viscous
compressible flow in slender channels a problem .
what analytical investigations have been made of the stability of
conical shells . how do the results compare with experiment .";8;73;"investigation of the stability of the laminar boundary
layer in a compressible fluid .";21.128919364608798;False
124;"in what areas, other than low density wind tunnel flows, is viscous
compressible flow in slender channels a problem .
what analytical investigations have been made of the stability of
conical shells . how do the results compare with experiment .";9;600;"the calculation of lateral stability derivatives of
slender wings at incidence including fin effectiveness,
and correlation with experiment .";20.643105723389734;False
124;"in what areas, other than low density wind tunnel flows, is viscous
compressible flow in slender channels a problem .
what analytical investigations have been made of the stability of
conical shells . how do the results compare with experiment .";10;514;"pressure distributions and flow patterns on some conical
shapes with sharp edges and symmetrical cross-sections
at m=4 .0.";20.458108908995413;False
125;jet interference with supersonic flow  -dash experimental papers .;1;997;experimental and theoretical studies of axisymmetric free jets .;13.983951550560565;True
125;jet interference with supersonic flow  -dash experimental papers .;2;993;"the extent of the jet interference flow fields .
jet effects on cylindrical afterbodies housing sonic and supersonic
nozzles which exhaust against a supersonic stream at angles of attack
from 90degree to 180degree .";13.92121328272869;False
125;jet interference with supersonic flow  -dash experimental papers .;3;176;"base pressure at subsonic speeds in the presence of
a supersonic jet .";12.62497872515247;True
125;jet interference with supersonic flow  -dash experimental papers .;4;1074;"theoretical and experimental investigation of second-order supersonic
wing-body interference .";11.93270944141055;False
125;jet interference with supersonic flow  -dash experimental papers .;5;1083;an investigation of fluid flow in two dimensions .;11.899444387523788;False
125;jet interference with supersonic flow  -dash experimental papers .;6;970;"loads induced on a flat plate wing by an air jet exhausting
perpendicularly through the wing and normal to a free-stream flow of mach
number 2.0 .";11.560367058353954;True
125;jet interference with supersonic flow  -dash experimental papers .;7;131;two-dimensional jet mixing of a compressible fluid .;11.542574818019524;False
125;jet interference with supersonic flow  -dash experimental papers .;8;1093;"induced interference effects on jet and buried-fan
vtol configurations in transition .";11.416667620572468;False
125;jet interference with supersonic flow  -dash experimental papers .;9;696;"pressure loads produced on a flat-plate wing by rocket jets exhausting
in a spanwise direction below the wing and perpendicular to a
free-stream flow of mach number 2.0 .";11.12893307420099;False
125;jet interference with supersonic flow  -dash experimental papers .;10;1075;"an experimental and theoretical investigation of second-order supersonic
 wing-body interference, for a non-lifting body with wings at incidence .";11.037054305246265;False
126;thrust vector control by fluid injection -dash papers .;1;1326;"interaction of secondary injectants and rocket exhaust
for thrust vector control .";28.628446322532394;True
126;thrust vector control by fluid injection -dash papers .;2;1288;"analysis of the fluid mechanics of secondary injection
for thrust vector control .";27.498822602782386;False
126;thrust vector control by fluid injection -dash papers .;3;974;approximate analysis of thrust vector control by fluid injection .;25.298228207213796;True
126;thrust vector control by fluid injection -dash papers .;4;773;"q . app . math . 7, 1950, 381 . experiments on porous-wall
cooling and flow separation control in a supersonic
nozzle .";16.883337026104783;False
126;thrust vector control by fluid injection -dash papers .;5;1095;"investigation of effectiveness of large-chord slotted
flaps in deflecting propeller slipstreams downward
for vertical take-off and low-speed flight .";15.139982317519326;False
126;thrust vector control by fluid injection -dash papers .;6;1083;an investigation of fluid flow in two dimensions .;12.455378676382852;False
126;thrust vector control by fluid injection -dash papers .;7;1265;"on the thrust hypothesis for the jet flap including
jet-mixing effects .";11.979498582896296;False
126;thrust vector control by fluid injection -dash papers .;8;1169;"hangling qualities experience with several vtol research
aircraft .";11.00218361548075;False
126;thrust vector control by fluid injection -dash papers .;9;397;"a sublayer for fluid injection into the incompressible
turbulent boundary layer .";10.431667421870157;False
126;thrust vector control by fluid injection -dash papers .;10;711;"an investigation at subsonic speeds of aerodynamic characteristics at
angles of attack from -dash 4degrees to 100degrees of a delta-wing
reentry configuration having folding wingtip panels .";10.076112771768555;False
127;"is it possible to obtain a reasonably simple analytical solution to the
heat equation for an exponential (in time) heat input .";1;6;"one-dimensional transient heat flow in a multilayer
slab .";21.38296281931811;False
127;"is it possible to obtain a reasonably simple analytical solution to the
heat equation for an exponential (in time) heat input .";2;869;"the calculation of transient temperature in turbine
blades and tapered discs using biot's variational method .";21.117448980208373;False
127;"is it possible to obtain a reasonably simple analytical solution to the
heat equation for an exponential (in time) heat input .";3;5;"one-dimensional transient heat conduction into a double-layer
slab subjected to a linear heat input for a small time
internal .";20.504012081390716;False
127;"is it possible to obtain a reasonably simple analytical solution to the
heat equation for an exponential (in time) heat input .";4;981;"solutions to the heat-conduction equation with time dependent boundary
conditions .";17.68283775499863;True
127;"is it possible to obtain a reasonably simple analytical solution to the
heat equation for an exponential (in time) heat input .";5;582;the melting of finite slabs .;17.227506640044215;False
127;"is it possible to obtain a reasonably simple analytical solution to the
heat equation for an exponential (in time) heat input .";6;1375;"an approximate solution for the axisymmetric jet of a laminar
compressible fluid .";15.049725589236951;False
127;"is it possible to obtain a reasonably simple analytical solution to the
heat equation for an exponential (in time) heat input .";7;158;"temperature charts for induction and constant temperature
heating .";14.788182444227408;False
127;"is it possible to obtain a reasonably simple analytical solution to the
heat equation for an exponential (in time) heat input .";8;34;constant-temperature magneto-gasdynamic channel flow .;14.046214840117718;False
127;"is it possible to obtain a reasonably simple analytical solution to the
heat equation for an exponential (in time) heat input .";9;1248;an analytic extension of the shock-expansion method .;13.70297115546966;False
127;"is it possible to obtain a reasonably simple analytical solution to the
heat equation for an exponential (in time) heat input .";10;944;"one dimensional heat conduction through the skin of
a vehicle upon entering a planetary atmosphere at constant
velocity and entry angle .";13.640535104615118;False
128;"has anyone programmed a pump design method for a high-speed digital
computer .";1;945;"method for design of pump impellers using a high speed
digital computer .";33.20634051892432;False
128;"has anyone programmed a pump design method for a high-speed digital
computer .";2;92;"the analysis of redundant structures by the use of
high-speed digital computers .";19.790084994022266;False
128;"has anyone programmed a pump design method for a high-speed digital
computer .";3;1063;"on obtaining solutions to the navier-stokes equations
with high speed digital computers .";19.285450177051203;False
128;"has anyone programmed a pump design method for a high-speed digital
computer .";4;1246;"solution of subsonic nonplanar lifting surface problems
by means of high-speed digital computers .";17.484807893841168;False
128;"has anyone programmed a pump design method for a high-speed digital
computer .";5;745;"an automatic method for finding the greatest or least
value function .";16.41493180660242;False
128;"has anyone programmed a pump design method for a high-speed digital
computer .";6;1087;"convergence rates of iterative treatments of partial differential
equations .";16.141536688502203;False
128;"has anyone programmed a pump design method for a high-speed digital
computer .";7;1043;on transverse vibrations of thin, shallow elastic shells .;13.944527219439333;False
128;"has anyone programmed a pump design method for a high-speed digital
computer .";8;248;"the application of lighthill formula for numerical
calculation of pressure distributions on bodies of
revolution at supersonic speed and zero angle of attack .";13.5636315868046;False
128;"has anyone programmed a pump design method for a high-speed digital
computer .";9;493;"real-gas laminar boundary layer skin friction and heat
transfer .";13.377016960873933;False
128;"has anyone programmed a pump design method for a high-speed digital
computer .";10;762;"allowable axial loads and bending moments for inelastic structures
under nonuniform temperature distribution .";12.345075238007736;False
129;"has anyone derived simplified pump design equation from the fundamental
three-dimensional equations for incompressible nonviscous flow .";1;945;"method for design of pump impellers using a high speed
digital computer .";30.306776757551827;False
129;"has anyone derived simplified pump design equation from the fundamental
three-dimensional equations for incompressible nonviscous flow .";2;988;"nonviscous flow through a pump impeller on a blade-to-blade surface of
revolution .";23.907134374024423;True
129;"has anyone derived simplified pump design equation from the fundamental
three-dimensional equations for incompressible nonviscous flow .";3;989;"incompressible nonviscous blade-to-blade flow through a pump rotor with
splitter vanes .";22.747264143855812;True
129;"has anyone derived simplified pump design equation from the fundamental
three-dimensional equations for incompressible nonviscous flow .";4;985;"a rapid approximate method for the design of hub shroud profiles of
centrifugal impellers of given blade shape .";18.03658548624771;True
129;"has anyone derived simplified pump design equation from the fundamental
three-dimensional equations for incompressible nonviscous flow .";5;987;"a general theory of three dimensional flow in subsonic and supersonic
turbo-machines of axial-radial-and mixed-flow types .";17.098171549338353;True
129;"has anyone derived simplified pump design equation from the fundamental
three-dimensional equations for incompressible nonviscous flow .";6;86;"inviscid-incompressible flow theory of static peripheral
jets in proximity to the ground .";16.067279055077236;False
129;"has anyone derived simplified pump design equation from the fundamental
three-dimensional equations for incompressible nonviscous flow .";7;314;"simplified method for determination of the critical
height of distributed roughness particles for boundary
layer transition at mach numbers from 0 to 5.";15.797542896923396;False
129;"has anyone derived simplified pump design equation from the fundamental
three-dimensional equations for incompressible nonviscous flow .";8;527;"note on the three-point boundary layer problem for
the blasius equations .";14.283920259342377;False
129;"has anyone derived simplified pump design equation from the fundamental
three-dimensional equations for incompressible nonviscous flow .";9;36;supersonic flow around blunt bodies .;14.210540735890362;False
129;"has anyone derived simplified pump design equation from the fundamental
three-dimensional equations for incompressible nonviscous flow .";10;404;two dimensional transonic flow past airfoils .;13.884014876137993;False
13;what is the basic mechanism of the transonic aileron buzz .;1;496;"a theory of transonic aileron buzz, neglecting viscous
effects .";26.23006147913064;False
13;what is the basic mechanism of the transonic aileron buzz .;2;903;"two dimensional transonic unsteady flow with shock
waves .";14.833711618715867;False
13;what is the basic mechanism of the transonic aileron buzz .;3;520;"wing-tail interference as a cause of 'magnus' effects
on a finned missile .";12.713337834342791;False
13;what is the basic mechanism of the transonic aileron buzz .;4;313;"on alternative forms for the basic equations of transonic
flow theory .";11.489167946601395;False
13;what is the basic mechanism of the transonic aileron buzz .;5;440;"compilation of information on the transonic attachment
of flows at the leading edge of airfoils .";9.967613106126318;False
13;what is the basic mechanism of the transonic aileron buzz .;6;643;"an investigation of wing-aileron flutter using ground
launched rocket models .";9.45176203681514;False
13;what is the basic mechanism of the transonic aileron buzz .;7;38;"on the prediction of mixed subsonic/supersonic pressure
distributions .";9.441439764336415;False
13;what is the basic mechanism of the transonic aileron buzz .;8;199;"measurement of two dimensional derivatives on a wing-aileron-tab
system .";9.334432476011985;False
13;what is the basic mechanism of the transonic aileron buzz .;9;1268;"stable combustion of a high-velocity gas in a heated
boundary layer .";9.29014424114;False
13;what is the basic mechanism of the transonic aileron buzz .;10;880;the design and testing of supersonic flutter models .;8.8706917609578;False
130;"what are the flutter characteristics of the exposed skin panels of the
x-15 vertical stabilizer when subjected to aerodynamic heating .";1;859;"flutter of aerodynamically heated aluminium-alloy and
stainless steel panels with length-width ratio of 10
at mach 3. 0.";31.30010201368354;True
130;"what are the flutter characteristics of the exposed skin panels of the
x-15 vertical stabilizer when subjected to aerodynamic heating .";2;948;"panel flutter tests on full scale x-15 lower vertical
stabilizer at mach number of 3. 0.";29.4384390510596;False
130;"what are the flutter characteristics of the exposed skin panels of the
x-15 vertical stabilizer when subjected to aerodynamic heating .";3;766;"experimental investigation at mach number of 3. 0 of
effects of thermal stress and buckling on flutter characteristics
of flat single-bay panels of length-width ratio 0. 96 .";21.82336589626723;True
130;"what are the flutter characteristics of the exposed skin panels of the
x-15 vertical stabilizer when subjected to aerodynamic heating .";4;729;stresses in continuous skin stiffener panels under random loading .;21.137568443624;False
130;"what are the flutter characteristics of the exposed skin panels of the
x-15 vertical stabilizer when subjected to aerodynamic heating .";5;1008;free-flight measurements of the static and dynamic .;19.999369291006424;True
130;"what are the flutter characteristics of the exposed skin panels of the
x-15 vertical stabilizer when subjected to aerodynamic heating .";6;391;"flutter of rectangular simply supported panels at high
supersonic speeds .";19.718410123839504;False
130;"what are the flutter characteristics of the exposed skin panels of the
x-15 vertical stabilizer when subjected to aerodynamic heating .";7;858;"experimental investigation at mach numbers 3. 0 of
the effects of thermal stress and buckling on the flutter
of four-bay aluminium alloy panels with length-width
ratios of 10 .";19.157080282512197;True
130;"what are the flutter characteristics of the exposed skin panels of the
x-15 vertical stabilizer when subjected to aerodynamic heating .";8;251;"a collection of longitudinal stability derivatives
of wings at supersonic speeds .";18.53726278486724;False
130;"what are the flutter characteristics of the exposed skin panels of the
x-15 vertical stabilizer when subjected to aerodynamic heating .";9;894;"flutter of a two dimensional simply supported buckled
panel with elastic restraint against edge displacement .";17.429778309510517;False
130;"what are the flutter characteristics of the exposed skin panels of the
x-15 vertical stabilizer when subjected to aerodynamic heating .";10;627;flutter analysis of circular panels .;17.28805572284045;False
131;"what agreement is found between theoretically predicted instability
times and experimentally measured collapse times for compressed columns
in creep .";1;950;"comparison of theoretical and experimental creep buckling
times of initially straight, centrally loaded columns .";38.20325242097835;False
131;"what agreement is found between theoretically predicted instability
times and experimentally measured collapse times for compressed columns
in creep .";2;1021;note on creep buckling of columns .;33.615346548110416;False
131;"what agreement is found between theoretically predicted instability
times and experimentally measured collapse times for compressed columns
in creep .";3;1025;note on creep buckling of columns .;27.001377966614463;False
131;"what agreement is found between theoretically predicted instability
times and experimentally measured collapse times for compressed columns
in creep .";4;1022;note on creep buckling of columns .;26.86665408980999;False
131;"what agreement is found between theoretically predicted instability
times and experimentally measured collapse times for compressed columns
in creep .";5;1023;note on creep buckling of columns .;26.285897966053117;False
131;"what agreement is found between theoretically predicted instability
times and experimentally measured collapse times for compressed columns
in creep .";6;1012;"principles of creep buckling weight-strength analysis
of aircraft structures .";24.38715754156072;True
131;"what agreement is found between theoretically predicted instability
times and experimentally measured collapse times for compressed columns
in creep .";7;1028;note on creep buckling of columns .;23.53008750874973;False
131;"what agreement is found between theoretically predicted instability
times and experimentally measured collapse times for compressed columns
in creep .";8;952;"study of creep collapse of a long circular cylindrical
shell under various distributed force systems .";22.760548185548465;False
131;"what agreement is found between theoretically predicted instability
times and experimentally measured collapse times for compressed columns
in creep .";9;1034;note on creep buckling of columns .;22.057348461772662;False
131;"what agreement is found between theoretically predicted instability
times and experimentally measured collapse times for compressed columns
in creep .";10;1019;note on creep buckling of columns .;21.601900082997098;True
132;theoretical studies of creep buckling .;1;1021;note on creep buckling of columns .;14.197854920456574;False
132;theoretical studies of creep buckling .;2;1017;note on creep buckling of columns .;13.898327162882776;True
132;theoretical studies of creep buckling .;3;950;"comparison of theoretical and experimental creep buckling
times of initially straight, centrally loaded columns .";13.501455470745896;False
132;theoretical studies of creep buckling .;4;1025;note on creep buckling of columns .;12.901603186622712;True
132;theoretical studies of creep buckling .;5;1018;note on creep buckling of columns .;11.822124826606732;True
132;theoretical studies of creep buckling .;6;1013;principles of creep buckling weight-strength analysis .;11.59433205070123;True
132;theoretical studies of creep buckling .;7;1026;note on creep buckling of columns .;11.54326754946069;True
132;theoretical studies of creep buckling .;8;1023;note on creep buckling of columns .;11.234391796625268;True
132;theoretical studies of creep buckling .;9;1020;note on creep buckling of columns .;11.16672661469224;True
132;theoretical studies of creep buckling .;10;952;"study of creep collapse of a long circular cylindrical
shell under various distributed force systems .";11.121951716858966;True
133;experimental studies of creep buckling .;1;950;"comparison of theoretical and experimental creep buckling
times of initially straight, centrally loaded columns .";13.014450214514074;False
133;experimental studies of creep buckling .;2;951;a unified theory of creep buckling under normal loads .;12.4617647500637;False
133;experimental studies of creep buckling .;3;1018;note on creep buckling of columns .;11.822124826606732;True
133;experimental studies of creep buckling .;4;1028;note on creep buckling of columns .;11.725347219313573;False
133;experimental studies of creep buckling .;5;1019;note on creep buckling of columns .;11.65520419138216;True
133;experimental studies of creep buckling .;6;1013;principles of creep buckling weight-strength analysis .;11.59433205070123;False
133;experimental studies of creep buckling .;7;1026;note on creep buckling of columns .;11.54326754946069;False
133;experimental studies of creep buckling .;8;1016;principles of creep buckling weight-strength analysis .;11.468163961950195;True
133;experimental studies of creep buckling .;9;1023;note on creep buckling of columns .;11.234391796625268;False
133;experimental studies of creep buckling .;10;1025;note on creep buckling of columns .;11.219781083000637;False
134;"is it possible to correlate the results on the creep buckling of widely
different structures within the framework of a single theory .";1;951;a unified theory of creep buckling under normal loads .;23.0338754621519;False
134;"is it possible to correlate the results on the creep buckling of widely
different structures within the framework of a single theory .";2;1028;note on creep buckling of columns .;22.36882277371079;True
134;"is it possible to correlate the results on the creep buckling of widely
different structures within the framework of a single theory .";3;1012;"principles of creep buckling weight-strength analysis
of aircraft structures .";21.272360626625087;False
134;"is it possible to correlate the results on the creep buckling of widely
different structures within the framework of a single theory .";4;866;regularities in creep and hot fatigue data .;20.559967919020472;False
134;"is it possible to correlate the results on the creep buckling of widely
different structures within the framework of a single theory .";5;1015;principles of creep buckling weight-strength analysis .;16.841560564191006;False
134;"is it possible to correlate the results on the creep buckling of widely
different structures within the framework of a single theory .";6;1017;note on creep buckling of columns .;16.684834980699808;False
134;"is it possible to correlate the results on the creep buckling of widely
different structures within the framework of a single theory .";7;1035;note on creep buckling of columns .;16.560239717433173;False
134;"is it possible to correlate the results on the creep buckling of widely
different structures within the framework of a single theory .";8;1013;principles of creep buckling weight-strength analysis .;15.392207139776527;False
134;"is it possible to correlate the results on the creep buckling of widely
different structures within the framework of a single theory .";9;1014;principles of creep buckling weight-strength analysis .;15.188810216052827;False
134;"is it possible to correlate the results on the creep buckling of widely
different structures within the framework of a single theory .";10;1031;note on creep buckling of columns .;15.184062297400443;False
135;what are the experimental results for the creep buckling of columns .;1;950;"comparison of theoretical and experimental creep buckling
times of initially straight, centrally loaded columns .";19.771413784607276;True
135;what are the experimental results for the creep buckling of columns .;2;1020;note on creep buckling of columns .;19.394314035900287;False
135;what are the experimental results for the creep buckling of columns .;3;1026;note on creep buckling of columns .;19.341575948575134;True
135;what are the experimental results for the creep buckling of columns .;4;1019;note on creep buckling of columns .;19.18272618470734;False
135;what are the experimental results for the creep buckling of columns .;5;1017;note on creep buckling of columns .;19.033107583440945;True
135;what are the experimental results for the creep buckling of columns .;6;1016;principles of creep buckling weight-strength analysis .;18.929113023276585;True
135;what are the experimental results for the creep buckling of columns .;7;951;a unified theory of creep buckling under normal loads .;18.707638831131614;False
135;what are the experimental results for the creep buckling of columns .;8;1018;note on creep buckling of columns .;18.59493735578191;True
135;what are the experimental results for the creep buckling of columns .;9;1013;principles of creep buckling weight-strength analysis .;18.360258510012102;False
135;what are the experimental results for the creep buckling of columns .;10;1023;note on creep buckling of columns .;18.309119877172368;True
136;"what are the results for the creep buckling of round tubes under
external pressure .";1;1021;note on creep buckling of columns .;20.01061251524337;True
136;"what are the results for the creep buckling of round tubes under
external pressure .";2;951;a unified theory of creep buckling under normal loads .;19.02504778140244;False
136;"what are the results for the creep buckling of round tubes under
external pressure .";3;891;"buckling of a finite length cylindrical shell under
a circumferential band of pressure .";17.102729126152333;False
136;"what are the results for the creep buckling of round tubes under
external pressure .";4;1125;"collapse by instability of thin cylindrical shells
under external pressure .";16.22293316562295;False
136;"what are the results for the creep buckling of round tubes under
external pressure .";5;829;stability of thin-walled tubes under torsion .;16.138988148076347;False
136;"what are the results for the creep buckling of round tubes under
external pressure .";6;1031;note on creep buckling of columns .;16.00793859897749;False
136;"what are the results for the creep buckling of round tubes under
external pressure .";7;1033;"the design of tubes under uniform external pressure on the
basis of assumed inaccuracies .";15.839459425090478;False
136;"what are the results for the creep buckling of round tubes under
external pressure .";8;1034;note on creep buckling of columns .;15.524770818389362;True
136;"what are the results for the creep buckling of round tubes under
external pressure .";9;831;buckling of shallow shells under external pressure .;15.215374343807333;False
136;"what are the results for the creep buckling of round tubes under
external pressure .";10;1131;"the effect of axial constraint on the instability of
thin conical shells under external pressure .";15.124789596693775;False
137;"have any analytical studies been conducted on the time-to-failure
mechanism associated with creep collapse for a long circular cylindrical
shell which exhibits both primary and secondary creep as well as elastic
deformations under various distributed force systems .";1;952;"study of creep collapse of a long circular cylindrical
shell under various distributed force systems .";64.64809631129957;False
137;"have any analytical studies been conducted on the time-to-failure
mechanism associated with creep collapse for a long circular cylindrical
shell which exhibits both primary and secondary creep as well as elastic
deformations under various distributed force systems .";2;1034;note on creep buckling of columns .;37.17155317233874;True
137;"have any analytical studies been conducted on the time-to-failure
mechanism associated with creep collapse for a long circular cylindrical
shell which exhibits both primary and secondary creep as well as elastic
deformations under various distributed force systems .";3;1023;note on creep buckling of columns .;32.73071860548191;False
137;"have any analytical studies been conducted on the time-to-failure
mechanism associated with creep collapse for a long circular cylindrical
shell which exhibits both primary and secondary creep as well as elastic
deformations under various distributed force systems .";4;1026;note on creep buckling of columns .;31.589012060879334;False
137;"have any analytical studies been conducted on the time-to-failure
mechanism associated with creep collapse for a long circular cylindrical
shell which exhibits both primary and secondary creep as well as elastic
deformations under various distributed force systems .";5;837;"inelastic behaviour of structures subjected to cyclic
thermal and mechanical stressing conditions .";30.147161656665848;False
137;"have any analytical studies been conducted on the time-to-failure
mechanism associated with creep collapse for a long circular cylindrical
shell which exhibits both primary and secondary creep as well as elastic
deformations under various distributed force systems .";6;1024;note on creep buckling of columns .;28.485145728631384;False
137;"have any analytical studies been conducted on the time-to-failure
mechanism associated with creep collapse for a long circular cylindrical
shell which exhibits both primary and secondary creep as well as elastic
deformations under various distributed force systems .";7;955;"the membrane approach to bending instability of pressureized
cylindrical shells .";28.37452916908974;False
137;"have any analytical studies been conducted on the time-to-failure
mechanism associated with creep collapse for a long circular cylindrical
shell which exhibits both primary and secondary creep as well as elastic
deformations under various distributed force systems .";8;1025;note on creep buckling of columns .;27.917396594114646;False
137;"have any analytical studies been conducted on the time-to-failure
mechanism associated with creep collapse for a long circular cylindrical
shell which exhibits both primary and secondary creep as well as elastic
deformations under various distributed force systems .";9;1125;"collapse by instability of thin cylindrical shells
under external pressure .";27.813656936470867;False
137;"have any analytical studies been conducted on the time-to-failure
mechanism associated with creep collapse for a long circular cylindrical
shell which exhibits both primary and secondary creep as well as elastic
deformations under various distributed force systems .";10;1035;note on creep buckling of columns .;27.144791904962325;False
138;"has the effect of initial stresses,  on the frequencies of vibration of
circular cylindrical shells,  been investigated .";1;953;"vibrations of infinitely long cylindrical shells under
initial stress .";27.60300042418986;False
138;"has the effect of initial stresses,  on the frequencies of vibration of
circular cylindrical shells,  been investigated .";2;764;"breathing vibrations of a circular shell with an internal
liquid .";26.397809280042384;False
138;"has the effect of initial stresses,  on the frequencies of vibration of
circular cylindrical shells,  been investigated .";3;847;"experimental study of the vibrations of a circular
cylindrical shell .";25.162292059591337;False
138;"has the effect of initial stresses,  on the frequencies of vibration of
circular cylindrical shells,  been investigated .";4;846;"on the vibration of thin cylindrical shells under internal
pressure .";24.195505325336853;True
138;"has the effect of initial stresses,  on the frequencies of vibration of
circular cylindrical shells,  been investigated .";5;897;"some results on buckling and postbuckling of cylindrical
shells .";23.974587210195068;False
138;"has the effect of initial stresses,  on the frequencies of vibration of
circular cylindrical shells,  been investigated .";6;844;"flexural vibrations of the walls of thin cylindrical
shells having freely supported ends .";21.324677528106264;False
138;"has the effect of initial stresses,  on the frequencies of vibration of
circular cylindrical shells,  been investigated .";7;740;"the behaviour of a cylindrical shell under axial compression
when the buckling load has been exceeded .";21.248704624704775;False
138;"has the effect of initial stresses,  on the frequencies of vibration of
circular cylindrical shells,  been investigated .";8;848;"the effect of an internal compressible fluid column
on the breathing vibrations of a thin pressurised cylindrical
shell .";20.905650536570775;False
138;"has the effect of initial stresses,  on the frequencies of vibration of
circular cylindrical shells,  been investigated .";9;1068;"instability analysis of cylindrical shells under hydrostatic
pressure .";20.351792291500722;False
138;"has the effect of initial stresses,  on the frequencies of vibration of
circular cylindrical shells,  been investigated .";10;841;"on the bending of circular cylindrical shells under
pure bending .";20.01424944297828;False
139;"has the effect of the change of initial pressure due to deformation,  on
the frequencies of vibration of circular cylindrical shells been
investigated .";1;897;"some results on buckling and postbuckling of cylindrical
shells .";26.97338959967681;False
139;"has the effect of the change of initial pressure due to deformation,  on
the frequencies of vibration of circular cylindrical shells been
investigated .";2;764;"breathing vibrations of a circular shell with an internal
liquid .";26.507671078701087;False
139;"has the effect of the change of initial pressure due to deformation,  on
the frequencies of vibration of circular cylindrical shells been
investigated .";3;847;"experimental study of the vibrations of a circular
cylindrical shell .";26.446605140177397;False
139;"has the effect of the change of initial pressure due to deformation,  on
the frequencies of vibration of circular cylindrical shells been
investigated .";4;846;"on the vibration of thin cylindrical shells under internal
pressure .";26.128259240676513;False
139;"has the effect of the change of initial pressure due to deformation,  on
the frequencies of vibration of circular cylindrical shells been
investigated .";5;826;small bending and stretching of sandwich type shells .;25.89393031522797;False
139;"has the effect of the change of initial pressure due to deformation,  on
the frequencies of vibration of circular cylindrical shells been
investigated .";6;763;"effects of internal pressure on the buckling of circular-cylindrical
shells under bending.";24.116866557590637;False
139;"has the effect of the change of initial pressure due to deformation,  on
the frequencies of vibration of circular cylindrical shells been
investigated .";7;953;"vibrations of infinitely long cylindrical shells under
initial stress .";23.57814244076906;False
139;"has the effect of the change of initial pressure due to deformation,  on
the frequencies of vibration of circular cylindrical shells been
investigated .";8;844;"flexural vibrations of the walls of thin cylindrical
shells having freely supported ends .";23.489895863904497;False
139;"has the effect of the change of initial pressure due to deformation,  on
the frequencies of vibration of circular cylindrical shells been
investigated .";9;848;"the effect of an internal compressible fluid column
on the breathing vibrations of a thin pressurised cylindrical
shell .";22.206034146732268;False
139;"has the effect of the change of initial pressure due to deformation,  on
the frequencies of vibration of circular cylindrical shells been
investigated .";10;1038;on transverse vibrations of thin, shallow elastic shells .;22.034249559085282;False
14;papers on shock-sound wave interaction .;1;64;"unsteady oblique interaction of a shock wave with plane
disturbances .";18.292079524865514;True
14;papers on shock-sound wave interaction .;2;170;"the interaction of a reflected shock wave with the
boundary layer in a shock tube .";13.267130478698633;False
14;papers on shock-sound wave interaction .;3;132;"viscosity effects in sound waves of finite amplitude:
in survey in mechanics .";13.23722745221397;False
14;papers on shock-sound wave interaction .;4;798;"interaction between shock waves and boundary layers, with a note on the
effects of the interaction of the performance of supersonic intakes .";12.742121776170915;False
14;papers on shock-sound wave interaction .;5;402;magnetohydrodynamics shocks .;12.343041322305474;False
14;papers on shock-sound wave interaction .;6;439;a factor affecting transonic leading edge flow separation .;12.323125663418589;False
14;papers on shock-sound wave interaction .;7;256;"an experimental study of the glancing interaction between
a shock wave and a turbulent boundary layer .";12.187616304440843;False
14;papers on shock-sound wave interaction .;8;345;"the interaction of shock waves with boundary layer
on a flat surface .";12.041861135795804;False
14;papers on shock-sound wave interaction .;9;291;"sweepback effects in the turbulent boundary-layer shock-wave
interaction .";12.020364488806127;False
14;papers on shock-sound wave interaction .;10;1364;"an experimental investigation of the interaction between shock waves and
 boundary layers .";11.858257197950946;False
140;"what are the discontinuity stresses at junctions in pressurized
structures .";1;954;"analysis of stress at several junctions in pressurized
shells .";21.600929003175764;False
140;"what are the discontinuity stresses at junctions in pressurized
structures .";2;1038;on transverse vibrations of thin, shallow elastic shells .;15.77921851362967;True
140;"what are the discontinuity stresses at junctions in pressurized
structures .";3;890;comments on 'thermal buckling of clamped cylindrical shells' .;14.884369571352446;False
140;"what are the discontinuity stresses at junctions in pressurized
structures .";4;1202;"uniformly valid second-order solution for supersonic
flow over cruciform surfaces .";12.25459029162134;False
140;"what are the discontinuity stresses at junctions in pressurized
structures .";5;1039;on transverse vibrations of thin, shallow elastic shells .;10.970616423210775;True
140;"what are the discontinuity stresses at junctions in pressurized
structures .";6;887;"buckling due to thermal stress of cylindrical shells
subjected to axial temperature distributions .";10.934088117996488;False
140;"what are the discontinuity stresses at junctions in pressurized
structures .";7;720;"a note on the use of sandwich structures in severe acoustic
environments .";10.155750987958342;False
140;"what are the discontinuity stresses at junctions in pressurized
structures .";8;729;stresses in continuous skin stiffener panels under random loading .;9.739996234251638;False
140;"what are the discontinuity stresses at junctions in pressurized
structures .";9;837;"inelastic behaviour of structures subjected to cyclic
thermal and mechanical stressing conditions .";9.391487882773603;False
140;"what are the discontinuity stresses at junctions in pressurized
structures .";10;922;"supersonic flow past slender bodies of revolution,
slope of whose median section is discontinuous .";9.258722366911512;False
141;"what analytical solutions are available for stresses in edge-loaded
shells of revolution .";1;852;"stress and displacement analysis of simply supported
non- circular cylindrical shell under lateral pressure .";16.993688215871884;False
141;"what analytical solutions are available for stresses in edge-loaded
shells of revolution .";2;889;"a simplified method of elastic stability analysis for
thin cylindrical shells .";16.472447746225647;False
141;"what analytical solutions are available for stresses in edge-loaded
shells of revolution .";3;1059;the nonlinear conical spring .;15.848352122492742;False
141;"what analytical solutions are available for stresses in edge-loaded
shells of revolution .";4;843;"a simplified method of elastic stability analysis for
thin cylindrical shells .";15.836238410545093;False
141;"what analytical solutions are available for stresses in edge-loaded
shells of revolution .";5;1043;on transverse vibrations of thin, shallow elastic shells .;15.82723580878925;True
141;"what analytical solutions are available for stresses in edge-loaded
shells of revolution .";6;828;"stresses and small displacements of shallow spherical
shells .";15.234436313568686;False
141;"what analytical solutions are available for stresses in edge-loaded
shells of revolution .";7;851;"energy expressions and differential equations for stress
and displacement analysis of arbitrary cylindrical
shells .";15.0351092419605;False
141;"what analytical solutions are available for stresses in edge-loaded
shells of revolution .";8;957;axisymmetric snap buckling of conical shells .;13.772177243583117;False
141;"what analytical solutions are available for stresses in edge-loaded
shells of revolution .";9;1038;on transverse vibrations of thin, shallow elastic shells .;13.727553268550164;True
141;"what analytical solutions are available for stresses in edge-loaded
shells of revolution .";10;1135;"limit analysis of symmetrically loaded thin shells
of revolution .";13.684275178064087;False
142;"what dome contours minimize discontinuity stresses when used as closures
on cylindrical pressure vessels .";1;954;"analysis of stress at several junctions in pressurized
shells .";25.752519759014934;False
142;"what dome contours minimize discontinuity stresses when used as closures
on cylindrical pressure vessels .";2;1134;torispherical shells - a caution to designers .;18.951847258344632;False
142;"what dome contours minimize discontinuity stresses when used as closures
on cylindrical pressure vessels .";3;1136;"design of thin walled torispherical and toriconical
pressure - vessel heads .";16.809568178985515;False
142;"what dome contours minimize discontinuity stresses when used as closures
on cylindrical pressure vessels .";4;887;"buckling due to thermal stress of cylindrical shells
subjected to axial temperature distributions .";15.290880016296503;False
142;"what dome contours minimize discontinuity stresses when used as closures
on cylindrical pressure vessels .";5;890;comments on 'thermal buckling of clamped cylindrical shells' .;15.178381946334667;False
142;"what dome contours minimize discontinuity stresses when used as closures
on cylindrical pressure vessels .";6;1068;"instability analysis of cylindrical shells under hydrostatic
pressure .";14.909301441819203;False
142;"what dome contours minimize discontinuity stresses when used as closures
on cylindrical pressure vessels .";7;1175;"stresses from local loadings in cylindrical pressure
vessels .";14.736788116841689;False
142;"what dome contours minimize discontinuity stresses when used as closures
on cylindrical pressure vessels .";8;1125;"collapse by instability of thin cylindrical shells
under external pressure .";14.368765278402678;False
142;"what dome contours minimize discontinuity stresses when used as closures
on cylindrical pressure vessels .";9;741;"the behaviour of thin cylindrical shells after buckling
under axial compression .";13.540610719526885;False
142;"what dome contours minimize discontinuity stresses when used as closures
on cylindrical pressure vessels .";10;769;"local circumferential buckling of thin circular cylindrical
shells .";13.272831045829555;False
143;"what general solutions for the stresses in pressurized shells of
revolution are available .";1;1043;on transverse vibrations of thin, shallow elastic shells .;16.804743544276597;True
143;"what general solutions for the stresses in pressurized shells of
revolution are available .";2;1068;"instability analysis of cylindrical shells under hydrostatic
pressure .";15.647013626679264;False
143;"what general solutions for the stresses in pressurized shells of
revolution are available .";3;930;"general theory of large deflections of thin shells
with special applications to conical shells .";15.301421003556289;False
143;"what general solutions for the stresses in pressurized shells of
revolution are available .";4;1134;torispherical shells - a caution to designers .;14.147551651890174;False
143;"what general solutions for the stresses in pressurized shells of
revolution are available .";5;828;"stresses and small displacements of shallow spherical
shells .";14.079058023395365;False
143;"what general solutions for the stresses in pressurized shells of
revolution are available .";6;765;"clamped short oval cylindrical shells under hydrostatic
pressure .";12.432285857256279;False
143;"what general solutions for the stresses in pressurized shells of
revolution are available .";7;1171;"the stability under axial compression and lateral pressure
of circular cylindrical shells with a soft elastic
core .";12.35879240801926;False
143;"what general solutions for the stresses in pressurized shells of
revolution are available .";8;826;small bending and stretching of sandwich type shells .;12.141889692698323;False
143;"what general solutions for the stresses in pressurized shells of
revolution are available .";9;1137;on the theory of thin elastic toroidal shells .;12.0070643702141;False
143;"what general solutions for the stresses in pressurized shells of
revolution are available .";10;1044;on the theory of thin elastic shells .;11.948056064159776;True
144;"can studies of pure membrane cylinders having no wall bending stiffness
but maintaining their shape by virtue of internal pressure provide any
insight into the behaviour of pressurized cylinders with finite wall
stiffness .";1;1363;"a characteristic type of instability in the large deflections
of elastic plates .";28.27262112686571;False
144;"can studies of pure membrane cylinders having no wall bending stiffness
but maintaining their shape by virtue of internal pressure provide any
insight into the behaviour of pressurized cylinders with finite wall
stiffness .";2;955;"the membrane approach to bending instability of pressureized
cylindrical shells .";24.750501621847675;False
144;"can studies of pure membrane cylinders having no wall bending stiffness
but maintaining their shape by virtue of internal pressure provide any
insight into the behaviour of pressurized cylinders with finite wall
stiffness .";3;763;"effects of internal pressure on the buckling of circular-cylindrical
shells under bending.";22.650641109997537;True
144;"can studies of pure membrane cylinders having no wall bending stiffness
but maintaining their shape by virtue of internal pressure provide any
insight into the behaviour of pressurized cylinders with finite wall
stiffness .";4;1126;"an engineer's conceptual approach to the buckling of
cylindrical shell (axial loading) .";22.460855129894004;False
144;"can studies of pure membrane cylinders having no wall bending stiffness
but maintaining their shape by virtue of internal pressure provide any
insight into the behaviour of pressurized cylinders with finite wall
stiffness .";5;839;"the bending stability of thin-- walled unstiffened
circular cylinders including the effects of internal
pressure .";22.15818242790883;True
144;"can studies of pure membrane cylinders having no wall bending stiffness
but maintaining their shape by virtue of internal pressure provide any
insight into the behaviour of pressurized cylinders with finite wall
stiffness .";6;730;on the bending of a clamped plate .;21.91448191754317;False
144;"can studies of pure membrane cylinders having no wall bending stiffness
but maintaining their shape by virtue of internal pressure provide any
insight into the behaviour of pressurized cylinders with finite wall
stiffness .";7;928;"a new theory for the buckling of thin cylinders under
axial compression and bending .";21.34448891322475;False
144;"can studies of pure membrane cylinders having no wall bending stiffness
but maintaining their shape by virtue of internal pressure provide any
insight into the behaviour of pressurized cylinders with finite wall
stiffness .";8;840;analysis of partly wrinkled membrane .;20.702507459877033;True
144;"can studies of pure membrane cylinders having no wall bending stiffness
but maintaining their shape by virtue of internal pressure provide any
insight into the behaviour of pressurized cylinders with finite wall
stiffness .";9;786;the skin friction on infinite cylinders moving parallell to their length .;20.652004824010525;False
144;"can studies of pure membrane cylinders having no wall bending stiffness
but maintaining their shape by virtue of internal pressure provide any
insight into the behaviour of pressurized cylinders with finite wall
stiffness .";10;1051;"the stability of thin-walled unstiffened circular cylinders
under axial compression including the effects of internal
pressure .";20.29022508552816;False
145;"what are the best experimental data and classical small deflection
theory analyses available for pressurized cylinders in bending .";1;1051;"the stability of thin-walled unstiffened circular cylinders
under axial compression including the effects of internal
pressure .";27.691130477109827;False
145;"what are the best experimental data and classical small deflection
theory analyses available for pressurized cylinders in bending .";2;839;"the bending stability of thin-- walled unstiffened
circular cylinders including the effects of internal
pressure .";19.94647845246965;True
145;"what are the best experimental data and classical small deflection
theory analyses available for pressurized cylinders in bending .";3;1126;"an engineer's conceptual approach to the buckling of
cylindrical shell (axial loading) .";19.216257984446557;False
145;"what are the best experimental data and classical small deflection
theory analyses available for pressurized cylinders in bending .";4;827;"a nonlinear theory of bending and buckling of thin
elastic shallow spherical shells .";18.685378333932544;False
145;"what are the best experimental data and classical small deflection
theory analyses available for pressurized cylinders in bending .";5;1118;elastic stability of orthotropic shells .;18.37912856001304;False
145;"what are the best experimental data and classical small deflection
theory analyses available for pressurized cylinders in bending .";6;1045;the bending strength of pressurized cylinders .;18.272762325428232;True
145;"what are the best experimental data and classical small deflection
theory analyses available for pressurized cylinders in bending .";7;838;"bending and compression tests of pressurised ring-stiffened
cylinders .";17.81766985080911;True
145;"what are the best experimental data and classical small deflection
theory analyses available for pressurized cylinders in bending .";8;641;"reduction of the clamped plate to two membrane problems
with an application to uniformly loaded sectors .";17.029720606481096;False
145;"what are the best experimental data and classical small deflection
theory analyses available for pressurized cylinders in bending .";9;928;"a new theory for the buckling of thin cylinders under
axial compression and bending .";16.936629609387452;False
145;"what are the best experimental data and classical small deflection
theory analyses available for pressurized cylinders in bending .";10;763;"effects of internal pressure on the buckling of circular-cylindrical
shells under bending.";16.629220731195353;True
146;"does a membrane theory exist by which the behaviour of pressurized
membrane cylinders in bending can be predicted .";1;1045;the bending strength of pressurized cylinders .;20.419067399160433;True
146;"does a membrane theory exist by which the behaviour of pressurized
membrane cylinders in bending can be predicted .";2;955;"the membrane approach to bending instability of pressureized
cylindrical shells .";19.876695888224532;False
146;"does a membrane theory exist by which the behaviour of pressurized
membrane cylinders in bending can be predicted .";3;1175;"stresses from local loadings in cylindrical pressure
vessels .";17.158593306662056;False
146;"does a membrane theory exist by which the behaviour of pressurized
membrane cylinders in bending can be predicted .";4;730;on the bending of a clamped plate .;16.661593893033054;False
146;"does a membrane theory exist by which the behaviour of pressurized
membrane cylinders in bending can be predicted .";5;928;"a new theory for the buckling of thin cylinders under
axial compression and bending .";15.684383735267101;False
146;"does a membrane theory exist by which the behaviour of pressurized
membrane cylinders in bending can be predicted .";6;840;analysis of partly wrinkled membrane .;15.427394296311011;True
146;"does a membrane theory exist by which the behaviour of pressurized
membrane cylinders in bending can be predicted .";7;740;"the behaviour of a cylindrical shell under axial compression
when the buckling load has been exceeded .";15.204813321618527;False
146;"does a membrane theory exist by which the behaviour of pressurized
membrane cylinders in bending can be predicted .";8;1178;"buckling of ring-stiffened cylinders under a pure bending
moment and a nonuniform temperature distribution .";14.324676678656134;False
146;"does a membrane theory exist by which the behaviour of pressurized
membrane cylinders in bending can be predicted .";9;1130;"handbook of structural stability . pt .vi . strength
of stiffened curved plates and shells .";14.176650577001707;False
146;"does a membrane theory exist by which the behaviour of pressurized
membrane cylinders in bending can be predicted .";10;641;"reduction of the clamped plate to two membrane problems
with an application to uniformly loaded sectors .";13.964860334696063;False
147;"what are the equations which define the stability of simply supported
corrugated core sandwich cylinders .";1;956;"elastic stability of simply supported corrugated core
sand- wich cylinders .";45.0554976180062;False
147;"what are the equations which define the stability of simply supported
corrugated core sandwich cylinders .";2;1050;"compressive buckling of simply supported curved plates
and cylinders of sandwich construction .";39.52493868720696;True
147;"what are the equations which define the stability of simply supported
corrugated core sandwich cylinders .";3;1049;elastic constants for corrugated core sandwich plates .;25.07614471704722;True
147;"what are the equations which define the stability of simply supported
corrugated core sandwich cylinders .";4;1069;"design and testing of honeycomb sandwich cylinders
under axial compression .";20.550578124651235;False
147;"what are the equations which define the stability of simply supported
corrugated core sandwich cylinders .";5;1145;"buckling of core-stabilized cylinders under axisymmetric external
loads .";17.482133658083637;False
147;"what are the equations which define the stability of simply supported
corrugated core sandwich cylinders .";6;843;"a simplified method of elastic stability analysis for
thin cylindrical shells .";17.374056957171618;True
147;"what are the equations which define the stability of simply supported
corrugated core sandwich cylinders .";7;852;"stress and displacement analysis of simply supported
non- circular cylindrical shell under lateral pressure .";16.902636373388958;False
147;"what are the equations which define the stability of simply supported
corrugated core sandwich cylinders .";8;1171;"the stability under axial compression and lateral pressure
of circular cylindrical shells with a soft elastic
core .";16.699993499887675;False
147;"what are the equations which define the stability of simply supported
corrugated core sandwich cylinders .";9;1128;face wrinkling and core strength in sandwich construction .;16.55400407982632;False
147;"what are the equations which define the stability of simply supported
corrugated core sandwich cylinders .";10;889;"a simplified method of elastic stability analysis for
thin cylindrical shells .";16.424504756901143;True
148;papers on small deflection theory for buckling of sandwich cylinders .;1;956;"elastic stability of simply supported corrugated core
sand- wich cylinders .";22.907814744170352;False
148;papers on small deflection theory for buckling of sandwich cylinders .;2;1048;a small deflection theory for curved sandwich plates .;22.682287721322886;True
148;papers on small deflection theory for buckling of sandwich cylinders .;3;1050;"compressive buckling of simply supported curved plates
and cylinders of sandwich construction .";20.969589439926686;True
148;papers on small deflection theory for buckling of sandwich cylinders .;4;1126;"an engineer's conceptual approach to the buckling of
cylindrical shell (axial loading) .";20.628494919643497;False
148;papers on small deflection theory for buckling of sandwich cylinders .;5;928;"a new theory for the buckling of thin cylinders under
axial compression and bending .";16.029832888395216;False
148;papers on small deflection theory for buckling of sandwich cylinders .;6;1127;the buckling of sandwich type panels .;15.831323892498345;False
148;papers on small deflection theory for buckling of sandwich cylinders .;7;1051;"the stability of thin-walled unstiffened circular cylinders
under axial compression including the effects of internal
pressure .";15.378674425728672;False
148;papers on small deflection theory for buckling of sandwich cylinders .;8;826;small bending and stretching of sandwich type shells .;15.105711809140555;False
148;papers on small deflection theory for buckling of sandwich cylinders .;9;761;buckling of sandwich under normal pressure .;14.559448389328828;False
148;papers on small deflection theory for buckling of sandwich cylinders .;10;763;"effects of internal pressure on the buckling of circular-cylindrical
shells under bending.";14.131677629796119;False
149;"has anyone developed an analysis which accurately establishes the large
deflection behaviour of conical shells .";1;930;"general theory of large deflections of thin shells
with special applications to conical shells .";20.261665100073344;True
149;"has anyone developed an analysis which accurately establishes the large
deflection behaviour of conical shells .";2;926;"post buckling behaviour of circular cylinderical shells
under hydrostatic pressure .";16.843352158327416;False
149;"has anyone developed an analysis which accurately establishes the large
deflection behaviour of conical shells .";3;1070;buckling of orthotropic and stiffened conical shells .;16.564347642732994;False
149;"has anyone developed an analysis which accurately establishes the large
deflection behaviour of conical shells .";4;1051;"the stability of thin-walled unstiffened circular cylinders
under axial compression including the effects of internal
pressure .";16.47764501879975;False
149;"has anyone developed an analysis which accurately establishes the large
deflection behaviour of conical shells .";5;1053;spherical cap snapping .;15.953019115238286;False
149;"has anyone developed an analysis which accurately establishes the large
deflection behaviour of conical shells .";6;1068;"instability analysis of cylindrical shells under hydrostatic
pressure .";15.678152218402861;False
149;"has anyone developed an analysis which accurately establishes the large
deflection behaviour of conical shells .";7;1058;the conical disk spring .;15.456014382570642;True
149;"has anyone developed an analysis which accurately establishes the large
deflection behaviour of conical shells .";8;1363;"a characteristic type of instability in the large deflections
of elastic plates .";15.266093832618838;False
149;"has anyone developed an analysis which accurately establishes the large
deflection behaviour of conical shells .";9;931;stability equations for conical shells .;13.893331149257817;True
149;"has anyone developed an analysis which accurately establishes the large
deflection behaviour of conical shells .";10;1059;the nonlinear conical spring .;13.7992446944154;True
15;material properties of photoelastic materials .;1;462;photo-thermoelasticity .;15.969682226763979;True
15;material properties of photoelastic materials .;2;463;"physical properties of plastics for photo-thermoelastic
investigation .";9.19000654680937;True
15;material properties of photoelastic materials .;3;82;"theoretical investigation of the ablation of a glass-type
heat protection shield of varied material properties
at the stagnation point of a re-entering irbm .";8.314843396150973;False
15;material properties of photoelastic materials .;4;1340;"method of controlling stiffness properties of a solid-construction
model wing .";8.314261221616269;False
15;material properties of photoelastic materials .;5;1025;note on creep buckling of columns .;8.30711671707262;False
15;material properties of photoelastic materials .;6;1099;a theoretical study of stagnation point ablation .;8.138484332006803;False
15;material properties of photoelastic materials .;7;542;biot's variational principle in heat conduction .;7.6687390650638605;False
15;material properties of photoelastic materials .;8;1043;on transverse vibrations of thin, shallow elastic shells .;7.554857720160975;False
15;material properties of photoelastic materials .;9;1065;"a free-flight investigation of ablation of a blunt
body to a mach number of 13 .1.";7.00627669487649;False
15;material properties of photoelastic materials .;10;817;loading paths and the incremental stress law .;6.871740874783636;False
150;"what is the magnitude of second-order wing-body interference
at high supersonic mach number .";1;1062;"an experimental and theoretical investigation of second-order
wing-body interference at high mach number .";28.022376090123466;False
150;"what is the magnitude of second-order wing-body interference
at high supersonic mach number .";2;1074;"theoretical and experimental investigation of second-order supersonic
wing-body interference .";27.965591319697825;True
150;"what is the magnitude of second-order wing-body interference
at high supersonic mach number .";3;1075;"an experimental and theoretical investigation of second-order supersonic
 wing-body interference, for a non-lifting body with wings at incidence .";26.344228076759002;True
150;"what is the magnitude of second-order wing-body interference
at high supersonic mach number .";4;1202;"uniformly valid second-order solution for supersonic
flow over cruciform surfaces .";18.112126286614412;False
150;"what is the magnitude of second-order wing-body interference
at high supersonic mach number .";5;799;"some effects of wind-tunnel interference observed in tests on
two-dimensional aerofoils at high subsonic and transonic speeds .";17.5017965472306;False
150;"what is the magnitude of second-order wing-body interference
at high supersonic mach number .";6;923;"methods for estimating lift interference of wing-body
combinations at supersonic speeds .";17.039168211545167;False
150;"what is the magnitude of second-order wing-body interference
at high supersonic mach number .";7;924;"a method for calculating the lift and centre of pressure
of wing-body-tail combinations at subsonic, transonic
speeds .";15.899604039227214;False
150;"what is the magnitude of second-order wing-body interference
at high supersonic mach number .";8;970;"loads induced on a flat plate wing by an air jet exhausting
perpendicularly through the wing and normal to a free-stream flow of mach
number 2.0 .";15.870256611958654;False
150;"what is the magnitude of second-order wing-body interference
at high supersonic mach number .";9;124;"a summary of the supersonic pressure drag of bodies
of revolution .";15.68621203420274;False
150;"what is the magnitude of second-order wing-body interference
at high supersonic mach number .";10;1108;a study of second-order supersonic flow theory .;15.570106931023192;False
151;"what is the best theoretical method for calculating pressure on the
surface of a wing alone .";1;251;"a collection of longitudinal stability derivatives
of wings at supersonic speeds .";17.034693761867892;False
151;"what is the best theoretical method for calculating pressure on the
surface of a wing alone .";2;433;"application of two dimensional vortex theory to the
prediction of flow fields behind wings of wing-body
combinations at subsonic and supersonic speeds .";13.43503159748313;False
151;"what is the best theoretical method for calculating pressure on the
surface of a wing alone .";3;1246;"solution of subsonic nonplanar lifting surface problems
by means of high-speed digital computers .";12.168687337891285;False
151;"what is the best theoretical method for calculating pressure on the
surface of a wing alone .";4;287;"some theoretical low-speed loading characteristics
of swept wings in roll and sideslip .";11.521889015361882;False
151;"what is the best theoretical method for calculating pressure on the
surface of a wing alone .";5;1333;aerodynamic forces on wings in non-uniform motion .;11.344948991371393;False
151;"what is the best theoretical method for calculating pressure on the
surface of a wing alone .";6;225;elliptic cones alone and with wings at supersonic speeds .;11.268214382391456;False
151;"what is the best theoretical method for calculating pressure on the
surface of a wing alone .";7;289;"a theoretical study of the aerodynamics of slender
cruciform-wing arrangements and their wakes .";11.105399286027964;False
151;"what is the best theoretical method for calculating pressure on the
surface of a wing alone .";8;101;"laminar heat transfer over blunt-nosed bodies at hypersonic flight
speeds .";11.090060361867158;False
151;"what is the best theoretical method for calculating pressure on the
surface of a wing alone .";9;678;the effect of end plates on swept wings .;11.046917676901433;False
151;"what is the best theoretical method for calculating pressure on the
surface of a wing alone .";10;432;"theoretical damping in roll and rolling moment due
to differential wing incidence for slender cruciform
wings and wing-body combinations .";11.000545731499681;False
152;"how can the effect of the boundary-layer on wing pressure be calculated,
and what is its magnitude .";1;671;"pressure and boundary-layer measurements on a two dimensional wing at
low speed .";17.810688882991755;False
152;"how can the effect of the boundary-layer on wing pressure be calculated,
and what is its magnitude .";2;36;supersonic flow around blunt bodies .;16.21478823260262;False
152;"how can the effect of the boundary-layer on wing pressure be calculated,
and what is its magnitude .";3;42;"the gyroscopic effect of a rigid rotating propeller
on engine and wing vibration modes .";16.045991777715344;False
152;"how can the effect of the boundary-layer on wing pressure be calculated,
and what is its magnitude .";4;1362;"non-linear analysis of heated, cambered wings by the matrix force
method .";15.588439383148073;False
152;"how can the effect of the boundary-layer on wing pressure be calculated,
and what is its magnitude .";5;315;"scale effects at high subsonic and transonic speeds
and methods for fixing transition in model experiments .";14.856140005368118;False
152;"how can the effect of the boundary-layer on wing pressure be calculated,
and what is its magnitude .";6;94;"the transverse curvature effect in compressible axially
symmetric laminar boundary layer flow .";14.845594718881303;False
152;"how can the effect of the boundary-layer on wing pressure be calculated,
and what is its magnitude .";7;1225;"the effect of adverse pressure gradients on the characteristics of
turbulent boundary layers in supersonic streams .";14.588762600071266;False
152;"how can the effect of the boundary-layer on wing pressure be calculated,
and what is its magnitude .";8;798;"interaction between shock waves and boundary layers, with a note on the
effects of the interaction of the performance of supersonic intakes .";13.511745774097088;False
152;"how can the effect of the boundary-layer on wing pressure be calculated,
and what is its magnitude .";9;754;"heat transfer through laminar boundary layers on
semi-infinite cylinders of arbitrary cross section .";13.330734623979373;False
152;"how can the effect of the boundary-layer on wing pressure be calculated,
and what is its magnitude .";10;1062;"an experimental and theoretical investigation of second-order
wing-body interference at high mach number .";13.195477319928777;False
153;how should the navier-stokes difference equations be solved .;1;1063;"on obtaining solutions to the navier-stokes equations
with high speed digital computers .";28.077828815570737;False
153;how should the navier-stokes difference equations be solved .;2;1082;"the flow past pitot tube at low reynolds numbers, part 1-dash the
numerical solution of the navier-stokes equations for steady viscous
axisymmetric flow, part 2-dash the effects of viscosity and orifice
size on a pitot tube at low reynolds numbers .";17.408878364644337;True
153;how should the navier-stokes difference equations be solved .;3;1085;"note on the convergence of numerical solutions of the navier-stokes
equations .";16.708002497244934;True
153;how should the navier-stokes difference equations be solved .;4;1081;"numerical solution of the navier-stokes equations for the flow around a
circular cylinder at reynolds number 40 .";16.55236054259513;True
153;how should the navier-stokes difference equations be solved .;5;393;the shear flow along a flat plate with uniform suction .;13.70400385423107;False
153;how should the navier-stokes difference equations be solved .;6;228;navier-stokes solutions at large distances from a finite body .;13.561854907844385;False
153;how should the navier-stokes difference equations be solved .;7;329;"various aerodynamic characteristics in hypersonic rarefied
gas flow .";13.360039017302965;False
153;how should the navier-stokes difference equations be solved .;8;117;the motion of a viscous liquid past a paraboloid .;13.3499983624452;False
153;how should the navier-stokes difference equations be solved .;9;394;"the viscous flow near a stagnation point when the external flow has
uniform vorticity .";12.62104883592399;False
153;how should the navier-stokes difference equations be solved .;10;149;"expansions at small reynolds number for the flow past
a sphere and a circular cylinder .";11.958032995162863;False
154;"which  iterative method for solving linear elliptic
difference equations is most rapidly convergent .";1;1088;"iterative methods for solving partial difference equations of elliptic
type .";35.02424184318926;True
154;"which  iterative method for solving linear elliptic
difference equations is most rapidly convergent .";2;1054;"iterative solutions for the non-linear bending of circular
plates .";21.302723967003267;False
154;"which  iterative method for solving linear elliptic
difference equations is most rapidly convergent .";3;832;accelerating convergence of iteration processes .;18.25075218314129;False
154;"which  iterative method for solving linear elliptic
difference equations is most rapidly convergent .";4;1087;"convergence rates of iterative treatments of partial differential
equations .";17.878904269854026;True
154;"which  iterative method for solving linear elliptic
difference equations is most rapidly convergent .";5;1086;"a note on the numerical solution of fourth order differential
equations .";17.205774915955608;False
154;"which  iterative method for solving linear elliptic
difference equations is most rapidly convergent .";6;159;numerical methods for transient heat flow .;16.653108288746765;False
154;"which  iterative method for solving linear elliptic
difference equations is most rapidly convergent .";7;111;"the laminar boundary layer equation: a method of solution
by means of an automatic computer .";16.3386783327742;False
154;"which  iterative method for solving linear elliptic
difference equations is most rapidly convergent .";8;1063;"on obtaining solutions to the navier-stokes equations
with high speed digital computers .";16.00118640915879;False
154;"which  iterative method for solving linear elliptic
difference equations is most rapidly convergent .";9;1053;spherical cap snapping .;15.908376492725026;False
154;"which  iterative method for solving linear elliptic
difference equations is most rapidly convergent .";10;1055;non-linear bending and buckling of circular plates .;15.854481696325209;False
155;technical report on measurement of ablation during flight .;1;1065;"a free-flight investigation of ablation of a blunt
body to a mach number of 13 .1.";15.072089958285678;False
155;technical report on measurement of ablation during flight .;2;1101;a sensor for obtaining ablation rates .;14.109500310130326;True
155;technical report on measurement of ablation during flight .;3;805;"ground measurements of the shock wave noise from airplanes
in level flight at mach numbers to 1. 4 and at altitudes
to 45,000 feet .";13.03019390625323;False
155;technical report on measurement of ablation during flight .;4;804;a flight test investigation of the sonic boom .;12.148745963615605;False
155;technical report on measurement of ablation during flight .;5;806;"ground measurements of airplane shock wave noise at
mach numbers to 2, and at altitudes of 60,000 feet .";11.32200050755062;False
155;technical report on measurement of ablation during flight .;6;553;"ablation of glassy materials around blunt bodies of
revolution .";11.313981066532369;False
155;technical report on measurement of ablation during flight .;7;1096;"qualitative measurements of the effective heats of
ablation of several materials in supersonic air jets
at stagnation temperature up to 11,000 f.";10.512367102134997;False
155;technical report on measurement of ablation during flight .;8;810;"the shock wave noise problem of supersonic aircraft
in steady flight .";10.461565167707807;False
155;technical report on measurement of ablation during flight .;9;1279;sublimation in a hypersonic environment .;10.308650963342707;False
155;technical report on measurement of ablation during flight .;10;1226;"heat transfer in the laminar boundary layer with ablation
of vapor of arbitrary molecular weight .";10.170147379228329;False
156;"what qualitative and quantitative material is available on ablation
materials research .";1;1096;"qualitative measurements of the effective heats of
ablation of several materials in supersonic air jets
at stagnation temperature up to 11,000 f.";19.01759555186591;True
156;"what qualitative and quantitative material is available on ablation
materials research .";2;1065;"a free-flight investigation of ablation of a blunt
body to a mach number of 13 .1.";16.316223607095775;False
156;"what qualitative and quantitative material is available on ablation
materials research .";3;553;"ablation of glassy materials around blunt bodies of
revolution .";14.745137994475646;True
156;"what qualitative and quantitative material is available on ablation
materials research .";4;1097;experimental ablation cooling .;14.675635194783563;True
156;"what qualitative and quantitative material is available on ablation
materials research .";5;1099;a theoretical study of stagnation point ablation .;14.101860578959577;True
156;"what qualitative and quantitative material is available on ablation
materials research .";6;1100;an analytical investigation of ablation .;13.711385491496259;True
156;"what qualitative and quantitative material is available on ablation
materials research .";7;1098;"an experimental investigation of ablating material
at low and high enthalpy potentials .";13.37869500010088;True
156;"what qualitative and quantitative material is available on ablation
materials research .";8;82;"theoretical investigation of the ablation of a glass-type
heat protection shield of varied material properties
at the stagnation point of a re-entering irbm .";10.983442342246764;True
156;"what qualitative and quantitative material is available on ablation
materials research .";9;1302;"the development of the boundary layer in supersonic
shear flow .";10.646563853247955;False
156;"what qualitative and quantitative material is available on ablation
materials research .";10;534;"consideration of energy separation for laminar slip
flow in a circular tube .";10.457093140353246;False
157;"have flow fields been calculated for blunt-nosed bodies and compared
with experiment for a wide range of free stream conditions and body
shapes .";1;1006;free-flight measurements of the static and dynamic .;24.264423759953775;False
157;"have flow fields been calculated for blunt-nosed bodies and compared
with experiment for a wide range of free stream conditions and body
shapes .";2;25;inviscid hypersonic flow over blunt-nosed slender bodies .;23.85971763026315;True
157;"have flow fields been calculated for blunt-nosed bodies and compared
with experiment for a wide range of free stream conditions and body
shapes .";3;456;"a study of flow fields about some typical blunt-nosed
slender bodies .";23.38483906851797;True
157;"have flow fields been calculated for blunt-nosed bodies and compared
with experiment for a wide range of free stream conditions and body
shapes .";4;160;"approximate analytical solutions for hypersonic flow
past slender power-law bodies .";22.228331860516988;True
157;"have flow fields been calculated for blunt-nosed bodies and compared
with experiment for a wide range of free stream conditions and body
shapes .";5;947;"static aerodynamic characteristics of a short blunt
10 semi-vertex angle cone at a mach number of 15 in
helium .";21.674189883340517;False
157;"have flow fields been calculated for blunt-nosed bodies and compared
with experiment for a wide range of free stream conditions and body
shapes .";6;332;"similitude of hypersonic real-gas flows over slender
bodies with blunted noses .";21.406993630789792;False
157;"have flow fields been calculated for blunt-nosed bodies and compared
with experiment for a wide range of free stream conditions and body
shapes .";7;1151;experiments on supersonic blunt-body flows .;20.899756933600372;True
157;"have flow fields been calculated for blunt-nosed bodies and compared
with experiment for a wide range of free stream conditions and body
shapes .";8;626;"some features of supersonic and hypersonic flow about
blunted cones .";20.798420122425075;True
157;"have flow fields been calculated for blunt-nosed bodies and compared
with experiment for a wide range of free stream conditions and body
shapes .";9;994;"investigation of a retrocket exhausting from the nose of a blunt body
into a supersonic free stream .";20.798130963931303;False
157;"have flow fields been calculated for blunt-nosed bodies and compared
with experiment for a wide range of free stream conditions and body
shapes .";10;421;"analytic study of induced pressure on long bodies of
revolution with varying nose bluntness at hypersonic
speeds .";20.728799835141313;True
158;what are the available properties of high-temperature air .;1;302;"approximations for the thermodynamic and transport properties of high
temperature air .";14.070581001680004;True
158;what are the available properties of high-temperature air .;2;552;chemical kinetics of high temperature air .;11.915934289906623;True
158;what are the available properties of high-temperature air .;3;949;"charts for equilibrium flow properties of air in
hyper-velocity nozzles .";10.985602712464164;False
158;what are the available properties of high-temperature air .;4;236;criteria for thermodynamic equilibrium in gas flow .;10.868100503726417;False
158;what are the available properties of high-temperature air .;5;691;"calculation procedure for thermodynamic transport, and flow properties
of the combustion products of a hydrocarbon fuel mixture burned in air
with results for ethylene-air and methane-air mixtures .";10.73699447543478;False
158;what are the available properties of high-temperature air .;6;328;"the boundary layer near the stagnation point in hypersonic
flow past a sphere .";10.282103569335536;False
158;what are the available properties of high-temperature air .;7;262;the formation of a blast wave by a very intense explosion .;9.97084827243539;False
158;what are the available properties of high-temperature air .;8;1199;"theoretical investigations of a supersonic laminar
boundary layer with foreign-gas injection .";9.509429555831495;False
158;what are the available properties of high-temperature air .;9;1011;free-flight measurements of the static and dynamic .;9.389297752106256;True
158;what are the available properties of high-temperature air .;10;82;"theoretical investigation of the ablation of a glass-type
heat protection shield of varied material properties
at the stagnation point of a re-entering irbm .";9.296894556061167;False
159;"what is the magnitude of aerodynamic damping in flexible vibration modes
of a slender body of revolution characteristic of launch vehicles .";1;1066;"wind tunnel measurements of aerodynamic damping derivatives
of a launch vehicle vibrating in free-free bending
modes at mach numbers from 0. 70 to 2. 87 and comparisons
with theory .";34.33005807728099;False
159;"what is the magnitude of aerodynamic damping in flexible vibration modes
of a slender body of revolution characteristic of launch vehicles .";2;42;"the gyroscopic effect of a rigid rotating propeller
on engine and wing vibration modes .";21.83580512373083;False
159;"what is the magnitude of aerodynamic damping in flexible vibration modes
of a slender body of revolution characteristic of launch vehicles .";3;1197;"unsteady aerodynamic forces on slender supersonic aircraft
with flexible wings and bodies .";19.41047153537772;False
159;"what is the magnitude of aerodynamic damping in flexible vibration modes
of a slender body of revolution characteristic of launch vehicles .";4;1259;"second-order theory for unsteady supersonic flow past
slender pointed bodies of revolution .";18.106548645793538;False
159;"what is the magnitude of aerodynamic damping in flexible vibration modes
of a slender body of revolution characteristic of launch vehicles .";5;1339;"calculation of flutter characteristics for finite-span swept or unswept
wings at subsonic and supersonic speeds by a modified strip analysis .";17.5117105510471;False
159;"what is the magnitude of aerodynamic damping in flexible vibration modes
of a slender body of revolution characteristic of launch vehicles .";6;1112;"unsteady aerodynamic forces on a slender body of revolution
in supersonic flow .";16.837549084906737;True
159;"what is the magnitude of aerodynamic damping in flexible vibration modes
of a slender body of revolution characteristic of launch vehicles .";7;846;"on the vibration of thin cylindrical shells under internal
pressure .";16.256766714406083;False
159;"what is the magnitude of aerodynamic damping in flexible vibration modes
of a slender body of revolution characteristic of launch vehicles .";8;801;"experimental study of the equivalence of transonic
flow about slender cone-cylinders of circular and elliptic
cross section .";16.12552662878782;False
159;"what is the magnitude of aerodynamic damping in flexible vibration modes
of a slender body of revolution characteristic of launch vehicles .";9;1115;"measurements of aerodynamic forces for various mean
angles of attack on an airfoil oscillating in pitch
and on two finite-span wings oscillating in bending
with emphasis on damping in the stall .";15.285973245711176;True
159;"what is the magnitude of aerodynamic damping in flexible vibration modes
of a slender body of revolution characteristic of launch vehicles .";10;432;"theoretical damping in roll and rolling moment due
to differential wing incidence for slender cruciform
wings and wing-body combinations .";14.381853765413462;False
16;"can the transverse potential flow about a body of revolution be
calculated efficiently by an electronic computer .";1;498;"calculation of potential flow about bodies of revolution
having axes perpendicular to the free-stream direction .";28.197805112502152;False
16;"can the transverse potential flow about a body of revolution be
calculated efficiently by an electronic computer .";2;1255;the flow about a charged body moving in the lower atmosphere .;21.9196788396747;False
16;"can the transverse potential flow about a body of revolution be
calculated efficiently by an electronic computer .";3;106;the transverse potential flow past a body of revolution .;21.533363500723635;True
16;"can the transverse potential flow about a body of revolution be
calculated efficiently by an electronic computer .";4;231;"practical calculation of second-order supersonic flow
past non-lifting bodies of revolution .";18.394819988675494;False
16;"can the transverse potential flow about a body of revolution be
calculated efficiently by an electronic computer .";5;1328;"the production of aerodynamic forces by heat addition
on external surfaces of aircraft .";17.308109097627646;False
16;"can the transverse potential flow about a body of revolution be
calculated efficiently by an electronic computer .";6;266;"exact solution of the neumann problem . calculation
for non- circulatory plane and axially symmetric flows
about or within arbitrary boundaries .";16.946963216721507;True
16;"can the transverse potential flow about a body of revolution be
calculated efficiently by an electronic computer .";7;248;"the application of lighthill formula for numerical
calculation of pressure distributions on bodies of
revolution at supersonic speed and zero angle of attack .";16.277811166587806;False
16;"can the transverse potential flow about a body of revolution be
calculated efficiently by an electronic computer .";8;927;"investigation of normal force distributions and wake
vortex characteristics of bodies of revolution at supersonic
speeds .";16.262007663923132;False
16;"can the transverse potential flow about a body of revolution be
calculated efficiently by an electronic computer .";9;410;"the supersonic flow about a blunt body of revolution
for gases at chemical equilibrium .";15.621253733208203;False
16;"can the transverse potential flow about a body of revolution be
calculated efficiently by an electronic computer .";10;1259;"second-order theory for unsteady supersonic flow past
slender pointed bodies of revolution .";15.494224320958935;False
160;"compressive circumferential stresses in a torispherical shell reveal
the possibility of buckling under internal pressure . has anyone
investigated for which ranges of shell parameters these stresses are
sufficiently large to cause elastic buckling .";1;1071;"stability of thin torispherical shells under uniform
internal pressure .";45.40904311003214;False
160;"compressive circumferential stresses in a torispherical shell reveal
the possibility of buckling under internal pressure . has anyone
investigated for which ranges of shell parameters these stresses are
sufficiently large to cause elastic buckling .";2;1134;torispherical shells - a caution to designers .;36.948967478169756;True
160;"compressive circumferential stresses in a torispherical shell reveal
the possibility of buckling under internal pressure . has anyone
investigated for which ranges of shell parameters these stresses are
sufficiently large to cause elastic buckling .";3;763;"effects of internal pressure on the buckling of circular-cylindrical
shells under bending.";29.289831079283054;False
160;"compressive circumferential stresses in a torispherical shell reveal
the possibility of buckling under internal pressure . has anyone
investigated for which ranges of shell parameters these stresses are
sufficiently large to cause elastic buckling .";4;741;"the behaviour of thin cylindrical shells after buckling
under axial compression .";28.674096609074375;False
160;"compressive circumferential stresses in a torispherical shell reveal
the possibility of buckling under internal pressure . has anyone
investigated for which ranges of shell parameters these stresses are
sufficiently large to cause elastic buckling .";5;1051;"the stability of thin-walled unstiffened circular cylinders
under axial compression including the effects of internal
pressure .";28.621367652602736;False
160;"compressive circumferential stresses in a torispherical shell reveal
the possibility of buckling under internal pressure . has anyone
investigated for which ranges of shell parameters these stresses are
sufficiently large to cause elastic buckling .";6;885;"buckling of thin cylindrical shells under hoop stresses
varying in axial direction .";27.705444061242343;False
160;"compressive circumferential stresses in a torispherical shell reveal
the possibility of buckling under internal pressure . has anyone
investigated for which ranges of shell parameters these stresses are
sufficiently large to cause elastic buckling .";7;839;"the bending stability of thin-- walled unstiffened
circular cylinders including the effects of internal
pressure .";26.651001610746565;False
160;"compressive circumferential stresses in a torispherical shell reveal
the possibility of buckling under internal pressure . has anyone
investigated for which ranges of shell parameters these stresses are
sufficiently large to cause elastic buckling .";8;769;"local circumferential buckling of thin circular cylindrical
shells .";26.618810263896364;False
160;"compressive circumferential stresses in a torispherical shell reveal
the possibility of buckling under internal pressure . has anyone
investigated for which ranges of shell parameters these stresses are
sufficiently large to cause elastic buckling .";9;846;"on the vibration of thin cylindrical shells under internal
pressure .";25.45244770592166;False
160;"compressive circumferential stresses in a torispherical shell reveal
the possibility of buckling under internal pressure . has anyone
investigated for which ranges of shell parameters these stresses are
sufficiently large to cause elastic buckling .";10;739;"the buckling of thin cylindrical shells under axial
compression .";25.188190775720386;False
161;"is there an integral method to give a single and sufficiently accurate
method of calculating the laminar separate point for various
incompressible and compressible boundary layers with zero heat transfer .";1;1386;"analysis and calculation by integral methods of laminar
compressible boundary layer with heat transfer and
with and without pressure gradient .";36.27589594547351;True
161;"is there an integral method to give a single and sufficiently accurate
method of calculating the laminar separate point for various
incompressible and compressible boundary layers with zero heat transfer .";2;54;"method for calculation of compressible laminar boundary
layer characteristics in axial pressure gradient with
zero heat transfer .";32.71976193643615;True
161;"is there an integral method to give a single and sufficiently accurate
method of calculating the laminar separate point for various
incompressible and compressible boundary layers with zero heat transfer .";3;55;"separation, stability and other properties of compressible
laminar boundary layer with pressure gradient and heat
transfer .";28.97897163029544;True
161;"is there an integral method to give a single and sufficiently accurate
method of calculating the laminar separate point for various
incompressible and compressible boundary layers with zero heat transfer .";4;145;"skin friction in the laminar boundary layer in compressible
flow .";28.05269149762227;False
161;"is there an integral method to give a single and sufficiently accurate
method of calculating the laminar separate point for various
incompressible and compressible boundary layers with zero heat transfer .";5;489;"on calculation of the laminar separation point and
results of certain flows .";26.522840054286252;False
161;"is there an integral method to give a single and sufficiently accurate
method of calculating the laminar separate point for various
incompressible and compressible boundary layers with zero heat transfer .";6;460;"correlated incompressible and compressible boundary
layers .";25.88321522303907;False
161;"is there an integral method to give a single and sufficiently accurate
method of calculating the laminar separate point for various
incompressible and compressible boundary layers with zero heat transfer .";7;366;"helium injection into the boundary layer at an axisymmetric
stagnation point .";25.466903311353004;False
161;"is there an integral method to give a single and sufficiently accurate
method of calculating the laminar separate point for various
incompressible and compressible boundary layers with zero heat transfer .";8;348;turbulent boundary layer in compressible fluids .;24.594494160830255;False
161;"is there an integral method to give a single and sufficiently accurate
method of calculating the laminar separate point for various
incompressible and compressible boundary layers with zero heat transfer .";9;306;"second approximation to laminar compressible boundary
layer on flat plate in slip flow .";24.48034681370871;False
161;"is there an integral method to give a single and sufficiently accurate
method of calculating the laminar separate point for various
incompressible and compressible boundary layers with zero heat transfer .";10;62;"similar solutions for the compressible laminar boundary
layer with heat transfer and pressure gradient .";24.063835020250234;False
162;"what accurate or exact solutions of the laminar separation point for
various incompressible and compressible boundary layers with zero heat
transfer are available .";1;55;"separation, stability and other properties of compressible
laminar boundary layer with pressure gradient and heat
transfer .";26.89821391393418;False
162;"what accurate or exact solutions of the laminar separation point for
various incompressible and compressible boundary layers with zero heat
transfer are available .";2;54;"method for calculation of compressible laminar boundary
layer characteristics in axial pressure gradient with
zero heat transfer .";25.769309654574354;True
162;"what accurate or exact solutions of the laminar separation point for
various incompressible and compressible boundary layers with zero heat
transfer are available .";3;460;"correlated incompressible and compressible boundary
layers .";24.896219942999394;True
162;"what accurate or exact solutions of the laminar separation point for
various incompressible and compressible boundary layers with zero heat
transfer are available .";4;1386;"analysis and calculation by integral methods of laminar
compressible boundary layer with heat transfer and
with and without pressure gradient .";24.858980127116848;False
162;"what accurate or exact solutions of the laminar separation point for
various incompressible and compressible boundary layers with zero heat
transfer are available .";5;62;"similar solutions for the compressible laminar boundary
layer with heat transfer and pressure gradient .";23.82250762530228;False
162;"what accurate or exact solutions of the laminar separation point for
various incompressible and compressible boundary layers with zero heat
transfer are available .";6;366;"helium injection into the boundary layer at an axisymmetric
stagnation point .";23.554338082228714;False
162;"what accurate or exact solutions of the laminar separation point for
various incompressible and compressible boundary layers with zero heat
transfer are available .";7;1182;an approximate solution for laminar boundary layer flow .;23.291024325289996;False
162;"what accurate or exact solutions of the laminar separation point for
various incompressible and compressible boundary layers with zero heat
transfer are available .";8;489;"on calculation of the laminar separation point and
results of certain flows .";23.083705337316616;False
162;"what accurate or exact solutions of the laminar separation point for
various incompressible and compressible boundary layers with zero heat
transfer are available .";9;292;"rapid laminar boundary layer calculations by piece-wise
application of similar solutions .";22.893079807888512;False
162;"what accurate or exact solutions of the laminar separation point for
various incompressible and compressible boundary layers with zero heat
transfer are available .";10;306;"second approximation to laminar compressible boundary
layer on flat plate in slip flow .";22.819419311395002;False
163;"can the hypersonic similarity results be applied to the technique of
predicting surface pressures of an ogive forebody at angle of attack .";1;492;prediction of ogive-forebody pressures at angles of attack .;36.47159962223708;False
163;"can the hypersonic similarity results be applied to the technique of
predicting surface pressures of an ogive forebody at angle of attack .";2;232;"accuracy of approximate methods for predicting pressure
on pointed non-lifting bodies of revolution in supersonic
flow .";26.376321454345444;False
163;"can the hypersonic similarity results be applied to the technique of
predicting surface pressures of an ogive forebody at angle of attack .";3;57;"applicability of the hypersonic similarity rule to
pressure distributions which include the effects of
rotation for bodies of revolution at zero angle of
attack .";24.950551790280322;True
163;"can the hypersonic similarity results be applied to the technique of
predicting surface pressures of an ogive forebody at angle of attack .";4;56;"an analysis of the applicability of the hypersonic
similarity law to the study of the flow about bodies
of revolution at zero angle of attack .";24.732890940049153;True
163;"can the hypersonic similarity results be applied to the technique of
predicting surface pressures of an ogive forebody at angle of attack .";5;373;"the generalized expansion method and its application
to bodies travelling at high supersonic airspeeds .";23.789957129813214;False
163;"can the hypersonic similarity results be applied to the technique of
predicting surface pressures of an ogive forebody at angle of attack .";6;1231;hypersonic flow over an elliptic cone: theory and experiment .;22.37101985405908;False
163;"can the hypersonic similarity results be applied to the technique of
predicting surface pressures of an ogive forebody at angle of attack .";7;37;"a new technique for investigating heat transfer and
surface phenomena under hypersonic flow conditions .";22.072733238098447;False
163;"can the hypersonic similarity results be applied to the technique of
predicting surface pressures of an ogive forebody at angle of attack .";8;688;"tables of aerodynamic coefficients obtained from developed newtonian
expressions for complete and partial conic and spheric bodies at
combined angles of attack and sideslip with some comparisons with
hypersonic experimental data .";21.855965369584737;False
163;"can the hypersonic similarity results be applied to the technique of
predicting surface pressures of an ogive forebody at angle of attack .";9;434;"contributions of the wing panels to the forces and
moments of supersonic wing-body combinations at combined
angles .";21.76969403216789;False
163;"can the hypersonic similarity results be applied to the technique of
predicting surface pressures of an ogive forebody at angle of attack .";10;973;"interaction effects produced by jet exhausting laterally near base of
ogive-cylinder model in supersonic main stream .";21.632586882502792;False
164;what determines the onset of shock-induced boundary-layer separation .;1;311;"a method for predicting the onset of buffeting and other separation
effects from wind tunnel tests on rigid models .";17.71803121494853;True
164;what determines the onset of shock-induced boundary-layer separation .;2;1187;"shock-induced boundary layer separation in overexpanded conical exhaust
nozzles .";15.000135472521013;False
164;what determines the onset of shock-induced boundary-layer separation .;3;265;"some instabilities arising from the interaction between
shock waves and boundary layer .";14.90737510223781;False
164;what determines the onset of shock-induced boundary-layer separation .;4;503;"theoretical prediction of the transonic characteristics
of airfoils .";14.381089349691951;False
164;what determines the onset of shock-induced boundary-layer separation .;5;415;the aerodynamic design of section shapes for swept wings .;14.105008868068648;True
164;what determines the onset of shock-induced boundary-layer separation .;6;416;"methods of boundary-layer control for postponing and alleviating
buffeting and other effects of shock-induced separation .";13.750363773404143;True
164;what determines the onset of shock-induced boundary-layer separation .;7;316;"the occurrence and development of boundary layer separations at high
incidences and high speeds .";13.268158918132404;True
164;what determines the onset of shock-induced boundary-layer separation .;8;569;"an experimental investigation of leading edge shock wave boundary layer
interaction at mach 5.8 .";12.887246072351898;False
164;what determines the onset of shock-induced boundary-layer separation .;9;504;"stability of compressible boundary layers induced by
a moving wave .";12.750753778633388;False
164;what determines the onset of shock-induced boundary-layer separation .;10;358;"on the model of the free shock separation, turbulent
boundary layer .";12.099165835759125;False
165;"are the stable profiles of a compressible boundary layer induced by a
moving wave known .";1;504;"stability of compressible boundary layers induced by
a moving wave .";24.00590707781009;False
165;"are the stable profiles of a compressible boundary layer induced by a
moving wave known .";2;71;"laminar boundary layer behind shock advancing into
stationary fluid .";17.900548497635494;True
165;"are the stable profiles of a compressible boundary layer induced by a
moving wave known .";3;72;"boundary layer behind shock or thin expansion wave
moving into stationary fluid .";16.827247019738824;True
165;"are the stable profiles of a compressible boundary layer induced by a
moving wave known .";4;209;boundary layer induced noise in the interior of aircraft .;15.957822526358907;False
165;"are the stable profiles of a compressible boundary layer induced by a
moving wave known .";5;569;"an experimental investigation of leading edge shock wave boundary layer
interaction at mach 5.8 .";14.728498845392934;False
165;"are the stable profiles of a compressible boundary layer induced by a
moving wave known .";6;663;viscous flow along a flat plate moving at high speeds .;13.698191376498755;False
165;"are the stable profiles of a compressible boundary layer induced by a
moving wave known .";7;1375;"an approximate solution for the axisymmetric jet of a laminar
compressible fluid .";12.852706640831197;False
165;"are the stable profiles of a compressible boundary layer induced by a
moving wave known .";8;978;temperature profiles inafinite solid with moving boundary .;12.689362733401309;False
165;"are the stable profiles of a compressible boundary layer induced by a
moving wave known .";9;417;on the stability of two dimensional parallel flows .;12.416298576956368;False
165;"are the stable profiles of a compressible boundary layer induced by a
moving wave known .";10;1276;"a three-dimensional linearized analysis of the forces
exerted on a rigid wing by a shock wave .";12.295084473416832;False
166;"are there experimental results on the stability of a compressible
boundary layer induced by a moving wave .";1;504;"stability of compressible boundary layers induced by
a moving wave .";25.327078478292403;False
166;"are there experimental results on the stability of a compressible
boundary layer induced by a moving wave .";2;209;boundary layer induced noise in the interior of aircraft .;17.206405857175216;False
166;"are there experimental results on the stability of a compressible
boundary layer induced by a moving wave .";3;663;viscous flow along a flat plate moving at high speeds .;16.249301614261928;False
166;"are there experimental results on the stability of a compressible
boundary layer induced by a moving wave .";4;334;"influence of the leading-edge shock wave on the laminar boundary layer
at hypersonic speeds .";15.442653436122653;False
166;"are there experimental results on the stability of a compressible
boundary layer induced by a moving wave .";5;569;"an experimental investigation of leading edge shock wave boundary layer
interaction at mach 5.8 .";15.425106145774514;False
166;"are there experimental results on the stability of a compressible
boundary layer induced by a moving wave .";6;72;"boundary layer behind shock or thin expansion wave
moving into stationary fluid .";14.759456506099438;False
166;"are there experimental results on the stability of a compressible
boundary layer induced by a moving wave .";7;71;"laminar boundary layer behind shock advancing into
stationary fluid .";14.720853667671522;False
166;"are there experimental results on the stability of a compressible
boundary layer induced by a moving wave .";8;36;supersonic flow around blunt bodies .;14.565712128522526;False
166;"are there experimental results on the stability of a compressible
boundary layer induced by a moving wave .";9;1302;"the development of the boundary layer in supersonic
shear flow .";13.814537916786694;False
166;"are there experimental results on the stability of a compressible
boundary layer induced by a moving wave .";10;1322;"qualitiative solutions of the stability equation for a boundary layer in
 contact with various forms of flexible surface .";13.345155510978518;False
167;"exact solution methods for calculating the ablative mass loss of a
material ablating at high temperatures in a hypersonic flight
environment .";1;274;"analysis of quartz and teflon shields for a particular
re-entry mission .";25.221568771404936;True
167;"exact solution methods for calculating the ablative mass loss of a
material ablating at high temperatures in a hypersonic flight
environment .";2;1279;sublimation in a hypersonic environment .;24.570018247584272;False
167;"exact solution methods for calculating the ablative mass loss of a
material ablating at high temperatures in a hypersonic flight
environment .";3;553;"ablation of glassy materials around blunt bodies of
revolution .";24.181710960445173;False
167;"exact solution methods for calculating the ablative mass loss of a
material ablating at high temperatures in a hypersonic flight
environment .";4;82;"theoretical investigation of the ablation of a glass-type
heat protection shield of varied material properties
at the stagnation point of a re-entering irbm .";23.70111114719208;True
167;"exact solution methods for calculating the ablative mass loss of a
material ablating at high temperatures in a hypersonic flight
environment .";5;1098;"an experimental investigation of ablating material
at low and high enthalpy potentials .";18.701048791462966;False
167;"exact solution methods for calculating the ablative mass loss of a
material ablating at high temperatures in a hypersonic flight
environment .";6;1065;"a free-flight investigation of ablation of a blunt
body to a mach number of 13 .1.";17.624045447880608;False
167;"exact solution methods for calculating the ablative mass loss of a
material ablating at high temperatures in a hypersonic flight
environment .";7;1096;"qualitative measurements of the effective heats of
ablation of several materials in supersonic air jets
at stagnation temperature up to 11,000 f.";17.51164571367365;False
167;"exact solution methods for calculating the ablative mass loss of a
material ablating at high temperatures in a hypersonic flight
environment .";8;1101;a sensor for obtaining ablation rates .;17.266383064765474;False
167;"exact solution methods for calculating the ablative mass loss of a
material ablating at high temperatures in a hypersonic flight
environment .";9;1100;an analytical investigation of ablation .;16.971023944942544;False
167;"exact solution methods for calculating the ablative mass loss of a
material ablating at high temperatures in a hypersonic flight
environment .";10;1226;"heat transfer in the laminar boundary layer with ablation
of vapor of arbitrary molecular weight .";15.716079472222264;False
168;"what approximate solutions are known to the direct problem of transonic
flow in the throat of a nozzle,  i.e. finding the flow in a given
nozzle .";1;750;"transonic flow in two dimensional and axially symmetrical
nozzles .";25.127674142528907;False
168;"what approximate solutions are known to the direct problem of transonic
flow in the throat of a nozzle,  i.e. finding the flow in a given
nozzle .";2;118;"the transonic flow of a compressible fluid through
an axially symmetrical nozzle .";20.316391757357678;False
168;"what approximate solutions are known to the direct problem of transonic
flow in the throat of a nozzle,  i.e. finding the flow in a given
nozzle .";3;341;"the analytical design of an axially symmetric laval
nozzle for a parallel and uniform jet .";19.219975947473802;False
168;"what approximate solutions are known to the direct problem of transonic
flow in the throat of a nozzle,  i.e. finding the flow in a given
nozzle .";4;410;"the supersonic flow about a blunt body of revolution
for gases at chemical equilibrium .";17.664654001565854;False
168;"what approximate solutions are known to the direct problem of transonic
flow in the throat of a nozzle,  i.e. finding the flow in a given
nozzle .";5;157;the hodographic transformation in transonic flow .;17.59620953774215;False
168;"what approximate solutions are known to the direct problem of transonic
flow in the throat of a nozzle,  i.e. finding the flow in a given
nozzle .";6;1072;ignition and combustion in a laminar mixing zone .;15.778466178494918;False
168;"what approximate solutions are known to the direct problem of transonic
flow in the throat of a nozzle,  i.e. finding the flow in a given
nozzle .";7;965;analytic determination of discharge coefficients of flow nozzles .;15.701146315373645;False
168;"what approximate solutions are known to the direct problem of transonic
flow in the throat of a nozzle,  i.e. finding the flow in a given
nozzle .";8;1110;on supersonic flow past a slightly yawing cone .;15.622140342526427;False
168;"what approximate solutions are known to the direct problem of transonic
flow in the throat of a nozzle,  i.e. finding the flow in a given
nozzle .";9;131;two-dimensional jet mixing of a compressible fluid .;14.656694338301008;False
168;"what approximate solutions are known to the direct problem of transonic
flow in the throat of a nozzle,  i.e. finding the flow in a given
nozzle .";10;1224;on the plk method and the supersonic blunt-body problem .;14.602830963916285;False
169;"what approximate solutions are known to the indirect problem of
transonic flow in the throat of a nozzle,  i.e. finding a nozzle which
has a given axial velocity distribution .";1;750;"transonic flow in two dimensional and axially symmetrical
nozzles .";30.829424797472996;False
169;"what approximate solutions are known to the indirect problem of
transonic flow in the throat of a nozzle,  i.e. finding a nozzle which
has a given axial velocity distribution .";2;118;"the transonic flow of a compressible fluid through
an axially symmetrical nozzle .";25.377848961409953;True
169;"what approximate solutions are known to the indirect problem of
transonic flow in the throat of a nozzle,  i.e. finding a nozzle which
has a given axial velocity distribution .";3;341;"the analytical design of an axially symmetric laval
nozzle for a parallel and uniform jet .";23.22478814143389;False
169;"what approximate solutions are known to the indirect problem of
transonic flow in the throat of a nozzle,  i.e. finding a nozzle which
has a given axial velocity distribution .";4;157;the hodographic transformation in transonic flow .;21.30743221323858;True
169;"what approximate solutions are known to the indirect problem of
transonic flow in the throat of a nozzle,  i.e. finding a nozzle which
has a given axial velocity distribution .";5;131;two-dimensional jet mixing of a compressible fluid .;19.404438475585145;False
169;"what approximate solutions are known to the indirect problem of
transonic flow in the throat of a nozzle,  i.e. finding a nozzle which
has a given axial velocity distribution .";6;472;waves in supersonic flow .;19.33268121685997;False
169;"what approximate solutions are known to the indirect problem of
transonic flow in the throat of a nozzle,  i.e. finding a nozzle which
has a given axial velocity distribution .";7;458;"a new series for calculation of steady laminar boundary
layer flows .";17.779447698074407;False
169;"what approximate solutions are known to the indirect problem of
transonic flow in the throat of a nozzle,  i.e. finding a nozzle which
has a given axial velocity distribution .";8;1072;ignition and combustion in a laminar mixing zone .;17.560559987628523;False
169;"what approximate solutions are known to the indirect problem of
transonic flow in the throat of a nozzle,  i.e. finding a nozzle which
has a given axial velocity distribution .";9;965;analytic determination of discharge coefficients of flow nozzles .;17.520289413767802;False
169;"what approximate solutions are known to the indirect problem of
transonic flow in the throat of a nozzle,  i.e. finding a nozzle which
has a given axial velocity distribution .";10;217;flow pattern in a converging-diverging nozzle .;17.226603614146292;False
17;"can the three-dimensional problem of a transverse potential flow about
a body of revolution be reduced to a two-dimensional problem .";1;1108;a study of second-order supersonic flow theory .;21.406247417049215;False
17;"can the three-dimensional problem of a transverse potential flow about
a body of revolution be reduced to a two-dimensional problem .";2;106;the transverse potential flow past a body of revolution .;20.341929269568766;True
17;"can the three-dimensional problem of a transverse potential flow about
a body of revolution be reduced to a two-dimensional problem .";3;916;"the flow around oscillating low aspect ratio wings at transonic
speeds .";18.5722183962879;False
17;"can the three-dimensional problem of a transverse potential flow about
a body of revolution be reduced to a two-dimensional problem .";4;1301;compressible boundary layers on bodies of revolution .;18.44191370268263;False
17;"can the three-dimensional problem of a transverse potential flow about
a body of revolution be reduced to a two-dimensional problem .";5;498;"calculation of potential flow about bodies of revolution
having axes perpendicular to the free-stream direction .";18.0432175199336;False
17;"can the three-dimensional problem of a transverse potential flow about
a body of revolution be reduced to a two-dimensional problem .";6;1281;"turbulent heat transfer on blunt-nosed bodies in two-dimensional
and general three-dimensional hypersonic flow .";17.901934002319376;False
17;"can the three-dimensional problem of a transverse potential flow about
a body of revolution be reduced to a two-dimensional problem .";7;336;"simplified laminar boundary layer calculations for
bodies of revolution and for yawed wings .";17.700458783844365;False
17;"can the three-dimensional problem of a transverse potential flow about
a body of revolution be reduced to a two-dimensional problem .";8;801;"experimental study of the equivalence of transonic
flow about slender cone-cylinders of circular and elliptic
cross section .";17.06289720512016;False
17;"can the three-dimensional problem of a transverse potential flow about
a body of revolution be reduced to a two-dimensional problem .";9;373;"the generalized expansion method and its application
to bodies travelling at high supersonic airspeeds .";16.2208870944796;False
17;"can the three-dimensional problem of a transverse potential flow about
a body of revolution be reduced to a two-dimensional problem .";10;266;"exact solution of the neumann problem . calculation
for non- circulatory plane and axially symmetric flows
about or within arbitrary boundaries .";16.209726939352255;False
170;"why do users of orthodox pitot-static tubes often find that the
calibrations appear to be,. - (a) significantly different from those formerly
specified,  (b) wildly variable at low reynolds numbers .";1;238;"on a determination of the pitot-static tube factor
at low reynolds numbers, with special reference to
the measurement of low air speeds .";33.61181272671349;True
170;"why do users of orthodox pitot-static tubes often find that the
calibrations appear to be,. - (a) significantly different from those formerly
specified,  (b) wildly variable at low reynolds numbers .";2;239;"design and calibration at low speeds of a static tube
and a pitot-static tube with semi-ellipsoidal nose
shapes .";30.354161465108657;True
170;"why do users of orthodox pitot-static tubes often find that the
calibrations appear to be,. - (a) significantly different from those formerly
specified,  (b) wildly variable at low reynolds numbers .";3;1082;"the flow past pitot tube at low reynolds numbers, part 1-dash the
numerical solution of the navier-stokes equations for steady viscous
axisymmetric flow, part 2-dash the effects of viscosity and orifice
size on a pitot tube at low reynolds numbers .";29.964416144981282;False
170;"why do users of orthodox pitot-static tubes often find that the
calibrations appear to be,. - (a) significantly different from those formerly
specified,  (b) wildly variable at low reynolds numbers .";4;904;"calibration of the standard pitot-static head used
in the rae low speed wind tunnels .";28.571982181181628;True
170;"why do users of orthodox pitot-static tubes often find that the
calibrations appear to be,. - (a) significantly different from those formerly
specified,  (b) wildly variable at low reynolds numbers .";5;893;"a new design of pitot-static tube with a discussion
of pitot-static tubes and their calibration factors .";27.927800798146396;False
170;"why do users of orthodox pitot-static tubes often find that the
calibrations appear to be,. - (a) significantly different from those formerly
specified,  (b) wildly variable at low reynolds numbers .";6;139;viscous effects on pitot tubes at low speeds .;27.479212315645317;True
170;"why do users of orthodox pitot-static tubes often find that the
calibrations appear to be,. - (a) significantly different from those formerly
specified,  (b) wildly variable at low reynolds numbers .";7;165;skin-friction measurements in incompressible flow .;22.001288382963793;False
170;"why do users of orthodox pitot-static tubes often find that the
calibrations appear to be,. - (a) significantly different from those formerly
specified,  (b) wildly variable at low reynolds numbers .";8;315;"scale effects at high subsonic and transonic speeds
and methods for fixing transition in model experiments .";21.420589139790955;False
170;"why do users of orthodox pitot-static tubes often find that the
calibrations appear to be,. - (a) significantly different from those formerly
specified,  (b) wildly variable at low reynolds numbers .";9;140;"the determination of turbulent skin friction by means
of pitot tubes .";20.782583719780444;False
170;"why do users of orthodox pitot-static tubes often find that the
calibrations appear to be,. - (a) significantly different from those formerly
specified,  (b) wildly variable at low reynolds numbers .";10;213;the performance of supersonic turbine nozzles .;19.65829768168797;False
171;"has a comparison been made between interference-free drag measurements
using free-flight models and similar measurements made in a low-blockage
wind tunnel .";1;516;"free-flight measurements of the dynamic longitudinal
stability characteristics of a wind tunnel interference
model (m=0 .92 to 1. 35) .";42.45034816325588;False
171;"has a comparison been made between interference-free drag measurements
using free-flight models and similar measurements made in a low-blockage
wind tunnel .";2;431;"free-flight measurements of the zero-lift drag and
base pressure on a wind tunnel interference model (m=0 .
8 - 1. 5) .";35.95667142302355;True
171;"has a comparison been made between interference-free drag measurements
using free-flight models and similar measurements made in a low-blockage
wind tunnel .";3;800;wall interference at transonic speeds on a hemisphere cylinder model .;27.766278669669667;False
171;"has a comparison been made between interference-free drag measurements
using free-flight models and similar measurements made in a low-blockage
wind tunnel .";4;252;"an investigation of interference effects on similar models of
different size in various transonic tunnels in the u.k. .";27.445944890832322;True
171;"has a comparison been made between interference-free drag measurements
using free-flight models and similar measurements made in a low-blockage
wind tunnel .";5;141;free-flight techniques for high speed aerodynamic research .;26.12628949830822;True
171;"has a comparison been made between interference-free drag measurements
using free-flight models and similar measurements made in a low-blockage
wind tunnel .";6;799;"some effects of wind-tunnel interference observed in tests on
two-dimensional aerofoils at high subsonic and transonic speeds .";25.37152288534305;False
171;"has a comparison been made between interference-free drag measurements
using free-flight models and similar measurements made in a low-blockage
wind tunnel .";7;904;"calibration of the standard pitot-static head used
in the rae low speed wind tunnels .";24.495351876586152;False
171;"has a comparison been made between interference-free drag measurements
using free-flight models and similar measurements made in a low-blockage
wind tunnel .";8;714;"blockage corrections for three-dimensional flow closed
throat wind tunnels, with considerations of the effect
of compressibility .";23.516376944197017;False
171;"has a comparison been made between interference-free drag measurements
using free-flight models and similar measurements made in a low-blockage
wind tunnel .";9;755;"oscillatory derivative measurements on sting-mounted
wind tunnel models method of test and results for pitch
and yaw on a cambered ogee wing at mach numbers up
to 2. 6.";21.44769742574219;False
171;"has a comparison been made between interference-free drag measurements
using free-flight models and similar measurements made in a low-blockage
wind tunnel .";10;230;"interference between the wings and tail plane of a
slender wing-body tailplane combination .";21.276636864757855;False
172;solution of the blasius problem with three-point boundary conditions .;1;320;"comment on improved numerical solution of the blasius problem with
three-point boundary conditions .";25.0816699604736;True
172;solution of the blasius problem with three-point boundary conditions .;2;322;"on the numerical solution of the blasius problem with three-point
boundary conditions .";23.529312141069113;True
172;solution of the blasius problem with three-point boundary conditions .;3;527;"note on the three-point boundary layer problem for
the blasius equations .";23.524495201651188;False
172;solution of the blasius problem with three-point boundary conditions .;4;321;"improved numerical solution of the blasius problem with three-point
boundary conditions .";23.108697303699294;True
172;solution of the blasius problem with three-point boundary conditions .;5;476;the blasius equation with three-point boundary conditions .;20.510763352083984;True
172;solution of the blasius problem with three-point boundary conditions .;6;478;"tabulation of the blasius function with blowing and
suction .";17.146343211297406;False
172;solution of the blasius problem with three-point boundary conditions .;7;1235;"a theory of the two dimensional laminar bounary layer
over a curved surface .";13.613423586733902;False
172;solution of the blasius problem with three-point boundary conditions .;8;107;on the mixing of two parallel streams .;13.34420927809339;False
172;solution of the blasius problem with three-point boundary conditions .;9;1370;some remarks on the flat plate boundary layer .;12.724828137907927;False
172;solution of the blasius problem with three-point boundary conditions .;10;266;"exact solution of the neumann problem . calculation
for non- circulatory plane and axially symmetric flows
about or within arbitrary boundaries .";10.825383652278374;False
173;"references on lyapunov's method on the stability of linear
differential equations with periodic coefficients .";1;367;"control system and analysis and design via the second method of
lyapunov .";25.201365566169866;True
173;"references on lyapunov's method on the stability of linear
differential equations with periodic coefficients .";2;451;liapunov's methods in automatic control theory .;23.629167710868753;True
173;"references on lyapunov's method on the stability of linear
differential equations with periodic coefficients .";3;532;"pitch-yaw stability of a missile oscillating in roll
via the second method of lyapunov .";22.1108395298786;False
173;"references on lyapunov's method on the stability of linear
differential equations with periodic coefficients .";4;767;"mathematical techniques applying to the thermal fatigue behaviour
of high temperature alloys .";14.500504274857855;False
173;"references on lyapunov's method on the stability of linear
differential equations with periodic coefficients .";5;917;"a method of calculating the short period longitudinal
stability derivatives of a wing in linearised unsteady
compressible flow .";14.475422740084564;False
173;"references on lyapunov's method on the stability of linear
differential equations with periodic coefficients .";6;956;"elastic stability of simply supported corrugated core
sand- wich cylinders .";13.485448961655106;False
173;"references on lyapunov's method on the stability of linear
differential equations with periodic coefficients .";7;931;stability equations for conical shells .;13.327582253616814;False
173;"references on lyapunov's method on the stability of linear
differential equations with periodic coefficients .";8;934;"stability of cylindrical and conical shells of circular
cross section, with simultaneous action of axial compression
and external normal pressure .";13.313807786150171;False
173;"references on lyapunov's method on the stability of linear
differential equations with periodic coefficients .";9;703;general airfoil theory .;13.04111191995661;False
173;"references on lyapunov's method on the stability of linear
differential equations with periodic coefficients .";10;1067;"plastic stability theory of geometrically orthotropic
plates and cylindrical shells .";12.604775125825224;False
174;"obtain all papers and reports that contain shock detachment distance
data .";1;35;stagnation point of a blunt body in hypersonic flow .;17.838291450290725;False
174;"obtain all papers and reports that contain shock detachment distance
data .";2;1319;real gas effects in flow over blunt bodies at hypersonic speeds .;16.407938345283448;False
174;"obtain all papers and reports that contain shock detachment distance
data .";3;501;"stagnation-point shock detachment of blunt bodies in
supersonic flow .";16.321970696837987;False
174;"obtain all papers and reports that contain shock detachment distance
data .";4;1157;hypersonic shock tunnel .;16.226294516616694;False
174;"obtain all papers and reports that contain shock detachment distance
data .";5;483;"stagnation point shock detachment distance for flow
around spheres and cylinder .";15.885340397550912;False
174;"obtain all papers and reports that contain shock detachment distance
data .";6;411;"data on shape and location of detached shock waves
in cones and sphere .";15.83347032516749;True
174;"obtain all papers and reports that contain shock detachment distance
data .";7;523;"approximate determination of position of the sonic
line for a blunt body in hypersonic flow .";15.622196692156859;False
174;"obtain all papers and reports that contain shock detachment distance
data .";8;1274;real gas effects in flow over blunt bodies at hypersonic speeds .;15.592535435189607;False
174;"obtain all papers and reports that contain shock detachment distance
data .";9;1390;"on the numerical calculation of detached bow shock
waves in hypersonic flow .";15.559025443140566;False
174;"obtain all papers and reports that contain shock detachment distance
data .";10;533;"stagnation-point shock-detachment distance for flow
around spheres and cylinders in air .";14.110572284529997;False
175;work on flow in channels at low reynolds numbers .;1;941;"viscous compressible and incompressible flow in slender
channels .";15.114191236151294;False
175;work on flow in channels at low reynolds numbers .;2;1221;"steady flow of conducting fluids in channels under
transverse magnetic fields, with consideration of hall
effect .";13.932752374412853;False
175;work on flow in channels at low reynolds numbers .;3;139;viscous effects on pitot tubes at low speeds .;13.478975677319731;False
175;work on flow in channels at low reynolds numbers .;4;1082;"the flow past pitot tube at low reynolds numbers, part 1-dash the
numerical solution of the navier-stokes equations for steady viscous
axisymmetric flow, part 2-dash the effects of viscosity and orifice
size on a pitot tube at low reynolds numbers .";13.043551368905613;False
175;work on flow in channels at low reynolds numbers .;5;1080;viscous flow round a sphere at low reynolds numbers . /l40/ .;12.903242130950055;False
175;work on flow in channels at low reynolds numbers .;6;34;constant-temperature magneto-gasdynamic channel flow .;12.000615794961568;False
175;work on flow in channels at low reynolds numbers .;7;491;"on the close relationship between turbulent plane-couette
and pressure flows .";11.74692300886461;False
175;work on flow in channels at low reynolds numbers .;8;666;blunt body heat transfer at hypersonic speed and low reynolds numbers .;11.107563474598113;False
175;work on flow in channels at low reynolds numbers .;9;1222;axisymmetric magnetohydrodynamic channel flow .;10.822650304147011;False
175;work on flow in channels at low reynolds numbers .;10;238;"on a determination of the pitot-static tube factor
at low reynolds numbers, with special reference to
the measurement of low air speeds .";10.813867441160607;False
176;"some approximate analytical heat conduction solutions using methods
other than biot's principle .";1;542;biot's variational principle in heat conduction .;24.669946926770056;False
176;"some approximate analytical heat conduction solutions using methods
other than biot's principle .";2;963;a variational principle for convection of heat .;18.560910172183483;False
176;"some approximate analytical heat conduction solutions using methods
other than biot's principle .";3;869;"the calculation of transient temperature in turbine
blades and tapered discs using biot's variational method .";17.491693997269664;False
176;"some approximate analytical heat conduction solutions using methods
other than biot's principle .";4;307;"an approximate solution of hypersonic laminar boundary
layer equations and its application .";15.239877009017464;False
176;"some approximate analytical heat conduction solutions using methods
other than biot's principle .";5;767;"mathematical techniques applying to the thermal fatigue behaviour
of high temperature alloys .";14.60270632146484;False
176;"some approximate analytical heat conduction solutions using methods
other than biot's principle .";6;6;"one-dimensional transient heat flow in a multilayer
slab .";14.568116668655513;False
176;"some approximate analytical heat conduction solutions using methods
other than biot's principle .";7;1375;"an approximate solution for the axisymmetric jet of a laminar
compressible fluid .";14.169563066537021;False
176;"some approximate analytical heat conduction solutions using methods
other than biot's principle .";8;497;"theoretical and experimental investigation of thermal
stresses in hypersonic aircraft wing structures .";13.515892451957466;False
176;"some approximate analytical heat conduction solutions using methods
other than biot's principle .";9;872;"fundamentals of boundary layer heat transfer with streamwise
temperature variations .";13.494263728090548;False
176;"some approximate analytical heat conduction solutions using methods
other than biot's principle .";10;1185;"an integral method for calculating heat and mass transfer
in laminar boundary layers .";13.202918406094177;False
177;"what mode of stalling can be expected for each stage of an axial
compressor .";1;588;compressor operation with one or more blade rows stalled .;28.56490483401009;True
177;"what mode of stalling can be expected for each stage of an axial
compressor .";2;589;some stall and surge phenomena in axial flow compressors .;28.01601399979358;True
177;"what mode of stalling can be expected for each stage of an axial
compressor .";3;576;"viscous and inviscid stagnation flow in a dissociated hypervelocity free
 stream .";24.705706360195826;False
177;"what mode of stalling can be expected for each stage of an axial
compressor .";4;543;"the stacking of compressor stage characteristics to
give an overall compressor performance map .";20.58456033120719;False
177;"what mode of stalling can be expected for each stage of an axial
compressor .";5;138;wakes in axial compressors .;20.545429958299756;False
177;"what mode of stalling can be expected for each stage of an axial
compressor .";6;578;dissociation scaling for nonequilibrium blunt nose flows .;20.506907218497602;False
177;"what mode of stalling can be expected for each stage of an axial
compressor .";7;590;"effects of stage characteristics and matching on axial flow compressor
performance .";19.96036899509373;True
177;"what mode of stalling can be expected for each stage of an axial
compressor .";8;216;the supersonic axial flow compressor .;18.832021401291108;False
177;"what mode of stalling can be expected for each stage of an axial
compressor .";9;426;"preliminary analysis of axial flow compressors having
supersonic velocity at the entrance of the stator .";18.667345811297544;False
177;"what mode of stalling can be expected for each stage of an axial
compressor .";10;237;a compressor routine test code .;17.457353467811206;False
178;"has a criterion been established for determining the axial compressor
choking line .";1;591;an approximate equation for the /choke line/ of a compressor .;22.359350978114154;True
178;"has a criterion been established for determining the axial compressor
choking line .";2;216;the supersonic axial flow compressor .;15.772199249800883;False
178;"has a criterion been established for determining the axial compressor
choking line .";3;138;wakes in axial compressors .;14.977085415659486;False
178;"has a criterion been established for determining the axial compressor
choking line .";4;511;"tunnel tests on a double cascade to determine the interaction
between the rotor and the nozzles of a supersonic turbine .";14.759700180176004;False
178;"has a criterion been established for determining the axial compressor
choking line .";5;589;some stall and surge phenomena in axial flow compressors .;13.578835569240427;True
178;"has a criterion been established for determining the axial compressor
choking line .";6;1155;"some experimental investigations on the influence of wall boundary
layers upon wind tunnel measurements at high subsonic speeds .";12.408591465383715;False
178;"has a criterion been established for determining the axial compressor
choking line .";7;237;a compressor routine test code .;12.167442593025509;False
178;"has a criterion been established for determining the axial compressor
choking line .";8;772;an experimental study of jet-flap compressor blades .;11.915714038421628;False
178;"has a criterion been established for determining the axial compressor
choking line .";9;985;"a rapid approximate method for the design of hub shroud profiles of
centrifugal impellers of given blade shape .";11.688030064203575;False
178;"has a criterion been established for determining the axial compressor
choking line .";10;592;design of axial compressors .;11.678352355103694;False
179;"has a theory of quasi-conical flows been developed, in supersonic
linearised theory, for which the upwash distribution on the lifting
surface, apart from being a homogeneous function in the
co-ordinate, is permitted to have a quite general functional form .";1;633;"an extension of the method of generalised conical flows
for lifting wings in supersonic flow .";40.863498342181046;False
179;"has a theory of quasi-conical flows been developed, in supersonic
linearised theory, for which the upwash distribution on the lifting
surface, apart from being a homogeneous function in the
co-ordinate, is permitted to have a quite general functional form .";2;682;the lift of twisted and cambered wings in supersonic flow .;33.31275160763776;True
179;"has a theory of quasi-conical flows been developed, in supersonic
linearised theory, for which the upwash distribution on the lifting
surface, apart from being a homogeneous function in the
co-ordinate, is permitted to have a quite general functional form .";3;680;generalized conical flow fields in supersonic wing theory .;30.5634671074302;True
179;"has a theory of quasi-conical flows been developed, in supersonic
linearised theory, for which the upwash distribution on the lifting
surface, apart from being a homogeneous function in the
co-ordinate, is permitted to have a quite general functional form .";4;428;"the quasi-cylinder of specified thickness and shell
loading in supersonic flow .";29.72952818406407;False
179;"has a theory of quasi-conical flows been developed, in supersonic
linearised theory, for which the upwash distribution on the lifting
surface, apart from being a homogeneous function in the
co-ordinate, is permitted to have a quite general functional form .";5;147;"supersonic flow past slender pointed wings with ?similar?
cross sections at zero lift .";26.63158780515787;False
179;"has a theory of quasi-conical flows been developed, in supersonic
linearised theory, for which the upwash distribution on the lifting
surface, apart from being a homogeneous function in the
co-ordinate, is permitted to have a quite general functional form .";6;224;"quasi-cylindrical surfaces with prescribed loadings
in the linearised theory of supersonic flow .";26.486468572148805;False
179;"has a theory of quasi-conical flows been developed, in supersonic
linearised theory, for which the upwash distribution on the lifting
surface, apart from being a homogeneous function in the
co-ordinate, is permitted to have a quite general functional form .";7;918;"on the low aspect ratio oscillating rectangular wing
in supersonic flow .";26.484016637903746;False
179;"has a theory of quasi-conical flows been developed, in supersonic
linearised theory, for which the upwash distribution on the lifting
surface, apart from being a homogeneous function in the
co-ordinate, is permitted to have a quite general functional form .";8;122;"a simplified approximate method for the calculation of the pressure
around conical bodies of arbitrary shape in supersonic and hypersonic
flow .";25.6637872829866;False
179;"has a theory of quasi-conical flows been developed, in supersonic
linearised theory, for which the upwash distribution on the lifting
surface, apart from being a homogeneous function in the
co-ordinate, is permitted to have a quite general functional form .";9;1343;"formulas for the supersonic loading, lift and drag
of flat swept back wings with leading edges behind
the mach lines .";25.608523796210488;False
179;"has a theory of quasi-conical flows been developed, in supersonic
linearised theory, for which the upwash distribution on the lifting
surface, apart from being a homogeneous function in the
co-ordinate, is permitted to have a quite general functional form .";10;247;"the calculation of the pressure distribution on thick
wings of small aspect ratio at zero lift in subsonic
flow .";25.457972157410918;False
18;"are experimental pressure distributions on bodies of revolution at angle
of attack available .";1;248;"the application of lighthill formula for numerical
calculation of pressure distributions on bodies of
revolution at supersonic speed and zero angle of attack .";20.717880789414714;False
18;"are experimental pressure distributions on bodies of revolution at angle
of attack available .";2;197;"pressure distributions on three bodies of revolution
to determine the effect of reynolds number up to and
including the transonic speed range .";20.6891059367108;True
18;"are experimental pressure distributions on bodies of revolution at angle
of attack available .";3;498;"calculation of potential flow about bodies of revolution
having axes perpendicular to the free-stream direction .";18.649245768818037;False
18;"are experimental pressure distributions on bodies of revolution at angle
of attack available .";4;56;"an analysis of the applicability of the hypersonic
similarity law to the study of the flow about bodies
of revolution at zero angle of attack .";18.6070850482417;False
18;"are experimental pressure distributions on bodies of revolution at angle
of attack available .";5;234;"a second order shock-expansion method applicable to
bodies of revolution near zero lift .";18.49629149330825;False
18;"are experimental pressure distributions on bodies of revolution at angle
of attack available .";6;57;"applicability of the hypersonic similarity rule to
pressure distributions which include the effects of
rotation for bodies of revolution at zero angle of
attack .";17.582903095669977;False
18;"are experimental pressure distributions on bodies of revolution at angle
of attack available .";7;927;"investigation of normal force distributions and wake
vortex characteristics of bodies of revolution at supersonic
speeds .";16.891108563869782;False
18;"are experimental pressure distributions on bodies of revolution at angle
of attack available .";8;232;"accuracy of approximate methods for predicting pressure
on pointed non-lifting bodies of revolution in supersonic
flow .";16.834415088926015;False
18;"are experimental pressure distributions on bodies of revolution at angle
of attack available .";9;1352;"aerodynamic investigation of a parabolic body of revolution
at mach number of 1. 92 and some effects of an annular
supersonic jet exhausting from the base .";16.694005874196943;False
18;"are experimental pressure distributions on bodies of revolution at angle
of attack available .";10;801;"experimental study of the equivalence of transonic
flow about slender cone-cylinders of circular and elliptic
cross section .";16.412026170963195;False
180;how does scale height vary with altitude in an atmosphere .;1;548;"the contraction of satellite orbits under the influence
of air drag . pt .iv with scale height dependent on
altitude .";27.99852020195426;False
180;how does scale height vary with altitude in an atmosphere .;2;622;"scale height in the upper atmosphere, derived from changes in satellite
orbits .";19.421997702946353;True
180;how does scale height vary with altitude in an atmosphere .;3;616;"determination of upper-atmosphere air density and scale height from
satellite observations .";19.32009211810899;True
180;how does scale height vary with altitude in an atmosphere .;4;617;"determination of upper-atmosphere air density profile from satellite
observations .";18.61834524866263;True
180;how does scale height vary with altitude in an atmosphere .;5;613;"the contraction of satellite orbits under the influence of air drag
part i . with spherically symmetrical atmosphere .";15.29038984893429;False
180;how does scale height vary with altitude in an atmosphere .;6;1391;shock wave and flow field development in hypersonic re-entry .;14.15952786374166;False
180;how does scale height vary with altitude in an atmosphere .;7;614;the contraction of satellite orbits under the influence of air drag .;12.999533960986092;False
180;how does scale height vary with altitude in an atmosphere .;8;218;"intensity, scale and spectra of turbulence in mixing
region of free subsonic jet .";12.732831668413402;False
180;how does scale height vary with altitude in an atmosphere .;9;1324;"the effect on transition of isolated surface excrescences
in the boundary layer .";12.662836645667454;False
180;how does scale height vary with altitude in an atmosphere .;10;719;tumbling bodies entering the atmosphere .;12.018086620645395;False
181;"jet interference with supersonic flows
theoretical papers .";1;997;experimental and theoretical studies of axisymmetric free jets .;14.588134479796576;True
181;"jet interference with supersonic flows
theoretical papers .";2;993;"the extent of the jet interference flow fields .
jet effects on cylindrical afterbodies housing sonic and supersonic
nozzles which exhaust against a supersonic stream at angles of attack
from 90degree to 180degree .";13.92121328272869;False
181;"jet interference with supersonic flows
theoretical papers .";3;1074;"theoretical and experimental investigation of second-order supersonic
wing-body interference .";12.508073310921608;False
181;"jet interference with supersonic flows
theoretical papers .";4;131;two-dimensional jet mixing of a compressible fluid .;11.79061645968578;False
181;"jet interference with supersonic flows
theoretical papers .";5;1075;"an experimental and theoretical investigation of second-order supersonic
 wing-body interference, for a non-lifting body with wings at incidence .";11.57085861401184;False
181;"jet interference with supersonic flows
theoretical papers .";6;970;"loads induced on a flat plate wing by an air jet exhausting
perpendicularly through the wing and normal to a free-stream flow of mach
number 2.0 .";11.560367058353954;False
181;"jet interference with supersonic flows
theoretical papers .";7;1093;"induced interference effects on jet and buried-fan
vtol configurations in transition .";11.416667620572468;False
181;"jet interference with supersonic flows
theoretical papers .";8;696;"pressure loads produced on a flat-plate wing by rocket jets exhausting
in a spanwise direction below the wing and perpendicular to a
free-stream flow of mach number 2.0 .";11.12893307420099;False
181;"jet interference with supersonic flows
theoretical papers .";9;176;"base pressure at subsonic speeds in the presence of
a supersonic jet .";11.019836274341865;False
181;"jet interference with supersonic flows
theoretical papers .";10;243;"investigation with an interferometer of the turbulent
mixing of a free supersonic jet .";10.968460958102959;False
182;"effects of leading-edge bluntness on the flutter characteristics of some
square-planform double-wedge airfoils at mach numbers less than 15.4.";1;634;"effects of leading edge bluntness on flutter characteristics
of some square- planform double-wedge airfoils at a
mach number of 15 .4.";58.02910267660775;False
182;"effects of leading-edge bluntness on the flutter characteristics of some
square-planform double-wedge airfoils at mach numbers less than 15.4.";2;685;"aerodynamic effects of some configuration variables
on the aeroelastic characteristics of lifting surfaces
at mach numbers from 0. 7 to 6. 86 .";51.736283969678226;True
182;"effects of leading-edge bluntness on the flutter characteristics of some
square-planform double-wedge airfoils at mach numbers less than 15.4.";3;686;"flutter tests of some simple models at a mach number
of 7. 2 in helium flow .";35.206120973317795;True
182;"effects of leading-edge bluntness on the flutter characteristics of some
square-planform double-wedge airfoils at mach numbers less than 15.4.";4;593;"theoretical considerations of flutter at high mach
number .";28.41785673223913;False
182;"effects of leading-edge bluntness on the flutter characteristics of some
square-planform double-wedge airfoils at mach numbers less than 15.4.";5;1300;"some effects of bluntness on boundary layer transition
and heat transfer at supersonic speeds .";24.216423201196196;False
182;"effects of leading-edge bluntness on the flutter characteristics of some
square-planform double-wedge airfoils at mach numbers less than 15.4.";6;856;"some experimental studies of panel flutter at mach
1 .3.";22.82944616406987;False
182;"effects of leading-edge bluntness on the flutter characteristics of some
square-planform double-wedge airfoils at mach numbers less than 15.4.";7;211;"effect of slight blunting of leading edge of an immersed
body on the flow around it at hypersonic speed .";22.31288999148979;False
182;"effects of leading-edge bluntness on the flutter characteristics of some
square-planform double-wedge airfoils at mach numbers less than 15.4.";8;597;"measurements of pitching moment derivatives for blunt-nose aerofoils
oscillating in two-dimensional supersonic flow .";21.404359678185244;False
182;"effects of leading-edge bluntness on the flutter characteristics of some
square-planform double-wedge airfoils at mach numbers less than 15.4.";9;712;"low-speed longitudinal aerodynamic characteristics associated with a
series of low-aspect ratio wings having variations in leading-edge
contour .";21.363267770537654;False
182;"effects of leading-edge bluntness on the flutter characteristics of some
square-planform double-wedge airfoils at mach numbers less than 15.4.";10;1218;"experimental lift and drag of a series of glide configurations
at mach numbers 12 .6 and 17 .5.";21.09712940478383;False
183;"what factors have been shown to have a primary influence on sonic boom
strength .";1;809;"an investigation of the influence of lift on sonic-boom
intensity by means of wind tunnel measurements of the
pressure fields of several wing-body combinations at
a mach number of 2. 01 .";18.820970015574613;True
183;"what factors have been shown to have a primary influence on sonic boom
strength .";2;811;"an investigation of lifting effects on the intensity
of sonic booms .";16.49951124535642;True
183;"what factors have been shown to have a primary influence on sonic boom
strength .";3;758;"the lower bound of attainable sonic-boom over-pressure
and design methods of approaching this limit .";16.06719613602268;False
183;"what factors have been shown to have a primary influence on sonic boom
strength .";4;808;"an investigation of some aspects of the sonic boom
by means of wind tunnel measurements of pressures about
several bodies at a mach number of 2. 01 .";14.71485630447911;True
183;"what factors have been shown to have a primary influence on sonic boom
strength .";5;804;a flight test investigation of the sonic boom .;14.213784372552169;True
183;"what factors have been shown to have a primary influence on sonic boom
strength .";6;1226;"heat transfer in the laminar boundary layer with ablation
of vapor of arbitrary molecular weight .";13.69158491148523;False
183;"what factors have been shown to have a primary influence on sonic boom
strength .";7;893;"a new design of pitot-static tube with a discussion
of pitot-static tubes and their calibration factors .";13.543228380885946;False
183;"what factors have been shown to have a primary influence on sonic boom
strength .";8;806;"ground measurements of airplane shock wave noise at
mach numbers to 2, and at altitudes of 60,000 feet .";13.184910416050167;True
183;"what factors have been shown to have a primary influence on sonic boom
strength .";9;1177;effects of rapid heating on strength of airframe components .;13.033873401459488;False
183;"what factors have been shown to have a primary influence on sonic boom
strength .";10;807;"ground measurements of the shock wave noise from
supersonic bomber airplanes in the altitude range from 30,000
to 50,000 feet .";12.903411092775585;True
184;work on small-oscillation re-entry motions .;1;82;"theoretical investigation of the ablation of a glass-type
heat protection shield of varied material properties
at the stagnation point of a re-entering irbm .";14.123974158073487;False
184;work on small-oscillation re-entry motions .;2;715;"motion of a ballistic missile angularly misaligned
with the flight path upon entering the atmosphere and
its effect upon aerodynamic heating, aerodynamic loads
and miss distance .";14.062825455704159;True
184;work on small-oscillation re-entry motions .;3;207;"laminar boundary layer oscillations and transition
on a flat plate .";13.542138475613374;False
184;work on small-oscillation re-entry motions .;4;515;"self sustained oscillations of a system with non-linear
damping of a particular type .";13.51807220170636;False
184;work on small-oscillation re-entry motions .;5;716;"study of the oscillatory motion of manned vehicles
entering the earth's atmosphere .";12.835943151004614;True
184;work on small-oscillation re-entry motions .;6;1217;"application of inequality constraints to variational
problems of lifting re-entry .";12.489353340711915;False
184;work on small-oscillation re-entry motions .;7;554;generalized heat transfer formulas and graphs .;12.365493874233124;False
184;work on small-oscillation re-entry motions .;8;509;"a graphical approximation for temperatures and sublimation rates at
surfaces subjected to small net and large gross heat transfer rates .";12.106374916718604;False
184;work on small-oscillation re-entry motions .;9;1219;"determination of lift or drag programs to minimize
re-entry heating .";11.577225617396145;False
184;work on small-oscillation re-entry motions .;10;1379;hypersonic flight and the re-entry problem .;11.55494137290869;True
185;experimental studies on panel flutter .;1;856;"some experimental studies of panel flutter at mach
1 .3.";18.81933044260896;True
185;experimental studies on panel flutter .;2;857;"experimental studies of flutter of buckled rectangular
panels at mach numbers from 1. 2 to 3. 0 including
effects of pressure differential and of panel
width-length ratio .";17.633997846509637;True
185;experimental studies on panel flutter .;3;766;"experimental investigation at mach number of 3. 0 of
effects of thermal stress and buckling on flutter characteristics
of flat single-bay panels of length-width ratio 0. 96 .";15.55056414935612;True
185;experimental studies on panel flutter .;4;858;"experimental investigation at mach numbers 3. 0 of
the effects of thermal stress and buckling on the flutter
of four-bay aluminium alloy panels with length-width
ratios of 10 .";15.265173123420976;True
185;experimental studies on panel flutter .;5;1008;free-flight measurements of the static and dynamic .;15.035781428440181;True
185;experimental studies on panel flutter .;6;390;some panel-flutter studies using piston theory .;14.874909385952472;False
185;experimental studies on panel flutter .;7;658;"review of panel flutter and effects of aerodynamic noise
part i..  panel flutter .";13.68380516095393;False
185;experimental studies on panel flutter .;8;948;"panel flutter tests on full scale x-15 lower vertical
stabilizer at mach number of 3. 0.";13.427235501073481;False
185;experimental studies on panel flutter .;9;859;"flutter of aerodynamically heated aluminium-alloy and
stainless steel panels with length-width ratio of 10
at mach 3. 0.";13.295110290619812;True
185;experimental studies on panel flutter .;10;391;"flutter of rectangular simply supported panels at high
supersonic speeds .";13.21755281775889;False
186;"how can wing-body,  flow field interference effects be approximated
rationally .";1;1243;supersonic boom of wing-body configurations .;17.933090869380365;False
186;"how can wing-body,  flow field interference effects be approximated
rationally .";2;1074;"theoretical and experimental investigation of second-order supersonic
wing-body interference .";17.778814695154335;True
186;"how can wing-body,  flow field interference effects be approximated
rationally .";3;229;"interference between the wings and tail surfaces of
a combination of slender body, cruciform wings and
cruciform tail set at both incidence and yaw .";17.533817010546496;False
186;"how can wing-body,  flow field interference effects be approximated
rationally .";4;1062;"an experimental and theoretical investigation of second-order
wing-body interference at high mach number .";17.045314158439457;True
186;"how can wing-body,  flow field interference effects be approximated
rationally .";5;230;"interference between the wings and tail plane of a
slender wing-body tailplane combination .";16.642871720439043;False
186;"how can wing-body,  flow field interference effects be approximated
rationally .";6;1239;body under lifting wing .;16.1482959831659;False
186;"how can wing-body,  flow field interference effects be approximated
rationally .";7;921;slender-body theory-review and extension .;14.08502025502695;False
186;"how can wing-body,  flow field interference effects be approximated
rationally .";8;557;"a numerical comparison between exact and approximate
theories of hypersonic inviscid flow past slender blunt
nosed bodies .";13.881206498726407;False
186;"how can wing-body,  flow field interference effects be approximated
rationally .";9;923;"methods for estimating lift interference of wing-body
combinations at supersonic speeds .";13.858664262501602;True
186;"how can wing-body,  flow field interference effects be approximated
rationally .";10;252;"an investigation of interference effects on similar models of
different size in various transonic tunnels in the u.k. .";13.8428653984134;False
187;"has anyone analytically or experimentally investigated the effects of
internal pressure on the buckling of circular-cylindrical shells under
bending .";1;763;"effects of internal pressure on the buckling of circular-cylindrical
shells under bending.";36.5764607898673;False
187;"has anyone analytically or experimentally investigated the effects of
internal pressure on the buckling of circular-cylindrical shells under
bending .";2;839;"the bending stability of thin-- walled unstiffened
circular cylinders including the effects of internal
pressure .";29.55876152273333;True
187;"has anyone analytically or experimentally investigated the effects of
internal pressure on the buckling of circular-cylindrical shells under
bending .";3;1126;"an engineer's conceptual approach to the buckling of
cylindrical shell (axial loading) .";27.847847163054674;False
187;"has anyone analytically or experimentally investigated the effects of
internal pressure on the buckling of circular-cylindrical shells under
bending .";4;1068;"instability analysis of cylindrical shells under hydrostatic
pressure .";26.482321648808274;False
187;"has anyone analytically or experimentally investigated the effects of
internal pressure on the buckling of circular-cylindrical shells under
bending .";5;1051;"the stability of thin-walled unstiffened circular cylinders
under axial compression including the effects of internal
pressure .";25.949436316130914;False
187;"has anyone analytically or experimentally investigated the effects of
internal pressure on the buckling of circular-cylindrical shells under
bending .";6;841;"on the bending of circular cylindrical shells under
pure bending .";25.85691668555161;False
187;"has anyone analytically or experimentally investigated the effects of
internal pressure on the buckling of circular-cylindrical shells under
bending .";7;846;"on the vibration of thin cylindrical shells under internal
pressure .";24.731431662296288;False
187;"has anyone analytically or experimentally investigated the effects of
internal pressure on the buckling of circular-cylindrical shells under
bending .";8;897;"some results on buckling and postbuckling of cylindrical
shells .";24.588558203366507;False
187;"has anyone analytically or experimentally investigated the effects of
internal pressure on the buckling of circular-cylindrical shells under
bending .";9;955;"the membrane approach to bending instability of pressureized
cylindrical shells .";24.17096819321705;False
187;"has anyone analytically or experimentally investigated the effects of
internal pressure on the buckling of circular-cylindrical shells under
bending .";10;1171;"the stability under axial compression and lateral pressure
of circular cylindrical shells with a soft elastic
core .";23.82269564437227;False
188;"what theoretical and experimental work has been done on the excitation
and response of typical structures in a noise environment .";1;725;"the response of a typical aircraft structure to jet
noise .";33.32946265147892;True
188;"what theoretical and experimental work has been done on the excitation
and response of typical structures in a noise environment .";2;722;random excitation of a tailplane section by jet noise .;26.228702469802517;True
188;"what theoretical and experimental work has been done on the excitation
and response of typical structures in a noise environment .";3;911;"experimental study of the random vibrations of an aircraft
structure excited by jet noise .";25.797620175144615;True
188;"what theoretical and experimental work has been done on the excitation
and response of typical structures in a noise environment .";4;640;the design of structures to resist jet noise fatigue .;25.490840000388097;False
188;"what theoretical and experimental work has been done on the excitation
and response of typical structures in a noise environment .";5;720;"a note on the use of sandwich structures in severe acoustic
environments .";23.816365358110357;False
188;"what theoretical and experimental work has been done on the excitation
and response of typical structures in a noise environment .";6;908;random vibration .;23.006379913067004;False
188;"what theoretical and experimental work has been done on the excitation
and response of typical structures in a noise environment .";7;909;the effect of jet noise on aircraft structures .;18.141865008015216;True
188;"what theoretical and experimental work has been done on the excitation
and response of typical structures in a noise environment .";8;220;"a general purpose analogue correlator for the analysis of
random noise signals .";18.10257715059661;False
188;"what theoretical and experimental work has been done on the excitation
and response of typical structures in a noise environment .";9;1360;"simplified analysis of general instability of stiffened
shells in pure bending .";17.60910346113633;False
188;"what theoretical and experimental work has been done on the excitation
and response of typical structures in a noise environment .";10;764;"breathing vibrations of a circular shell with an internal
liquid .";17.117718819522587;False
189;"is there a design method for calculating thermal fatigue endurances of
components of various types and sizes in a variety of circumstances .";1;767;"mathematical techniques applying to the thermal fatigue behaviour
of high temperature alloys .";27.666239492595338;False
189;"is there a design method for calculating thermal fatigue endurances of
components of various types and sizes in a variety of circumstances .";2;640;the design of structures to resist jet noise fatigue .;17.292192821341974;False
189;"is there a design method for calculating thermal fatigue endurances of
components of various types and sizes in a variety of circumstances .";3;883;correlated fatigue data for aircraft structural joints .;14.746116338459172;False
189;"is there a design method for calculating thermal fatigue endurances of
components of various types and sizes in a variety of circumstances .";4;1360;"simplified analysis of general instability of stiffened
shells in pure bending .";14.623122641301947;False
189;"is there a design method for calculating thermal fatigue endurances of
components of various types and sizes in a variety of circumstances .";5;867;"low frequency fatigue of nimonic 90 . low frequency
fatigue - a rheological approach .";14.5288409482401;True
189;"is there a design method for calculating thermal fatigue endurances of
components of various types and sizes in a variety of circumstances .";6;870;effect of rheological behaviour on thermal stresses .;14.138986377580391;True
189;"is there a design method for calculating thermal fatigue endurances of
components of various types and sizes in a variety of circumstances .";7;1334;"calculated spanwise lift distributions and aerodynamic
influence coefficients for swept wings in subsonic
flow .";13.572484668763765;False
189;"is there a design method for calculating thermal fatigue endurances of
components of various types and sizes in a variety of circumstances .";8;907;"cavitation and pressure distribution
head forms at zero angle of yaw .";13.452904517682787;False
189;"is there a design method for calculating thermal fatigue endurances of
components of various types and sizes in a variety of circumstances .";9;881;cumulative damage in fatigue .;13.357525752446588;False
189;"is there a design method for calculating thermal fatigue endurances of
components of various types and sizes in a variety of circumstances .";10;865;"a study of the thermal fatigue behaviour of metals .
 the effect of test conditions on nickel-base high
temperature alloys .";13.32058208686899;True
19;"does there exist a good basic treatment of the dynamics of re-entry
combining consideration of realistic effects with relative simplicity of
results .";1;82;"theoretical investigation of the ablation of a glass-type
heat protection shield of varied material properties
at the stagnation point of a re-entering irbm .";19.47692118042611;False
19;"does there exist a good basic treatment of the dynamics of re-entry
combining consideration of realistic effects with relative simplicity of
results .";2;274;"analysis of quartz and teflon shields for a particular
re-entry mission .";16.382151370571485;False
19;"does there exist a good basic treatment of the dynamics of re-entry
combining consideration of realistic effects with relative simplicity of
results .";3;713;"static longitudinal stability characteristics of a blunted glider
re-entry configuration having 79.5degree sweepback and 45degree dihedral at
 a mach number of 6.2 and angles of attack up to 20degree .";16.35242357683422;False
19;"does there exist a good basic treatment of the dynamics of re-entry
combining consideration of realistic effects with relative simplicity of
results .";4;1346;modulated entry .;15.876100904790452;False
19;"does there exist a good basic treatment of the dynamics of re-entry
combining consideration of realistic effects with relative simplicity of
results .";5;453;the influence of two-dimensional stream shear on airfoil maximum lift .;15.03442678456318;False
19;"does there exist a good basic treatment of the dynamics of re-entry
combining consideration of realistic effects with relative simplicity of
results .";6;1219;"determination of lift or drag programs to minimize
re-entry heating .";14.553034916333452;False
19;"does there exist a good basic treatment of the dynamics of re-entry
combining consideration of realistic effects with relative simplicity of
results .";7;706;on som reciprocal relations in the theory of nonstationary flows .;14.056782583835442;False
19;"does there exist a good basic treatment of the dynamics of re-entry
combining consideration of realistic effects with relative simplicity of
results .";8;353;"the effect of helium injection at an axially symmetric stagnation
point .";13.956179345489693;False
19;"does there exist a good basic treatment of the dynamics of re-entry
combining consideration of realistic effects with relative simplicity of
results .";9;44;tip-bluntness effects on cone pressures at m=6.85 .;13.815805167273483;False
19;"does there exist a good basic treatment of the dynamics of re-entry
combining consideration of realistic effects with relative simplicity of
results .";10;554;generalized heat transfer formulas and graphs .;13.742291579852381;False
190;"will an analysis of panel flutter based on arbitrarily assumed modes of
deformation prove satisfactory,  and if so,  what is the minimum number
of modes that need be considered .";1;390;some panel-flutter studies using piston theory .;27.520564256494687;True
190;"will an analysis of panel flutter based on arbitrarily assumed modes of
deformation prove satisfactory,  and if so,  what is the minimum number
of modes that need be considered .";2;15;on two-dimensional panel flutter .;20.980491405572685;True
190;"will an analysis of panel flutter based on arbitrarily assumed modes of
deformation prove satisfactory,  and if so,  what is the minimum number
of modes that need be considered .";3;627;flutter analysis of circular panels .;20.053358459434016;False
190;"will an analysis of panel flutter based on arbitrarily assumed modes of
deformation prove satisfactory,  and if so,  what is the minimum number
of modes that need be considered .";4;42;"the gyroscopic effect of a rigid rotating propeller
on engine and wing vibration modes .";19.795414890546734;False
190;"will an analysis of panel flutter based on arbitrarily assumed modes of
deformation prove satisfactory,  and if so,  what is the minimum number
of modes that need be considered .";5;856;"some experimental studies of panel flutter at mach
1 .3.";19.790616143606265;False
190;"will an analysis of panel flutter based on arbitrarily assumed modes of
deformation prove satisfactory,  and if so,  what is the minimum number
of modes that need be considered .";6;391;"flutter of rectangular simply supported panels at high
supersonic speeds .";19.390803638789276;True
190;"will an analysis of panel flutter based on arbitrarily assumed modes of
deformation prove satisfactory,  and if so,  what is the minimum number
of modes that need be considered .";7;1008;free-flight measurements of the static and dynamic .;18.905048796692384;False
190;"will an analysis of panel flutter based on arbitrarily assumed modes of
deformation prove satisfactory,  and if so,  what is the minimum number
of modes that need be considered .";8;1339;"calculation of flutter characteristics for finite-span swept or unswept
wings at subsonic and supersonic speeds by a modified strip analysis .";18.890741838341732;False
190;"will an analysis of panel flutter based on arbitrarily assumed modes of
deformation prove satisfactory,  and if so,  what is the minimum number
of modes that need be considered .";9;14;"piston theory - a new aerodynamic tool for the
aeroelastician .";18.783810706271133;False
190;"will an analysis of panel flutter based on arbitrarily assumed modes of
deformation prove satisfactory,  and if so,  what is the minimum number
of modes that need be considered .";10;766;"experimental investigation at mach number of 3. 0 of
effects of thermal stress and buckling on flutter characteristics
of flat single-bay panels of length-width ratio 0. 96 .";18.70655179801355;False
191;"what is the criterion for true panel flutter,  as opposed to small
amplitude vibration arising from acoustic disturbances .";1;766;"experimental investigation at mach number of 3. 0 of
effects of thermal stress and buckling on flutter characteristics
of flat single-bay panels of length-width ratio 0. 96 .";20.845332612021192;False
191;"what is the criterion for true panel flutter,  as opposed to small
amplitude vibration arising from acoustic disturbances .";2;627;flutter analysis of circular panels .;18.70389646471041;False
191;"what is the criterion for true panel flutter,  as opposed to small
amplitude vibration arising from acoustic disturbances .";3;827;"a nonlinear theory of bending and buckling of thin
elastic shallow spherical shells .";18.69045185303551;False
191;"what is the criterion for true panel flutter,  as opposed to small
amplitude vibration arising from acoustic disturbances .";4;894;"flutter of a two dimensional simply supported buckled
panel with elastic restraint against edge displacement .";18.252308292858537;False
191;"what is the criterion for true panel flutter,  as opposed to small
amplitude vibration arising from acoustic disturbances .";5;15;on two-dimensional panel flutter .;16.94919681597217;True
191;"what is the criterion for true panel flutter,  as opposed to small
amplitude vibration arising from acoustic disturbances .";6;541;"similitude of hypersonic flows over slender bodies
in non-equilibrium dissociated gases .";16.71449143600864;False
191;"what is the criterion for true panel flutter,  as opposed to small
amplitude vibration arising from acoustic disturbances .";7;658;"review of panel flutter and effects of aerodynamic noise
part i..  panel flutter .";16.123867829853676;True
191;"what is the criterion for true panel flutter,  as opposed to small
amplitude vibration arising from acoustic disturbances .";8;914;transtability flutter of supersonic aircraft panels .;16.00159017268237;True
191;"what is the criterion for true panel flutter,  as opposed to small
amplitude vibration arising from acoustic disturbances .";9;1392;"the solution of small displacement, stability or vibration
problems concerning a flat rectangular panel when the
edges are either clamped or simply supported .";15.862518060044764;False
191;"what is the criterion for true panel flutter,  as opposed to small
amplitude vibration arising from acoustic disturbances .";10;899;aerodynamic effects on boundary layer unsteadiness .;15.6670644951523;False
192;papers dealing with uniformly loaded sectors .;1;641;"reduction of the clamped plate to two membrane problems
with an application to uniformly loaded sectors .";19.732273525736687;False
192;papers dealing with uniformly loaded sectors .;2;734;"the bending of uniformly loaded clamped plate in the
form of a circular sector .";17.783544938438116;True
192;papers dealing with uniformly loaded sectors .;3;733;the bending of a sectorial plate .;16.321214919026563;True
192;papers dealing with uniformly loaded sectors .;4;735;"the bending of uniformly loaded sectorial plates with
clamped edges .";14.31050464645381;True
192;papers dealing with uniformly loaded sectors .;5;925;factors affecting loads at hypersonic speeds .;12.322667641449735;False
192;papers dealing with uniformly loaded sectors .;6;647;"bending of a uniformly loaded rectangular plate with
two adjacent edges and the others either simply supported
or free .";10.694043647491206;False
192;papers dealing with uniformly loaded sectors .;7;1175;"stresses from local loadings in cylindrical pressure
vessels .";9.474256205120994;False
192;papers dealing with uniformly loaded sectors .;8;875;models for aeroelastic investigation .;9.196037087542887;False
192;papers dealing with uniformly loaded sectors .;9;730;on the bending of a clamped plate .;8.831631387034438;False
192;papers dealing with uniformly loaded sectors .;10;1170;structural loads surveys on two tilt-wing vtol configurations .;8.480658483478852;False
193;general methods of solving clamped plate problems .;1;730;on the bending of a clamped plate .;17.572074318981706;True
193;general methods of solving clamped plate problems .;2;733;the bending of a sectorial plate .;16.784627050087117;True
193;general methods of solving clamped plate problems .;3;422;"bending of a square plate with two adjacent edges free
and the others clamped or simply supported .";16.292015058595616;True
193;general methods of solving clamped plate problems .;4;734;"the bending of uniformly loaded clamped plate in the
form of a circular sector .";15.503241046458964;True
193;general methods of solving clamped plate problems .;5;641;"reduction of the clamped plate to two membrane problems
with an application to uniformly loaded sectors .";14.2810034156771;False
193;general methods of solving clamped plate problems .;6;648;"the approximate analysis of certain boundary value
problems .";13.077289423202897;True
193;general methods of solving clamped plate problems .;7;736;the bending of a wedge shaped plate .;12.978037760904098;True
193;general methods of solving clamped plate problems .;8;735;"the bending of uniformly loaded sectorial plates with
clamped edges .";12.238266567294998;True
193;general methods of solving clamped plate problems .;9;400;buckling stress of clamped rectangular plates in shear .;11.568291231044906;False
193;general methods of solving clamped plate problems .;10;1392;"the solution of small displacement, stability or vibration
problems concerning a flat rectangular panel when the
edges are either clamped or simply supported .";11.413470596048393;True
194;"how can the analytical solution of the buckling strength of a uniform
circular cylinder loaded in axial compression be refined so as to lower
the buckling load .";1;642;"the buckling strength of a uniform circular cylinder
loaded in axial compression .";32.99675272207695;False
194;"how can the analytical solution of the buckling strength of a uniform
circular cylinder loaded in axial compression be refined so as to lower
the buckling load .";2;932;buckling of circular cones under axial compression .;26.69244646509505;False
194;"how can the analytical solution of the buckling strength of a uniform
circular cylinder loaded in axial compression be refined so as to lower
the buckling load .";3;744;"lower buckling load in the non-linear buckling theory
of thin shells .";25.888632410357143;True
194;"how can the analytical solution of the buckling strength of a uniform
circular cylinder loaded in axial compression be refined so as to lower
the buckling load .";4;1172;"elastic stability of circular cylindrical shells stabilized
by a soft elastic core .";23.578189757059672;False
194;"how can the analytical solution of the buckling strength of a uniform
circular cylinder loaded in axial compression be refined so as to lower
the buckling load .";5;1178;"buckling of ring-stiffened cylinders under a pure bending
moment and a nonuniform temperature distribution .";23.52095814867062;False
194;"how can the analytical solution of the buckling strength of a uniform
circular cylinder loaded in axial compression be refined so as to lower
the buckling load .";6;740;"the behaviour of a cylindrical shell under axial compression
when the buckling load has been exceeded .";23.403474050799872;True
194;"how can the analytical solution of the buckling strength of a uniform
circular cylinder loaded in axial compression be refined so as to lower
the buckling load .";7;1173;the buckling of cylindrical shells under longitudinally varying loads .;23.228529024519794;False
194;"how can the analytical solution of the buckling strength of a uniform
circular cylinder loaded in axial compression be refined so as to lower
the buckling load .";8;1126;"an engineer's conceptual approach to the buckling of
cylindrical shell (axial loading) .";22.411205990465092;False
194;"how can the analytical solution of the buckling strength of a uniform
circular cylinder loaded in axial compression be refined so as to lower
the buckling load .";9;742;"post-buckling behaviour of axially compressed circular
cylinder shells .";21.818853904863975;True
194;"how can the analytical solution of the buckling strength of a uniform
circular cylinder loaded in axial compression be refined so as to lower
the buckling load .";10;957;axisymmetric snap buckling of conical shells .;21.60607421950122;False
195;"in the problem of the buckling strength of uniform circular cylinders
loaded in axial compression,  does the linear solution help with
improving the non-linear one .";1;642;"the buckling strength of a uniform circular cylinder
loaded in axial compression .";37.01977611652585;False
195;"in the problem of the buckling strength of uniform circular cylinders
loaded in axial compression,  does the linear solution help with
improving the non-linear one .";2;932;buckling of circular cones under axial compression .;26.99454631036239;False
195;"in the problem of the buckling strength of uniform circular cylinders
loaded in axial compression,  does the linear solution help with
improving the non-linear one .";3;744;"lower buckling load in the non-linear buckling theory
of thin shells .";26.917867357787376;False
195;"in the problem of the buckling strength of uniform circular cylinders
loaded in axial compression,  does the linear solution help with
improving the non-linear one .";4;1055;non-linear bending and buckling of circular plates .;26.69137828487639;False
195;"in the problem of the buckling strength of uniform circular cylinders
loaded in axial compression,  does the linear solution help with
improving the non-linear one .";5;842;"an improvement on donnell's approximation for thin-walled
circular cylinders .";24.299922873944297;False
195;"in the problem of the buckling strength of uniform circular cylinders
loaded in axial compression,  does the linear solution help with
improving the non-linear one .";6;1122;"on the role of initial imperfections in plastic buckling
of cylinders under axial compression .";23.953779028344314;False
195;"in the problem of the buckling strength of uniform circular cylinders
loaded in axial compression,  does the linear solution help with
improving the non-linear one .";7;1173;the buckling of cylindrical shells under longitudinally varying loads .;23.577272556845344;False
195;"in the problem of the buckling strength of uniform circular cylinders
loaded in axial compression,  does the linear solution help with
improving the non-linear one .";8;739;"the buckling of thin cylindrical shells under axial
compression .";23.521929692259;True
195;"in the problem of the buckling strength of uniform circular cylinders
loaded in axial compression,  does the linear solution help with
improving the non-linear one .";9;1126;"an engineer's conceptual approach to the buckling of
cylindrical shell (axial loading) .";22.492256477761245;False
195;"in the problem of the buckling strength of uniform circular cylinders
loaded in axial compression,  does the linear solution help with
improving the non-linear one .";10;769;"local circumferential buckling of thin circular cylindrical
shells .";22.33619535070213;False
196;"the problem of similarity for representative investigation of
aeroelastic effects in a flow with the absence of heating effects .";1;184;scale models for thermo-aeroelastic research .;14.85548893816734;False
196;"the problem of similarity for representative investigation of
aeroelastic effects in a flow with the absence of heating effects .";2;486;similarity laws for aerothermoelastic testing .;14.726397293166983;False
196;"the problem of similarity for representative investigation of
aeroelastic effects in a flow with the absence of heating effects .";3;746;"aeroelastic problems in connection with high speed
flight .";14.319101284047555;True
196;"the problem of similarity for representative investigation of
aeroelastic effects in a flow with the absence of heating effects .";4;875;models for aeroelastic investigation .;12.234903832947431;True
196;"the problem of similarity for representative investigation of
aeroelastic effects in a flow with the absence of heating effects .";5;1237;"foreign-gas injection into a compressible turbulent
boundary layer on a flat plate .";12.154592943577153;False
196;"the problem of similarity for representative investigation of
aeroelastic effects in a flow with the absence of heating effects .";6;1361;"large deflections of structures subjected to heating
and external loads .";11.132389963819762;False
196;"the problem of similarity for representative investigation of
aeroelastic effects in a flow with the absence of heating effects .";7;1281;"turbulent heat transfer on blunt-nosed bodies in two-dimensional
and general three-dimensional hypersonic flow .";11.10683397728315;False
196;"the problem of similarity for representative investigation of
aeroelastic effects in a flow with the absence of heating effects .";8;51;"theory of aircraft structural models subjected to aerodynamic
heating and external loads .";11.010887688714918;True
196;"the problem of similarity for representative investigation of
aeroelastic effects in a flow with the absence of heating effects .";9;1323;"an investigation of the use of an auxiliary slot to
re-establish laminar flow on low drag aerofoils .";10.696651143228964;False
196;"the problem of similarity for representative investigation of
aeroelastic effects in a flow with the absence of heating effects .";10;14;"piston theory - a new aerodynamic tool for the
aeroelastician .";10.651696320229775;False
197;how is fatigue damage estimated using the normal long-hand method .;1;884;the estimation of fatigue damage on structural elements .;24.861974453548424;True
197;how is fatigue damage estimated using the normal long-hand method .;2;723;"on the fatigue failure of structures due to vibrations excited
by random pressure fields .";23.133520829966344;False
197;how is fatigue damage estimated using the normal long-hand method .;3;881;cumulative damage in fatigue .;18.130232323778145;True
197;how is fatigue damage estimated using the normal long-hand method .;4;726;on structural fatigue under random loading .;14.768981040278211;False
197;how is fatigue damage estimated using the normal long-hand method .;5;768;"formulae for use with the fatigue load meter in the
assessment of wing fatigue life .";14.717530893197607;False
197;how is fatigue damage estimated using the normal long-hand method .;6;865;"a study of the thermal fatigue behaviour of metals .
 the effect of test conditions on nickel-base high
temperature alloys .";14.065160559423013;False
197;how is fatigue damage estimated using the normal long-hand method .;7;640;the design of structures to resist jet noise fatigue .;13.546800787594169;False
197;how is fatigue damage estimated using the normal long-hand method .;8;746;"aeroelastic problems in connection with high speed
flight .";13.018889549407735;False
197;how is fatigue damage estimated using the normal long-hand method .;9;724;structural acoustic proof testing .;11.991322442206664;False
197;how is fatigue damage estimated using the normal long-hand method .;10;720;"a note on the use of sandwich structures in severe acoustic
environments .";11.862057165095255;False
198;"is there any information available on the difference in the effects of
various edge conditions on the buckling of cylindrical shells .";1;889;"a simplified method of elastic stability analysis for
thin cylindrical shells .";20.329934770589077;True
198;"is there any information available on the difference in the effects of
various edge conditions on the buckling of cylindrical shells .";2;890;comments on 'thermal buckling of clamped cylindrical shells' .;19.322822929741463;False
198;"is there any information available on the difference in the effects of
various edge conditions on the buckling of cylindrical shells .";3;887;"buckling due to thermal stress of cylindrical shells
subjected to axial temperature distributions .";18.341129291040005;True
198;"is there any information available on the difference in the effects of
various edge conditions on the buckling of cylindrical shells .";4;1068;"instability analysis of cylindrical shells under hydrostatic
pressure .";18.247711881563273;False
198;"is there any information available on the difference in the effects of
various edge conditions on the buckling of cylindrical shells .";5;743;"new developments in the nonlinear theories of the buckling of thin
cylindrical shells .";18.193619724082478;False
198;"is there any information available on the difference in the effects of
various edge conditions on the buckling of cylindrical shells .";6;1126;"an engineer's conceptual approach to the buckling of
cylindrical shell (axial loading) .";17.85780600788627;False
198;"is there any information available on the difference in the effects of
various edge conditions on the buckling of cylindrical shells .";7;886;thermal buckling of clamped cylindrical shells .;17.470462346305833;False
198;"is there any information available on the difference in the effects of
various edge conditions on the buckling of cylindrical shells .";8;740;"the behaviour of a cylindrical shell under axial compression
when the buckling load has been exceeded .";17.410737747514098;False
198;"is there any information available on the difference in the effects of
various edge conditions on the buckling of cylindrical shells .";9;843;"a simplified method of elastic stability analysis for
thin cylindrical shells .";17.11422989500515;True
198;"is there any information available on the difference in the effects of
various edge conditions on the buckling of cylindrical shells .";10;897;"some results on buckling and postbuckling of cylindrical
shells .";16.60478094176694;False
199;"have non-linear large deflection analyses been conducted for shell
shapes other than conical .";1;739;"the buckling of thin cylindrical shells under axial
compression .";18.612706269186333;False
199;"have non-linear large deflection analyses been conducted for shell
shapes other than conical .";2;930;"general theory of large deflections of thin shells
with special applications to conical shells .";18.210525677093415;False
199;"have non-linear large deflection analyses been conducted for shell
shapes other than conical .";3;931;stability equations for conical shells .;17.355077068083904;False
199;"have non-linear large deflection analyses been conducted for shell
shapes other than conical .";4;1059;the nonlinear conical spring .;16.763843677713744;False
199;"have non-linear large deflection analyses been conducted for shell
shapes other than conical .";5;1294;"non-linear shallow shell analysis by the matrix force
method .";16.652020518489238;False
199;"have non-linear large deflection analyses been conducted for shell
shapes other than conical .";6;744;"lower buckling load in the non-linear buckling theory
of thin shells .";16.337760573352245;True
199;"have non-linear large deflection analyses been conducted for shell
shapes other than conical .";7;1051;"the stability of thin-walled unstiffened circular cylinders
under axial compression including the effects of internal
pressure .";16.031957376701904;False
199;"have non-linear large deflection analyses been conducted for shell
shapes other than conical .";8;1070;buckling of orthotropic and stiffened conical shells .;15.914101652787608;False
199;"have non-linear large deflection analyses been conducted for shell
shapes other than conical .";9;928;"a new theory for the buckling of thin cylinders under
axial compression and bending .";15.686575660235814;False
199;"have non-linear large deflection analyses been conducted for shell
shapes other than conical .";10;852;"stress and displacement analysis of simply supported
non- circular cylindrical shell under lateral pressure .";15.598716542928992;False
2;"what are the structural and aeroelastic problems associated with flight
of high speed aircraft .";1;12;"some structural and aerelastic considerations of high
speed flight .";28.551885106166917;True
2;"what are the structural and aeroelastic problems associated with flight
of high speed aircraft .";2;746;"aeroelastic problems in connection with high speed
flight .";19.46653517016329;True
2;"what are the structural and aeroelastic problems associated with flight
of high speed aircraft .";3;792;some low speed problems of high speed aircraft .;16.114378880404292;False
2;"what are the structural and aeroelastic problems associated with flight
of high speed aircraft .";4;51;"theory of aircraft structural models subjected to aerodynamic
heating and external loads .";16.022288795502668;True
2;"what are the structural and aeroelastic problems associated with flight
of high speed aircraft .";5;1089;"aerodynamic characteristics of propeller-driven vtol
aircraft .";15.722322195832792;False
2;"what are the structural and aeroelastic problems associated with flight
of high speed aircraft .";6;141;free-flight techniques for high speed aerodynamic research .;15.47994464900605;False
2;"what are the structural and aeroelastic problems associated with flight
of high speed aircraft .";7;14;"piston theory - a new aerodynamic tool for the
aeroelastician .";14.64251840989855;True
2;"what are the structural and aeroelastic problems associated with flight
of high speed aircraft .";8;810;"the shock wave noise problem of supersonic aircraft
in steady flight .";14.361519965109592;False
2;"what are the structural and aeroelastic problems associated with flight
of high speed aircraft .";9;100;vibration isolation of aircraft power plants .;14.025558665298641;False
2;"what are the structural and aeroelastic problems associated with flight
of high speed aircraft .";10;184;scale models for thermo-aeroelastic research .;13.856635647519218;True
20;"has anyone formally determined the influence of joule heating,  produced
by the induced current,  in magnetohydrodynamic free convection flows
under general conditions .";1;500;"joule heating in magnetohydrodynamic free-convection
flows .";37.66892958032914;False
20;"has anyone formally determined the influence of joule heating,  produced
by the induced current,  in magnetohydrodynamic free convection flows
under general conditions .";2;268;several magnetohydrodynamic free-convection solutions .;26.982057341711414;True
20;"has anyone formally determined the influence of joule heating,  produced
by the induced current,  in magnetohydrodynamic free convection flows
under general conditions .";3;88;magnetohydrodynamic free-convection pipe flow .;26.62951283376891;True
20;"has anyone formally determined the influence of joule heating,  produced
by the induced current,  in magnetohydrodynamic free convection flows
under general conditions .";4;270;"on combined free and forced convection laminar magnetohydrodynamic
flow and heat transfer in channels with transverse
magnetic field .";22.79675177876753;True
20;"has anyone formally determined the influence of joule heating,  produced
by the induced current,  in magnetohydrodynamic free convection flows
under general conditions .";5;87;free-convection magnetohydrodynamic flow past a porous flat plate .;20.614561821759487;True
20;"has anyone formally determined the influence of joule heating,  produced
by the induced current,  in magnetohydrodynamic free convection flows
under general conditions .";6;450;some physical interpretations of magnetohydrodynamic duct flows .;16.408282713912143;False
20;"has anyone formally determined the influence of joule heating,  produced
by the induced current,  in magnetohydrodynamic free convection flows
under general conditions .";7;416;"methods of boundary-layer control for postponing and alleviating
buffeting and other effects of shock-induced separation .";16.134977908958014;False
20;"has anyone formally determined the influence of joule heating,  produced
by the induced current,  in magnetohydrodynamic free convection flows
under general conditions .";8;44;tip-bluntness effects on cone pressures at m=6.85 .;15.835508665838042;False
20;"has anyone formally determined the influence of joule heating,  produced
by the induced current,  in magnetohydrodynamic free convection flows
under general conditions .";9;396;"variational and lagrangian thermodynamics of thermal
convection-fundamental shortcomings of the heat transfer
coefficient .";14.89072746475448;False
20;"has anyone formally determined the influence of joule heating,  produced
by the induced current,  in magnetohydrodynamic free convection flows
under general conditions .";10;1371;axisymmetric free mixing with swirl .;14.78584240418293;False
200;"are asymptotic methods sufficiently accurate in the determination of
pre-buckling stresses in torispherical shells,  or must we resort to
numerical methods .";1;1071;"stability of thin torispherical shells under uniform
internal pressure .";28.9766947935441;False
200;"are asymptotic methods sufficiently accurate in the determination of
pre-buckling stresses in torispherical shells,  or must we resort to
numerical methods .";2;1134;torispherical shells - a caution to designers .;23.632786290824153;True
200;"are asymptotic methods sufficiently accurate in the determination of
pre-buckling stresses in torispherical shells,  or must we resort to
numerical methods .";3;1053;spherical cap snapping .;22.411863094118978;False
200;"are asymptotic methods sufficiently accurate in the determination of
pre-buckling stresses in torispherical shells,  or must we resort to
numerical methods .";4;760;"inelastic buckling of initially imperfect cylindrical
shells subject to axial compression .";16.839392258942418;False
200;"are asymptotic methods sufficiently accurate in the determination of
pre-buckling stresses in torispherical shells,  or must we resort to
numerical methods .";5;885;"buckling of thin cylindrical shells under hoop stresses
varying in axial direction .";16.232177264386024;False
200;"are asymptotic methods sufficiently accurate in the determination of
pre-buckling stresses in torispherical shells,  or must we resort to
numerical methods .";6;1068;"instability analysis of cylindrical shells under hydrostatic
pressure .";15.858163104186874;False
200;"are asymptotic methods sufficiently accurate in the determination of
pre-buckling stresses in torispherical shells,  or must we resort to
numerical methods .";7;889;"a simplified method of elastic stability analysis for
thin cylindrical shells .";15.716532150817761;False
200;"are asymptotic methods sufficiently accurate in the determination of
pre-buckling stresses in torispherical shells,  or must we resort to
numerical methods .";8;1362;"non-linear analysis of heated, cambered wings by the matrix force
method .";15.234025637686267;False
200;"are asymptotic methods sufficiently accurate in the determination of
pre-buckling stresses in torispherical shells,  or must we resort to
numerical methods .";9;1070;buckling of orthotropic and stiffened conical shells .;15.152702394828095;False
200;"are asymptotic methods sufficiently accurate in the determination of
pre-buckling stresses in torispherical shells,  or must we resort to
numerical methods .";10;1137;on the theory of thin elastic toroidal shells .;15.104278008107865;True
201;"what are the nonequilibrium chemical constituents in the viscous shock
layer ahead of a blunt re-entry vehicle .";1;625;viscous and inviscid nonequilibrium gas flows .;30.155222189890633;True
201;"what are the nonequilibrium chemical constituents in the viscous shock
layer ahead of a blunt re-entry vehicle .";2;1297;ionization nonequilibrium in expanding flows .;20.19625875778274;False
201;"what are the nonequilibrium chemical constituents in the viscous shock
layer ahead of a blunt re-entry vehicle .";3;1296;"non-equilibrium expansions of air with coupled chemical
reactions .";19.364724894359625;True
201;"what are the nonequilibrium chemical constituents in the viscous shock
layer ahead of a blunt re-entry vehicle .";4;401;"inviscid hypersonic airflows with coupled non-equilibrium
processes .";18.721200480564615;True
201;"what are the nonequilibrium chemical constituents in the viscous shock
layer ahead of a blunt re-entry vehicle .";5;1391;shock wave and flow field development in hypersonic re-entry .;16.995549366128508;True
201;"what are the nonequilibrium chemical constituents in the viscous shock
layer ahead of a blunt re-entry vehicle .";6;1217;"application of inequality constraints to variational
problems of lifting re-entry .";16.94411578847578;False
201;"what are the nonequilibrium chemical constituents in the viscous shock
layer ahead of a blunt re-entry vehicle .";7;1379;hypersonic flight and the re-entry problem .;16.556538048567468;False
201;"what are the nonequilibrium chemical constituents in the viscous shock
layer ahead of a blunt re-entry vehicle .";8;1219;"determination of lift or drag programs to minimize
re-entry heating .";16.119726201575048;False
201;"what are the nonequilibrium chemical constituents in the viscous shock
layer ahead of a blunt re-entry vehicle .";9;318;inviscid hypersonic flow past blunt bodies .;15.998359420276996;True
201;"what are the nonequilibrium chemical constituents in the viscous shock
layer ahead of a blunt re-entry vehicle .";10;983;"addendum to 'heat transfer to satellite vehicles re-entering the
atmosphere .";15.764206630445452;False
202;"how accurate are existing analytical theories in estimating pressure
distributions on cones at incidence,  at hypersonic speeds .";1;1285;"experiments at hypersonic speeds on circular cones
at incidence .";27.108447794316046;False
202;"how accurate are existing analytical theories in estimating pressure
distributions on cones at incidence,  at hypersonic speeds .";2;1310;"survey of inviscid hypersonic flow theory for geometrically
slender shapes .";21.51021446707921;True
202;"how accurate are existing analytical theories in estimating pressure
distributions on cones at incidence,  at hypersonic speeds .";3;232;"accuracy of approximate methods for predicting pressure
on pointed non-lifting bodies of revolution in supersonic
flow .";18.6500501649695;True
202;"how accurate are existing analytical theories in estimating pressure
distributions on cones at incidence,  at hypersonic speeds .";4;1309;"hypersonic flows past a yawed circular cone and other
pointed bodies .";17.632912094628093;True
202;"how accurate are existing analytical theories in estimating pressure
distributions on cones at incidence,  at hypersonic speeds .";5;1231;hypersonic flow over an elliptic cone: theory and experiment .;17.475935487531267;False
202;"how accurate are existing analytical theories in estimating pressure
distributions on cones at incidence,  at hypersonic speeds .";6;122;"a simplified approximate method for the calculation of the pressure
around conical bodies of arbitrary shape in supersonic and hypersonic
flow .";16.990636849342323;False
202;"how accurate are existing analytical theories in estimating pressure
distributions on cones at incidence,  at hypersonic speeds .";7;186;base pressure in supersonic flow .;16.468615823303107;False
202;"how accurate are existing analytical theories in estimating pressure
distributions on cones at incidence,  at hypersonic speeds .";8;1319;real gas effects in flow over blunt bodies at hypersonic speeds .;16.03424010260565;False
202;"how accurate are existing analytical theories in estimating pressure
distributions on cones at incidence,  at hypersonic speeds .";9;1274;real gas effects in flow over blunt bodies at hypersonic speeds .;16.021229639385254;False
202;"how accurate are existing analytical theories in estimating pressure
distributions on cones at incidence,  at hypersonic speeds .";10;294;"an investigation of laminar transitional and turbulent
heat transfer on blunt-nosed bodies in hypersonic flow .";15.72367649013328;False
203;"are simple empirical methods of any use for estimating pressure
distribution in cones .";1;1285;"experiments at hypersonic speeds on circular cones
at incidence .";13.386767015153477;False
203;"are simple empirical methods of any use for estimating pressure
distribution in cones .";2;58;"pressure measurements on sharp and blunt 5 and 15 half-angle
cones at mach number 3.86 and angles of attack to
100 .";13.378012029766175;True
203;"are simple empirical methods of any use for estimating pressure
distribution in cones .";3;122;"a simplified approximate method for the calculation of the pressure
around conical bodies of arbitrary shape in supersonic and hypersonic
flow .";12.582132622319207;True
203;"are simple empirical methods of any use for estimating pressure
distribution in cones .";4;1231;hypersonic flow over an elliptic cone: theory and experiment .;12.226700734880703;False
203;"are simple empirical methods of any use for estimating pressure
distribution in cones .";5;1310;"survey of inviscid hypersonic flow theory for geometrically
slender shapes .";12.027728041853404;True
203;"are simple empirical methods of any use for estimating pressure
distribution in cones .";6;676;"a simple method for calculating the span and chordwise loading on
straight and swept wings of any aspect ratio at subsonic speeds .";11.62026359062381;False
203;"are simple empirical methods of any use for estimating pressure
distribution in cones .";7;1262;"an extension of the linearized characteristics method
for calculating the supersonic flow around elliptic
cones .";11.603094244541449;False
203;"are simple empirical methods of any use for estimating pressure
distribution in cones .";8;211;"effect of slight blunting of leading edge of an immersed
body on the flow around it at hypersonic speed .";11.59531091746898;False
203;"are simple empirical methods of any use for estimating pressure
distribution in cones .";9;927;"investigation of normal force distributions and wake
vortex characteristics of bodies of revolution at supersonic
speeds .";11.573420489008164;False
203;"are simple empirical methods of any use for estimating pressure
distribution in cones .";10;38;"on the prediction of mixed subsonic/supersonic pressure
distributions .";11.549189661011619;False
204;do viscous effects seriously modify pressure distributions .;1;147;"supersonic flow past slender pointed wings with ?similar?
cross sections at zero lift .";13.526198436561081;False
204;do viscous effects seriously modify pressure distributions .;2;443;"calculated and measured pressure distributions over the midspan section
of the naca 4412 airfoil .";12.772679985240202;False
204;do viscous effects seriously modify pressure distributions .;3;1080;viscous flow round a sphere at low reynolds numbers . /l40/ .;10.36540568255663;False
204;do viscous effects seriously modify pressure distributions .;4;573;viscous hypersonic similitude .;9.12432101291286;False
204;do viscous effects seriously modify pressure distributions .;5;208;"the hall effect in the viscous flow of ionized gas
between parallel plates under transverse magnetic field .";9.117657130419339;False
204;do viscous effects seriously modify pressure distributions .;6;496;"a theory of transonic aileron buzz, neglecting viscous
effects .";8.275831118473645;False
204;do viscous effects seriously modify pressure distributions .;7;1229;"the effect of sweep angle on hypersonic flow over blunt
wings .";8.273042930344076;False
204;do viscous effects seriously modify pressure distributions .;8;133;"some effects of surface curvature on laminar boundary
layer flow .";8.253202317556559;False
204;do viscous effects seriously modify pressure distributions .;9;371;"note on tip-bluntness effects in the supersonic and
hypersonic regimes .";8.184492652444522;False
204;do viscous effects seriously modify pressure distributions .;10;679;low speed tests on 45 sweptback wings .;8.10433566159094;False
205;"has anyone investigated theoretically whether surface flexibility
can stabilize a laminar boundary layer .";1;1321;effects of a flexible boundary on hydrodynamic stability .;20.646706476730408;True
205;"has anyone investigated theoretically whether surface flexibility
can stabilize a laminar boundary layer .";2;1287;"progress report on an experiment on the effect of surface
flexibility on the stability of laminar flow .";18.7554767029971;False
205;"has anyone investigated theoretically whether surface flexibility
can stabilize a laminar boundary layer .";3;1323;"an investigation of the use of an auxiliary slot to
re-establish laminar flow on low drag aerofoils .";17.225138804018233;False
205;"has anyone investigated theoretically whether surface flexibility
can stabilize a laminar boundary layer .";4;1322;"qualitiative solutions of the stability equation for a boundary layer in
 contact with various forms of flexible surface .";16.35089498341707;True
205;"has anyone investigated theoretically whether surface flexibility
can stabilize a laminar boundary layer .";5;78;"an analytical treatment of aircraft propeller precession
instability .";16.208897720555232;False
205;"has anyone investigated theoretically whether surface flexibility
can stabilize a laminar boundary layer .";6;73;"investigation of the stability of the laminar boundary
layer in a compressible fluid .";14.590922912223814;False
205;"has anyone investigated theoretically whether surface flexibility
can stabilize a laminar boundary layer .";7;337;boundary layer transition with gas injection .;14.244414316472495;False
205;"has anyone investigated theoretically whether surface flexibility
can stabilize a laminar boundary layer .";8;135;"the calculation of wall shearing stress from heat-transfer measurements
in compressible flows .";13.785411367255929;False
205;"has anyone investigated theoretically whether surface flexibility
can stabilize a laminar boundary layer .";9;933;"the characteristics of roughness from insects as observed
for two-dimensional, incompressible flow past airfoils .";13.749434134185384;False
205;"has anyone investigated theoretically whether surface flexibility
can stabilize a laminar boundary layer .";10;131;two-dimensional jet mixing of a compressible fluid .;13.70443321471788;False
206;"how do subsonic and transonic flutter data measured in the new langley
transonic dynamics tunnel compare with similar data obtained in other
facilities .";1;1290;"measured and calculated subsonic and transonic flutter
characteristics of a 45 sweptback wing planform in
air and in freon-12 in the langley transonic dynamics
tunnel .";42.04336033849222;False
206;"how do subsonic and transonic flutter data measured in the new langley
transonic dynamics tunnel compare with similar data obtained in other
facilities .";2;516;"free-flight measurements of the dynamic longitudinal
stability characteristics of a wind tunnel interference
model (m=0 .92 to 1. 35) .";20.113987458546102;False
206;"how do subsonic and transonic flutter data measured in the new langley
transonic dynamics tunnel compare with similar data obtained in other
facilities .";3;1338;"investigation to determine effects of center of gravity location on the
transonic flutter characteristics of a 45degree sweptback wing .";19.332406763767313;True
206;"how do subsonic and transonic flutter data measured in the new langley
transonic dynamics tunnel compare with similar data obtained in other
facilities .";4;879;flutter model testing at transonic speeds .;18.869593641022263;False
206;"how do subsonic and transonic flutter data measured in the new langley
transonic dynamics tunnel compare with similar data obtained in other
facilities .";5;1336;"studies of the use of freon-12 as a wind tunnel testing
medium .";18.28756092326087;False
206;"how do subsonic and transonic flutter data measured in the new langley
transonic dynamics tunnel compare with similar data obtained in other
facilities .";6;315;"scale effects at high subsonic and transonic speeds
and methods for fixing transition in model experiments .";18.26983279182316;False
206;"how do subsonic and transonic flutter data measured in the new langley
transonic dynamics tunnel compare with similar data obtained in other
facilities .";7;252;"an investigation of interference effects on similar models of
different size in various transonic tunnels in the u.k. .";18.06013469118118;False
206;"how do subsonic and transonic flutter data measured in the new langley
transonic dynamics tunnel compare with similar data obtained in other
facilities .";8;790;"a wind-tunnel test technique for measuring the dynamic rotary
stability derivatives at subsonic and supersonic speeds .";17.796253923378522;False
206;"how do subsonic and transonic flutter data measured in the new langley
transonic dynamics tunnel compare with similar data obtained in other
facilities .";9;1269;a study of supersonic combustion .;16.793538751465945;False
206;"how do subsonic and transonic flutter data measured in the new langley
transonic dynamics tunnel compare with similar data obtained in other
facilities .";10;1341;"investigation of wing flutter at transonic speeds for six systematically
 varied wing plan forms .";16.58876680659622;True
207;"how do large changes in new mass ratio quantitatively affect
wing-flutter boundaries .";1;1290;"measured and calculated subsonic and transonic flutter
characteristics of a 45 sweptback wing planform in
air and in freon-12 in the langley transonic dynamics
tunnel .";15.50793314050148;False
207;"how do large changes in new mass ratio quantitatively affect
wing-flutter boundaries .";2;1338;"investigation to determine effects of center of gravity location on the
transonic flutter characteristics of a 45degree sweptback wing .";15.086871474742203;True
207;"how do large changes in new mass ratio quantitatively affect
wing-flutter boundaries .";3;859;"flutter of aerodynamically heated aluminium-alloy and
stainless steel panels with length-width ratio of 10
at mach 3. 0.";14.746750952300623;False
207;"how do large changes in new mass ratio quantitatively affect
wing-flutter boundaries .";4;365;"the homogeneous boundary layer at an axisymmetric stagnation
point with large rates of injection .";14.261282954636771;False
207;"how do large changes in new mass ratio quantitatively affect
wing-flutter boundaries .";5;362;three-dimensional effect of flutter in a real fluid .;14.20808523001038;False
207;"how do large changes in new mass ratio quantitatively affect
wing-flutter boundaries .";6;315;"scale effects at high subsonic and transonic speeds
and methods for fixing transition in model experiments .";13.931854753360723;False
207;"how do large changes in new mass ratio quantitatively affect
wing-flutter boundaries .";7;189;"experimental investigation of base pressure on blunt-trailing-edge
wings of supersonic velocities .";13.925204194476716;False
207;"how do large changes in new mass ratio quantitatively affect
wing-flutter boundaries .";8;747;"bodt freedom flutter of ground launched rocket models
at supersonic and high subsonic speeds .";13.681780100225987;False
207;"how do large changes in new mass ratio quantitatively affect
wing-flutter boundaries .";9;679;low speed tests on 45 sweptback wings .;13.459692493309026;False
207;"how do large changes in new mass ratio quantitatively affect
wing-flutter boundaries .";10;442;"some effects of variations in several parameters including
fluid density on the flutter speed of light uniform
cantilever wings .";13.27300376216591;False
208;"what is the effect of the shape of the drag polar of a lifting
spacecraft on the amount of reduction in maximum deceleration obtainable by
continuously varying the aerodynamic coefficients during re-entry .";1;1291;"atmosphere entries with spacecraft lift-drag ratios
modulated to limit decelerations .";61.523582829106964;False
208;"what is the effect of the shape of the drag polar of a lifting
spacecraft on the amount of reduction in maximum deceleration obtainable by
continuously varying the aerodynamic coefficients during re-entry .";2;1344;"atmospheric entries with vehicle lift-drag ratio modulated
to limit deceleration and rate of deceleration vehicles
with maximum lift-drag ratio of 0. 5.";41.07330306640999;True
208;"what is the effect of the shape of the drag polar of a lifting
spacecraft on the amount of reduction in maximum deceleration obtainable by
continuously varying the aerodynamic coefficients during re-entry .";3;163;"an analysis of the corridor and guidance requirements
for supercircular entry planetary atmospheres .";36.86625810276577;True
208;"what is the effect of the shape of the drag polar of a lifting
spacecraft on the amount of reduction in maximum deceleration obtainable by
continuously varying the aerodynamic coefficients during re-entry .";4;1345;"the use of aerodynamic lift during entry into the earth's
atmosphere .";29.587788186096272;True
208;"what is the effect of the shape of the drag polar of a lifting
spacecraft on the amount of reduction in maximum deceleration obtainable by
continuously varying the aerodynamic coefficients during re-entry .";5;1347;"approximate analysis of atmospheric entry corridors
and angles .";24.14755141422835;True
208;"what is the effect of the shape of the drag polar of a lifting
spacecraft on the amount of reduction in maximum deceleration obtainable by
continuously varying the aerodynamic coefficients during re-entry .";6;1346;modulated entry .;22.45510315552556;True
208;"what is the effect of the shape of the drag polar of a lifting
spacecraft on the amount of reduction in maximum deceleration obtainable by
continuously varying the aerodynamic coefficients during re-entry .";7;275;"the effect of lift on entry corridor depth and guidance
requirements for the return lunar flight .";21.8109329992461;False
208;"what is the effect of the shape of the drag polar of a lifting
spacecraft on the amount of reduction in maximum deceleration obtainable by
continuously varying the aerodynamic coefficients during re-entry .";8;1217;"application of inequality constraints to variational
problems of lifting re-entry .";21.696025478186677;False
208;"what is the effect of the shape of the drag polar of a lifting
spacecraft on the amount of reduction in maximum deceleration obtainable by
continuously varying the aerodynamic coefficients during re-entry .";9;1352;"aerodynamic investigation of a parabolic body of revolution
at mach number of 1. 92 and some effects of an annular
supersonic jet exhausting from the base .";21.575429359792103;False
208;"what is the effect of the shape of the drag polar of a lifting
spacecraft on the amount of reduction in maximum deceleration obtainable by
continuously varying the aerodynamic coefficients during re-entry .";10;164;"an approximate analytical method for studying entry
into planetary atmospheres .";21.572075243459867;True
209;"what are the physical significance and characteristics of separated
laminar and turbulent boundary layer flows .";1;798;"interaction between shock waves and boundary layers, with a note on the
effects of the interaction of the performance of supersonic intakes .";16.9754892855628;False
209;"what are the physical significance and characteristics of separated
laminar and turbulent boundary layer flows .";2;959;heat transfer in separated flows .;16.771907698227707;False
209;"what are the physical significance and characteristics of separated
laminar and turbulent boundary layer flows .";3;187;"investigation of separated flows in supersonic and subsonic
streams with emphasis on the effect of transition .";15.784165162185191;True
209;"what are the physical significance and characteristics of separated
laminar and turbulent boundary layer flows .";4;996;"extension of boundary layer separation criteria to
a m=6 .5 utilizing flat plates with forward-facing
steps .";15.3721837010145;False
209;"what are the physical significance and characteristics of separated
laminar and turbulent boundary layer flows .";5;461;"approximate methods fore predicting separation properties
of laminar boundary layers .";14.968821704594173;False
209;"what are the physical significance and characteristics of separated
laminar and turbulent boundary layer flows .";6;651;"heat transfer to separated and reattached subsonic
turbulen flows obtained downstream of a surface step .";14.948196264135511;False
209;"what are the physical significance and characteristics of separated
laminar and turbulent boundary layer flows .";7;1268;"stable combustion of a high-velocity gas in a heated
boundary layer .";14.634454781252893;False
209;"what are the physical significance and characteristics of separated
laminar and turbulent boundary layer flows .";8;1072;ignition and combustion in a laminar mixing zone .;14.503961008536642;False
209;"what are the physical significance and characteristics of separated
laminar and turbulent boundary layer flows .";9;1364;"an experimental investigation of the interaction between shock waves and
 boundary layers .";14.423092734215102;False
209;"what are the physical significance and characteristics of separated
laminar and turbulent boundary layer flows .";10;526;"leading edge attachment in transonic flow with laminar
or turbulent boundary layers .";14.408348551816509;False
21;"why does the compressibility transformation fail to correlate the high
speed data for helium and air .";1;502;on squire's test of the compressibility transformation .;28.973227004859623;False
21;"why does the compressibility transformation fail to correlate the high
speed data for helium and air .";2;68;"some aspects of air-helium simulation and hypersonic
approximations .";17.212695527520438;False
21;"why does the compressibility transformation fail to correlate the high
speed data for helium and air .";3;460;"correlated incompressible and compressible boundary
layers .";15.956764056516437;False
21;"why does the compressibility transformation fail to correlate the high
speed data for helium and air .";4;686;"flutter tests of some simple models at a mach number
of 7. 2 in helium flow .";15.061491015996339;False
21;"why does the compressibility transformation fail to correlate the high
speed data for helium and air .";5;421;"analytic study of induced pressure on long bodies of
revolution with varying nose bluntness at hypersonic
speeds .";14.816481795054884;False
21;"why does the compressibility transformation fail to correlate the high
speed data for helium and air .";6;961;"compressible two dimensional jet mixing at constant
pressure .";14.191577380054042;False
21;"why does the compressibility transformation fail to correlate the high
speed data for helium and air .";7;1051;"the stability of thin-walled unstiffened circular cylinders
under axial compression including the effects of internal
pressure .";13.584042721808503;False
21;"why does the compressibility transformation fail to correlate the high
speed data for helium and air .";8;343;"transpiration cooling experiments in a turbulent boundary
layer at m=3 .";13.348663682617953;False
21;"why does the compressibility transformation fail to correlate the high
speed data for helium and air .";9;1007;free-flight measurements of the static and dynamic .;12.66105298855328;False
21;"why does the compressibility transformation fail to correlate the high
speed data for helium and air .";10;413;"turbulent skin friction at high mach numbers and reynolds
numbers in air and helium . nasa r82, 1960 .";12.353036121777572;True
210;"has anyone analytically investigated the stabilizing influence of soft
elastic cores on the buckling strength of cylindrical shells subjected
to non-uniform external pressure .";1;1172;"elastic stability of circular cylindrical shells stabilized
by a soft elastic core .";46.722131522783194;True
210;"has anyone analytically investigated the stabilizing influence of soft
elastic cores on the buckling strength of cylindrical shells subjected
to non-uniform external pressure .";2;1145;"buckling of core-stabilized cylinders under axisymmetric external
loads .";45.94998768846834;False
210;"has anyone analytically investigated the stabilizing influence of soft
elastic cores on the buckling strength of cylindrical shells subjected
to non-uniform external pressure .";3;1171;"the stability under axial compression and lateral pressure
of circular cylindrical shells with a soft elastic
core .";37.699499888553305;True
210;"has anyone analytically investigated the stabilizing influence of soft
elastic cores on the buckling strength of cylindrical shells subjected
to non-uniform external pressure .";4;1126;"an engineer's conceptual approach to the buckling of
cylindrical shell (axial loading) .";27.945797533726076;False
210;"has anyone analytically investigated the stabilizing influence of soft
elastic cores on the buckling strength of cylindrical shells subjected
to non-uniform external pressure .";5;956;"elastic stability of simply supported corrugated core
sand- wich cylinders .";26.406486485491904;False
210;"has anyone analytically investigated the stabilizing influence of soft
elastic cores on the buckling strength of cylindrical shells subjected
to non-uniform external pressure .";6;760;"inelastic buckling of initially imperfect cylindrical
shells subject to axial compression .";25.868888739415368;False
210;"has anyone analytically investigated the stabilizing influence of soft
elastic cores on the buckling strength of cylindrical shells subjected
to non-uniform external pressure .";7;743;"new developments in the nonlinear theories of the buckling of thin
cylindrical shells .";25.845310370540503;False
210;"has anyone analytically investigated the stabilizing influence of soft
elastic cores on the buckling strength of cylindrical shells subjected
to non-uniform external pressure .";8;1132;"general instability of ring stiffened cylindrical shells
subject to external hydrostatic pressure - a comparison
of theory and experiment .";25.829224726343202;False
210;"has anyone analytically investigated the stabilizing influence of soft
elastic cores on the buckling strength of cylindrical shells subjected
to non-uniform external pressure .";9;1068;"instability analysis of cylindrical shells under hydrostatic
pressure .";25.360961788214436;False
210;"has anyone analytically investigated the stabilizing influence of soft
elastic cores on the buckling strength of cylindrical shells subjected
to non-uniform external pressure .";10;1125;"collapse by instability of thin cylindrical shells
under external pressure .";24.927452563734988;False
211;"what papers are available on the buckling of empty cylindrical shells
under non-uniform pressure .";1;739;"the buckling of thin cylindrical shells under axial
compression .";25.015259460743078;False
211;"what papers are available on the buckling of empty cylindrical shells
under non-uniform pressure .";2;1117;"stability of orthotropic cylindrical shells under combined
loading .";24.921830339693656;False
211;"what papers are available on the buckling of empty cylindrical shells
under non-uniform pressure .";3;852;"stress and displacement analysis of simply supported
non- circular cylindrical shell under lateral pressure .";23.22210637831193;False
211;"what papers are available on the buckling of empty cylindrical shells
under non-uniform pressure .";4;1068;"instability analysis of cylindrical shells under hydrostatic
pressure .";22.984460484225206;True
211;"what papers are available on the buckling of empty cylindrical shells
under non-uniform pressure .";5;1145;"buckling of core-stabilized cylinders under axisymmetric external
loads .";21.307866795897542;False
211;"what papers are available on the buckling of empty cylindrical shells
under non-uniform pressure .";6;885;"buckling of thin cylindrical shells under hoop stresses
varying in axial direction .";20.63283297964722;False
211;"what papers are available on the buckling of empty cylindrical shells
under non-uniform pressure .";7;897;"some results on buckling and postbuckling of cylindrical
shells .";20.2771258523134;False
211;"what papers are available on the buckling of empty cylindrical shells
under non-uniform pressure .";8;1051;"the stability of thin-walled unstiffened circular cylinders
under axial compression including the effects of internal
pressure .";20.21607010522488;False
211;"what papers are available on the buckling of empty cylindrical shells
under non-uniform pressure .";9;1125;"collapse by instability of thin cylindrical shells
under external pressure .";19.393814515223397;False
211;"what papers are available on the buckling of empty cylindrical shells
under non-uniform pressure .";10;1173;the buckling of cylindrical shells under longitudinally varying loads .;18.68742491264716;True
212;"what effect do thermal stresses have on the compressive buckling
strength of ring-stiffened cylinders .";1;1178;"buckling of ring-stiffened cylinders under a pure bending
moment and a nonuniform temperature distribution .";33.429889366831;True
212;"what effect do thermal stresses have on the compressive buckling
strength of ring-stiffened cylinders .";2;1177;effects of rapid heating on strength of airframe components .;32.92163125714523;True
212;"what effect do thermal stresses have on the compressive buckling
strength of ring-stiffened cylinders .";3;888;"combinations of temperature and axial compression required
for buckling of a ring-stiffened cylinder .";32.12122626466049;True
212;"what effect do thermal stresses have on the compressive buckling
strength of ring-stiffened cylinders .";4;838;"bending and compression tests of pressurised ring-stiffened
cylinders .";25.915962101555973;False
212;"what effect do thermal stresses have on the compressive buckling
strength of ring-stiffened cylinders .";5;1293;design of stiffened cylinders in axial compression .;24.04408186394719;False
212;"what effect do thermal stresses have on the compressive buckling
strength of ring-stiffened cylinders .";6;1132;"general instability of ring stiffened cylindrical shells
subject to external hydrostatic pressure - a comparison
of theory and experiment .";22.761986348708938;False
212;"what effect do thermal stresses have on the compressive buckling
strength of ring-stiffened cylinders .";7;1176;bending tests of ring-stiffened circular cylinders .;22.19839785320613;True
212;"what effect do thermal stresses have on the compressive buckling
strength of ring-stiffened cylinders .";8;887;"buckling due to thermal stress of cylindrical shells
subjected to axial temperature distributions .";20.761545680304053;True
212;"what effect do thermal stresses have on the compressive buckling
strength of ring-stiffened cylinders .";9;886;thermal buckling of clamped cylindrical shells .;20.675946341154518;True
212;"what effect do thermal stresses have on the compressive buckling
strength of ring-stiffened cylinders .";10;1070;buckling of orthotropic and stiffened conical shells .;20.098124813309603;False
213;"what is the effect on cylinder buckling of a circumferential stress
system that varies in the axial direction .";1;769;"local circumferential buckling of thin circular cylindrical
shells .";25.98321293888663;True
213;"what is the effect on cylinder buckling of a circumferential stress
system that varies in the axial direction .";2;885;"buckling of thin cylindrical shells under hoop stresses
varying in axial direction .";24.943314216949474;True
213;"what is the effect on cylinder buckling of a circumferential stress
system that varies in the axial direction .";3;1173;the buckling of cylindrical shells under longitudinally varying loads .;22.968358316472298;True
213;"what is the effect on cylinder buckling of a circumferential stress
system that varies in the axial direction .";4;1146;thermal buckling of cylinders .;21.85862570877431;False
213;"what is the effect on cylinder buckling of a circumferential stress
system that varies in the axial direction .";5;888;"combinations of temperature and axial compression required
for buckling of a ring-stiffened cylinder .";21.16136429067766;True
213;"what is the effect on cylinder buckling of a circumferential stress
system that varies in the axial direction .";6;741;"the behaviour of thin cylindrical shells after buckling
under axial compression .";20.090600930039884;False
213;"what is the effect on cylinder buckling of a circumferential stress
system that varies in the axial direction .";7;1116;general instability of stiffened cylinders .;19.222968359664314;False
213;"what is the effect on cylinder buckling of a circumferential stress
system that varies in the axial direction .";8;887;"buckling due to thermal stress of cylindrical shells
subjected to axial temperature distributions .";19.070862419955517;True
213;"what is the effect on cylinder buckling of a circumferential stress
system that varies in the axial direction .";9;1145;"buckling of core-stabilized cylinders under axisymmetric external
loads .";18.75196272378815;False
213;"what is the effect on cylinder buckling of a circumferential stress
system that varies in the axial direction .";10;765;"clamped short oval cylindrical shells under hydrostatic
pressure .";18.551700734246005;False
214;"can non-linear shallow shell analysis be reduced to an engineering
technique by use of the matrix .";1;1294;"non-linear shallow shell analysis by the matrix force
method .";37.189767735491074;False
214;"can non-linear shallow shell analysis be reduced to an engineering
technique by use of the matrix .";2;1362;"non-linear analysis of heated, cambered wings by the matrix force
method .";22.925471576225817;True
214;"can non-linear shallow shell analysis be reduced to an engineering
technique by use of the matrix .";3;828;"stresses and small displacements of shallow spherical
shells .";20.766270158232388;False
214;"can non-linear shallow shell analysis be reduced to an engineering
technique by use of the matrix .";4;739;"the buckling of thin cylindrical shells under axial
compression .";18.39578624931866;False
214;"can non-linear shallow shell analysis be reduced to an engineering
technique by use of the matrix .";5;1043;on transverse vibrations of thin, shallow elastic shells .;18.05369433671975;False
214;"can non-linear shallow shell analysis be reduced to an engineering
technique by use of the matrix .";6;1036;on transverse vibrations of thin, shallow elastic shells .;17.677350744667592;False
214;"can non-linear shallow shell analysis be reduced to an engineering
technique by use of the matrix .";7;1154;"on the influence of wall boundary layers in closed transonic test
sections .";17.60872467317816;False
214;"can non-linear shallow shell analysis be reduced to an engineering
technique by use of the matrix .";8;744;"lower buckling load in the non-linear buckling theory
of thin shells .";17.011773335327053;False
214;"can non-linear shallow shell analysis be reduced to an engineering
technique by use of the matrix .";9;831;buckling of shallow shells under external pressure .;16.820025002659477;False
214;"can non-linear shallow shell analysis be reduced to an engineering
technique by use of the matrix .";10;930;"general theory of large deflections of thin shells
with special applications to conical shells .";16.536685789587764;False
215;"is it possible to predict the shape of a shroud which will allow
simulation of the nose region flow field for a sphere in hypersonic flow .";1;535;"shroud design for simulating hypersonic flow over the nose of a
hemisphere .";33.73264602909975;False
215;"is it possible to predict the shape of a shroud which will allow
simulation of the nose region flow field for a sphere in hypersonic flow .";2;1205;"effects of cooling on boundary layer transition on
a hemi- sphere in simulated hypersonic flow .";22.652145532028072;False
215;"is it possible to predict the shape of a shroud which will allow
simulation of the nose region flow field for a sphere in hypersonic flow .";3;1234;"direct calculation of pressure distribution on blunt
hypersonic nose shapes with sharp corners .";20.757871277998394;False
215;"is it possible to predict the shape of a shroud which will allow
simulation of the nose region flow field for a sphere in hypersonic flow .";4;1253;"hypersonic viscous flow near the stagnation point in
the presence of magnetic field .";20.438072068147285;False
215;"is it possible to predict the shape of a shroud which will allow
simulation of the nose region flow field for a sphere in hypersonic flow .";5;25;inviscid hypersonic flow over blunt-nosed slender bodies .;20.350925284590012;False
215;"is it possible to predict the shape of a shroud which will allow
simulation of the nose region flow field for a sphere in hypersonic flow .";6;574;"inviscid flow with nonequilibrium molecular dissociation for pressure
distributions encountered in hypersonic flight .";19.474256822108575;False
215;"is it possible to predict the shape of a shroud which will allow
simulation of the nose region flow field for a sphere in hypersonic flow .";7;707;"thermal analysis of stagnation regions with emphasis on heat-sustaining
nose shapes at hypersonic speeds .";17.842058196132086;False
215;"is it possible to predict the shape of a shroud which will allow
simulation of the nose region flow field for a sphere in hypersonic flow .";8;332;"similitude of hypersonic real-gas flows over slender
bodies with blunted noses .";17.79532598586113;False
215;"is it possible to predict the shape of a shroud which will allow
simulation of the nose region flow field for a sphere in hypersonic flow .";9;294;"an investigation of laminar transitional and turbulent
heat transfer on blunt-nosed bodies in hypersonic flow .";17.767743648755506;False
215;"is it possible to predict the shape of a shroud which will allow
simulation of the nose region flow field for a sphere in hypersonic flow .";10;1204;"experimental effect of bluntness and gas rarefaction
on drag coefficients and stagnation heat transfer on
axisymmetric shapes in hypersonic flow .";17.58479936068446;False
216;"what investigations have been made of the wave system created by a
static pressure distribution over a liquid surface .";1;893;"a new design of pitot-static tube with a discussion
of pitot-static tubes and their calibration factors .";18.298223887370447;False
216;"what investigations have been made of the wave system created by a
static pressure distribution over a liquid surface .";2;175;experiments with static tubes in a supersonic airstream .;17.25955100816415;False
216;"what investigations have been made of the wave system created by a
static pressure distribution over a liquid surface .";3;1319;real gas effects in flow over blunt bodies at hypersonic speeds .;16.37319126868021;False
216;"what investigations have been made of the wave system created by a
static pressure distribution over a liquid surface .";4;1274;real gas effects in flow over blunt bodies at hypersonic speeds .;16.263685019586422;False
216;"what investigations have been made of the wave system created by a
static pressure distribution over a liquid surface .";5;693;"investigation of jet effects on a flat surface downstream of the exit of
 a simulated turbojet nacelle at a free-stream mach number of 1.39 .";15.55827076039675;False
216;"what investigations have been made of the wave system created by a
static pressure distribution over a liquid surface .";6;612;"pressure distributions and flow patterns at m=4 . on
some delta wings of inverted 'v' cross section .";15.533201932302187;False
216;"what investigations have been made of the wave system created by a
static pressure distribution over a liquid surface .";7;692;"investigation of the jet effects on a flat surface downstream of the
exit of a simulated turbojet nacelle at a free-stream mach number of
2.02 .";15.359347405838541;False
216;"what investigations have been made of the wave system created by a
static pressure distribution over a liquid surface .";8;1225;"the effect of adverse pressure gradients on the characteristics of
turbulent boundary layers in supersonic streams .";15.199237559102265;False
216;"what investigations have been made of the wave system created by a
static pressure distribution over a liquid surface .";9;39;on the flow of a sonic stream past an airfoil surface .;14.783218815786888;False
216;"what investigations have been made of the wave system created by a
static pressure distribution over a liquid surface .";10;1006;free-flight measurements of the static and dynamic .;14.755397638877636;False
217;"has anyone investigated the effect of shock generated vorticity on heat
transfer to a blunt body .";1;1213;"heat transfer to slender cones in hypersonic flow,
including effects of yaw and nose bluntness .";19.649044671308737;True
217;"has anyone investigated the effect of shock generated vorticity on heat
transfer to a blunt body .";2;1002;preliminary investigations of spiked bodies at hypersonic speeds .;18.334717147150265;False
217;"has anyone investigated the effect of shock generated vorticity on heat
transfer to a blunt body .";3;44;tip-bluntness effects on cone pressures at m=6.85 .;17.978872905885623;False
217;"has anyone investigated the effect of shock generated vorticity on heat
transfer to a blunt body .";4;1395;"low density stagnation point heat transfer measurements
in the hypersonic shock tunnel .";17.644985104995655;True
217;"has anyone investigated the effect of shock generated vorticity on heat
transfer to a blunt body .";5;666;blunt body heat transfer at hypersonic speed and low reynolds numbers .;16.644292374912443;True
217;"has anyone investigated the effect of shock generated vorticity on heat
transfer to a blunt body .";6;1161;"stagnation point heat transfer measurements in dissociated
air .";16.635510508132587;False
217;"has anyone investigated the effect of shock generated vorticity on heat
transfer to a blunt body .";7;655;"effects of boundary layer displacement and leading edge bluntness on
pressure distribution, skin friction, and heat transfer of bodies at
hypersonic speeds .";16.468079706118477;False
217;"has anyone investigated the effect of shock generated vorticity on heat
transfer to a blunt body .";8;572;"boundary layer displacement and leading edge bluntness effects in high
temperature hypersonic flow .";15.751387352323992;False
217;"has anyone investigated the effect of shock generated vorticity on heat
transfer to a blunt body .";9;323;"vorticity interaction at an axisymmetric stagnation
point in a viscous incompressible fluid .";15.542863369856256;False
217;"has anyone investigated the effect of shock generated vorticity on heat
transfer to a blunt body .";10;553;"ablation of glassy materials around blunt bodies of
revolution .";15.439399795605858;False
218;what is the heat transfer to a blunt body in the absence of vorticity .;1;36;supersonic flow around blunt bodies .;16.459461045961294;False
218;what is the heat transfer to a blunt body in the absence of vorticity .;2;1281;"turbulent heat transfer on blunt-nosed bodies in two-dimensional
and general three-dimensional hypersonic flow .";14.27889048871533;False
218;what is the heat transfer to a blunt body in the absence of vorticity .;3;283;"laminar heat transfer around blunt bodies in dissociated
air .";13.266126909243777;False
218;what is the heat transfer to a blunt body in the absence of vorticity .;4;559;"heat transfer at the forward stagnation point of blunt
bodies .";13.222351403620795;True
218;what is the heat transfer to a blunt body in the absence of vorticity .;5;670;"on blunt-body heat transfer at hypersonic speed and low reynolds
number .";13.182952446792145;False
218;what is the heat transfer to a blunt body in the absence of vorticity .;6;655;"effects of boundary layer displacement and leading edge bluntness on
pressure distribution, skin friction, and heat transfer of bodies at
hypersonic speeds .";12.939651100683275;False
218;what is the heat transfer to a blunt body in the absence of vorticity .;7;1393;"heat transfer near the forward stagnation point of
a body of revolution .";12.88217758419903;True
218;what is the heat transfer to a blunt body in the absence of vorticity .;8;101;"laminar heat transfer over blunt-nosed bodies at hypersonic flight
speeds .";12.461467079007395;True
218;what is the heat transfer to a blunt body in the absence of vorticity .;9;666;blunt body heat transfer at hypersonic speed and low reynolds numbers .;12.458351813757705;True
218;what is the heat transfer to a blunt body in the absence of vorticity .;10;44;tip-bluntness effects on cone pressures at m=6.85 .;12.234262514905565;False
219;"what are the general effects on flow fields when the reynolds number is
small .";1;208;"the hall effect in the viscous flow of ionized gas
between parallel plates under transverse magnetic field .";14.323817074374798;False
219;"what are the general effects on flow fields when the reynolds number is
small .";2;299;magnetohydrodynamic flow past a semi-infinite plate .;14.263615405696765;False
219;"what are the general effects on flow fields when the reynolds number is
small .";3;1222;axisymmetric magnetohydrodynamic channel flow .;13.908012840976909;False
219;"what are the general effects on flow fields when the reynolds number is
small .";4;1221;"steady flow of conducting fluids in channels under
transverse magnetic fields, with consideration of hall
effect .";13.891121545617443;False
219;"what are the general effects on flow fields when the reynolds number is
small .";5;992;"the effects of a small jet of air exhausting from the nose of a body
of revolution in supersonic flow .";12.262034648690243;False
219;"what are the general effects on flow fields when the reynolds number is
small .";6;7;"the effect of controlled three-dimensional roughness
on boundary layer transition at supersonic speeds .";12.22735682252118;False
219;"what are the general effects on flow fields when the reynolds number is
small .";7;236;criteria for thermodynamic equilibrium in gas flow .;12.147582605201062;False
219;"what are the general effects on flow fields when the reynolds number is
small .";8;117;the motion of a viscous liquid past a paraboloid .;12.10230985228072;False
219;"what are the general effects on flow fields when the reynolds number is
small .";9;828;"stresses and small displacements of shallow spherical
shells .";11.69117673613611;False
219;"what are the general effects on flow fields when the reynolds number is
small .";10;1082;"the flow past pitot tube at low reynolds numbers, part 1-dash the
numerical solution of the navier-stokes equations for steady viscous
axisymmetric flow, part 2-dash the effects of viscosity and orifice
size on a pitot tube at low reynolds numbers .";11.633765268402886;False
22;"did anyone else discover that the turbulent skin friction is not over
sensitive to the nature of the variation of the viscosity with
temperature .";1;125;"measurements of skin friction of the compressible turbulent
boundary layer on a cone with foreign gas injection .";22.728739301411068;False
22;"did anyone else discover that the turbulent skin friction is not over
sensitive to the nature of the variation of the viscosity with
temperature .";2;413;"turbulent skin friction at high mach numbers and reynolds
numbers in air and helium . nasa r82, 1960 .";19.562598810549904;False
22;"did anyone else discover that the turbulent skin friction is not over
sensitive to the nature of the variation of the viscosity with
temperature .";3;560;"a theoretical study of the effect of upstream
transpiration-cooling on the heat transfer and skin friction characteristics
of a compressible laminar boundary layer .";18.195180335830013;False
22;"did anyone else discover that the turbulent skin friction is not over
sensitive to the nature of the variation of the viscosity with
temperature .";4;307;"an approximate solution of hypersonic laminar boundary
layer equations and its application .";17.37400282560923;False
22;"did anyone else discover that the turbulent skin friction is not over
sensitive to the nature of the variation of the viscosity with
temperature .";5;50;"investigation of laminar boundary layer in compressible
fluids using the crocco method .";16.63316306621003;False
22;"did anyone else discover that the turbulent skin friction is not over
sensitive to the nature of the variation of the viscosity with
temperature .";6;9;"transition studies and skin friction measurements on
an insulated flat plate at a mach number of 5.8 .";16.388796901687193;False
22;"did anyone else discover that the turbulent skin friction is not over
sensitive to the nature of the variation of the viscosity with
temperature .";7;962;"contributions to the theory of heat transfer through
a laminar boundary layer .";16.34955331207259;False
22;"did anyone else discover that the turbulent skin friction is not over
sensitive to the nature of the variation of the viscosity with
temperature .";8;565;"similar solutions for the compressible boundary layer
on a yawed cylinder with transpiration cooling .";16.092255541876266;False
22;"did anyone else discover that the turbulent skin friction is not over
sensitive to the nature of the variation of the viscosity with
temperature .";9;348;turbulent boundary layer in compressible fluids .;15.748359269875774;False
22;"did anyone else discover that the turbulent skin friction is not over
sensitive to the nature of the variation of the viscosity with
temperature .";10;81;"compressible laminar flow and heat transfer about a
rotating isothermal disk .";15.684645635374853;False
220;"find a calculation procedure applicable to all incompressible laminar
boundary layer flow problems having good accuracy and reasonable
computation time .";1;292;"rapid laminar boundary layer calculations by piece-wise
application of similar solutions .";22.126756717915864;True
220;"find a calculation procedure applicable to all incompressible laminar
boundary layer flow problems having good accuracy and reasonable
computation time .";2;458;"a new series for calculation of steady laminar boundary
layer flows .";21.306962988421716;True
220;"find a calculation procedure applicable to all incompressible laminar
boundary layer flow problems having good accuracy and reasonable
computation time .";3;461;"approximate methods fore predicting separation properties
of laminar boundary layers .";19.511397765880126;False
220;"find a calculation procedure applicable to all incompressible laminar
boundary layer flow problems having good accuracy and reasonable
computation time .";4;325;"heat transfer to constant property laminar boundary
layer flows with power function free stream velocity
and wall temperature variation .";19.410095204673134;False
220;"find a calculation procedure applicable to all incompressible laminar
boundary layer flow problems having good accuracy and reasonable
computation time .";5;1375;"an approximate solution for the axisymmetric jet of a laminar
compressible fluid .";18.965275639256493;False
220;"find a calculation procedure applicable to all incompressible laminar
boundary layer flow problems having good accuracy and reasonable
computation time .";6;16;"transformation of the compressible turbulent boundary
layer .";17.654626551770093;False
220;"find a calculation procedure applicable to all incompressible laminar
boundary layer flow problems having good accuracy and reasonable
computation time .";7;629;second-order effects in laminar boundary layers .;17.37148852605098;False
220;"find a calculation procedure applicable to all incompressible laminar
boundary layer flow problems having good accuracy and reasonable
computation time .";8;395;"new methods in heat flow analysis with application
to flight structures .";17.19323121316633;False
220;"find a calculation procedure applicable to all incompressible laminar
boundary layer flow problems having good accuracy and reasonable
computation time .";9;111;"the laminar boundary layer equation: a method of solution
by means of an automatic computer .";16.698784021959575;True
220;"find a calculation procedure applicable to all incompressible laminar
boundary layer flow problems having good accuracy and reasonable
computation time .";10;375;steady flow in the laminar boundary layer of a gas .;16.657029696746456;False
221;"papers applicable to this problem (calculation procedures for laminar
incompressible flow with arbitrary pressure gradient) .";1;1366;"the compressible laminar boundary layer with heat transfer
and arbitrary pressure gradient .";18.22832327107678;True
221;"papers applicable to this problem (calculation procedures for laminar
incompressible flow with arbitrary pressure gradient) .";2;292;"rapid laminar boundary layer calculations by piece-wise
application of similar solutions .";17.270722658650254;True
221;"papers applicable to this problem (calculation procedures for laminar
incompressible flow with arbitrary pressure gradient) .";3;435;"application of similar solutions to calculations of
laminar heat transfer on bodies with yaw and large
pressure gradients in high speed flow .";17.08739656980624;False
221;"papers applicable to this problem (calculation procedures for laminar
incompressible flow with arbitrary pressure gradient) .";4;458;"a new series for calculation of steady laminar boundary
layer flows .";16.79533820642612;True
221;"papers applicable to this problem (calculation procedures for laminar
incompressible flow with arbitrary pressure gradient) .";5;1182;an approximate solution for laminar boundary layer flow .;16.369449044043552;False
221;"papers applicable to this problem (calculation procedures for laminar
incompressible flow with arbitrary pressure gradient) .";6;1375;"an approximate solution for the axisymmetric jet of a laminar
compressible fluid .";15.558523506143798;False
221;"papers applicable to this problem (calculation procedures for laminar
incompressible flow with arbitrary pressure gradient) .";7;1371;axisymmetric free mixing with swirl .;15.455227160332711;False
221;"papers applicable to this problem (calculation procedures for laminar
incompressible flow with arbitrary pressure gradient) .";8;754;"heat transfer through laminar boundary layers on
semi-infinite cylinders of arbitrary cross section .";15.39237304538576;False
221;"papers applicable to this problem (calculation procedures for laminar
incompressible flow with arbitrary pressure gradient) .";9;1225;"the effect of adverse pressure gradients on the characteristics of
turbulent boundary layers in supersonic streams .";15.370838280821507;False
221;"papers applicable to this problem (calculation procedures for laminar
incompressible flow with arbitrary pressure gradient) .";10;49;"temperature and velocity profiles in the compressible
laminar boundary layer with arbitrary distribution
of surface temperature .";14.944061975510152;False
222;has anyone investigated the shear buckling of stiffened plates .;1;1400;"the buckling shear stress of simply-supported infinitely
long plates with transverse stiffeners .";21.010598655177;True
222;has anyone investigated the shear buckling of stiffened plates .;2;1399;buckling of transverse stiffened plates under shear .;18.691122675798105;True
222;has anyone investigated the shear buckling of stiffened plates .;3;419;"the design of intermediate vertical stiffeners on web
plates subjected to shear .";18.585599106304432;True
222;has anyone investigated the shear buckling of stiffened plates .;4;1396;"shear buckling of clamped and simply-supported infinitely
long plates reinforced by transverse stiffeners .";17.30739907851304;False
222;has anyone investigated the shear buckling of stiffened plates .;5;1398;"stability of rectangular plates under shear and bending
forces .";16.952147239717178;True
222;has anyone investigated the shear buckling of stiffened plates .;6;1130;"handbook of structural stability . pt .vi . strength
of stiffened curved plates and shells .";16.293361571370045;False
222;has anyone investigated the shear buckling of stiffened plates .;7;1358;"compressive buckling of simply supported plates with
transverse stiffeners .";14.30450949121181;False
222;has anyone investigated the shear buckling of stiffened plates .;8;1397;"critical shear stress of an infinitely long simply
supported plate with transverse stiffeners .";14.223970743885419;True
222;has anyone investigated the shear buckling of stiffened plates .;9;1387;"the buckling of a square panel under shear, when one
pair of opposite edges is clamped and the other pair
is simply supported .";14.196226329854674;True
222;has anyone investigated the shear buckling of stiffened plates .;10;1357;"compressive buckling of simply supplorted plates with
longitudinal stiffeners .";14.187653174453066;False
223;papers on shear buckling of unstiffened rectangular plates under shear .;1;1399;buckling of transverse stiffened plates under shear .;21.921046597607113;False
223;papers on shear buckling of unstiffened rectangular plates under shear .;2;1398;"stability of rectangular plates under shear and bending
forces .";18.60796297659621;True
223;papers on shear buckling of unstiffened rectangular plates under shear .;3;400;buckling stress of clamped rectangular plates in shear .;18.471917099595984;True
223;papers on shear buckling of unstiffened rectangular plates under shear .;4;1387;"the buckling of a square panel under shear, when one
pair of opposite edges is clamped and the other pair
is simply supported .";15.628435754203014;True
223;papers on shear buckling of unstiffened rectangular plates under shear .;5;839;"the bending stability of thin-- walled unstiffened
circular cylinders including the effects of internal
pressure .";15.53341637786594;False
223;papers on shear buckling of unstiffened rectangular plates under shear .;6;1008;free-flight measurements of the static and dynamic .;14.935635847183866;False
223;papers on shear buckling of unstiffened rectangular plates under shear .;7;1051;"the stability of thin-walled unstiffened circular cylinders
under axial compression including the effects of internal
pressure .";14.893510601046902;False
223;papers on shear buckling of unstiffened rectangular plates under shear .;8;1358;"compressive buckling of simply supported plates with
transverse stiffeners .";14.880768381671643;False
223;papers on shear buckling of unstiffened rectangular plates under shear .;9;1357;"compressive buckling of simply supplorted plates with
longitudinal stiffeners .";14.691065066278354;False
223;papers on shear buckling of unstiffened rectangular plates under shear .;10;419;"the design of intermediate vertical stiffeners on web
plates subjected to shear .";14.439643019678671;False
224;"in practice, how close to reality are the assumptions that the flow
in a hypersonic shock tube using nitrogen is non-viscous and in
thermodynamic equilibrium .";1;1312;"tabulated solutions of the equilibrium gas properties
behind the incidents and reflected normal shock-wave
in a shock-tube .";29.55775670844635;False
224;"in practice, how close to reality are the assumptions that the flow
in a hypersonic shock tube using nitrogen is non-viscous and in
thermodynamic equilibrium .";2;317;non-equilibrium flow of an ideal dissociating gas .;25.4449126243136;False
224;"in practice, how close to reality are the assumptions that the flow
in a hypersonic shock tube using nitrogen is non-viscous and in
thermodynamic equilibrium .";3;1286;"equilibrium real-gas performance charts for a shypersonic
shock-tube wind-tunnel employing nitrogen .";24.10371850364482;False
224;"in practice, how close to reality are the assumptions that the flow
in a hypersonic shock tube using nitrogen is non-viscous and in
thermodynamic equilibrium .";4;401;"inviscid hypersonic airflows with coupled non-equilibrium
processes .";23.013083479498718;False
224;"in practice, how close to reality are the assumptions that the flow
in a hypersonic shock tube using nitrogen is non-viscous and in
thermodynamic equilibrium .";5;1296;"non-equilibrium expansions of air with coupled chemical
reactions .";20.751661293663417;False
224;"in practice, how close to reality are the assumptions that the flow
in a hypersonic shock tube using nitrogen is non-viscous and in
thermodynamic equilibrium .";6;236;criteria for thermodynamic equilibrium in gas flow .;20.096987605260885;False
224;"in practice, how close to reality are the assumptions that the flow
in a hypersonic shock tube using nitrogen is non-viscous and in
thermodynamic equilibrium .";7;656;departure from dissociation equilibrium in a hypersonic nozzle .;19.41869431089943;True
224;"in practice, how close to reality are the assumptions that the flow
in a hypersonic shock tube using nitrogen is non-viscous and in
thermodynamic equilibrium .";8;575;atomic recombination in a hypersonic wind tunnel nozzle .;18.642547526571043;False
224;"in practice, how close to reality are the assumptions that the flow
in a hypersonic shock tube using nitrogen is non-viscous and in
thermodynamic equilibrium .";9;259;"second order theory for unsteady supersonic flow
past slender pointed bodies of revolution .";18.417857166531928;False
224;"in practice, how close to reality are the assumptions that the flow
in a hypersonic shock tube using nitrogen is non-viscous and in
thermodynamic equilibrium .";10;140;"the determination of turbulent skin friction by means
of pitot tubes .";17.120135801267377;False
225;"what design factors can be used to control lift-drag ratios at mach
numbers above 5 .";1;1188;"factors affecting lift-drag ratios at mach numbers
from 5 to 20 .";26.056768493046153;False
225;"what design factors can be used to control lift-drag ratios at mach
numbers above 5 .";2;1380;the problem of obtaining high lift-drag ratios at supersonic speeds .;22.704042138184764;True
225;"what design factors can be used to control lift-drag ratios at mach
numbers above 5 .";3;638;"longitudinal aerodynamic characteristics at low subsonic
speeds of a highly swept wing utilizing nose deflection
for control .";17.87251811947922;False
225;"what design factors can be used to control lift-drag ratios at mach
numbers above 5 .";4;674;"the shapes and lift-dependent drags on some sweptback
wings designed for m= 1. 2.";17.310255613168785;False
225;"what design factors can be used to control lift-drag ratios at mach
numbers above 5 .";5;70;"a study of flow changes associated with airfoil section
drag rise at supercritical speeds .";17.225398556374458;False
225;"what design factors can be used to control lift-drag ratios at mach
numbers above 5 .";6;226;"aerofoil theory of a flat delta wing at supersonic
speeds .";17.116866189941064;False
225;"what design factors can be used to control lift-drag ratios at mach
numbers above 5 .";7;1124;"design of missile bodies for minimum drag at very high
speeds - thickness ratio, lift, and center of pressure
given .";17.096297728654395;True
225;"what design factors can be used to control lift-drag ratios at mach
numbers above 5 .";8;1345;"the use of aerodynamic lift during entry into the earth's
atmosphere .";16.961943709482185;False
225;"what design factors can be used to control lift-drag ratios at mach
numbers above 5 .";9;416;"methods of boundary-layer control for postponing and alleviating
buffeting and other effects of shock-induced separation .";16.78951530219279;False
225;"what design factors can be used to control lift-drag ratios at mach
numbers above 5 .";10;225;elliptic cones alone and with wings at supersonic speeds .;16.20784434104875;True
23;what progress has been made in research on unsteady aerodynamics .;1;892;research on unsteady flow .;17.14842501979406;False
23;what progress has been made in research on unsteady aerodynamics .;2;28;"a note on the explosion solution of sedov with application
to the newtonian theory of unsteady hypersonic flow .";15.186116244420328;False
23;what progress has been made in research on unsteady aerodynamics .;3;902;"some current and proposed investigations into the flow
for slender delta and other wings in unsteady motion .";14.050203538901808;True
23;what progress has been made in research on unsteady aerodynamics .;4;718;means and examples of aeronautical research in france at onera .;12.930962034216192;False
23;what progress has been made in research on unsteady aerodynamics .;5;14;"piston theory - a new aerodynamic tool for the
aeroelastician .";12.885013395184783;False
23;what progress has been made in research on unsteady aerodynamics .;6;202;aircraft flutter .;12.490002930907549;False
23;what progress has been made in research on unsteady aerodynamics .;7;1287;"progress report on an experiment on the effect of surface
flexibility on the stability of laminar flow .";12.080033836104144;False
23;what progress has been made in research on unsteady aerodynamics .;8;1289;"numerical technique to lifting surface theory for calculation
of unsteady aerodynamic forces due to continuous sinusoidal
gusts on several wing planforms at sobsonic speeds .";11.96187362155307;True
23;what progress has been made in research on unsteady aerodynamics .;9;251;"a collection of longitudinal stability derivatives
of wings at supersonic speeds .";11.932742430397044;False
23;what progress has been made in research on unsteady aerodynamics .;10;899;aerodynamic effects on boundary layer unsteadiness .;11.844693110473834;True
24;"what are the factors which influence the time required to invert large
structural matrices .";1;756;further comments on the inversion of large structural matrices .;24.55783065826113;False
24;"what are the factors which influence the time required to invert large
structural matrices .";2;46;some comments on the inversion of certain large matrices .;16.1846680988347;True
24;"what are the factors which influence the time required to invert large
structural matrices .";3;833;"a simple method of matric structural analysis, part
iv, non-linear problems .";15.311307356681283;False
24;"what are the factors which influence the time required to invert large
structural matrices .";4;837;"inelastic behaviour of structures subjected to cyclic
thermal and mechanical stressing conditions .";13.257042867652757;False
24;"what are the factors which influence the time required to invert large
structural matrices .";5;47;analysis of low-aspect-ratio aircraft structures .;12.328906362276586;True
24;"what are the factors which influence the time required to invert large
structural matrices .";6;12;"some structural and aerelastic considerations of high
speed flight .";11.78904218915255;False
24;"what are the factors which influence the time required to invert large
structural matrices .";7;883;correlated fatigue data for aircraft structural joints .;11.282693992276371;False
24;"what are the factors which influence the time required to invert large
structural matrices .";8;1034;note on creep buckling of columns .;11.184381704395571;False
24;"what are the factors which influence the time required to invert large
structural matrices .";9;1361;"large deflections of structures subjected to heating
and external loads .";10.78172263889255;False
24;"what are the factors which influence the time required to invert large
structural matrices .";10;650;some design problems of hovercraft .;10.618640334680029;False
25;"does a practical flow follow the theoretical concepts for the
interaction between adjacent blade rows of a supersonic cascade .";1;277;"study of flow conditions and deflection angle at exit
of two-dimensional cascade of turbine rotor blades
at critical and supercritical pressure ratios .";22.601028176143426;True
25;"does a practical flow follow the theoretical concepts for the
interaction between adjacent blade rows of a supersonic cascade .";2;215;"the test performance of highly loaded turbine stages
designed for high pressure ratio .";20.566353402861516;True
25;"does a practical flow follow the theoretical concepts for the
interaction between adjacent blade rows of a supersonic cascade .";3;213;the performance of supersonic turbine nozzles .;20.170993824199925;True
25;"does a practical flow follow the theoretical concepts for the
interaction between adjacent blade rows of a supersonic cascade .";4;121;"a theory for base pressures in transonic and supersonic
flow .";18.953411281070935;False
25;"does a practical flow follow the theoretical concepts for the
interaction between adjacent blade rows of a supersonic cascade .";5;214;on the testing of supersonic compressor cascades .;18.8556446907062;True
25;"does a practical flow follow the theoretical concepts for the
interaction between adjacent blade rows of a supersonic cascade .";6;511;"tunnel tests on a double cascade to determine the interaction
between the rotor and the nozzles of a supersonic turbine .";17.8275753129707;False
25;"does a practical flow follow the theoretical concepts for the
interaction between adjacent blade rows of a supersonic cascade .";7;216;the supersonic axial flow compressor .;17.56571500463424;True
25;"does a practical flow follow the theoretical concepts for the
interaction between adjacent blade rows of a supersonic cascade .";8;212;"theory and tunnel tests of rotor blade for supersonic
turbines .";16.604742484533066;True
25;"does a practical flow follow the theoretical concepts for the
interaction between adjacent blade rows of a supersonic cascade .";9;97;"a mixing theory for the interaction between dissipative
flows and nearly isentropic streams .";15.264963409988408;False
25;"does a practical flow follow the theoretical concepts for the
interaction between adjacent blade rows of a supersonic cascade .";10;134;"note on an interaction between the boundary layer and the inviscid
flow .";14.644127754118717;False
26;"what is a single approximate formula for the displacement thickness of
a laminar boundary layer in compressible flow on a flat plate .";1;611;"an approximate solution of the compressible laminar
boundary layer on a flat plate .";24.48070872352796;True
26;"what is a single approximate formula for the displacement thickness of
a laminar boundary layer in compressible flow on a flat plate .";2;307;"an approximate solution of hypersonic laminar boundary
layer equations and its application .";23.85104718079405;False
26;"what is a single approximate formula for the displacement thickness of
a laminar boundary layer in compressible flow on a flat plate .";3;145;"skin friction in the laminar boundary layer in compressible
flow .";23.787115554161307;True
26;"what is a single approximate formula for the displacement thickness of
a laminar boundary layer in compressible flow on a flat plate .";4;382;"a note on the laminar boundary layer on a circular cylinder in
axial incompressible flow .";22.569192453943117;False
26;"what is a single approximate formula for the displacement thickness of
a laminar boundary layer in compressible flow on a flat plate .";5;305;"hypersonic strong viscous interaction on a flat plate
with surface mass transfer .";22.188719857686948;False
26;"what is a single approximate formula for the displacement thickness of
a laminar boundary layer in compressible flow on a flat plate .";6;568;"shock wave effects on the laminar skin friction of
an insulated flat plate at hypersonic speeds .";21.73231983453644;False
26;"what is a single approximate formula for the displacement thickness of
a laminar boundary layer in compressible flow on a flat plate .";7;96;"review of published data on the effect of roughness on transition from
laminar to turbulent flow .";21.542264834237475;False
26;"what is a single approximate formula for the displacement thickness of
a laminar boundary layer in compressible flow on a flat plate .";8;306;"second approximation to laminar compressible boundary
layer on flat plate in slip flow .";20.70565835756193;False
26;"what is a single approximate formula for the displacement thickness of
a laminar boundary layer in compressible flow on a flat plate .";9;346;measurements of turbulent friction on a smooth flat plate in supersonic .;20.25803045699643;False
26;"what is a single approximate formula for the displacement thickness of
a laminar boundary layer in compressible flow on a flat plate .";10;1278;transition in a separated laminar boundary layer .;19.87927642518526;False
27;"how is the design of ring or part ring wings by linear theory affected
by thickness .";1;680;generalized conical flow fields in supersonic wing theory .;16.30115583743147;False
27;"how is the design of ring or part ring wings by linear theory affected
by thickness .";2;1362;"non-linear analysis of heated, cambered wings by the matrix force
method .";15.72860005203227;False
27;"how is the design of ring or part ring wings by linear theory affected
by thickness .";3;42;"the gyroscopic effect of a rigid rotating propeller
on engine and wing vibration modes .";15.564925005986026;False
27;"how is the design of ring or part ring wings by linear theory affected
by thickness .";4;921;slender-body theory-review and extension .;14.502017335478198;False
27;"how is the design of ring or part ring wings by linear theory affected
by thickness .";5;613;"the contraction of satellite orbits under the influence of air drag
part i . with spherically symmetrical atmosphere .";14.041824389914941;False
27;"how is the design of ring or part ring wings by linear theory affected
by thickness .";6;428;"the quasi-cylinder of specified thickness and shell
loading in supersonic flow .";14.03035199374424;True
27;"how is the design of ring or part ring wings by linear theory affected
by thickness .";7;833;"a simple method of matric structural analysis, part
iv, non-linear problems .";13.890313192212451;False
27;"how is the design of ring or part ring wings by linear theory affected
by thickness .";8;614;the contraction of satellite orbits under the influence of air drag .;13.650019511618854;False
27;"how is the design of ring or part ring wings by linear theory affected
by thickness .";9;677;"methods for calculating the lift distribution of wings /subsonic
lifting surface theory/ .";13.379645609139375;False
27;"how is the design of ring or part ring wings by linear theory affected
by thickness .";10;1035;note on creep buckling of columns .;13.027815685177153;False
28;what application has the linear theory design of curved wings .;1;251;"a collection of longitudinal stability derivatives
of wings at supersonic speeds .";14.5659460546026;False
28;what application has the linear theory design of curved wings .;2;1051;"the stability of thin-walled unstiffened circular cylinders
under axial compression including the effects of internal
pressure .";12.149422927047052;False
28;what application has the linear theory design of curved wings .;3;246;"the design of minimum drag tip fins . with an appendix
- on the conformal transformation of a wing with a
fin .";11.209796189773021;False
28;what application has the linear theory design of curved wings .;4;36;supersonic flow around blunt bodies .;11.134506703084904;False
28;what application has the linear theory design of curved wings .;5;367;"control system and analysis and design via the second method of
lyapunov .";10.972458745055361;False
28;what application has the linear theory design of curved wings .;6;674;"the shapes and lift-dependent drags on some sweptback
wings designed for m= 1. 2.";10.848491862350281;False
28;what application has the linear theory design of curved wings .;7;1068;"instability analysis of cylindrical shells under hydrostatic
pressure .";10.826329184958173;False
28;what application has the linear theory design of curved wings .;8;839;"the bending stability of thin-- walled unstiffened
circular cylinders including the effects of internal
pressure .";10.713871840842607;False
28;what application has the linear theory design of curved wings .;9;1012;"principles of creep buckling weight-strength analysis
of aircraft structures .";10.439083804859663;False
28;what application has the linear theory design of curved wings .;10;28;"a note on the explosion solution of sedov with application
to the newtonian theory of unsteady hypersonic flow .";10.409799834054597;False
29;"what is the effect of cross sectional shape on the flow over simple
delta wings with sharp leading edges .";1;465;slender delta wings with sharp edges at zero lift .;31.84019575547856;True
29;"what is the effect of cross sectional shape on the flow over simple
delta wings with sharp leading edges .";2;514;"pressure distributions and flow patterns on some conical
shapes with sharp edges and symmetrical cross-sections
at m=4 .0.";28.893020746164552;True
29;"what is the effect of cross sectional shape on the flow over simple
delta wings with sharp leading edges .";3;612;"pressure distributions and flow patterns at m=4 . on
some delta wings of inverted 'v' cross section .";28.066053756467248;True
29;"what is the effect of cross sectional shape on the flow over simple
delta wings with sharp leading edges .";4;420;"an experimental study of the flow field about swept and delta wings
with sharp leading edges .";26.836130942270238;False
29;"what is the effect of cross sectional shape on the flow over simple
delta wings with sharp leading edges .";5;513;"pressure measurements at supersonic speeds on three
uncambered conical wings of unit aspect ratio .";24.634305701024704;False
29;"what is the effect of cross sectional shape on the flow over simple
delta wings with sharp leading edges .";6;900;"some measurements in the vortex flow generated by a
sharp leading edge having 65 sweep .";23.563303756105775;False
29;"what is the effect of cross sectional shape on the flow over simple
delta wings with sharp leading edges .";7;222;"the flow over delta wings at low speeds with leading
edge separation .";23.32809631132784;False
29;"what is the effect of cross sectional shape on the flow over simple
delta wings with sharp leading edges .";8;464;"flow studies on flat plate delta wings at supersonic
speeds .";23.029305569454614;True
29;"what is the effect of cross sectional shape on the flow over simple
delta wings with sharp leading edges .";9;146;"supersonic flow past slender bodies with discontinuous
profile slope .";23.025232800231244;False
29;"what is the effect of cross sectional shape on the flow over simple
delta wings with sharp leading edges .";10;601;"calculation of the flow past slender delta wings with
leading edge separation .";22.862562651965092;False
3;"what problems of heat conduction in composite slabs have been solved so
far .";1;485;linear heat flow in a composite slab .;22.121742507613906;False
3;"what problems of heat conduction in composite slabs have been solved so
far .";2;399;conduction of heat in composite slabs .;21.378144809953206;True
3;"what problems of heat conduction in composite slabs have been solved so
far .";3;5;"one-dimensional transient heat conduction into a double-layer
slab subjected to a linear heat input for a small time
internal .";20.600731896152837;True
3;"what problems of heat conduction in composite slabs have been solved so
far .";4;144;heat flow in composite slabs .;20.252395492188892;True
3;"what problems of heat conduction in composite slabs have been solved so
far .";5;91;periodic temperature distribution in a two-layer composite slab .;18.289228532857525;True
3;"what problems of heat conduction in composite slabs have been solved so
far .";6;90;"periodic temperature distributions in a two-layer composite
slab .";17.309257300599587;True
3;"what problems of heat conduction in composite slabs have been solved so
far .";7;1072;ignition and combustion in a laminar mixing zone .;17.24445949459849;False
3;"what problems of heat conduction in composite slabs have been solved so
far .";8;181;some problems on heat conduction in stratiform bodies .;15.392858272608317;True
3;"what problems of heat conduction in composite slabs have been solved so
far .";9;828;"stresses and small displacements of shallow spherical
shells .";15.117247190617764;False
3;"what problems of heat conduction in composite slabs have been solved so
far .";10;579;further developments of new methods in heat flow analysis .;13.118612613802611;False
30;papers on flow visualization on slender conical wings .;1;683;"the use of conical camber to produce flow attachment at the leading
edge of a delta wing and to minimize the lift-dependent drag at sonic
and supersonic speeds .";12.590692014132706;False
30;papers on flow visualization on slender conical wings .;2;513;"pressure measurements at supersonic speeds on three
uncambered conical wings of unit aspect ratio .";12.312299399469982;False
30;papers on flow visualization on slender conical wings .;3;601;"calculation of the flow past slender delta wings with
leading edge separation .";11.187691737700597;False
30;papers on flow visualization on slender conical wings .;4;1197;"unsteady aerodynamic forces on slender supersonic aircraft
with flexible wings and bodies .";10.962627652910335;False
30;papers on flow visualization on slender conical wings .;5;902;"some current and proposed investigations into the flow
for slender delta and other wings in unsteady motion .";10.624317194083456;False
30;papers on flow visualization on slender conical wings .;6;633;"an extension of the method of generalised conical flows
for lifting wings in supersonic flow .";10.51502799395994;False
30;papers on flow visualization on slender conical wings .;7;225;elliptic cones alone and with wings at supersonic speeds .;10.462067564598263;True
30;papers on flow visualization on slender conical wings .;8;602;"the 7 x 7 in . hypersonic wind tunnel at rae farnborough,
part 1, design, instrumentation and flow visualization
techniques .";9.827551300176848;False
30;papers on flow visualization on slender conical wings .;9;545;"calculation of sideslip derivatives and pressure distribution
in asymmetric flight conditions on a slender wing-fin
configuration .";9.686931324439502;False
30;papers on flow visualization on slender conical wings .;10;420;"an experimental study of the flow field about swept and delta wings
with sharp leading edges .";9.65123144631486;False
31;"what size of end plate can be safely used to simulate two-dimensional
flow conditions over a bluff cylindrical body of finite aspect ratio .";1;751;"a note on the use of end plates to prevent three dimensional
flow at the ends of bluff cylinders .";27.583295072104928;False
31;"what size of end plate can be safely used to simulate two-dimensional
flow conditions over a bluff cylindrical body of finite aspect ratio .";2;1245;some aspects of nonequilibrium flows .;19.432310902695;False
31;"what size of end plate can be safely used to simulate two-dimensional
flow conditions over a bluff cylindrical body of finite aspect ratio .";3;247;"the calculation of the pressure distribution on thick
wings of small aspect ratio at zero lift in subsonic
flow .";19.11604166497176;False
31;"what size of end plate can be safely used to simulate two-dimensional
flow conditions over a bluff cylindrical body of finite aspect ratio .";4;1153;"a study of the simulation of flow with free stream mach number 1 in a
choked wind tunnel .";18.819211152227034;False
31;"what size of end plate can be safely used to simulate two-dimensional
flow conditions over a bluff cylindrical body of finite aspect ratio .";5;916;"the flow around oscillating low aspect ratio wings at transonic
speeds .";18.649415672245752;False
31;"what size of end plate can be safely used to simulate two-dimensional
flow conditions over a bluff cylindrical body of finite aspect ratio .";6;1209;aerodynamic processes in the downwash-impingement problem .;18.512111378909776;False
31;"what size of end plate can be safely used to simulate two-dimensional
flow conditions over a bluff cylindrical body of finite aspect ratio .";7;228;navier-stokes solutions at large distances from a finite body .;16.866551025756774;False
31;"what size of end plate can be safely used to simulate two-dimensional
flow conditions over a bluff cylindrical body of finite aspect ratio .";8;332;"similitude of hypersonic real-gas flows over slender
bodies with blunted noses .";16.73658429092208;False
31;"what size of end plate can be safely used to simulate two-dimensional
flow conditions over a bluff cylindrical body of finite aspect ratio .";9;1339;"calculation of flutter characteristics for finite-span swept or unswept
wings at subsonic and supersonic speeds by a modified strip analysis .";16.13884799570342;False
31;"what size of end plate can be safely used to simulate two-dimensional
flow conditions over a bluff cylindrical body of finite aspect ratio .";10;1040;on transverse vibrations of thin, shallow elastic shells .;16.054967708361517;False
32;"to find an approximate correction for thickness in slender thin-wing
theory .";1;752;slender not-so-thin wing theory .;25.55001723402555;False
32;"to find an approximate correction for thickness in slender thin-wing
theory .";2;1186;"lift of slender delta wings according to newtonian
theory .";15.289277612075306;False
32;"to find an approximate correction for thickness in slender thin-wing
theory .";3;1259;"second-order theory for unsteady supersonic flow past
slender pointed bodies of revolution .";14.592177781168882;False
32;"to find an approximate correction for thickness in slender thin-wing
theory .";4;250;"pressure distributions at zero lift for delta wings
with rhombic cross sections .";13.365564276520857;True
32;"to find an approximate correction for thickness in slender thin-wing
theory .";5;147;"supersonic flow past slender pointed wings with ?similar?
cross sections at zero lift .";13.29483627580102;False
32;"to find an approximate correction for thickness in slender thin-wing
theory .";6;247;"the calculation of the pressure distribution on thick
wings of small aspect ratio at zero lift in subsonic
flow .";13.048128937702105;True
32;"to find an approximate correction for thickness in slender thin-wing
theory .";7;467;"thin airfoil theory based on approximate solution of the transonic flow
equation .";12.632540565599431;False
32;"to find an approximate correction for thickness in slender thin-wing
theory .";8;921;slender-body theory-review and extension .;12.620003909949572;False
32;"to find an approximate correction for thickness in slender thin-wing
theory .";9;1112;"unsteady aerodynamic forces on a slender body of revolution
in supersonic flow .";12.07819728573278;False
32;"to find an approximate correction for thickness in slender thin-wing
theory .";10;901;long slender delta wings with leading edge separation .;11.948670274426357;False
33;"how do interference-free longitudinal stability measurements (made
using free-flight models) compare with similar measurements made in
a low-blockage wind tunnel .";1;516;"free-flight measurements of the dynamic longitudinal
stability characteristics of a wind tunnel interference
model (m=0 .92 to 1. 35) .";50.526516958862686;False
33;"how do interference-free longitudinal stability measurements (made
using free-flight models) compare with similar measurements made in
a low-blockage wind tunnel .";2;141;free-flight techniques for high speed aerodynamic research .;30.25092717343956;True
33;"how do interference-free longitudinal stability measurements (made
using free-flight models) compare with similar measurements made in
a low-blockage wind tunnel .";3;431;"free-flight measurements of the zero-lift drag and
base pressure on a wind tunnel interference model (m=0 .
8 - 1. 5) .";29.281134257620522;True
33;"how do interference-free longitudinal stability measurements (made
using free-flight models) compare with similar measurements made in
a low-blockage wind tunnel .";4;252;"an investigation of interference effects on similar models of
different size in various transonic tunnels in the u.k. .";28.779409720621064;True
33;"how do interference-free longitudinal stability measurements (made
using free-flight models) compare with similar measurements made in
a low-blockage wind tunnel .";5;800;wall interference at transonic speeds on a hemisphere cylinder model .;25.12744000218043;False
33;"how do interference-free longitudinal stability measurements (made
using free-flight models) compare with similar measurements made in
a low-blockage wind tunnel .";6;904;"calibration of the standard pitot-static head used
in the rae low speed wind tunnels .";23.16290962011467;False
33;"how do interference-free longitudinal stability measurements (made
using free-flight models) compare with similar measurements made in
a low-blockage wind tunnel .";7;799;"some effects of wind-tunnel interference observed in tests on
two-dimensional aerofoils at high subsonic and transonic speeds .";22.954896837692534;False
33;"how do interference-free longitudinal stability measurements (made
using free-flight models) compare with similar measurements made in
a low-blockage wind tunnel .";8;1163;"force-test investigation of the stability and control
characteristics of a scale model of a tilt-wing vertical
take-off and landing aircraft .";22.762841112439215;False
33;"how do interference-free longitudinal stability measurements (made
using free-flight models) compare with similar measurements made in
a low-blockage wind tunnel .";9;714;"blockage corrections for three-dimensional flow closed
throat wind tunnels, with considerations of the effect
of compressibility .";21.42254729526201;False
33;"how do interference-free longitudinal stability measurements (made
using free-flight models) compare with similar measurements made in
a low-blockage wind tunnel .";10;78;"an analytical treatment of aircraft propeller precession
instability .";20.862021408552216;False
34;"have wind tunnel interference effects been investigated on a systematic
basis .";1;516;"free-flight measurements of the dynamic longitudinal
stability characteristics of a wind tunnel interference
model (m=0 .92 to 1. 35) .";19.298968951135087;False
34;"have wind tunnel interference effects been investigated on a systematic
basis .";2;799;"some effects of wind-tunnel interference observed in tests on
two-dimensional aerofoils at high subsonic and transonic speeds .";18.207044337060015;True
34;"have wind tunnel interference effects been investigated on a systematic
basis .";3;1341;"investigation of wing flutter at transonic speeds for six systematically
 varied wing plan forms .";16.718636269940344;False
34;"have wind tunnel interference effects been investigated on a systematic
basis .";4;431;"free-flight measurements of the zero-lift drag and
base pressure on a wind tunnel interference model (m=0 .
8 - 1. 5) .";15.98215366353647;True
34;"have wind tunnel interference effects been investigated on a systematic
basis .";5;280;"the surface oil flow technique as used in high speed
wind tunnels in the united kingdom .";15.69370073600681;False
34;"have wind tunnel interference effects been investigated on a systematic
basis .";6;1153;"a study of the simulation of flow with free stream mach number 1 in a
choked wind tunnel .";15.628530296102007;False
34;"have wind tunnel interference effects been investigated on a systematic
basis .";7;1074;"theoretical and experimental investigation of second-order supersonic
wing-body interference .";15.3009057924947;False
34;"have wind tunnel interference effects been investigated on a systematic
basis .";8;1062;"an experimental and theoretical investigation of second-order
wing-body interference at high mach number .";15.103220652574059;False
34;"have wind tunnel interference effects been investigated on a systematic
basis .";9;800;wall interference at transonic speeds on a hemisphere cylinder model .;14.718217548219387;True
34;"have wind tunnel interference effects been investigated on a systematic
basis .";10;907;"cavitation and pressure distribution
head forms at zero angle of yaw .";14.430343424821386;False
35;"are there any papers dealing with acoustic wave propagation in reacting
gases .";1;488;"a reaction-rate parameter for gasdynamics of a chemically
reacting gas mixture .";14.65417643722007;False
35;"are there any papers dealing with acoustic wave propagation in reacting
gases .";2;1244;on the aerodynamic noise of a turbulent jet .;14.160141631766452;False
35;"are there any papers dealing with acoustic wave propagation in reacting
gases .";3;1203;"the propagation of a nonuniform magnetohydrodynamic
shock wave into a moving monatomic fluid .";14.067724407424409;False
35;"are there any papers dealing with acoustic wave propagation in reacting
gases .";4;1314;production of high temperature gases in shock tubes .;13.142905921973838;False
35;"are there any papers dealing with acoustic wave propagation in reacting
gases .";5;1327;on the propagation and structure of the blast wave .;13.088733875130306;False
35;"are there any papers dealing with acoustic wave propagation in reacting
gases .";6;296;"notes on waves through gases at pressures small compared
with the magnetic pressure, with applications to upper
atmosphere aerodynamics .";12.476792853130426;False
35;"are there any papers dealing with acoustic wave propagation in reacting
gases .";7;1208;"a linearized analysis of the forces exerted on a rigid
wing by a shock wave .";11.948609559339443;False
35;"are there any papers dealing with acoustic wave propagation in reacting
gases .";8;654;"on the propagation and structure of the blast wave .
 part 1.";11.168007155940863;False
35;"are there any papers dealing with acoustic wave propagation in reacting
gases .";9;319;"propagation of weak disturbances in a gas subject to
relaxation effects .";10.742906259413488;False
35;"are there any papers dealing with acoustic wave propagation in reacting
gases .";10;1389;numerical construction of detached shock waves .;10.499793091593572;False
36;"has anyone investigated relaxation effects on gaseous heat transfer to a
suddenly heated wall .";1;168;"heat conduction through a gas with one inert internal
model .";15.929476995887;True
36;"has anyone investigated relaxation effects on gaseous heat transfer to a
suddenly heated wall .";2;123;"the downstream influence of mass transfer at the nose
of a slender cone .";14.742212054030418;False
36;"has anyone investigated relaxation effects on gaseous heat transfer to a
suddenly heated wall .";3;550;laminar heat transfer in tubes under slip-flow conditions .;13.252086074555828;False
36;"has anyone investigated relaxation effects on gaseous heat transfer to a
suddenly heated wall .";4;623;on the coupling between heat and mass transfer .;12.501373333514442;False
36;"has anyone investigated relaxation effects on gaseous heat transfer to a
suddenly heated wall .";5;518;heat conduction through a polyatomic gas .;12.434524098868843;False
36;"has anyone investigated relaxation effects on gaseous heat transfer to a
suddenly heated wall .";6;959;heat transfer in separated flows .;12.072855937875234;False
36;"has anyone investigated relaxation effects on gaseous heat transfer to a
suddenly heated wall .";7;135;"the calculation of wall shearing stress from heat-transfer measurements
in compressible flows .";12.011488929370739;False
36;"has anyone investigated relaxation effects on gaseous heat transfer to a
suddenly heated wall .";8;44;tip-bluntness effects on cone pressures at m=6.85 .;11.747011122604228;False
36;"has anyone investigated relaxation effects on gaseous heat transfer to a
suddenly heated wall .";9;74;"an experimental study of the turbulen coundary layer
on a shock tube wall .";11.738983424079766;False
36;"has anyone investigated relaxation effects on gaseous heat transfer to a
suddenly heated wall .";10;666;blunt body heat transfer at hypersonic speed and low reynolds numbers .;11.703826950005759;False
37;are there any theoretical methods for predicting base pressure .;1;186;base pressure in supersonic flow .;13.498503983047796;False
37;are there any theoretical methods for predicting base pressure .;2;283;"laminar heat transfer around blunt bodies in dissociated
air .";12.059573416196436;False
37;are there any theoretical methods for predicting base pressure .;3;1229;"the effect of sweep angle on hypersonic flow over blunt
wings .";10.74586137483086;False
37;are there any theoretical methods for predicting base pressure .;4;1311;"some simple solutions to the problem of predicting
boundary layer self-induced pressures .";10.091286198628648;False
37;are there any theoretical methods for predicting base pressure .;5;979;"correlation of base pressure and wake structure of
sharp and blunt-nose cones with reynolds number based
on boundary layer momentum thickness .";9.763820529422844;False
37;are there any theoretical methods for predicting base pressure .;6;952;"study of creep collapse of a long circular cylindrical
shell under various distributed force systems .";9.75156494620763;False
37;are there any theoretical methods for predicting base pressure .;7;179;"an analysis of base pressure at supersonic speeds and
comparison with experiment .";9.667280474445818;False
37;are there any theoretical methods for predicting base pressure .;8;295;a note on transitional heat transfer under hypersonic conditions .;9.65049002485693;False
37;are there any theoretical methods for predicting base pressure .;9;126;"an investigation of two-dimensional supersonic base
pressures .";9.471727291501333;False
37;are there any theoretical methods for predicting base pressure .;10;1352;"aerodynamic investigation of a parabolic body of revolution
at mach number of 1. 92 and some effects of an annular
supersonic jet exhausting from the base .";9.315775634415264;False
38;does transition in the hypersonic wake depend on body geometry and size;1;536;"transition in the viscous wakes of blunt bodies at
hypersonic speeds .";18.347649785540675;False
38;does transition in the hypersonic wake depend on body geometry and size;2;294;"an investigation of laminar transitional and turbulent
heat transfer on blunt-nosed bodies in hypersonic flow .";13.184942381044845;False
38;does transition in the hypersonic wake depend on body geometry and size;3;976;"turbulent diffusion in the wake of a blunt nosed body
at hypersonic speeds .";12.564074174185137;False
38;does transition in the hypersonic wake depend on body geometry and size;4;1238;"the newtonian approximation in magnetic hypersonic
stagnation-point flow .";12.481692172886667;False
38;does transition in the hypersonic wake depend on body geometry and size;5;1391;shock wave and flow field development in hypersonic re-entry .;12.477823024580978;False
38;does transition in the hypersonic wake depend on body geometry and size;6;1205;"effects of cooling on boundary layer transition on
a hemi- sphere in simulated hypersonic flow .";12.229210321087605;False
38;does transition in the hypersonic wake depend on body geometry and size;7;1264;"boundary layer transition and heat transfer in shock
tubes .";12.206211698616542;False
38;does transition in the hypersonic wake depend on body geometry and size;8;338;mass transfer cooling at mach number 4. 8.;12.135185698459244;False
38;does transition in the hypersonic wake depend on body geometry and size;9;85;"on trails of axisymmetric hypersonic blunt bodies flying
through the atmosphere .";11.951744640389363;False
38;does transition in the hypersonic wake depend on body geometry and size;10;295;a note on transitional heat transfer under hypersonic conditions .;11.775877244580979;False
39;how can one detect transition phenomena in boundary layers .;1;1205;"effects of cooling on boundary layer transition on
a hemi- sphere in simulated hypersonic flow .";13.810489058038192;False
39;how can one detect transition phenomena in boundary layers .;2;346;measurements of turbulent friction on a smooth flat plate in supersonic .;13.679618097399022;False
39;how can one detect transition phenomena in boundary layers .;3;315;"scale effects at high subsonic and transonic speeds
and methods for fixing transition in model experiments .";13.567996420061665;False
39;how can one detect transition phenomena in boundary layers .;4;207;"laminar boundary layer oscillations and transition
on a flat plate .";13.492394349594493;True
39;how can one detect transition phenomena in boundary layers .;5;37;"a new technique for investigating heat transfer and
surface phenomena under hypersonic flow conditions .";13.088986562309204;False
39;how can one detect transition phenomena in boundary layers .;6;272;"oscillatory aerodynamic coefficients for a unified supersonic
hypersonic strip theory .";12.61008956884543;True
39;how can one detect transition phenomena in boundary layers .;7;9;"transition studies and skin friction measurements on
an insulated flat plate at a mach number of 5.8 .";12.21408871203615;False
39;how can one detect transition phenomena in boundary layers .;8;1257;an optical boundary-layer probe .;12.21171651804598;True
39;how can one detect transition phenomena in boundary layers .;9;40;"experiments on boundary layer transition at
supersonic speeds .";11.08414792714584;False
39;how can one detect transition phenomena in boundary layers .;10;1278;transition in a separated laminar boundary layer .;11.048683977425279;False
4;"can a criterion be developed to show empirically the validity of flow
solutions for chemically reacting gas mixtures based on the simplifying
assumption of instantaneous local chemical equilibrium .";1;166;flow of chemically reacting gas mixtures .;31.658105102705093;True
4;"can a criterion be developed to show empirically the validity of flow
solutions for chemically reacting gas mixtures based on the simplifying
assumption of instantaneous local chemical equilibrium .";2;488;"a reaction-rate parameter for gasdynamics of a chemically
reacting gas mixture .";29.606708830287026;False
4;"can a criterion be developed to show empirically the validity of flow
solutions for chemically reacting gas mixtures based on the simplifying
assumption of instantaneous local chemical equilibrium .";3;1061;"turbulent mixing of a rocket exhaust jet with a supersonic stream
including chemical reactions .";22.708465099327857;False
4;"can a criterion be developed to show empirically the validity of flow
solutions for chemically reacting gas mixtures based on the simplifying
assumption of instantaneous local chemical equilibrium .";4;1275;flow about an unsteadily rotating disc .;22.53679055267069;False
4;"can a criterion be developed to show empirically the validity of flow
solutions for chemically reacting gas mixtures based on the simplifying
assumption of instantaneous local chemical equilibrium .";5;167;linearized flow of a dissociating gas .;22.27913123299502;False
4;"can a criterion be developed to show empirically the validity of flow
solutions for chemically reacting gas mixtures based on the simplifying
assumption of instantaneous local chemical equilibrium .";6;1315;"performance estimates for the rae 6in . high-pressure
shock tube .";22.117935540000424;False
4;"can a criterion be developed to show empirically the validity of flow
solutions for chemically reacting gas mixtures based on the simplifying
assumption of instantaneous local chemical equilibrium .";7;1189;nonequilibrium flow past a wedge .;21.87702955145845;False
4;"can a criterion be developed to show empirically the validity of flow
solutions for chemically reacting gas mixtures based on the simplifying
assumption of instantaneous local chemical equilibrium .";8;1255;the flow about a charged body moving in the lower atmosphere .;21.74029312135502;False
4;"can a criterion be developed to show empirically the validity of flow
solutions for chemically reacting gas mixtures based on the simplifying
assumption of instantaneous local chemical equilibrium .";9;185;"some possibilities of using gas mixtures other than in
aerodynamic research .";21.03517838066605;False
4;"can a criterion be developed to show empirically the validity of flow
solutions for chemically reacting gas mixtures based on the simplifying
assumption of instantaneous local chemical equilibrium .";10;1085;"note on the convergence of numerical solutions of the navier-stokes
equations .";18.729091460339497;False
40;how can one detect transition phenomena in hypersonic wakes .;1;536;"transition in the viscous wakes of blunt bodies at
hypersonic speeds .";18.97216688753782;False
40;how can one detect transition phenomena in hypersonic wakes .;2;37;"a new technique for investigating heat transfer and
surface phenomena under hypersonic flow conditions .";13.199724567354878;False
40;how can one detect transition phenomena in hypersonic wakes .;3;1205;"effects of cooling on boundary layer transition on
a hemi- sphere in simulated hypersonic flow .";12.832562499726334;False
40;how can one detect transition phenomena in hypersonic wakes .;4;976;"turbulent diffusion in the wake of a blunt nosed body
at hypersonic speeds .";12.32610700964755;True
40;how can one detect transition phenomena in hypersonic wakes .;5;1391;shock wave and flow field development in hypersonic re-entry .;11.557229698912906;False
40;how can one detect transition phenomena in hypersonic wakes .;6;272;"oscillatory aerodynamic coefficients for a unified supersonic
hypersonic strip theory .";10.899405850845689;True
40;how can one detect transition phenomena in hypersonic wakes .;7;9;"transition studies and skin friction measurements on
an insulated flat plate at a mach number of 5.8 .";10.716814097532096;False
40;how can one detect transition phenomena in hypersonic wakes .;8;315;"scale effects at high subsonic and transonic speeds
and methods for fixing transition in model experiments .";10.276131033984782;False
40;how can one detect transition phenomena in hypersonic wakes .;9;346;measurements of turbulent friction on a smooth flat plate in supersonic .;10.146128106435205;False
40;how can one detect transition phenomena in hypersonic wakes .;10;281;higher order approximations for relaxation oscillations .;10.05749861151025;False
41;"has anyone investigated and developed a simple model for the vortex
wake behind a cruciform wing .";1;289;"a theoretical study of the aerodynamics of slender
cruciform-wing arrangements and their wakes .";32.418649547143126;True
41;"has anyone investigated and developed a simple model for the vortex
wake behind a cruciform wing .";2;433;"application of two dimensional vortex theory to the
prediction of flow fields behind wings of wing-body
combinations at subsonic and supersonic speeds .";25.713096328979123;True
41;"has anyone investigated and developed a simple model for the vortex
wake behind a cruciform wing .";3;229;"interference between the wings and tail surfaces of
a combination of slender body, cruciform wings and
cruciform tail set at both incidence and yaw .";19.0711486868607;False
41;"has anyone investigated and developed a simple model for the vortex
wake behind a cruciform wing .";4;927;"investigation of normal force distributions and wake
vortex characteristics of bodies of revolution at supersonic
speeds .";18.767071506919986;False
41;"has anyone investigated and developed a simple model for the vortex
wake behind a cruciform wing .";5;520;"wing-tail interference as a cause of 'magnus' effects
on a finned missile .";17.687375222647297;False
41;"has anyone investigated and developed a simple model for the vortex
wake behind a cruciform wing .";6;432;"theoretical damping in roll and rolling moment due
to differential wing incidence for slender cruciform
wings and wing-body combinations .";17.384457682031314;False
41;"has anyone investigated and developed a simple model for the vortex
wake behind a cruciform wing .";7;288;"the rolling up of the trailing vortex sheet and its
effect on the downwash behind wings .";16.79506712604932;True
41;"has anyone investigated and developed a simple model for the vortex
wake behind a cruciform wing .";8;126;"an investigation of two-dimensional supersonic base
pressures .";16.40969389758699;False
41;"has anyone investigated and developed a simple model for the vortex
wake behind a cruciform wing .";9;1152;on periodically oscillating wakes in the oseen approximation .;16.28707285959456;False
41;"has anyone investigated and developed a simple model for the vortex
wake behind a cruciform wing .";10;1277;a study of vortex cancellation .;15.400535723597224;False
42;"what is a criterion that the transonic flow around an airfoil with a
round leading edge be validly analyzed by the linearized transonic flow
theory .";1;521;"a note on application of transonic linearization to
an airfoil with a round leading edge .";36.15648198240335;False
42;"what is a criterion that the transonic flow around an airfoil with a
round leading edge be validly analyzed by the linearized transonic flow
theory .";2;526;"leading edge attachment in transonic flow with laminar
or turbulent boundary layers .";26.328033721599358;False
42;"what is a criterion that the transonic flow around an airfoil with a
round leading edge be validly analyzed by the linearized transonic flow
theory .";3;440;"compilation of information on the transonic attachment
of flows at the leading edge of airfoils .";23.41800529947405;False
42;"what is a criterion that the transonic flow around an airfoil with a
round leading edge be validly analyzed by the linearized transonic flow
theory .";4;496;"a theory of transonic aileron buzz, neglecting viscous
effects .";21.176569525346615;False
42;"what is a criterion that the transonic flow around an airfoil with a
round leading edge be validly analyzed by the linearized transonic flow
theory .";5;503;"theoretical prediction of the transonic characteristics
of airfoils .";20.03038150997031;False
42;"what is a criterion that the transonic flow around an airfoil with a
round leading edge be validly analyzed by the linearized transonic flow
theory .";6;439;a factor affecting transonic leading edge flow separation .;19.08383993986988;False
42;"what is a criterion that the transonic flow around an airfoil with a
round leading edge be validly analyzed by the linearized transonic flow
theory .";7;467;"thin airfoil theory based on approximate solution of the transonic flow
equation .";18.495105616073992;True
42;"what is a criterion that the transonic flow around an airfoil with a
round leading edge be validly analyzed by the linearized transonic flow
theory .";8;211;"effect of slight blunting of leading edge of an immersed
body on the flow around it at hypersonic speed .";18.389385095037547;False
42;"what is a criterion that the transonic flow around an airfoil with a
round leading edge be validly analyzed by the linearized transonic flow
theory .";9;903;"two dimensional transonic unsteady flow with shock
waves .";18.17319739007926;False
42;"what is a criterion that the transonic flow around an airfoil with a
round leading edge be validly analyzed by the linearized transonic flow
theory .";10;797;"a study of the effect of leading-edge modifications on the flow over
a 50degree sweptback wing at transonic speeds .";17.928543379667047;False
43;"can the transonic flow around an arbitrary smooth thin airfoil be
analysed in a simple approximate way .";1;467;"thin airfoil theory based on approximate solution of the transonic flow
equation .";20.727812249242998;True
43;"can the transonic flow around an arbitrary smooth thin airfoil be
analysed in a simple approximate way .";2;469;"linearised transonic flow about slender bodies at zero
angle of attack .";18.39680167566478;True
43;"can the transonic flow around an arbitrary smooth thin airfoil be
analysed in a simple approximate way .";3;503;"theoretical prediction of the transonic characteristics
of airfoils .";18.117157760766936;True
43;"can the transonic flow around an arbitrary smooth thin airfoil be
analysed in a simple approximate way .";4;903;"two dimensional transonic unsteady flow with shock
waves .";17.59265625666276;False
43;"can the transonic flow around an arbitrary smooth thin airfoil be
analysed in a simple approximate way .";5;496;"a theory of transonic aileron buzz, neglecting viscous
effects .";17.106202574550764;False
43;"can the transonic flow around an arbitrary smooth thin airfoil be
analysed in a simple approximate way .";6;404;two dimensional transonic flow past airfoils .;16.268621724562763;False
43;"can the transonic flow around an arbitrary smooth thin airfoil be
analysed in a simple approximate way .";7;916;"the flow around oscillating low aspect ratio wings at transonic
speeds .";16.23054389304376;False
43;"can the transonic flow around an arbitrary smooth thin airfoil be
analysed in a simple approximate way .";8;194;"general theory of airfoil sections having arbitrary
shape or pressure distribution .";14.86190936538536;False
43;"can the transonic flow around an arbitrary smooth thin airfoil be
analysed in a simple approximate way .";9;521;"a note on application of transonic linearization to
an airfoil with a round leading edge .";14.838984484914745;False
43;"can the transonic flow around an arbitrary smooth thin airfoil be
analysed in a simple approximate way .";10;1248;an analytic extension of the shock-expansion method .;14.453813378039461;False
44;"what are the details of the rigorous kinetic theory of gases .
(chapman-enskog theory) .";1;1190;flow of a gas near a solid surface .;16.502155445646956;False
44;"what are the details of the rigorous kinetic theory of gases .
(chapman-enskog theory) .";2;103;"theory of mixing and chemical reaction in the opposed
jet diffusion flame .";11.850309791266016;False
44;"what are the details of the rigorous kinetic theory of gases .
(chapman-enskog theory) .";3;1199;"theoretical investigations of a supersonic laminar
boundary layer with foreign-gas injection .";11.184669041166147;False
44;"what are the details of the rigorous kinetic theory of gases .
(chapman-enskog theory) .";4;108;properties of the confluent hypergeometric function .;10.119030999846364;False
44;"what are the details of the rigorous kinetic theory of gases .
(chapman-enskog theory) .";5;1072;ignition and combustion in a laminar mixing zone .;10.086758584643412;False
44;"what are the details of the rigorous kinetic theory of gases .
(chapman-enskog theory) .";6;236;criteria for thermodynamic equilibrium in gas flow .;9.867546319110897;False
44;"what are the details of the rigorous kinetic theory of gases .
(chapman-enskog theory) .";7;541;"similitude of hypersonic flows over slender bodies
in non-equilibrium dissociated gases .";9.793709743273514;False
44;"what are the details of the rigorous kinetic theory of gases .
(chapman-enskog theory) .";8;1134;torispherical shells - a caution to designers .;9.532882108669924;False
44;"what are the details of the rigorous kinetic theory of gases .
(chapman-enskog theory) .";9;943;compressible free shear layer with finite initial thickness .;9.069738246692808;False
44;"what are the details of the rigorous kinetic theory of gases .
(chapman-enskog theory) .";10;357;"optimum nose shapes for missiles in the super-aerodynamic
region .";8.96068757234926;False
45;"has anyone investigated the effect of surface mass transfer on
hypersonic viscous interactions .";1;305;"hypersonic strong viscous interaction on a flat plate
with surface mass transfer .";24.315087855986004;True
45;"has anyone investigated the effect of surface mass transfer on
hypersonic viscous interactions .";2;525;"on hypersonic viscous flow over an insulated flat plate
with surface mass transfer .";23.547276855564142;False
45;"has anyone investigated the effect of surface mass transfer on
hypersonic viscous interactions .";3;540;"use of local similarity concepts in hypersonic viscous
interaction problems .";19.897656591873726;False
45;"has anyone investigated the effect of surface mass transfer on
hypersonic viscous interactions .";4;1395;"low density stagnation point heat transfer measurements
in the hypersonic shock tunnel .";17.421056208775486;False
45;"has anyone investigated the effect of surface mass transfer on
hypersonic viscous interactions .";5;625;viscous and inviscid nonequilibrium gas flows .;16.161263327159794;False
45;"has anyone investigated the effect of surface mass transfer on
hypersonic viscous interactions .";6;1159;"experimental investigation of the effect of yaw on
rates of heat transfer to transverse circular
cylinders in a 6500-foot-per-second
hypersonic air stream .";15.09692057270771;False
45;"has anyone investigated the effect of surface mass transfer on
hypersonic viscous interactions .";7;26;inviscid leading-edge effect in hypersonic flow .;15.00409009747005;False
45;"has anyone investigated the effect of surface mass transfer on
hypersonic viscous interactions .";8;310;hypersonic viscous flow over a flat plate .;14.794883988877567;False
45;"has anyone investigated the effect of surface mass transfer on
hypersonic viscous interactions .";9;37;"a new technique for investigating heat transfer and
surface phenomena under hypersonic flow conditions .";14.765023265626432;False
45;"has anyone investigated the effect of surface mass transfer on
hypersonic viscous interactions .";10;84;"experimental investigation of the downstream influence
of stagnation point mass transfer .";14.640798680948798;False
46;"what is the combined effect of surface heat and mass transfer on
hypersonic flow .";1;305;"hypersonic strong viscous interaction on a flat plate
with surface mass transfer .";18.60547010705116;True
46;"what is the combined effect of surface heat and mass transfer on
hypersonic flow .";2;525;"on hypersonic viscous flow over an insulated flat plate
with surface mass transfer .";17.056811106446386;False
46;"what is the combined effect of surface heat and mass transfer on
hypersonic flow .";3;353;"the effect of helium injection at an axially symmetric stagnation
point .";16.279472785780072;False
46;"what is the combined effect of surface heat and mass transfer on
hypersonic flow .";4;481;"mass transfer cooling of a laminary boundary layer
by injection of a light weight foreign gas .";16.175940142418366;True
46;"what is the combined effect of surface heat and mass transfer on
hypersonic flow .";5;123;"the downstream influence of mass transfer at the nose
of a slender cone .";15.980446571952404;True
46;"what is the combined effect of surface heat and mass transfer on
hypersonic flow .";6;84;"experimental investigation of the downstream influence
of stagnation point mass transfer .";15.435866850201418;True
46;"what is the combined effect of surface heat and mass transfer on
hypersonic flow .";7;1159;"experimental investigation of the effect of yaw on
rates of heat transfer to transverse circular
cylinders in a 6500-foot-per-second
hypersonic air stream .";15.319879593985988;False
46;"what is the combined effect of surface heat and mass transfer on
hypersonic flow .";8;655;"effects of boundary layer displacement and leading edge bluntness on
pressure distribution, skin friction, and heat transfer of bodies at
hypersonic speeds .";15.259523319225659;False
46;"what is the combined effect of surface heat and mass transfer on
hypersonic flow .";9;36;supersonic flow around blunt bodies .;14.94145753560965;False
46;"what is the combined effect of surface heat and mass transfer on
hypersonic flow .";10;623;on the coupling between heat and mass transfer .;14.53662275970732;True
47;"what are the existing solutions for hypersonic viscous interactions over
an insulated flat plate .";1;525;"on hypersonic viscous flow over an insulated flat plate
with surface mass transfer .";29.219737661486192;False
47;"what are the existing solutions for hypersonic viscous interactions over
an insulated flat plate .";2;304;"first-order approach to a strong interaction problem
in hypersonic flow over an insulated flat plate .";24.691918872866026;True
47;"what are the existing solutions for hypersonic viscous interactions over
an insulated flat plate .";3;1200;hypersonic viscous flow over a sweat-cooled flat plate .;24.388543004383994;False
47;"what are the existing solutions for hypersonic viscous interactions over
an insulated flat plate .";4;568;"shock wave effects on the laminar skin friction of
an insulated flat plate at hypersonic speeds .";23.708446536081482;False
47;"what are the existing solutions for hypersonic viscous interactions over
an insulated flat plate .";5;310;hypersonic viscous flow over a flat plate .;23.043989079043673;True
47;"what are the existing solutions for hypersonic viscous interactions over
an insulated flat plate .";6;305;"hypersonic strong viscous interaction on a flat plate
with surface mass transfer .";22.563851015576972;True
47;"what are the existing solutions for hypersonic viscous interactions over
an insulated flat plate .";7;570;"on the boundary layer equations in hypersonic flow
and their approximate solutions .";21.707800738267437;True
47;"what are the existing solutions for hypersonic viscous interactions over
an insulated flat plate .";8;307;"an approximate solution of hypersonic laminar boundary
layer equations and its application .";20.557557150053057;True
47;"what are the existing solutions for hypersonic viscous interactions over
an insulated flat plate .";9;25;inviscid hypersonic flow over blunt-nosed slender bodies .;19.544554785920074;False
47;"what are the existing solutions for hypersonic viscous interactions over
an insulated flat plate .";10;327;"on local flat plate similarity in the hypersonic boundary
layer .";19.228488104260943;False
48;what controls leading-edge attachment at transonic speeds .;1;526;"leading edge attachment in transonic flow with laminar
or turbulent boundary layers .";23.54635943125668;False
48;what controls leading-edge attachment at transonic speeds .;2;440;"compilation of information on the transonic attachment
of flows at the leading edge of airfoils .";21.737597255362765;True
48;what controls leading-edge attachment at transonic speeds .;3;797;"a study of the effect of leading-edge modifications on the flow over
a 50degree sweptback wing at transonic speeds .";17.143326567148858;True
48;what controls leading-edge attachment at transonic speeds .;4;439;a factor affecting transonic leading edge flow separation .;16.821285760233206;True
48;what controls leading-edge attachment at transonic speeds .;5;683;"the use of conical camber to produce flow attachment at the leading
edge of a delta wing and to minimize the lift-dependent drag at sonic
and supersonic speeds .";16.74246871405251;False
48;what controls leading-edge attachment at transonic speeds .;6;792;some low speed problems of high speed aircraft .;15.896890767743074;False
48;what controls leading-edge attachment at transonic speeds .;7;638;"longitudinal aerodynamic characteristics at low subsonic
speeds of a highly swept wing utilizing nose deflection
for control .";14.756935445318355;False
48;what controls leading-edge attachment at transonic speeds .;8;222;"the flow over delta wings at low speeds with leading
edge separation .";14.694522319710597;False
48;what controls leading-edge attachment at transonic speeds .;9;924;"a method for calculating the lift and centre of pressure
of wing-body-tail combinations at subsonic, transonic
speeds .";13.631130642323964;False
48;what controls leading-edge attachment at transonic speeds .;10;685;"aerodynamic effects of some configuration variables
on the aeroelastic characteristics of lifting surfaces
at mach numbers from 0. 7 to 6. 86 .";12.810500649134573;False
49;"can the three-point boundary-value problem for the blasius equation
be integrated numerically,  using suitable transformations,  without
iteration on the boundary conditions .";1;321;"improved numerical solution of the blasius problem with three-point
boundary conditions .";32.75102457281258;False
49;"can the three-point boundary-value problem for the blasius equation
be integrated numerically,  using suitable transformations,  without
iteration on the boundary conditions .";2;349;"numerical solution of the boundary layer equations
without similarity assumptions .";30.628378331534822;False
49;"can the three-point boundary-value problem for the blasius equation
be integrated numerically,  using suitable transformations,  without
iteration on the boundary conditions .";3;527;"note on the three-point boundary layer problem for
the blasius equations .";30.105010256493184;False
49;"can the three-point boundary-value problem for the blasius equation
be integrated numerically,  using suitable transformations,  without
iteration on the boundary conditions .";4;322;"on the numerical solution of the blasius problem with three-point
boundary conditions .";28.19729903657944;False
49;"can the three-point boundary-value problem for the blasius equation
be integrated numerically,  using suitable transformations,  without
iteration on the boundary conditions .";5;320;"comment on improved numerical solution of the blasius problem with
three-point boundary conditions .";26.34199249204196;True
49;"can the three-point boundary-value problem for the blasius equation
be integrated numerically,  using suitable transformations,  without
iteration on the boundary conditions .";6;476;the blasius equation with three-point boundary conditions .;26.015419133864473;False
49;"can the three-point boundary-value problem for the blasius equation
be integrated numerically,  using suitable transformations,  without
iteration on the boundary conditions .";7;1370;some remarks on the flat plate boundary layer .;24.08871125740324;False
49;"can the three-point boundary-value problem for the blasius equation
be integrated numerically,  using suitable transformations,  without
iteration on the boundary conditions .";8;1235;"a theory of the two dimensional laminar bounary layer
over a curved surface .";23.246115611678928;False
49;"can the three-point boundary-value problem for the blasius equation
be integrated numerically,  using suitable transformations,  without
iteration on the boundary conditions .";9;377;a turbulent analog of the stewartson-illingworth transformation .;21.67205910771084;False
49;"can the three-point boundary-value problem for the blasius equation
be integrated numerically,  using suitable transformations,  without
iteration on the boundary conditions .";10;150;integration of the boundary layer equations .;21.49462360620342;False
5;"what chemical kinetic system is applicable to hypersonic aerodynamic
problems .";1;103;"theory of mixing and chemical reaction in the opposed
jet diffusion flame .";15.690009698956802;False
5;"what chemical kinetic system is applicable to hypersonic aerodynamic
problems .";2;552;chemical kinetics of high temperature air .;14.778218306827188;True
5;"what chemical kinetic system is applicable to hypersonic aerodynamic
problems .";3;401;"inviscid hypersonic airflows with coupled non-equilibrium
processes .";14.213675307902701;True
5;"what chemical kinetic system is applicable to hypersonic aerodynamic
problems .";4;1032;on the conservativeness of various distributed force systems .;14.138226305155023;False
5;"what chemical kinetic system is applicable to hypersonic aerodynamic
problems .";5;1296;"non-equilibrium expansions of air with coupled chemical
reactions .";12.950020828427768;True
5;"what chemical kinetic system is applicable to hypersonic aerodynamic
problems .";6;943;compressible free shear layer with finite initial thickness .;12.524701905549053;False
5;"what chemical kinetic system is applicable to hypersonic aerodynamic
problems .";7;28;"a note on the explosion solution of sedov with application
to the newtonian theory of unsteady hypersonic flow .";12.224425570057269;False
5;"what chemical kinetic system is applicable to hypersonic aerodynamic
problems .";8;968;rocket propulsion systems for interplanetary flight .;11.837681407040758;False
5;"what chemical kinetic system is applicable to hypersonic aerodynamic
problems .";9;1072;ignition and combustion in a laminar mixing zone .;11.828066601293491;False
5;"what chemical kinetic system is applicable to hypersonic aerodynamic
problems .";10;625;viscous and inviscid nonequilibrium gas flows .;11.450925051198011;False
50;"what are the effects of small amounts of gas rarefaction on the
characteristics of the boundary layers on slender bodies of revolution .";1;326;"forst-order slip effects on the compressible laminar
boundary layer over a slender body of revolution in
axial flow .";19.03399365794676;True
50;"what are the effects of small amounts of gas rarefaction on the
characteristics of the boundary layers on slender bodies of revolution .";2;192;"on the hypersonic viscous flow past slender bodies
of revolution .";18.611845832549566;False
50;"what are the effects of small amounts of gas rarefaction on the
characteristics of the boundary layers on slender bodies of revolution .";3;124;"a summary of the supersonic pressure drag of bodies
of revolution .";17.756455891295342;False
50;"what are the effects of small amounts of gas rarefaction on the
characteristics of the boundary layers on slender bodies of revolution .";4;528;"first-order slip effects on the laminar boundary layer over a slender
body of revolution with zero pressure gradient .";16.43507043476209;False
50;"what are the effects of small amounts of gas rarefaction on the
characteristics of the boundary layers on slender bodies of revolution .";5;494;"axisymmetric viscous flow plast very slender bodies
of revolution .";16.367945163446404;False
50;"what are the effects of small amounts of gas rarefaction on the
characteristics of the boundary layers on slender bodies of revolution .";6;1259;"second-order theory for unsteady supersonic flow past
slender pointed bodies of revolution .";16.358411905271137;False
50;"what are the effects of small amounts of gas rarefaction on the
characteristics of the boundary layers on slender bodies of revolution .";7;801;"experimental study of the equivalence of transonic
flow about slender cone-cylinders of circular and elliptic
cross section .";16.090650099291537;False
50;"what are the effects of small amounts of gas rarefaction on the
characteristics of the boundary layers on slender bodies of revolution .";8;541;"similitude of hypersonic flows over slender bodies
in non-equilibrium dissociated gases .";15.605988099134183;False
50;"what are the effects of small amounts of gas rarefaction on the
characteristics of the boundary layers on slender bodies of revolution .";9;25;inviscid hypersonic flow over blunt-nosed slender bodies .;15.449746174080651;False
50;"what are the effects of small amounts of gas rarefaction on the
characteristics of the boundary layers on slender bodies of revolution .";10;273;flow past slender blunt bodies - a review and extension .;15.232882717137274;False
51;"what is the available information pertaining to boundary layers on very
slender bodies of revolution in continuum flow (the ?transverse
curvature  effect) .";1;494;"axisymmetric viscous flow plast very slender bodies
of revolution .";29.866255752193222;True
51;"what is the available information pertaining to boundary layers on very
slender bodies of revolution in continuum flow (the ?transverse
curvature  effect) .";2;326;"forst-order slip effects on the compressible laminar
boundary layer over a slender body of revolution in
axial flow .";28.88629689555428;True
51;"what is the available information pertaining to boundary layers on very
slender bodies of revolution in continuum flow (the ?transverse
curvature  effect) .";3;528;"first-order slip effects on the laminar boundary layer over a slender
body of revolution with zero pressure gradient .";26.966415461579924;False
51;"what is the available information pertaining to boundary layers on very
slender bodies of revolution in continuum flow (the ?transverse
curvature  effect) .";4;1213;"heat transfer to slender cones in hypersonic flow,
including effects of yaw and nose bluntness .";20.598557854668215;False
51;"what is the available information pertaining to boundary layers on very
slender bodies of revolution in continuum flow (the ?transverse
curvature  effect) .";5;25;inviscid hypersonic flow over blunt-nosed slender bodies .;18.796513568664693;False
51;"what is the available information pertaining to boundary layers on very
slender bodies of revolution in continuum flow (the ?transverse
curvature  effect) .";6;94;"the transverse curvature effect in compressible axially
symmetric laminar boundary layer flow .";18.58487780513053;True
51;"what is the available information pertaining to boundary layers on very
slender bodies of revolution in continuum flow (the ?transverse
curvature  effect) .";7;36;supersonic flow around blunt bodies .;18.194146458699354;False
51;"what is the available information pertaining to boundary layers on very
slender bodies of revolution in continuum flow (the ?transverse
curvature  effect) .";8;261;"experiments on axi-symmetric boundary layers along
a long cylinder in incompressible flow .";18.063469173603327;True
51;"what is the available information pertaining to boundary layers on very
slender bodies of revolution in continuum flow (the ?transverse
curvature  effect) .";9;192;"on the hypersonic viscous flow past slender bodies
of revolution .";17.579678601580135;True
51;"what is the available information pertaining to boundary layers on very
slender bodies of revolution in continuum flow (the ?transverse
curvature  effect) .";10;124;"a summary of the supersonic pressure drag of bodies
of revolution .";17.180983201097582;False
52;"what is the available information pertaining to the effect of slight
rarefaction on boundary layer flows (the ?slip? effect) .";1;550;laminar heat transfer in tubes under slip-flow conditions .;17.98182662294506;False
52;"what is the available information pertaining to the effect of slight
rarefaction on boundary layer flows (the ?slip? effect) .";2;326;"forst-order slip effects on the compressible laminar
boundary layer over a slender body of revolution in
axial flow .";16.159198927683416;True
52;"what is the available information pertaining to the effect of slight
rarefaction on boundary layer flows (the ?slip? effect) .";3;36;supersonic flow around blunt bodies .;15.345904532097947;False
52;"what is the available information pertaining to the effect of slight
rarefaction on boundary layer flows (the ?slip? effect) .";4;306;"second approximation to laminar compressible boundary
layer on flat plate in slip flow .";15.250176627415868;True
52;"what is the available information pertaining to the effect of slight
rarefaction on boundary layer flows (the ?slip? effect) .";5;251;"a collection of longitudinal stability derivatives
of wings at supersonic speeds .";15.044101784685857;False
52;"what is the available information pertaining to the effect of slight
rarefaction on boundary layer flows (the ?slip? effect) .";6;21;on heat transfer in slip flow .;14.959581847207701;True
52;"what is the available information pertaining to the effect of slight
rarefaction on boundary layer flows (the ?slip? effect) .";7;528;"first-order slip effects on the laminar boundary layer over a slender
body of revolution with zero pressure gradient .";14.51053583158508;False
52;"what is the available information pertaining to the effect of slight
rarefaction on boundary layer flows (the ?slip? effect) .";8;1215;the effect of slip particularly for highly cooled walls .;14.19472355939827;False
52;"what is the available information pertaining to the effect of slight
rarefaction on boundary layer flows (the ?slip? effect) .";9;22;on slip-flow heat transfer to a flat plate .;13.790919084583825;True
52;"what is the available information pertaining to the effect of slight
rarefaction on boundary layer flows (the ?slip? effect) .";10;1214;"the drag of elongated bodies over a wide reynolds number
range .";13.306859941397185;False
53;"what investigations have been made of the flow field about a body moving
through a rarefied,  partially ionized gas in the presence of a magnetic
field .";1;208;"the hall effect in the viscous flow of ionized gas
between parallel plates under transverse magnetic field .";31.27757864378263;True
53;"what investigations have been made of the flow field about a body moving
through a rarefied,  partially ionized gas in the presence of a magnetic
field .";2;1221;"steady flow of conducting fluids in channels under
transverse magnetic fields, with consideration of hall
effect .";25.22556934893891;False
53;"what investigations have been made of the flow field about a body moving
through a rarefied,  partially ionized gas in the presence of a magnetic
field .";3;1253;"hypersonic viscous flow near the stagnation point in
the presence of magnetic field .";22.911341169000107;False
53;"what investigations have been made of the flow field about a body moving
through a rarefied,  partially ionized gas in the presence of a magnetic
field .";4;437;hypervelocity stagnation point heat transfer .;22.145743604200376;False
53;"what investigations have been made of the flow field about a body moving
through a rarefied,  partially ionized gas in the presence of a magnetic
field .";5;531;the flow about a moving body in the upper ionosphere .;20.601279781231824;False
53;"what investigations have been made of the flow field about a body moving
through a rarefied,  partially ionized gas in the presence of a magnetic
field .";6;296;"notes on waves through gases at pressures small compared
with the magnetic pressure, with applications to upper
atmosphere aerodynamics .";19.53828292095146;True
53;"what investigations have been made of the flow field about a body moving
through a rarefied,  partially ionized gas in the presence of a magnetic
field .";7;1282;"compressible flat-plate boundary-layer flow with an
applied magnetic field .";19.25164351546042;False
53;"what investigations have been made of the flow field about a body moving
through a rarefied,  partially ionized gas in the presence of a magnetic
field .";8;1139;"the effect of entrance velocity on the flow of a rarefied
gas, through a tube .";18.861940927280912;False
53;"what investigations have been made of the flow field about a body moving
through a rarefied,  partially ionized gas in the presence of a magnetic
field .";9;1255;the flow about a charged body moving in the lower atmosphere .;18.293412182666962;False
53;"what investigations have been made of the flow field about a body moving
through a rarefied,  partially ionized gas in the presence of a magnetic
field .";10;456;"a study of flow fields about some typical blunt-nosed
slender bodies .";18.180928835803982;False
54;"how is the heat transfer downstream of the mass transfer region effected
by mass transfer at the nose of a blunted cone .";1;123;"the downstream influence of mass transfer at the nose
of a slender cone .";26.213548245756655;False
54;"how is the heat transfer downstream of the mass transfer region effected
by mass transfer at the nose of a blunted cone .";2;1307;"laminar heat-transfer and pressure measurements at
a mach number of 6 on sharp and blunt 15 half-angle
cones at angles of attack up to 90 .";22.824454574612584;False
54;"how is the heat transfer downstream of the mass transfer region effected
by mass transfer at the nose of a blunted cone .";3;44;tip-bluntness effects on cone pressures at m=6.85 .;22.136699993842484;False
54;"how is the heat transfer downstream of the mass transfer region effected
by mass transfer at the nose of a blunted cone .";4;979;"correlation of base pressure and wake structure of
sharp and blunt-nose cones with reynolds number based
on boundary layer momentum thickness .";21.758482913693207;False
54;"how is the heat transfer downstream of the mass transfer region effected
by mass transfer at the nose of a blunted cone .";5;1213;"heat transfer to slender cones in hypersonic flow,
including effects of yaw and nose bluntness .";21.6179518014955;False
54;"how is the heat transfer downstream of the mass transfer region effected
by mass transfer at the nose of a blunted cone .";6;1300;"some effects of bluntness on boundary layer transition
and heat transfer at supersonic speeds .";19.697783784750264;False
54;"how is the heat transfer downstream of the mass transfer region effected
by mass transfer at the nose of a blunted cone .";7;84;"experimental investigation of the downstream influence
of stagnation point mass transfer .";19.505500283683848;True
54;"how is the heat transfer downstream of the mass transfer region effected
by mass transfer at the nose of a blunted cone .";8;354;"laminar heat-transfer and pressure measurements over blunt-nosed
cones at large angle of attack .";19.451125451997136;False
54;"how is the heat transfer downstream of the mass transfer region effected
by mass transfer at the nose of a blunted cone .";9;666;blunt body heat transfer at hypersonic speed and low reynolds numbers .;19.11958717333369;False
54;"how is the heat transfer downstream of the mass transfer region effected
by mass transfer at the nose of a blunted cone .";10;211;"effect of slight blunting of leading edge of an immersed
body on the flow around it at hypersonic speed .";16.95756612830701;False
55;"to what extent can the available information for incompressible boundary
layers be applied to problems involving compressible boundary layers .";1;251;"a collection of longitudinal stability derivatives
of wings at supersonic speeds .";19.11931130483277;False
55;"to what extent can the available information for incompressible boundary
layers be applied to problems involving compressible boundary layers .";2;376;"transformation between compressible and incompressible
boundary layer equations .";18.731567180587724;True
55;"to what extent can the available information for incompressible boundary
layers be applied to problems involving compressible boundary layers .";3;17;remarks on the eddy viscosity in compressible mixing flows .;18.56863382186656;False
55;"to what extent can the available information for incompressible boundary
layers be applied to problems involving compressible boundary layers .";4;1185;"an integral method for calculating heat and mass transfer
in laminar boundary layers .";16.39714146970256;False
55;"to what extent can the available information for incompressible boundary
layers be applied to problems involving compressible boundary layers .";5;1301;compressible boundary layers on bodies of revolution .;16.28107477576385;False
55;"to what extent can the available information for incompressible boundary
layers be applied to problems involving compressible boundary layers .";6;798;"interaction between shock waves and boundary layers, with a note on the
effects of the interaction of the performance of supersonic intakes .";15.761923059559873;False
55;"to what extent can the available information for incompressible boundary
layers be applied to problems involving compressible boundary layers .";7;377;a turbulent analog of the stewartson-illingworth transformation .;15.706009401780085;True
55;"to what extent can the available information for incompressible boundary
layers be applied to problems involving compressible boundary layers .";8;1214;"the drag of elongated bodies over a wide reynolds number
range .";15.478103319165832;False
55;"to what extent can the available information for incompressible boundary
layers be applied to problems involving compressible boundary layers .";9;1072;ignition and combustion in a laminar mixing zone .;15.338395975984255;False
55;"to what extent can the available information for incompressible boundary
layers be applied to problems involving compressible boundary layers .";10;36;supersonic flow around blunt bodies .;15.321232815190585;False
56;"to what extent can readily available steady-state aerodynamic data be
utilized to predict lifting-surface flutter characteristics .";1;753;"development of a quasi-steady approach to flutter and
correlation with kernel-function results .";37.69458193826129;False
56;"to what extent can readily available steady-state aerodynamic data be
utilized to predict lifting-surface flutter characteristics .";2;14;"piston theory - a new aerodynamic tool for the
aeroelastician .";24.626410219454502;True
56;"to what extent can readily available steady-state aerodynamic data be
utilized to predict lifting-surface flutter characteristics .";3;441;"evaluation of high angle-of-attack aerodynamic derivative
data and stall-flutter prediction techniques .";20.880617259655523;False
56;"to what extent can readily available steady-state aerodynamic data be
utilized to predict lifting-surface flutter characteristics .";4;783;"a method for calculating the subsonic steady-state loading on an
airplane with a wing of arbitrary planform and stiffness .";20.74537346498389;False
56;"to what extent can readily available steady-state aerodynamic data be
utilized to predict lifting-surface flutter characteristics .";5;1339;"calculation of flutter characteristics for finite-span swept or unswept
wings at subsonic and supersonic speeds by a modified strip analysis .";20.580526607483637;True
56;"to what extent can readily available steady-state aerodynamic data be
utilized to predict lifting-surface flutter characteristics .";6;638;"longitudinal aerodynamic characteristics at low subsonic
speeds of a highly swept wing utilizing nose deflection
for control .";19.33717726681646;False
56;"to what extent can readily available steady-state aerodynamic data be
utilized to predict lifting-surface flutter characteristics .";7;899;aerodynamic effects on boundary layer unsteadiness .;17.963526826394773;False
56;"to what extent can readily available steady-state aerodynamic data be
utilized to predict lifting-surface flutter characteristics .";8;704;"a systematic kernel function procedure for determining aerodynamic
forces on oscillating or steady finite wings at subsonic speeds .";16.497944085305775;False
56;"to what extent can readily available steady-state aerodynamic data be
utilized to predict lifting-surface flutter characteristics .";9;685;"aerodynamic effects of some configuration variables
on the aeroelastic characteristics of lifting surfaces
at mach numbers from 0. 7 to 6. 86 .";16.427960179883506;False
56;"to what extent can readily available steady-state aerodynamic data be
utilized to predict lifting-surface flutter characteristics .";10;251;"a collection of longitudinal stability derivatives
of wings at supersonic speeds .";15.757414565924467;False
57;"what are the significant steady and non-steady flow characteristics
which affect the flutter mechanism .";1;753;"development of a quasi-steady approach to flutter and
correlation with kernel-function results .";17.57586789630227;False
57;"what are the significant steady and non-steady flow characteristics
which affect the flutter mechanism .";2;1181;"steady magnetohydrodynamic flow past a non-conducting
wedge .";13.579594064097096;False
57;"what are the significant steady and non-steady flow characteristics
which affect the flutter mechanism .";3;1338;"investigation to determine effects of center of gravity location on the
transonic flutter characteristics of a 45degree sweptback wing .";13.224896782080872;False
57;"what are the significant steady and non-steady flow characteristics
which affect the flutter mechanism .";4;1268;"stable combustion of a high-velocity gas in a heated
boundary layer .";12.730458301572707;False
57;"what are the significant steady and non-steady flow characteristics
which affect the flutter mechanism .";5;1296;"non-equilibrium expansions of air with coupled chemical
reactions .";12.500276559847498;False
57;"what are the significant steady and non-steady flow characteristics
which affect the flutter mechanism .";6;1339;"calculation of flutter characteristics for finite-span swept or unswept
wings at subsonic and supersonic speeds by a modified strip analysis .";12.49800224647931;False
57;"what are the significant steady and non-steady flow characteristics
which affect the flutter mechanism .";7;117;the motion of a viscous liquid past a paraboloid .;12.322721426113816;False
57;"what are the significant steady and non-steady flow characteristics
which affect the flutter mechanism .";8;810;"the shock wave noise problem of supersonic aircraft
in steady flight .";12.280255722556337;False
57;"what are the significant steady and non-steady flow characteristics
which affect the flutter mechanism .";9;1099;a theoretical study of stagnation point ablation .;11.810961461424153;False
57;"what are the significant steady and non-steady flow characteristics
which affect the flutter mechanism .";10;166;flow of chemically reacting gas mixtures .;11.521248746389102;False
58;"is it possible to determine rates of forced convective heat transfer
from heated cylinders of non-circular cross-section,  (the fluid flow
being along the generators) .";1;754;"heat transfer through laminar boundary layers on
semi-infinite cylinders of arbitrary cross section .";27.995096883476556;False
58;"is it possible to determine rates of forced convective heat transfer
from heated cylinders of non-circular cross-section,  (the fluid flow
being along the generators) .";2;269;"on a laminar free-convection flow and heat transfer
of electrically conducting fluid on a vertical flat
plate in the presence of a transverse magnetic field .";24.404885058256422;False
58;"is it possible to determine rates of forced convective heat transfer
from heated cylinders of non-circular cross-section,  (the fluid flow
being along the generators) .";3;788;"an approximate boundary layer theory for semi-infinite cylinders of
arbitrary cross-section .";24.32163306101139;True
58;"is it possible to determine rates of forced convective heat transfer
from heated cylinders of non-circular cross-section,  (the fluid flow
being along the generators) .";4;873;"lagrangian thermodynamics of heat transfer in systems
including fluid motion .";23.383983291554244;False
58;"is it possible to determine rates of forced convective heat transfer
from heated cylinders of non-circular cross-section,  (the fluid flow
being along the generators) .";5;1159;"experimental investigation of the effect of yaw on
rates of heat transfer to transverse circular
cylinders in a 6500-foot-per-second
hypersonic air stream .";22.255354794071287;False
58;"is it possible to determine rates of forced convective heat transfer
from heated cylinders of non-circular cross-section,  (the fluid flow
being along the generators) .";6;270;"on combined free and forced convection laminar magnetohydrodynamic
flow and heat transfer in channels with transverse
magnetic field .";22.23781653914563;False
58;"is it possible to determine rates of forced convective heat transfer
from heated cylinders of non-circular cross-section,  (the fluid flow
being along the generators) .";7;120;"measurement of convective heat transfer by means of
the reynolds analogy .";21.763392640841126;False
58;"is it possible to determine rates of forced convective heat transfer
from heated cylinders of non-circular cross-section,  (the fluid flow
being along the generators) .";8;88;magnetohydrodynamic free-convection pipe flow .;21.54324770555771;False
58;"is it possible to determine rates of forced convective heat transfer
from heated cylinders of non-circular cross-section,  (the fluid flow
being along the generators) .";9;375;steady flow in the laminar boundary layer of a gas .;20.574972722017968;False
58;"is it possible to determine rates of forced convective heat transfer
from heated cylinders of non-circular cross-section,  (the fluid flow
being along the generators) .";10;268;several magnetohydrodynamic free-convection solutions .;20.535288750493383;False
59;"how much is known about boundary layer flows along non-circular
cylinders .";1;381;the axisymmetric boundary layer on a long thin cylinder .;15.726393271854676;False
59;"how much is known about boundary layer flows along non-circular
cylinders .";2;785;the flow of fluid along cylinders .;14.182550172461802;True
59;"how much is known about boundary layer flows along non-circular
cylinders .";3;912;"the axisymmetric free-convection temperature field
along a vertical thin cylinder .";13.877622703413785;False
59;"how much is known about boundary layer flows along non-circular
cylinders .";4;292;"rapid laminar boundary layer calculations by piece-wise
application of similar solutions .";13.87515461726715;False
59;"how much is known about boundary layer flows along non-circular
cylinders .";5;610;corner interference effects .;13.80995447322611;False
59;"how much is known about boundary layer flows along non-circular
cylinders .";6;801;"experimental study of the equivalence of transonic
flow about slender cone-cylinders of circular and elliptic
cross section .";13.551393380871696;False
59;"how much is known about boundary layer flows along non-circular
cylinders .";7;646;"thermal diffusion effects on energy transfer in a turbulent
boundary layer with helium injection .";13.491089873371665;False
59;"how much is known about boundary layer flows along non-circular
cylinders .";8;272;"oscillatory aerodynamic coefficients for a unified supersonic
hypersonic strip theory .";13.205757568780749;False
59;"how much is known about boundary layer flows along non-circular
cylinders .";9;786;the skin friction on infinite cylinders moving parallell to their length .;13.128717276209446;True
59;"how much is known about boundary layer flows along non-circular
cylinders .";10;382;"a note on the laminar boundary layer on a circular cylinder in
axial incompressible flow .";12.98721657584823;False
6;"what theoretical and experimental guides do we have as to turbulent
couette flow behaviour .";1;491;"on the close relationship between turbulent plane-couette
and pressure flows .";16.994187228047856;False
6;"what theoretical and experimental guides do we have as to turbulent
couette flow behaviour .";2;257;on turbulen flow between parallel plates .;13.408823431304034;True
6;"what theoretical and experimental guides do we have as to turbulent
couette flow behaviour .";3;315;"scale effects at high subsonic and transonic speeds
and methods for fixing transition in model experiments .";12.517968818567237;False
6;"what theoretical and experimental guides do we have as to turbulent
couette flow behaviour .";4;798;"interaction between shock waves and boundary layers, with a note on the
effects of the interaction of the performance of supersonic intakes .";11.67386276902019;False
6;"what theoretical and experimental guides do we have as to turbulent
couette flow behaviour .";5;121;"a theory for base pressures in transonic and supersonic
flow .";11.41586053927322;False
6;"what theoretical and experimental guides do we have as to turbulent
couette flow behaviour .";6;148;on displacement thickness .;11.308471580758095;False
6;"what theoretical and experimental guides do we have as to turbulent
couette flow behaviour .";7;767;"mathematical techniques applying to the thermal fatigue behaviour
of high temperature alloys .";11.040387690394136;False
6;"what theoretical and experimental guides do we have as to turbulent
couette flow behaviour .";8;251;"a collection of longitudinal stability derivatives
of wings at supersonic speeds .";10.923556343654768;False
6;"what theoretical and experimental guides do we have as to turbulent
couette flow behaviour .";9;1110;on supersonic flow past a slightly yawing cone .;10.805912851280699;False
6;"what theoretical and experimental guides do we have as to turbulent
couette flow behaviour .";10;344;some experimental techniques in mass transfer cooling .;10.796052624504673;False
60;"is there any simple,  but practical,  method for numerical integration
of the mixing problem (i.e. the blasius problem with three-point
boundary conditions) .";1;527;"note on the three-point boundary layer problem for
the blasius equations .";32.165766139499596;True
60;"is there any simple,  but practical,  method for numerical integration
of the mixing problem (i.e. the blasius problem with three-point
boundary conditions) .";2;321;"improved numerical solution of the blasius problem with three-point
boundary conditions .";31.7016254407285;False
60;"is there any simple,  but practical,  method for numerical integration
of the mixing problem (i.e. the blasius problem with three-point
boundary conditions) .";3;322;"on the numerical solution of the blasius problem with three-point
boundary conditions .";29.793347330672134;False
60;"is there any simple,  but practical,  method for numerical integration
of the mixing problem (i.e. the blasius problem with three-point
boundary conditions) .";4;320;"comment on improved numerical solution of the blasius problem with
three-point boundary conditions .";26.457420354986972;True
60;"is there any simple,  but practical,  method for numerical integration
of the mixing problem (i.e. the blasius problem with three-point
boundary conditions) .";5;476;the blasius equation with three-point boundary conditions .;23.135749363056046;True
60;"is there any simple,  but practical,  method for numerical integration
of the mixing problem (i.e. the blasius problem with three-point
boundary conditions) .";6;833;"a simple method of matric structural analysis, part
iv, non-linear problems .";20.61122290289347;False
60;"is there any simple,  but practical,  method for numerical integration
of the mixing problem (i.e. the blasius problem with three-point
boundary conditions) .";7;677;"methods for calculating the lift distribution of wings /subsonic
lifting surface theory/ .";19.330176504095164;False
60;"is there any simple,  but practical,  method for numerical integration
of the mixing problem (i.e. the blasius problem with three-point
boundary conditions) .";8;150;integration of the boundary layer equations .;18.58385490327918;False
60;"is there any simple,  but practical,  method for numerical integration
of the mixing problem (i.e. the blasius problem with three-point
boundary conditions) .";9;1235;"a theory of the two dimensional laminar bounary layer
over a curved surface .";18.566433788445604;False
60;"is there any simple,  but practical,  method for numerical integration
of the mixing problem (i.e. the blasius problem with three-point
boundary conditions) .";10;365;"the homogeneous boundary layer at an axisymmetric stagnation
point with large rates of injection .";18.517833982504854;False
61;"does there exist a closed-form expression for the local heat transfer
around a yawed cylinder .";1;564;"local heat transfer and recovery temperature on a yawed
cylinder at a mach number of 4. 15 and high reynolds
numbers .";23.060537301786702;True
61;"does there exist a closed-form expression for the local heat transfer
around a yawed cylinder .";2;566;"investigation of local heat transfer and pressure drag
characteristics of a yawed circular cylinder at supersonic
speeds .";20.90420146134795;True
61;"does there exist a closed-form expression for the local heat transfer
around a yawed cylinder .";3;539;"local heat transfer to a yawed, infite, circular cylinder
in laminar compressible flow .";20.78258891819965;False
61;"does there exist a closed-form expression for the local heat transfer
around a yawed cylinder .";4;435;"application of similar solutions to calculations of
laminar heat transfer on bodies with yaw and large
pressure gradients in high speed flow .";19.605624340275895;False
61;"does there exist a closed-form expression for the local heat transfer
around a yawed cylinder .";5;1258;"heat transfer, recovery factor and pressure distributions
around a circular cylinder normal to a supersonic rarefied
air stream .";17.11836708836618;False
61;"does there exist a closed-form expression for the local heat transfer
around a yawed cylinder .";6;283;"laminar heat transfer around blunt bodies in dissociated
air .";16.86657135185886;False
61;"does there exist a closed-form expression for the local heat transfer
around a yawed cylinder .";7;1213;"heat transfer to slender cones in hypersonic flow,
including effects of yaw and nose bluntness .";16.63718011427603;False
61;"does there exist a closed-form expression for the local heat transfer
around a yawed cylinder .";8;1307;"laminar heat-transfer and pressure measurements at
a mach number of 6 on sharp and blunt 15 half-angle
cones at angles of attack up to 90 .";16.489519539761236;False
61;"does there exist a closed-form expression for the local heat transfer
around a yawed cylinder .";9;553;"ablation of glassy materials around blunt bodies of
revolution .";15.231619298494115;False
61;"does there exist a closed-form expression for the local heat transfer
around a yawed cylinder .";10;333;"boundary-layer interaction on a yawed infinite wing in hypersonic
flow .";15.071086692863789;False
62;"how far around a cylinder and under what conditions of flow,  if any,
is the velocity just outside of the boundary layer a linear function of
the distance around the cylinder .";1;459;on the solution of the laminar boundary layer equations .;24.545113784841806;False
62;"how far around a cylinder and under what conditions of flow,  if any,
is the velocity just outside of the boundary layer a linear function of
the distance around the cylinder .";2;1268;"stable combustion of a high-velocity gas in a heated
boundary layer .";24.179559966870574;False
62;"how far around a cylinder and under what conditions of flow,  if any,
is the velocity just outside of the boundary layer a linear function of
the distance around the cylinder .";3;148;on displacement thickness .;23.880115520376155;False
62;"how far around a cylinder and under what conditions of flow,  if any,
is the velocity just outside of the boundary layer a linear function of
the distance around the cylinder .";4;255;"an approximate solution of the turbulent boundary layer
equations in incompressible and compressible .";21.21225010587862;False
62;"how far around a cylinder and under what conditions of flow,  if any,
is the velocity just outside of the boundary layer a linear function of
the distance around the cylinder .";5;381;the axisymmetric boundary layer on a long thin cylinder .;19.905979053902833;False
62;"how far around a cylinder and under what conditions of flow,  if any,
is the velocity just outside of the boundary layer a linear function of
the distance around the cylinder .";6;1383;on the theory of laminar boundary layer involving separation .;19.84701656609105;False
62;"how far around a cylinder and under what conditions of flow,  if any,
is the velocity just outside of the boundary layer a linear function of
the distance around the cylinder .";7;452;symmetric joukowsky airfoils in shear flow .;19.766588718244485;False
62;"how far around a cylinder and under what conditions of flow,  if any,
is the velocity just outside of the boundary layer a linear function of
the distance around the cylinder .";8;105;"the asymptotic boundary layer on a circular cylinder
in axial incompressible flow .";19.18614001443376;False
62;"how far around a cylinder and under what conditions of flow,  if any,
is the velocity just outside of the boundary layer a linear function of
the distance around the cylinder .";9;785;the flow of fluid along cylinders .;19.028329212824545;False
62;"how far around a cylinder and under what conditions of flow,  if any,
is the velocity just outside of the boundary layer a linear function of
the distance around the cylinder .";10;1072;ignition and combustion in a laminar mixing zone .;18.655659475184418;False
63;where can i find pressure data on surfaces of swept cylinders .;1;605;"pressure measurements on a cone-cylinder-flare configuration at small
incidences for m 6.8 .";13.665759053098517;False
63;where can i find pressure data on surfaces of swept cylinders .;2;1135;"limit analysis of symmetrically loaded thin shells
of revolution .";12.562792562628472;False
63;where can i find pressure data on surfaces of swept cylinders .;3;91;periodic temperature distribution in a two-layer composite slab .;12.272335877568878;False
63;where can i find pressure data on surfaces of swept cylinders .;4;25;inviscid hypersonic flow over blunt-nosed slender bodies .;12.143201543940467;False
63;where can i find pressure data on surfaces of swept cylinders .;5;738;finding zero's of arbitrary functions .;11.86075196673285;False
63;where can i find pressure data on surfaces of swept cylinders .;6;491;"on the close relationship between turbulent plane-couette
and pressure flows .";10.859607492911959;False
63;where can i find pressure data on surfaces of swept cylinders .;7;158;"temperature charts for induction and constant temperature
heating .";10.703751006666764;False
63;where can i find pressure data on surfaces of swept cylinders .;8;843;"a simplified method of elastic stability analysis for
thin cylindrical shells .";10.61286599711756;False
63;where can i find pressure data on surfaces of swept cylinders .;9;1051;"the stability of thin-walled unstiffened circular cylinders
under axial compression including the effects of internal
pressure .";10.432641017310585;False
63;where can i find pressure data on surfaces of swept cylinders .;10;1334;"calculated spanwise lift distributions and aerodynamic
influence coefficients for swept wings in subsonic
flow .";10.281277458903736;False
64;"can't the static deflection shapes be used in predicting flutter in
place of vibrational shapes . if so,  can we provide a justification by
means of an example .";1;390;some panel-flutter studies using piston theory .;22.850003962242845;True
64;"can't the static deflection shapes be used in predicting flutter in
place of vibrational shapes . if so,  can we provide a justification by
means of an example .";2;914;transtability flutter of supersonic aircraft panels .;21.811417332598324;False
64;"can't the static deflection shapes be used in predicting flutter in
place of vibrational shapes . if so,  can we provide a justification by
means of an example .";3;719;tumbling bodies entering the atmosphere .;21.194920576868633;False
64;"can't the static deflection shapes be used in predicting flutter in
place of vibrational shapes . if so,  can we provide a justification by
means of an example .";4;52;"procedure for calculating flutter at high supersonic
speed including camber deflections, and comparison
with experimental results .";19.753215333208733;False
64;"can't the static deflection shapes be used in predicting flutter in
place of vibrational shapes . if so,  can we provide a justification by
means of an example .";5;441;"evaluation of high angle-of-attack aerodynamic derivative
data and stall-flutter prediction techniques .";18.554891204719482;False
64;"can't the static deflection shapes be used in predicting flutter in
place of vibrational shapes . if so,  can we provide a justification by
means of an example .";6;730;on the bending of a clamped plate .;18.513764957903433;False
64;"can't the static deflection shapes be used in predicting flutter in
place of vibrational shapes . if so,  can we provide a justification by
means of an example .";7;928;"a new theory for the buckling of thin cylinders under
axial compression and bending .";17.981944217992226;False
64;"can't the static deflection shapes be used in predicting flutter in
place of vibrational shapes . if so,  can we provide a justification by
means of an example .";8;277;"study of flow conditions and deflection angle at exit
of two-dimensional cascade of turbine rotor blades
at critical and supercritical pressure ratios .";17.003563973037945;False
64;"can't the static deflection shapes be used in predicting flutter in
place of vibrational shapes . if so,  can we provide a justification by
means of an example .";9;627;flutter analysis of circular panels .;16.93397841498556;False
64;"can't the static deflection shapes be used in predicting flutter in
place of vibrational shapes . if so,  can we provide a justification by
means of an example .";10;236;criteria for thermodynamic equilibrium in gas flow .;16.75617265464877;False
65;"does the boundary layer on a flat plate in a shear flow induce a
pressure gradient .";1;388;"the pressure gradient induced by shear flow past a
flat plate .";27.617769628344842;False
65;"does the boundary layer on a flat plate in a shear flow induce a
pressure gradient .";2;3;the boundary layer in simple shear flow past a flat plate .;22.50826589935095;True
65;"does the boundary layer on a flat plate in a shear flow induce a
pressure gradient .";3;569;"an experimental investigation of leading edge shock wave boundary layer
interaction at mach 5.8 .";19.676670233240582;False
65;"does the boundary layer on a flat plate in a shear flow induce a
pressure gradient .";4;1355;"boundary layer displacement effects in air at mach
numbers of 6. 8 and 9. 6.";18.669212308520084;False
65;"does the boundary layer on a flat plate in a shear flow induce a
pressure gradient .";5;1237;"foreign-gas injection into a compressible turbulent
boundary layer on a flat plate .";17.99918960548205;False
65;"does the boundary layer on a flat plate in a shear flow induce a
pressure gradient .";6;664;"the boundary layer on a flat plate in a stream with
uniform shear .";17.909562687015246;True
65;"does the boundary layer on a flat plate in a shear flow induce a
pressure gradient .";7;1370;some remarks on the flat plate boundary layer .;17.72991209282235;False
65;"does the boundary layer on a flat plate in a shear flow induce a
pressure gradient .";8;393;the shear flow along a flat plate with uniform suction .;17.42681238707199;True
65;"does the boundary layer on a flat plate in a shear flow induce a
pressure gradient .";9;180;"boundary layer over a flat plate in presence of shear
flow .";17.269033887712393;True
65;"does the boundary layer on a flat plate in a shear flow induce a
pressure gradient .";10;1311;"some simple solutions to the problem of predicting
boundary layer self-induced pressures .";16.966727763771424;False
66;"can the procedure of matching inner and outer solutions for a viscous
flow problem be applied when the main stream is a shear flow .";1;128;"effects of free stream vorticity on the behaviour of
a viscous boundary layer .";30.247270020140004;False
66;"can the procedure of matching inner and outer solutions for a viscous
flow problem be applied when the main stream is a shear flow .";2;191;a theory for the core of a leading edge vortex .;20.849338331775932;False
66;"can the procedure of matching inner and outer solutions for a viscous
flow problem be applied when the main stream is a shear flow .";3;1206;magnetohydrodynamic mach cones .;20.464996048725133;False
66;"can the procedure of matching inner and outer solutions for a viscous
flow problem be applied when the main stream is a shear flow .";4;329;"various aerodynamic characteristics in hypersonic rarefied
gas flow .";20.423808016209904;False
66;"can the procedure of matching inner and outer solutions for a viscous
flow problem be applied when the main stream is a shear flow .";5;366;"helium injection into the boundary layer at an axisymmetric
stagnation point .";20.040281666548132;False
66;"can the procedure of matching inner and outer solutions for a viscous
flow problem be applied when the main stream is a shear flow .";6;1251;viscous flow past a quarter infinite plate .;18.665792908025114;False
66;"can the procedure of matching inner and outer solutions for a viscous
flow problem be applied when the main stream is a shear flow .";7;576;"viscous and inviscid stagnation flow in a dissociated hypervelocity free
 stream .";18.266359016351537;False
66;"can the procedure of matching inner and outer solutions for a viscous
flow problem be applied when the main stream is a shear flow .";8;305;"hypersonic strong viscous interaction on a flat plate
with surface mass transfer .";17.51792955367006;False
66;"can the procedure of matching inner and outer solutions for a viscous
flow problem be applied when the main stream is a shear flow .";9;629;second-order effects in laminar boundary layers .;17.261807108605264;True
66;"can the procedure of matching inner and outer solutions for a viscous
flow problem be applied when the main stream is a shear flow .";10;2;"simple shear flow past a flat plate in an incompressible fluid of small
viscosity .";17.159710500833647;False
67;"can series expansions be found for the boundary layer on a flat plate in
a shear flow .";1;2;"simple shear flow past a flat plate in an incompressible fluid of small
viscosity .";19.001394676501274;True
67;"can series expansions be found for the boundary layer on a flat plate in
a shear flow .";2;393;the shear flow along a flat plate with uniform suction .;18.307417644303587;True
67;"can series expansions be found for the boundary layer on a flat plate in
a shear flow .";3;3;the boundary layer in simple shear flow past a flat plate .;17.694981058092583;True
67;"can series expansions be found for the boundary layer on a flat plate in
a shear flow .";4;180;"boundary layer over a flat plate in presence of shear
flow .";17.63125438948648;True
67;"can series expansions be found for the boundary layer on a flat plate in
a shear flow .";5;306;"second approximation to laminar compressible boundary
layer on flat plate in slip flow .";17.427893512736215;False
67;"can series expansions be found for the boundary layer on a flat plate in
a shear flow .";6;664;"the boundary layer on a flat plate in a stream with
uniform shear .";17.067942832887336;True
67;"can series expansions be found for the boundary layer on a flat plate in
a shear flow .";7;72;"boundary layer behind shock or thin expansion wave
moving into stationary fluid .";17.01454143861549;False
67;"can series expansions be found for the boundary layer on a flat plate in
a shear flow .";8;135;"the calculation of wall shearing stress from heat-transfer measurements
in compressible flows .";16.855605356013765;False
67;"can series expansions be found for the boundary layer on a flat plate in
a shear flow .";9;4;"approximate solutions of the incompressible laminar
boundary layer equations for a plate in shear flow .";16.699066109525283;True
67;"can series expansions be found for the boundary layer on a flat plate in
a shear flow .";10;9;"transition studies and skin friction measurements on
an insulated flat plate at a mach number of 5.8 .";16.642518708585772;False
68;"what possible techniques are available for computing the injection
distribution corresponding to an isothermal transpiration cooled
hemisphere .";1;628;thermal effects on a transpiration cooled hemisphere .;34.440864162377714;False
68;"what possible techniques are available for computing the injection
distribution corresponding to an isothermal transpiration cooled
hemisphere .";2;344;some experimental techniques in mass transfer cooling .;20.005551004461058;False
68;"what possible techniques are available for computing the injection
distribution corresponding to an isothermal transpiration cooled
hemisphere .";3;773;"q . app . math . 7, 1950, 381 . experiments on porous-wall
cooling and flow separation control in a supersonic
nozzle .";16.535566565902553;False
68;"what possible techniques are available for computing the injection
distribution corresponding to an isothermal transpiration cooled
hemisphere .";4;662;"theoretical and experimental investigation of
aerodynamic-heating and isothermal heat transfer parameters on
a hemisphere nose with laminar boundary layer at supersonic
mach numbers .";16.12510868992451;True
68;"what possible techniques are available for computing the injection
distribution corresponding to an isothermal transpiration cooled
hemisphere .";5;560;"a theoretical study of the effect of upstream
transpiration-cooling on the heat transfer and skin friction characteristics
of a compressible laminar boundary layer .";15.886108987705175;False
68;"what possible techniques are available for computing the injection
distribution corresponding to an isothermal transpiration cooled
hemisphere .";6;338;mass transfer cooling at mach number 4. 8.;15.632515031531193;False
68;"what possible techniques are available for computing the injection
distribution corresponding to an isothermal transpiration cooled
hemisphere .";7;364;"a method for analysing the insulating properties of
the laminar compressible boundary layer .";15.388086469050716;False
68;"what possible techniques are available for computing the injection
distribution corresponding to an isothermal transpiration cooled
hemisphere .";8;1240;"nonsimilar solutions of the compressible laminar boundary
layer equations with applications to the upstream-transpiration
cooling problem .";15.160396625142743;False
68;"what possible techniques are available for computing the injection
distribution corresponding to an isothermal transpiration cooled
hemisphere .";9;1100;an analytical investigation of ablation .;14.429120514219884;False
68;"what possible techniques are available for computing the injection
distribution corresponding to an isothermal transpiration cooled
hemisphere .";10;343;"transpiration cooling experiments in a turbulent boundary
layer at m=3 .";14.014832096732409;False
69;"what is known regarding asymptotic solutions to the exact boundary layer
equations .";1;128;"effects of free stream vorticity on the behaviour of
a viscous boundary layer .";15.636638551741255;False
69;"what is known regarding asymptotic solutions to the exact boundary layer
equations .";2;306;"second approximation to laminar compressible boundary
layer on flat plate in slip flow .";13.263739716348148;False
69;"what is known regarding asymptotic solutions to the exact boundary layer
equations .";3;540;"use of local similarity concepts in hypersonic viscous
interaction problems .";13.224756369588189;False
69;"what is known regarding asymptotic solutions to the exact boundary layer
equations .";4;111;"the laminar boundary layer equation: a method of solution
by means of an automatic computer .";13.13697543689789;False
69;"what is known regarding asymptotic solutions to the exact boundary layer
equations .";5;292;"rapid laminar boundary layer calculations by piece-wise
application of similar solutions .";12.549293240657631;False
69;"what is known regarding asymptotic solutions to the exact boundary layer
equations .";6;117;the motion of a viscous liquid past a paraboloid .;12.236169020645672;False
69;"what is known regarding asymptotic solutions to the exact boundary layer
equations .";7;264;"asymptotic solution of the two dimensional oscillating
aerofoil problem for high subsonic mach numbers .";12.063737141838853;False
69;"what is known regarding asymptotic solutions to the exact boundary layer
equations .";8;381;the axisymmetric boundary layer on a long thin cylinder .;11.788517942199569;False
69;"what is known regarding asymptotic solutions to the exact boundary layer
equations .";9;1375;"an approximate solution for the axisymmetric jet of a laminar
compressible fluid .";11.783467778222404;False
69;"what is known regarding asymptotic solutions to the exact boundary layer
equations .";10;1383;on the theory of laminar boundary layer involving separation .;11.50493057864744;False
7;"is it possible to relate the available pressure distributions for an
ogive forebody at zero angle of attack to the lower surface pressures of
an equivalent ogive forebody at angle of attack .";1;492;prediction of ogive-forebody pressures at angles of attack .;41.45348304562771;False
7;"is it possible to relate the available pressure distributions for an
ogive forebody at zero angle of attack to the lower surface pressures of
an equivalent ogive forebody at angle of attack .";2;122;"a simplified approximate method for the calculation of the pressure
around conical bodies of arbitrary shape in supersonic and hypersonic
flow .";25.379525868513134;False
7;"is it possible to relate the available pressure distributions for an
ogive forebody at zero angle of attack to the lower surface pressures of
an equivalent ogive forebody at angle of attack .";3;57;"applicability of the hypersonic similarity rule to
pressure distributions which include the effects of
rotation for bodies of revolution at zero angle of
attack .";25.194826770441257;True
7;"is it possible to relate the available pressure distributions for an
ogive forebody at zero angle of attack to the lower surface pressures of
an equivalent ogive forebody at angle of attack .";4;56;"an analysis of the applicability of the hypersonic
similarity law to the study of the flow about bodies
of revolution at zero angle of attack .";21.7231530701132;True
7;"is it possible to relate the available pressure distributions for an
ogive forebody at zero angle of attack to the lower surface pressures of
an equivalent ogive forebody at angle of attack .";5;973;"interaction effects produced by jet exhausting laterally near base of
ogive-cylinder model in supersonic main stream .";20.866698378908257;False
7;"is it possible to relate the available pressure distributions for an
ogive forebody at zero angle of attack to the lower surface pressures of
an equivalent ogive forebody at angle of attack .";6;124;"a summary of the supersonic pressure drag of bodies
of revolution .";20.191978162594456;False
7;"is it possible to relate the available pressure distributions for an
ogive forebody at zero angle of attack to the lower surface pressures of
an equivalent ogive forebody at angle of attack .";7;434;"contributions of the wing panels to the forces and
moments of supersonic wing-body combinations at combined
angles .";20.15102664677484;False
7;"is it possible to relate the available pressure distributions for an
ogive forebody at zero angle of attack to the lower surface pressures of
an equivalent ogive forebody at angle of attack .";8;1231;hypersonic flow over an elliptic cone: theory and experiment .;19.8372363753621;False
7;"is it possible to relate the available pressure distributions for an
ogive forebody at zero angle of attack to the lower surface pressures of
an equivalent ogive forebody at angle of attack .";9;232;"accuracy of approximate methods for predicting pressure
on pointed non-lifting bodies of revolution in supersonic
flow .";19.552571607475972;False
7;"is it possible to relate the available pressure distributions for an
ogive forebody at zero angle of attack to the lower surface pressures of
an equivalent ogive forebody at angle of attack .";10;1381;"effect of mach number on boundary layer transition
in the presence of pressure rise and surface roughness
on an ogive-cylinder body with cold wall conditions .";19.278920606729773;False
70;previous solutions to the boundary layer similarity equations .;1;540;"use of local similarity concepts in hypersonic viscous
interaction problems .";14.183313713666747;False
70;previous solutions to the boundary layer similarity equations .;2;300;"on a particular class of similar solutions of the equations
of motion and energy of a viscous fluid .";11.915016650466573;False
70;previous solutions to the boundary layer similarity equations .;3;349;"numerical solution of the boundary layer equations
without similarity assumptions .";11.901123450266873;False
70;previous solutions to the boundary layer similarity equations .;4;180;"boundary layer over a flat plate in presence of shear
flow .";11.895752323541911;False
70;previous solutions to the boundary layer similarity equations .;5;104;"similar solutions of a free convection boundary layer
equation for an electrically conducting fluid .";11.607221661815377;False
70;previous solutions to the boundary layer similarity equations .;6;62;"similar solutions for the compressible laminar boundary
layer with heat transfer and pressure gradient .";11.410380867603632;True
70;previous solutions to the boundary layer similarity equations .;7;565;"similar solutions for the compressible boundary layer
on a yawed cylinder with transpiration cooling .";10.499117617879948;True
70;previous solutions to the boundary layer similarity equations .;8;365;"the homogeneous boundary layer at an axisymmetric stagnation
point with large rates of injection .";10.319463469349996;False
70;previous solutions to the boundary layer similarity equations .;9;1149;similar temperature boundary layers .;10.228525672971783;False
70;previous solutions to the boundary layer similarity equations .;10;1235;"a theory of the two dimensional laminar bounary layer
over a curved surface .";10.170103087573544;False
71;experimental results on hypersonic viscous interaction .;1;540;"use of local similarity concepts in hypersonic viscous
interaction problems .";14.272647453042612;False
71;experimental results on hypersonic viscous interaction .;2;305;"hypersonic strong viscous interaction on a flat plate
with surface mass transfer .";13.911518883912889;False
71;experimental results on hypersonic viscous interaction .;3;63;hypersonic viscous flow over slender cones .;13.451690397796717;False
71;experimental results on hypersonic viscous interaction .;4;573;viscous hypersonic similitude .;13.321177978396658;False
71;experimental results on hypersonic viscous interaction .;5;525;"on hypersonic viscous flow over an insulated flat plate
with surface mass transfer .";13.019629634402062;False
71;experimental results on hypersonic viscous interaction .;6;1299;hypersonic viscous shock layer .;12.546397454785815;False
71;experimental results on hypersonic viscous interaction .;7;572;"boundary layer displacement and leading edge bluntness effects in high
temperature hypersonic flow .";12.11095557457757;True
71;experimental results on hypersonic viscous interaction .;8;1395;"low density stagnation point heat transfer measurements
in the hypersonic shock tunnel .";11.823621231727913;False
71;experimental results on hypersonic viscous interaction .;9;570;"on the boundary layer equations in hypersonic flow
and their approximate solutions .";11.477631002303308;False
71;experimental results on hypersonic viscous interaction .;10;1253;"hypersonic viscous flow near the stagnation point in
the presence of magnetic field .";11.432733256338366;False
72;"what has been done about viscous interactions in relatively low reynolds
number flows,  particularly at high mach numbers .";1;315;"scale effects at high subsonic and transonic speeds
and methods for fixing transition in model experiments .";19.530101765622852;False
72;"what has been done about viscous interactions in relatively low reynolds
number flows,  particularly at high mach numbers .";2;511;"tunnel tests on a double cascade to determine the interaction
between the rotor and the nozzles of a supersonic turbine .";19.244813108126323;False
72;"what has been done about viscous interactions in relatively low reynolds
number flows,  particularly at high mach numbers .";3;630;stagnation region in rarefied high mach number flow .;19.208819100409176;True
72;"what has been done about viscous interactions in relatively low reynolds
number flows,  particularly at high mach numbers .";4;1395;"low density stagnation point heat transfer measurements
in the hypersonic shock tunnel .";18.408823471993546;False
72;"what has been done about viscous interactions in relatively low reynolds
number flows,  particularly at high mach numbers .";5;244;"an improved smoke generator for use in the visualisation
of airflow, particularly boundary layer flow at high
reynolds numbers .";17.366761591691557;False
72;"what has been done about viscous interactions in relatively low reynolds
number flows,  particularly at high mach numbers .";6;187;"investigation of separated flows in supersonic and subsonic
streams with emphasis on the effect of transition .";16.809319070805262;False
72;"what has been done about viscous interactions in relatively low reynolds
number flows,  particularly at high mach numbers .";7;139;viscous effects on pitot tubes at low speeds .;16.504419345268072;False
72;"what has been done about viscous interactions in relatively low reynolds
number flows,  particularly at high mach numbers .";8;63;hypersonic viscous flow over slender cones .;16.330079316653347;False
72;"what has been done about viscous interactions in relatively low reynolds
number flows,  particularly at high mach numbers .";9;134;"note on an interaction between the boundary layer and the inviscid
flow .";16.306722524114054;False
72;"what has been done about viscous interactions in relatively low reynolds
number flows,  particularly at high mach numbers .";10;1082;"the flow past pitot tube at low reynolds numbers, part 1-dash the
numerical solution of the navier-stokes equations for steady viscous
axisymmetric flow, part 2-dash the effects of viscosity and orifice
size on a pitot tube at low reynolds numbers .";16.195540721304543;False
73;"what role does the effect of chemical reaction (particularly when out of
equilibrium) play in the similitude laws governing hypersonic flows over
slender aerodynamic bodies .";1;332;"similitude of hypersonic real-gas flows over slender
bodies with blunted noses .";37.790856957771865;True
73;"what role does the effect of chemical reaction (particularly when out of
equilibrium) play in the similitude laws governing hypersonic flows over
slender aerodynamic bodies .";2;541;"similitude of hypersonic flows over slender bodies
in non-equilibrium dissociated gases .";34.25025801720298;False
73;"what role does the effect of chemical reaction (particularly when out of
equilibrium) play in the similitude laws governing hypersonic flows over
slender aerodynamic bodies .";3;401;"inviscid hypersonic airflows with coupled non-equilibrium
processes .";27.468406048537357;True
73;"what role does the effect of chemical reaction (particularly when out of
equilibrium) play in the similitude laws governing hypersonic flows over
slender aerodynamic bodies .";4;1296;"non-equilibrium expansions of air with coupled chemical
reactions .";26.36496717062243;False
73;"what role does the effect of chemical reaction (particularly when out of
equilibrium) play in the similitude laws governing hypersonic flows over
slender aerodynamic bodies .";5;625;viscous and inviscid nonequilibrium gas flows .;24.713867793991422;True
73;"what role does the effect of chemical reaction (particularly when out of
equilibrium) play in the similitude laws governing hypersonic flows over
slender aerodynamic bodies .";6;573;viscous hypersonic similitude .;23.604625163243725;True
73;"what role does the effect of chemical reaction (particularly when out of
equilibrium) play in the similitude laws governing hypersonic flows over
slender aerodynamic bodies .";7;577;on hypersonic similitude .;22.856119877513876;True
73;"what role does the effect of chemical reaction (particularly when out of
equilibrium) play in the similitude laws governing hypersonic flows over
slender aerodynamic bodies .";8;1072;ignition and combustion in a laminar mixing zone .;20.622951135029844;False
73;"what role does the effect of chemical reaction (particularly when out of
equilibrium) play in the similitude laws governing hypersonic flows over
slender aerodynamic bodies .";9;160;"approximate analytical solutions for hypersonic flow
past slender power-law bodies .";20.322821755095124;True
73;"what role does the effect of chemical reaction (particularly when out of
equilibrium) play in the similitude laws governing hypersonic flows over
slender aerodynamic bodies .";10;574;"inviscid flow with nonequilibrium molecular dissociation for pressure
distributions encountered in hypersonic flight .";19.959504583030796;True
74;"how significant is the possible pressure of a dissociated free stream
with respect to the realization of hypersonic simulation in high
enthalpy wind tunnels .";1;625;viscous and inviscid nonequilibrium gas flows .;23.307316189373953;False
74;"how significant is the possible pressure of a dissociated free stream
with respect to the realization of hypersonic simulation in high
enthalpy wind tunnels .";2;1153;"a study of the simulation of flow with free stream mach number 1 in a
choked wind tunnel .";21.013649663951394;False
74;"how significant is the possible pressure of a dissociated free stream
with respect to the realization of hypersonic simulation in high
enthalpy wind tunnels .";3;1295;recent advances in nonequilibrium dissociating gasdynamics .;20.228498755462606;False
74;"how significant is the possible pressure of a dissociated free stream
with respect to the realization of hypersonic simulation in high
enthalpy wind tunnels .";4;185;"some possibilities of using gas mixtures other than in
aerodynamic research .";20.003989875589014;False
74;"how significant is the possible pressure of a dissociated free stream
with respect to the realization of hypersonic simulation in high
enthalpy wind tunnels .";5;876;on flutter testing in high speed wind tunnels .;19.368418893531654;False
74;"how significant is the possible pressure of a dissociated free stream
with respect to the realization of hypersonic simulation in high
enthalpy wind tunnels .";6;576;"viscous and inviscid stagnation flow in a dissociated hypervelocity free
 stream .";18.850866305558547;True
74;"how significant is the possible pressure of a dissociated free stream
with respect to the realization of hypersonic simulation in high
enthalpy wind tunnels .";7;68;"some aspects of air-helium simulation and hypersonic
approximations .";18.323753370628932;False
74;"how significant is the possible pressure of a dissociated free stream
with respect to the realization of hypersonic simulation in high
enthalpy wind tunnels .";8;1143;"a one-foot hypervelocity shock tunnel in which high-enthalpy
real gas flows can be generated with flow times of
about 180 milliseconds .";18.245223551646347;False
74;"how significant is the possible pressure of a dissociated free stream
with respect to the realization of hypersonic simulation in high
enthalpy wind tunnels .";9;364;"a method for analysing the insulating properties of
the laminar compressible boundary layer .";18.08755230603814;False
74;"how significant is the possible pressure of a dissociated free stream
with respect to the realization of hypersonic simulation in high
enthalpy wind tunnels .";10;372;"an experimental investigation of flow about simple
blunt bodies at a nominal mach number of 5. 8.";17.612419624782227;False
75;"do the discrepancies among current analyses of the vorticity effect
on stagnation-point heat transfer result primarily from the
differences in the viscosity-temperature law assumed .";1;82;"theoretical investigation of the ablation of a glass-type
heat protection shield of varied material properties
at the stagnation point of a re-entering irbm .";23.61086353019646;False
75;"do the discrepancies among current analyses of the vorticity effect
on stagnation-point heat transfer result primarily from the
differences in the viscosity-temperature law assumed .";2;565;"similar solutions for the compressible boundary layer
on a yawed cylinder with transpiration cooling .";20.9622810325324;False
75;"do the discrepancies among current analyses of the vorticity effect
on stagnation-point heat transfer result primarily from the
differences in the viscosity-temperature law assumed .";3;55;"separation, stability and other properties of compressible
laminar boundary layer with pressure gradient and heat
transfer .";20.92071539992364;False
75;"do the discrepancies among current analyses of the vorticity effect
on stagnation-point heat transfer result primarily from the
differences in the viscosity-temperature law assumed .";4;1395;"low density stagnation point heat transfer measurements
in the hypersonic shock tunnel .";20.653267364954598;False
75;"do the discrepancies among current analyses of the vorticity effect
on stagnation-point heat transfer result primarily from the
differences in the viscosity-temperature law assumed .";5;645;thermodynamic coupling in boundary layers .;20.346939296204823;False
75;"do the discrepancies among current analyses of the vorticity effect
on stagnation-point heat transfer result primarily from the
differences in the viscosity-temperature law assumed .";6;54;"method for calculation of compressible laminar boundary
layer characteristics in axial pressure gradient with
zero heat transfer .";20.01634879457285;False
75;"do the discrepancies among current analyses of the vorticity effect
on stagnation-point heat transfer result primarily from the
differences in the viscosity-temperature law assumed .";7;630;stagnation region in rarefied high mach number flow .;19.446964928914525;False
75;"do the discrepancies among current analyses of the vorticity effect
on stagnation-point heat transfer result primarily from the
differences in the viscosity-temperature law assumed .";8;303;"effect of variable heat recombination on stagnation
point heat transfer .";18.95349589430859;False
75;"do the discrepancies among current analyses of the vorticity effect
on stagnation-point heat transfer result primarily from the
differences in the viscosity-temperature law assumed .";9;50;"investigation of laminar boundary layer in compressible
fluids using the crocco method .";18.436666872417376;False
75;"do the discrepancies among current analyses of the vorticity effect
on stagnation-point heat transfer result primarily from the
differences in the viscosity-temperature law assumed .";10;580;"new thermo-mechanical reciprocity relations with application
to thermal stress analysis .";18.39015072167226;False
76;"how far can one trust the linear viscosity-temperature solution
assumed in some of the analyses of hypersonic shock layer at low
reynolds number .";1;630;stagnation region in rarefied high mach number flow .;23.366685047412954;False
76;"how far can one trust the linear viscosity-temperature solution
assumed in some of the analyses of hypersonic shock layer at low
reynolds number .";2;666;blunt body heat transfer at hypersonic speed and low reynolds numbers .;22.721835520212775;True
76;"how far can one trust the linear viscosity-temperature solution
assumed in some of the analyses of hypersonic shock layer at low
reynolds number .";3;667;"hypersonic shock layer theory of the stagnation region at low reynolds
number .";22.560938508193654;True
76;"how far can one trust the linear viscosity-temperature solution
assumed in some of the analyses of hypersonic shock layer at low
reynolds number .";4;328;"the boundary layer near the stagnation point in hypersonic
flow past a sphere .";19.679455459738612;False
76;"how far can one trust the linear viscosity-temperature solution
assumed in some of the analyses of hypersonic shock layer at low
reynolds number .";5;364;"a method for analysing the insulating properties of
the laminar compressible boundary layer .";19.084328795982493;False
76;"how far can one trust the linear viscosity-temperature solution
assumed in some of the analyses of hypersonic shock layer at low
reynolds number .";6;1394;"stagnation point heat transfer measurements in hypersonic
low density flow .";17.996004177289908;False
76;"how far can one trust the linear viscosity-temperature solution
assumed in some of the analyses of hypersonic shock layer at low
reynolds number .";7;1391;shock wave and flow field development in hypersonic re-entry .;17.77713276847895;True
76;"how far can one trust the linear viscosity-temperature solution
assumed in some of the analyses of hypersonic shock layer at low
reynolds number .";8;1395;"low density stagnation point heat transfer measurements
in the hypersonic shock tunnel .";17.65601660132252;False
76;"how far can one trust the linear viscosity-temperature solution
assumed in some of the analyses of hypersonic shock layer at low
reynolds number .";9;315;"scale effects at high subsonic and transonic speeds
and methods for fixing transition in model experiments .";17.48434959725054;False
76;"how far can one trust the linear viscosity-temperature solution
assumed in some of the analyses of hypersonic shock layer at low
reynolds number .";10;565;"similar solutions for the compressible boundary layer
on a yawed cylinder with transpiration cooling .";17.281504154855018;False
77;"how close is the comparison of the shock layer theory with existing
experiments in the low reynolds number (merged-layer) regime .";1;1395;"low density stagnation point heat transfer measurements
in the hypersonic shock tunnel .";27.116258428842883;False
77;"how close is the comparison of the shock layer theory with existing
experiments in the low reynolds number (merged-layer) regime .";2;329;"various aerodynamic characteristics in hypersonic rarefied
gas flow .";26.626751175891215;True
77;"how close is the comparison of the shock layer theory with existing
experiments in the low reynolds number (merged-layer) regime .";3;630;stagnation region in rarefied high mach number flow .;24.90597406560516;False
77;"how close is the comparison of the shock layer theory with existing
experiments in the low reynolds number (merged-layer) regime .";4;1264;"boundary layer transition and heat transfer in shock
tubes .";22.801530068524492;False
77;"how close is the comparison of the shock layer theory with existing
experiments in the low reynolds number (merged-layer) regime .";5;667;"hypersonic shock layer theory of the stagnation region at low reynolds
number .";21.228698352464857;True
77;"how close is the comparison of the shock layer theory with existing
experiments in the low reynolds number (merged-layer) regime .";6;315;"scale effects at high subsonic and transonic speeds
and methods for fixing transition in model experiments .";18.405371419912704;False
77;"how close is the comparison of the shock layer theory with existing
experiments in the low reynolds number (merged-layer) regime .";7;1391;shock wave and flow field development in hypersonic re-entry .;18.160406059600305;True
77;"how close is the comparison of the shock layer theory with existing
experiments in the low reynolds number (merged-layer) regime .";8;170;"the interaction of a reflected shock wave with the
boundary layer in a shock tube .";17.509261310095123;False
77;"how close is the comparison of the shock layer theory with existing
experiments in the low reynolds number (merged-layer) regime .";9;537;stagnation point viscous hypersonic flow .;16.76799769458603;False
77;"how close is the comparison of the shock layer theory with existing
experiments in the low reynolds number (merged-layer) regime .";10;347;boundary layer measurements in hypersonic flow .;16.412354943616545;False
78;"has anyone explained the kink in the surge line of a multi-stage
axial compressor .";1;589;some stall and surge phenomena in axial flow compressors .;29.244794761332543;True
78;"has anyone explained the kink in the surge line of a multi-stage
axial compressor .";2;543;"the stacking of compressor stage characteristics to
give an overall compressor performance map .";25.34593471897119;False
78;"has anyone explained the kink in the surge line of a multi-stage
axial compressor .";3;588;compressor operation with one or more blade rows stalled .;22.460869394312514;True
78;"has anyone explained the kink in the surge line of a multi-stage
axial compressor .";4;237;a compressor routine test code .;20.517028897161275;False
78;"has anyone explained the kink in the surge line of a multi-stage
axial compressor .";5;578;dissociation scaling for nonequilibrium blunt nose flows .;19.782766972214656;False
78;"has anyone explained the kink in the surge line of a multi-stage
axial compressor .";6;216;the supersonic axial flow compressor .;19.36769085477033;False
78;"has anyone explained the kink in the surge line of a multi-stage
axial compressor .";7;590;"effects of stage characteristics and matching on axial flow compressor
performance .";19.205112256614054;True
78;"has anyone explained the kink in the surge line of a multi-stage
axial compressor .";8;592;design of axial compressors .;16.93473285989059;False
78;"has anyone explained the kink in the surge line of a multi-stage
axial compressor .";9;138;wakes in axial compressors .;16.4964496216884;False
78;"has anyone explained the kink in the surge line of a multi-stage
axial compressor .";10;426;"preliminary analysis of axial flow compressors having
supersonic velocity at the entrance of the stator .";15.376100153392347;False
79;"have any aerodynamic derivatives been measured at hypersonic mach
numbers and comparison been made with theoretical work .";1;199;"measurement of two dimensional derivatives on a wing-aileron-tab
system .";20.74482506017613;False
79;"have any aerodynamic derivatives been measured at hypersonic mach
numbers and comparison been made with theoretical work .";2;196;"pressure distributions . axially symmetric bodies in
oblique flow .";20.435784794331923;False
79;"have any aerodynamic derivatives been measured at hypersonic mach
numbers and comparison been made with theoretical work .";3;544;"a theoretical and experimental study of oscillating wedge shaped
aerofoils in hypersonic flow .";19.326923252462954;False
79;"have any aerodynamic derivatives been measured at hypersonic mach
numbers and comparison been made with theoretical work .";4;567;"aerodynamic characteristics of a circular cylinder
at mach number of 6. 86 and angles of attack up to
90 .";18.777836321570987;False
79;"have any aerodynamic derivatives been measured at hypersonic mach
numbers and comparison been made with theoretical work .";5;755;"oscillatory derivative measurements on sting-mounted
wind tunnel models method of test and results for pitch
and yaw on a cambered ogee wing at mach numbers up
to 2. 6.";18.53700082356746;False
79;"have any aerodynamic derivatives been measured at hypersonic mach
numbers and comparison been made with theoretical work .";6;1066;"wind tunnel measurements of aerodynamic damping derivatives
of a launch vehicle vibrating in free-free bending
modes at mach numbers from 0. 70 to 2. 87 and comparisons
with theory .";17.56908130436932;False
79;"have any aerodynamic derivatives been measured at hypersonic mach
numbers and comparison been made with theoretical work .";7;52;"procedure for calculating flutter at high supersonic
speed including camber deflections, and comparison
with experimental results .";16.78556895763136;False
79;"have any aerodynamic derivatives been measured at hypersonic mach
numbers and comparison been made with theoretical work .";8;56;"an analysis of the applicability of the hypersonic
similarity law to the study of the flow about bodies
of revolution at zero angle of attack .";16.691368105240166;False
79;"have any aerodynamic derivatives been measured at hypersonic mach
numbers and comparison been made with theoretical work .";9;597;"measurements of pitching moment derivatives for blunt-nose aerofoils
oscillating in two-dimensional supersonic flow .";16.491794949027998;True
79;"have any aerodynamic derivatives been measured at hypersonic mach
numbers and comparison been made with theoretical work .";10;748;"subsonic aerodynamic flutter derivatives for wings and control surfaces,
 /compressible and incompressible flow/ .";16.228070877743026;False
8;"what methods -dash exact or approximate -dash are presently available
for predicting body pressures at angle of attack.";1;122;"a simplified approximate method for the calculation of the pressure
around conical bodies of arbitrary shape in supersonic and hypersonic
flow .";24.408273960703475;True
8;"what methods -dash exact or approximate -dash are presently available
for predicting body pressures at angle of attack.";2;492;prediction of ogive-forebody pressures at angles of attack .;22.65612736842521;False
8;"what methods -dash exact or approximate -dash are presently available
for predicting body pressures at angle of attack.";3;248;"the application of lighthill formula for numerical
calculation of pressure distributions on bodies of
revolution at supersonic speed and zero angle of attack .";20.051933358323936;False
8;"what methods -dash exact or approximate -dash are presently available
for predicting body pressures at angle of attack.";4;69;"predicted shock envelopes about two types of vehicles
at large angles of attack .";19.89232704836632;False
8;"what methods -dash exact or approximate -dash are presently available
for predicting body pressures at angle of attack.";5;1231;hypersonic flow over an elliptic cone: theory and experiment .;18.548927031337577;False
8;"what methods -dash exact or approximate -dash are presently available
for predicting body pressures at angle of attack.";6;124;"a summary of the supersonic pressure drag of bodies
of revolution .";18.46259360932821;False
8;"what methods -dash exact or approximate -dash are presently available
for predicting body pressures at angle of attack.";7;443;"calculated and measured pressure distributions over the midspan section
of the naca 4412 airfoil .";17.652118990551596;False
8;"what methods -dash exact or approximate -dash are presently available
for predicting body pressures at angle of attack.";8;232;"accuracy of approximate methods for predicting pressure
on pointed non-lifting bodies of revolution in supersonic
flow .";17.3331138850654;False
8;"what methods -dash exact or approximate -dash are presently available
for predicting body pressures at angle of attack.";9;292;"rapid laminar boundary layer calculations by piece-wise
application of similar solutions .";17.077105598684074;False
8;"what methods -dash exact or approximate -dash are presently available
for predicting body pressures at angle of attack.";10;234;"a second order shock-expansion method applicable to
bodies of revolution near zero lift .";17.035128112391497;False
80;"are methods of measuring aerodynamic derivatives available which
could be adopted for use in short running time facilities .";1;544;"a theoretical and experimental study of oscillating wedge shaped
aerofoils in hypersonic flow .";25.406257280879032;False
80;"are methods of measuring aerodynamic derivatives available which
could be adopted for use in short running time facilities .";2;546;"measurements of aerodynamic heating on a 15 cone of
graded wall thickness at a mach number of 6. 8.";18.964163639629277;False
80;"are methods of measuring aerodynamic derivatives available which
could be adopted for use in short running time facilities .";3;1335;use of freon-12 as a fluid for aerodynamic testing .;16.869593849680463;False
80;"are methods of measuring aerodynamic derivatives available which
could be adopted for use in short running time facilities .";4;622;"scale height in the upper atmosphere, derived from changes in satellite
orbits .";16.2690032542218;False
80;"are methods of measuring aerodynamic derivatives available which
could be adopted for use in short running time facilities .";5;441;"evaluation of high angle-of-attack aerodynamic derivative
data and stall-flutter prediction techniques .";15.870491932118151;False
80;"are methods of measuring aerodynamic derivatives available which
could be adopted for use in short running time facilities .";6;1019;note on creep buckling of columns .;15.408191044314794;False
80;"are methods of measuring aerodynamic derivatives available which
could be adopted for use in short running time facilities .";7;602;"the 7 x 7 in . hypersonic wind tunnel at rae farnborough,
part 1, design, instrumentation and flow visualization
techniques .";15.050028633439517;False
80;"are methods of measuring aerodynamic derivatives available which
could be adopted for use in short running time facilities .";8;606;"formulae and approximations for aerodynamic heating rates in high speed
flight .";14.580138224526555;False
80;"are methods of measuring aerodynamic derivatives available which
could be adopted for use in short running time facilities .";9;813;"the motion of rolling symmetrical missiles referred
to a body-axis system .";14.44941640227726;False
80;"are methods of measuring aerodynamic derivatives available which
could be adopted for use in short running time facilities .";10;790;"a wind-tunnel test technique for measuring the dynamic rotary
stability derivatives at subsonic and supersonic speeds .";14.029516238751903;False
81;"what are wind-tunnel corrections for a two-dimensional aerofoil
mounted off-centre in a tunnel .";1;799;"some effects of wind-tunnel interference observed in tests on
two-dimensional aerofoils at high subsonic and transonic speeds .";20.679061791612845;True
81;"what are wind-tunnel corrections for a two-dimensional aerofoil
mounted off-centre in a tunnel .";2;631;"low speed wind tunnel tests on a two dimensional aerofoil
with split flap near the ground .";19.269528739727438;False
81;"what are wind-tunnel corrections for a two-dimensional aerofoil
mounted off-centre in a tunnel .";3;203;"calculated velocity distributions and force derivatives
for a series of high-speed aerofoils .";17.484693024825013;False
81;"what are wind-tunnel corrections for a two-dimensional aerofoil
mounted off-centre in a tunnel .";4;714;"blockage corrections for three-dimensional flow closed
throat wind tunnels, with considerations of the effect
of compressibility .";17.449846571450138;False
81;"what are wind-tunnel corrections for a two-dimensional aerofoil
mounted off-centre in a tunnel .";5;672;tunnel interference effects .;17.410607163042982;True
81;"what are wind-tunnel corrections for a two-dimensional aerofoil
mounted off-centre in a tunnel .";6;544;"a theoretical and experimental study of oscillating wedge shaped
aerofoils in hypersonic flow .";15.675533675766973;False
81;"what are wind-tunnel corrections for a two-dimensional aerofoil
mounted off-centre in a tunnel .";7;1163;"force-test investigation of the stability and control
characteristics of a scale model of a tilt-wing vertical
take-off and landing aircraft .";15.60205087792312;False
81;"what are wind-tunnel corrections for a two-dimensional aerofoil
mounted off-centre in a tunnel .";8;755;"oscillatory derivative measurements on sting-mounted
wind tunnel models method of test and results for pitch
and yaw on a cambered ogee wing at mach numbers up
to 2. 6.";15.31198674777674;False
81;"what are wind-tunnel corrections for a two-dimensional aerofoil
mounted off-centre in a tunnel .";9;140;"the determination of turbulent skin friction by means
of pitot tubes .";15.311634346111896;False
81;"what are wind-tunnel corrections for a two-dimensional aerofoil
mounted off-centre in a tunnel .";10;245;the ground effect on the jet flap in two dimensions .;14.25262023152077;False
82;"how do kuchemann's and multhopp's methods for calculating lift
distributions on swept wings in subsonic flow compare with each other and with
experiment .";1;1339;"calculation of flutter characteristics for finite-span swept or unswept
wings at subsonic and supersonic speeds by a modified strip analysis .";26.468243295536666;False
82;"how do kuchemann's and multhopp's methods for calculating lift
distributions on swept wings in subsonic flow compare with each other and with
experiment .";2;677;"methods for calculating the lift distribution of wings /subsonic
lifting surface theory/ .";26.09853939672137;True
82;"how do kuchemann's and multhopp's methods for calculating lift
distributions on swept wings in subsonic flow compare with each other and with
experiment .";3;1334;"calculated spanwise lift distributions and aerodynamic
influence coefficients for swept wings in subsonic
flow .";25.420550383726855;False
82;"how do kuchemann's and multhopp's methods for calculating lift
distributions on swept wings in subsonic flow compare with each other and with
experiment .";4;247;"the calculation of the pressure distribution on thick
wings of small aspect ratio at zero lift in subsonic
flow .";23.115531326927606;False
82;"how do kuchemann's and multhopp's methods for calculating lift
distributions on swept wings in subsonic flow compare with each other and with
experiment .";5;678;the effect of end plates on swept wings .;23.07970929831537;True
82;"how do kuchemann's and multhopp's methods for calculating lift
distributions on swept wings in subsonic flow compare with each other and with
experiment .";6;1332;"calculated spanwise lift distributions, influence functions
and influence coefficients for unswept wings in subsonic
flow .";22.057600625498722;False
82;"how do kuchemann's and multhopp's methods for calculating lift
distributions on swept wings in subsonic flow compare with each other and with
experiment .";7;676;"a simple method for calculating the span and chordwise loading on
straight and swept wings of any aspect ratio at subsonic speeds .";21.244511088281378;True
82;"how do kuchemann's and multhopp's methods for calculating lift
distributions on swept wings in subsonic flow compare with each other and with
experiment .";8;315;"scale effects at high subsonic and transonic speeds
and methods for fixing transition in model experiments .";21.031736072161817;False
82;"how do kuchemann's and multhopp's methods for calculating lift
distributions on swept wings in subsonic flow compare with each other and with
experiment .";9;1289;"numerical technique to lifting surface theory for calculation
of unsteady aerodynamic forces due to continuous sinusoidal
gusts on several wing planforms at sobsonic speeds .";20.11480349966347;False
82;"how do kuchemann's and multhopp's methods for calculating lift
distributions on swept wings in subsonic flow compare with each other and with
experiment .";10;1246;"solution of subsonic nonplanar lifting surface problems
by means of high-speed digital computers .";19.990497706594887;False
83;what is the present state of the theory of quasi-conical flows .;1;753;"development of a quasi-steady approach to flutter and
correlation with kernel-function results .";14.98110754560463;False
83;what is the present state of the theory of quasi-conical flows .;2;1275;flow about an unsteadily rotating disc .;13.925414315830318;False
83;what is the present state of the theory of quasi-conical flows .;3;898;"a survey of buckling theory and experiment for circular
conical shells of constant thickness .";13.22337903754804;False
83;what is the present state of the theory of quasi-conical flows .;4;680;generalized conical flow fields in supersonic wing theory .;12.904449290988127;True
83;what is the present state of the theory of quasi-conical flows .;5;236;criteria for thermodynamic equilibrium in gas flow .;11.759566828517134;False
83;what is the present state of the theory of quasi-conical flows .;6;1196;growth of the turbulent wake behind a supersonic sphere .;11.479699512899984;False
83;what is the present state of the theory of quasi-conical flows .;7;428;"the quasi-cylinder of specified thickness and shell
loading in supersonic flow .";10.92344891929664;False
83;what is the present state of the theory of quasi-conical flows .;8;224;"quasi-cylindrical surfaces with prescribed loadings
in the linearised theory of supersonic flow .";10.727951738064316;False
83;what is the present state of the theory of quasi-conical flows .;9;282;"jet effects on base pressure of conical afterbodies
at mach 1. 91 and 3. 12 .";9.127418184935456;False
83;what is the present state of the theory of quasi-conical flows .;10;688;"tables of aerodynamic coefficients obtained from developed newtonian
expressions for complete and partial conic and spheric bodies at
combined angles of attack and sideslip with some comparisons with
hypersonic experimental data .";8.896637633495779;False
84;"references on the methods available for accurately estimating
aerodynamic heat transfer to conical bodies for both laminar and turbulent
flow .";1;294;"an investigation of laminar transitional and turbulent
heat transfer on blunt-nosed bodies in hypersonic flow .";29.57137133023233;True
84;"references on the methods available for accurately estimating
aerodynamic heat transfer to conical bodies for both laminar and turbulent
flow .";2;522;"laminar, transitional and turbulent heat transfer to
a cone-cylinder-flare body at mach 8. 0.";24.78986588718152;True
84;"references on the methods available for accurately estimating
aerodynamic heat transfer to conical bodies for both laminar and turbulent
flow .";3;873;"lagrangian thermodynamics of heat transfer in systems
including fluid motion .";22.831900353903436;True
84;"references on the methods available for accurately estimating
aerodynamic heat transfer to conical bodies for both laminar and turbulent
flow .";4;142;the problem of aerodynamic heating .;20.793139623148168;True
84;"references on the methods available for accurately estimating
aerodynamic heat transfer to conical bodies for both laminar and turbulent
flow .";5;546;"measurements of aerodynamic heating on a 15 cone of
graded wall thickness at a mach number of 6. 8.";19.795944753153588;False
84;"references on the methods available for accurately estimating
aerodynamic heat transfer to conical bodies for both laminar and turbulent
flow .";6;1104;aerodynamic heating of blunt nose shapes at mach numbers up to 14 .;19.05216247101807;False
84;"references on the methods available for accurately estimating
aerodynamic heat transfer to conical bodies for both laminar and turbulent
flow .";7;1281;"turbulent heat transfer on blunt-nosed bodies in two-dimensional
and general three-dimensional hypersonic flow .";18.73229205177135;False
84;"references on the methods available for accurately estimating
aerodynamic heat transfer to conical bodies for both laminar and turbulent
flow .";8;36;supersonic flow around blunt bodies .;17.92895789794151;False
84;"references on the methods available for accurately estimating
aerodynamic heat transfer to conical bodies for both laminar and turbulent
flow .";9;555;"closing reply to comments on generalized heat transfer
formulas and graphs for nose cone re-entry into the
atmosphere .";17.860564752912953;False
84;"references on the methods available for accurately estimating
aerodynamic heat transfer to conical bodies for both laminar and turbulent
flow .";10;378;"engineering relations for friction and heat transfer to surfaces in high
 velocity flow .";17.57964800853012;False
85;"what parameters can seriously influence natural transition
from laminar to turbulent flow on a model in a wind tunnel .";1;315;"scale effects at high subsonic and transonic speeds
and methods for fixing transition in model experiments .";20.86601214215215;False
85;"what parameters can seriously influence natural transition
from laminar to turbulent flow on a model in a wind tunnel .";2;710;"the smallest height of roughness capable of affecting boundary-layer
transition .";20.451859370506224;True
85;"what parameters can seriously influence natural transition
from laminar to turbulent flow on a model in a wind tunnel .";3;294;"an investigation of laminar transitional and turbulent
heat transfer on blunt-nosed bodies in hypersonic flow .";19.39474274545127;False
85;"what parameters can seriously influence natural transition
from laminar to turbulent flow on a model in a wind tunnel .";4;314;"simplified method for determination of the critical
height of distributed roughness particles for boundary
layer transition at mach numbers from 0 to 5.";19.365722743711565;False
85;"what parameters can seriously influence natural transition
from laminar to turbulent flow on a model in a wind tunnel .";5;184;scale models for thermo-aeroelastic research .;19.22025668563541;False
85;"what parameters can seriously influence natural transition
from laminar to turbulent flow on a model in a wind tunnel .";6;80;"effect of distributed three-dimensional roughness and
surface cooling on boundary layer transition and lateral
spread of turbulence at supersonic speeds .";18.096399924695216;False
85;"what parameters can seriously influence natural transition
from laminar to turbulent flow on a model in a wind tunnel .";7;84;"experimental investigation of the downstream influence
of stagnation point mass transfer .";17.335289204758563;False
85;"what parameters can seriously influence natural transition
from laminar to turbulent flow on a model in a wind tunnel .";8;311;"a method for predicting the onset of buffeting and other separation
effects from wind tunnel tests on rigid models .";17.059032325063036;False
85;"what parameters can seriously influence natural transition
from laminar to turbulent flow on a model in a wind tunnel .";9;272;"oscillatory aerodynamic coefficients for a unified supersonic
hypersonic strip theory .";16.965927948576905;False
85;"what parameters can seriously influence natural transition
from laminar to turbulent flow on a model in a wind tunnel .";10;244;"an improved smoke generator for use in the visualisation
of airflow, particularly boundary layer flow at high
reynolds numbers .";16.90845284693462;False
86;"can a satisfactory experimental technique be developed for measuring
oscillatory derivatives on slender sting-mounted models in supersonic
wind tunnels .";1;755;"oscillatory derivative measurements on sting-mounted
wind tunnel models method of test and results for pitch
and yaw on a cambered ogee wing at mach numbers up
to 2. 6.";44.952615606302494;False
86;"can a satisfactory experimental technique be developed for measuring
oscillatory derivatives on slender sting-mounted models in supersonic
wind tunnels .";2;594;"wind tunnel techniques for the measurements of oscillatory
derivatives .";28.67741586649053;True
86;"can a satisfactory experimental technique be developed for measuring
oscillatory derivatives on slender sting-mounted models in supersonic
wind tunnels .";3;790;"a wind-tunnel test technique for measuring the dynamic rotary
stability derivatives at subsonic and supersonic speeds .";28.366922573183007;True
86;"can a satisfactory experimental technique be developed for measuring
oscillatory derivatives on slender sting-mounted models in supersonic
wind tunnels .";4;431;"free-flight measurements of the zero-lift drag and
base pressure on a wind tunnel interference model (m=0 .
8 - 1. 5) .";24.84708953292578;False
86;"can a satisfactory experimental technique be developed for measuring
oscillatory derivatives on slender sting-mounted models in supersonic
wind tunnels .";5;188;"an analysis of base pressure at supersonic velocities and
comparison with experiment .";23.16044588283519;False
86;"can a satisfactory experimental technique be developed for measuring
oscillatory derivatives on slender sting-mounted models in supersonic
wind tunnels .";6;179;"an analysis of base pressure at supersonic speeds and
comparison with experiment .";22.580395603005478;False
86;"can a satisfactory experimental technique be developed for measuring
oscillatory derivatives on slender sting-mounted models in supersonic
wind tunnels .";7;1290;"measured and calculated subsonic and transonic flutter
characteristics of a 45 sweptback wing planform in
air and in freon-12 in the langley transonic dynamics
tunnel .";20.68617568314216;False
86;"can a satisfactory experimental technique be developed for measuring
oscillatory derivatives on slender sting-mounted models in supersonic
wind tunnels .";8;1155;"some experimental investigations on the influence of wall boundary
layers upon wind tunnel measurements at high subsonic speeds .";20.508310460521486;False
86;"can a satisfactory experimental technique be developed for measuring
oscillatory derivatives on slender sting-mounted models in supersonic
wind tunnels .";9;280;"the surface oil flow technique as used in high speed
wind tunnels in the united kingdom .";20.40576765454478;False
86;"can a satisfactory experimental technique be developed for measuring
oscillatory derivatives on slender sting-mounted models in supersonic
wind tunnels .";10;1066;"wind tunnel measurements of aerodynamic damping derivatives
of a launch vehicle vibrating in free-free bending
modes at mach numbers from 0. 70 to 2. 87 and comparisons
with theory .";19.72598938045062;False
87;"what effect has the boundary layer in modifying the basic inviscid flow
behind the shock,  neglecting effects of leading edge and corner .";1;547;boundary layer characteristics of caret wings .;23.90689084860972;False
87;"what effect has the boundary layer in modifying the basic inviscid flow
behind the shock,  neglecting effects of leading edge and corner .";2;1228;"leading-edge separation of laminar boundary layers
in supersonic flow .";22.453844596614424;False
87;"what effect has the boundary layer in modifying the basic inviscid flow
behind the shock,  neglecting effects of leading edge and corner .";3;1198;the blunt-leading-edge problem in hypersonic flow .;20.473128455181644;False
87;"what effect has the boundary layer in modifying the basic inviscid flow
behind the shock,  neglecting effects of leading edge and corner .";4;439;a factor affecting transonic leading edge flow separation .;19.97837251297784;False
87;"what effect has the boundary layer in modifying the basic inviscid flow
behind the shock,  neglecting effects of leading edge and corner .";5;797;"a study of the effect of leading-edge modifications on the flow over
a 50degree sweptback wing at transonic speeds .";19.798636413025267;False
87;"what effect has the boundary layer in modifying the basic inviscid flow
behind the shock,  neglecting effects of leading edge and corner .";6;134;"note on an interaction between the boundary layer and the inviscid
flow .";19.795832840926366;False
87;"what effect has the boundary layer in modifying the basic inviscid flow
behind the shock,  neglecting effects of leading edge and corner .";7;572;"boundary layer displacement and leading edge bluntness effects in high
temperature hypersonic flow .";18.979464646148035;False
87;"what effect has the boundary layer in modifying the basic inviscid flow
behind the shock,  neglecting effects of leading edge and corner .";8;625;viscous and inviscid nonequilibrium gas flows .;18.156927354072117;False
87;"what effect has the boundary layer in modifying the basic inviscid flow
behind the shock,  neglecting effects of leading edge and corner .";9;334;"influence of the leading-edge shock wave on the laminar boundary layer
at hypersonic speeds .";18.046917097000506;False
87;"what effect has the boundary layer in modifying the basic inviscid flow
behind the shock,  neglecting effects of leading edge and corner .";10;2;"simple shear flow past a flat plate in an incompressible fluid of small
viscosity .";17.90831179886569;False
88;"how does a satellite orbit contract under the action of air drag in
an atmosphere in which the scale height varies with altitude .";1;548;"the contraction of satellite orbits under the influence
of air drag . pt .iv with scale height dependent on
altitude .";54.867878984178795;False
88;"how does a satellite orbit contract under the action of air drag in
an atmosphere in which the scale height varies with altitude .";2;613;"the contraction of satellite orbits under the influence of air drag
part i . with spherically symmetrical atmosphere .";48.43409077810028;True
88;"how does a satellite orbit contract under the action of air drag in
an atmosphere in which the scale height varies with altitude .";3;615;"the contraction of satellite orbits under the influence of air drag .
part iii . high eccentricity orbits . /0.2 e 1/ .";43.47671589100137;True
88;"how does a satellite orbit contract under the action of air drag in
an atmosphere in which the scale height varies with altitude .";4;614;the contraction of satellite orbits under the influence of air drag .;43.13029655959052;True
88;"how does a satellite orbit contract under the action of air drag in
an atmosphere in which the scale height varies with altitude .";5;617;"determination of upper-atmosphere air density profile from satellite
observations .";38.22237462673288;True
88;"how does a satellite orbit contract under the action of air drag in
an atmosphere in which the scale height varies with altitude .";6;622;"scale height in the upper atmosphere, derived from changes in satellite
orbits .";37.35365469605035;False
88;"how does a satellite orbit contract under the action of air drag in
an atmosphere in which the scale height varies with altitude .";7;616;"determination of upper-atmosphere air density and scale height from
satellite observations .";34.53788330316026;True
88;"how does a satellite orbit contract under the action of air drag in
an atmosphere in which the scale height varies with altitude .";8;618;orbit decay and prediction of the motion of artificial satellites .;27.758720982007727;True
88;"how does a satellite orbit contract under the action of air drag in
an atmosphere in which the scale height varies with altitude .";9;621;"latitude and diurnal variations of air densities from 190 to 280 km.
as derived from the orbits of discoverer satellites .";25.672379164157473;False
88;"how does a satellite orbit contract under the action of air drag in
an atmosphere in which the scale height varies with altitude .";10;162;"nearly circular transfer trajectories for descending
satellites .";21.273380264763347;False
89;"how is the flow at transonic speeds about a delta wing different
from that on a closely-related tapered sweptback wing .";1;1338;"investigation to determine effects of center of gravity location on the
transonic flutter characteristics of a 45degree sweptback wing .";25.868393126279905;False
89;"how is the flow at transonic speeds about a delta wing different
from that on a closely-related tapered sweptback wing .";2;793;"the flow pattern on a tapered sweptback wing at mach numbers between 0.6
 and 1.6 .";23.7352682651057;True
89;"how is the flow at transonic speeds about a delta wing different
from that on a closely-related tapered sweptback wing .";3;757;"an investigation of the flow about a plane half-wing
of cropped delta planform and 6( symmetrical section
at stream mach numbers between 0. 8 and 1. 41 .";22.98878222690726;False
89;"how is the flow at transonic speeds about a delta wing different
from that on a closely-related tapered sweptback wing .";4;315;"scale effects at high subsonic and transonic speeds
and methods for fixing transition in model experiments .";22.38256367046152;False
89;"how is the flow at transonic speeds about a delta wing different
from that on a closely-related tapered sweptback wing .";5;801;"experimental study of the equivalence of transonic
flow about slender cone-cylinders of circular and elliptic
cross section .";21.608601410415172;False
89;"how is the flow at transonic speeds about a delta wing different
from that on a closely-related tapered sweptback wing .";6;205;"a correlation of airfoil section data with the aerodynamic
loads measured on a 45 sweptback wing at subsonic mach
numbers .";20.309452192192573;False
89;"how is the flow at transonic speeds about a delta wing different
from that on a closely-related tapered sweptback wing .";7;797;"a study of the effect of leading-edge modifications on the flow over
a 50degree sweptback wing at transonic speeds .";19.698891262527436;True
89;"how is the flow at transonic speeds about a delta wing different
from that on a closely-related tapered sweptback wing .";8;1290;"measured and calculated subsonic and transonic flutter
characteristics of a 45 sweptback wing planform in
air and in freon-12 in the langley transonic dynamics
tunnel .";19.352816566929558;False
89;"how is the flow at transonic speeds about a delta wing different
from that on a closely-related tapered sweptback wing .";9;464;"flow studies on flat plate delta wings at supersonic
speeds .";19.059967608153883;False
89;"how is the flow at transonic speeds about a delta wing different
from that on a closely-related tapered sweptback wing .";10;1341;"investigation of wing flutter at transonic speeds for six systematically
 varied wing plan forms .";19.032448594328745;False
9;papers on internal /slip flow/ heat transfer studies .;1;21;on heat transfer in slip flow .;18.375323950149287;True
9;papers on internal /slip flow/ heat transfer studies .;2;550;laminar heat transfer in tubes under slip-flow conditions .;17.303150470593344;True
9;papers on internal /slip flow/ heat transfer studies .;3;45;"an investigation of separated flows, part ii: flow
in the cavity and heat transfer .";16.607386643786867;False
9;papers on internal /slip flow/ heat transfer studies .;4;22;on slip-flow heat transfer to a flat plate .;15.518852490181153;True
9;papers on internal /slip flow/ heat transfer studies .;5;306;"second approximation to laminar compressible boundary
layer on flat plate in slip flow .";13.988228730841886;False
9;papers on internal /slip flow/ heat transfer studies .;6;571;"heat transfer to flat plate in high temperature rarefied
ultra-high mach number flow .";13.965901426225795;False
9;papers on internal /slip flow/ heat transfer studies .;7;270;"on combined free and forced convection laminar magnetohydrodynamic
flow and heat transfer in channels with transverse
magnetic field .";12.237803287127607;False
9;papers on internal /slip flow/ heat transfer studies .;8;102;advantages and limitations of models .;12.184301137423185;False
9;papers on internal /slip flow/ heat transfer studies .;9;1215;the effect of slip particularly for highly cooled walls .;12.130841227859229;False
9;papers on internal /slip flow/ heat transfer studies .;10;398;heat transfer in turbulent shear flow .;10.968768849713435;False
90;recent data on shock-induced boundary-layer separation .;1;265;"some instabilities arising from the interaction between
shock waves and boundary layer .";18.686950271157528;False
90;recent data on shock-induced boundary-layer separation .;2;1187;"shock-induced boundary layer separation in overexpanded conical exhaust
nozzles .";17.553625685445787;True
90;recent data on shock-induced boundary-layer separation .;3;1228;"leading-edge separation of laminar boundary layers
in supersonic flow .";13.405597414725065;False
90;recent data on shock-induced boundary-layer separation .;4;569;"an experimental investigation of leading edge shock wave boundary layer
interaction at mach 5.8 .";13.382835077580966;False
90;recent data on shock-induced boundary-layer separation .;5;358;"on the model of the free shock separation, turbulent
boundary layer .";12.746547585299712;False
90;recent data on shock-induced boundary-layer separation .;6;1257;an optical boundary-layer probe .;12.570990611583927;False
90;recent data on shock-induced boundary-layer separation .;7;416;"methods of boundary-layer control for postponing and alleviating
buffeting and other effects of shock-induced separation .";12.497229486697478;False
90;recent data on shock-induced boundary-layer separation .;8;504;"stability of compressible boundary layers induced by
a moving wave .";12.441935241003645;False
90;recent data on shock-induced boundary-layer separation .;9;311;"a method for predicting the onset of buffeting and other separation
effects from wind tunnel tests on rigid models .";12.272757091472423;True
90;recent data on shock-induced boundary-layer separation .;10;1216;"pressure distribution in regions of step-induced turbulent
separation .";12.253397720588303;False
91;what interference effects are likely at transonic speeds .;1;252;"an investigation of interference effects on similar models of
different size in various transonic tunnels in the u.k. .";16.09648829899765;True
91;what interference effects are likely at transonic speeds .;2;799;"some effects of wind-tunnel interference observed in tests on
two-dimensional aerofoils at high subsonic and transonic speeds .";14.800405294785714;True
91;what interference effects are likely at transonic speeds .;3;924;"a method for calculating the lift and centre of pressure
of wing-body-tail combinations at subsonic, transonic
speeds .";14.550751473804262;False
91;what interference effects are likely at transonic speeds .;4;800;wall interference at transonic speeds on a hemisphere cylinder model .;13.312804116590247;True
91;what interference effects are likely at transonic speeds .;5;431;"free-flight measurements of the zero-lift drag and
base pressure on a wind tunnel interference model (m=0 .
8 - 1. 5) .";13.183944615163247;False
91;what interference effects are likely at transonic speeds .;6;795;"the operation of the npl 18in x 14in. wind tunnel in the transonic speed
 range .";12.611128086466943;False
91;what interference effects are likely at transonic speeds .;7;1079;finite difference formulae for the square lattices .;11.66134576474934;False
91;what interference effects are likely at transonic speeds .;8;1153;"a study of the simulation of flow with free stream mach number 1 in a
choked wind tunnel .";11.14858149276507;False
91;what interference effects are likely at transonic speeds .;9;672;tunnel interference effects .;11.137519529248335;True
91;what interference effects are likely at transonic speeds .;10;1154;"on the influence of wall boundary layers in closed transonic test
sections .";10.966386423335358;True
92;"given complete freedom in the design of an airplane,  what procedure
would be used in order to minimize sonic boom intensity,  and is there a
limit to the degree of minimizing that can be accomplished .";1;807;"ground measurements of the shock wave noise from
supersonic bomber airplanes in the altitude range from 30,000
to 50,000 feet .";29.308931972522863;True
92;"given complete freedom in the design of an airplane,  what procedure
would be used in order to minimize sonic boom intensity,  and is there a
limit to the degree of minimizing that can be accomplished .";2;758;"the lower bound of attainable sonic-boom over-pressure
and design methods of approaching this limit .";28.55855855018508;False
92;"given complete freedom in the design of an airplane,  what procedure
would be used in order to minimize sonic boom intensity,  and is there a
limit to the degree of minimizing that can be accomplished .";3;806;"ground measurements of airplane shock wave noise at
mach numbers to 2, and at altitudes of 60,000 feet .";27.70145689466349;True
92;"given complete freedom in the design of an airplane,  what procedure
would be used in order to minimize sonic boom intensity,  and is there a
limit to the degree of minimizing that can be accomplished .";4;810;"the shock wave noise problem of supersonic aircraft
in steady flight .";27.51634197639461;True
92;"given complete freedom in the design of an airplane,  what procedure
would be used in order to minimize sonic boom intensity,  and is there a
limit to the degree of minimizing that can be accomplished .";5;1247;"the supersonic boom of a projectile related to drag
and volume .";22.89709390788242;True
92;"given complete freedom in the design of an airplane,  what procedure
would be used in order to minimize sonic boom intensity,  and is there a
limit to the degree of minimizing that can be accomplished .";6;804;a flight test investigation of the sonic boom .;22.001200503034887;True
92;"given complete freedom in the design of an airplane,  what procedure
would be used in order to minimize sonic boom intensity,  and is there a
limit to the degree of minimizing that can be accomplished .";7;809;"an investigation of the influence of lift on sonic-boom
intensity by means of wind tunnel measurements of the
pressure fields of several wing-body combinations at
a mach number of 2. 01 .";21.874326332370167;True
92;"given complete freedom in the design of an airplane,  what procedure
would be used in order to minimize sonic boom intensity,  and is there a
limit to the degree of minimizing that can be accomplished .";8;683;"the use of conical camber to produce flow attachment at the leading
edge of a delta wing and to minimize the lift-dependent drag at sonic
and supersonic speeds .";21.521890653121517;False
92;"given complete freedom in the design of an airplane,  what procedure
would be used in order to minimize sonic boom intensity,  and is there a
limit to the degree of minimizing that can be accomplished .";9;811;"an investigation of lifting effects on the intensity
of sonic booms .";21.311023427752275;True
92;"given complete freedom in the design of an airplane,  what procedure
would be used in order to minimize sonic boom intensity,  and is there a
limit to the degree of minimizing that can be accomplished .";10;36;supersonic flow around blunt bodies .;21.166119053769;False
93;"can methane-air combustion product be used as a hypersonic test
medium and predict, within experimental accuracies, the results
obtained in air .";1;635;"heat transfer and pressure distributions on a hemisphere-cylinder and a
bluff-afterbody model
in methane-air combustion products and in air .";47.77429161464073;False
93;"can methane-air combustion product be used as a hypersonic test
medium and predict, within experimental accuracies, the results
obtained in air .";2;691;"calculation procedure for thermodynamic transport, and flow properties
of the combustion products of a hydrocarbon fuel mixture burned in air
with results for ethylene-air and methane-air mixtures .";31.392272568075423;True
93;"can methane-air combustion product be used as a hypersonic test
medium and predict, within experimental accuracies, the results
obtained in air .";3;68;"some aspects of air-helium simulation and hypersonic
approximations .";19.44814083397034;False
93;"can methane-air combustion product be used as a hypersonic test
medium and predict, within experimental accuracies, the results
obtained in air .";4;1336;"studies of the use of freon-12 as a wind tunnel testing
medium .";19.316955392204974;False
93;"can methane-air combustion product be used as a hypersonic test
medium and predict, within experimental accuracies, the results
obtained in air .";5;1241;"the turbulent boundary layer on chemically active ablating
surfaces .";18.770046115714482;False
93;"can methane-air combustion product be used as a hypersonic test
medium and predict, within experimental accuracies, the results
obtained in air .";6;232;"accuracy of approximate methods for predicting pressure
on pointed non-lifting bodies of revolution in supersonic
flow .";16.256711261221568;False
93;"can methane-air combustion product be used as a hypersonic test
medium and predict, within experimental accuracies, the results
obtained in air .";7;1143;"a one-foot hypervelocity shock tunnel in which high-enthalpy
real gas flows can be generated with flow times of
about 180 milliseconds .";16.20497742161389;False
93;"can methane-air combustion product be used as a hypersonic test
medium and predict, within experimental accuracies, the results
obtained in air .";8;421;"analytic study of induced pressure on long bodies of
revolution with varying nose bluntness at hypersonic
speeds .";15.608013964282282;False
93;"can methane-air combustion product be used as a hypersonic test
medium and predict, within experimental accuracies, the results
obtained in air .";9;1157;hypersonic shock tunnel .;15.443135396436256;False
93;"can methane-air combustion product be used as a hypersonic test
medium and predict, within experimental accuracies, the results
obtained in air .";10;1335;use of freon-12 as a fluid for aerodynamic testing .;15.395853849638108;False
94;"what is the theoretical heat transfer rate at the stagnation point of a
blunt body .";1;283;"laminar heat transfer around blunt bodies in dissociated
air .";25.59744281783892;True
94;"what is the theoretical heat transfer rate at the stagnation point of a
blunt body .";2;1393;"heat transfer near the forward stagnation point of
a body of revolution .";24.43410411608096;True
94;"what is the theoretical heat transfer rate at the stagnation point of a
blunt body .";3;1104;aerodynamic heating of blunt nose shapes at mach numbers up to 14 .;22.295501493020726;True
94;"what is the theoretical heat transfer rate at the stagnation point of a
blunt body .";4;559;"heat transfer at the forward stagnation point of blunt
bodies .";21.565348785663463;True
94;"what is the theoretical heat transfer rate at the stagnation point of a
blunt body .";5;1394;"stagnation point heat transfer measurements in hypersonic
low density flow .";21.49173227712305;False
94;"what is the theoretical heat transfer rate at the stagnation point of a
blunt body .";6;1161;"stagnation point heat transfer measurements in dissociated
air .";21.11345651982979;True
94;"what is the theoretical heat transfer rate at the stagnation point of a
blunt body .";7;983;"addendum to 'heat transfer to satellite vehicles re-entering the
atmosphere .";20.787154198100804;False
94;"what is the theoretical heat transfer rate at the stagnation point of a
blunt body .";8;101;"laminar heat transfer over blunt-nosed bodies at hypersonic flight
speeds .";20.70990540754392;True
94;"what is the theoretical heat transfer rate at the stagnation point of a
blunt body .";9;36;supersonic flow around blunt bodies .;20.23496224784239;False
94;"what is the theoretical heat transfer rate at the stagnation point of a
blunt body .";10;438;"stagnation point heat transfer measurements at super
satellite speeds .";19.825666264054007;False
95;what is the theoretical heat transfer distribution around a hemisphere .;1;635;"heat transfer and pressure distributions on a hemisphere-cylinder and a
bluff-afterbody model
in methane-air combustion products and in air .";19.151860497138042;False
95;what is the theoretical heat transfer distribution around a hemisphere .;2;662;"theoretical and experimental investigation of
aerodynamic-heating and isothermal heat transfer parameters on
a hemisphere nose with laminar boundary layer at supersonic
mach numbers .";17.16211064720792;True
95;what is the theoretical heat transfer distribution around a hemisphere .;3;1002;preliminary investigations of spiked bodies at hypersonic speeds .;15.874663177408049;False
95;what is the theoretical heat transfer distribution around a hemisphere .;4;553;"ablation of glassy materials around blunt bodies of
revolution .";14.935238109877554;False
95;what is the theoretical heat transfer distribution around a hemisphere .;5;36;supersonic flow around blunt bodies .;14.728301006671039;False
95;what is the theoretical heat transfer distribution around a hemisphere .;6;283;"laminar heat transfer around blunt bodies in dissociated
air .";13.884838582738265;True
95;what is the theoretical heat transfer distribution around a hemisphere .;7;1258;"heat transfer, recovery factor and pressure distributions
around a circular cylinder normal to a supersonic rarefied
air stream .";13.473001593224723;False
95;what is the theoretical heat transfer distribution around a hemisphere .;8;1191;"heat transfer to a hemisphere-cylinder at low reynolds
numbers .";13.113237433377915;False
95;what is the theoretical heat transfer distribution around a hemisphere .;9;689;"investigation of the laminar aerodynamics heat transfer
characteristics of a hemisphere cylinder in the langley
11-inch hypersonic tunnel at a mach number of 6. 8.";12.686964350505658;False
95;what is the theoretical heat transfer distribution around a hemisphere .;10;628;thermal effects on a transpiration cooled hemisphere .;12.662528007104317;False
96;"has anyone investigated the unsteady lift distributions on finite
wings in subsonic flow .";1;637;"an integral equation relating the general time-dependent lift and
downwash distributions on finite wings in subsonic flow .";23.3956446847244;False
96;"has anyone investigated the unsteady lift distributions on finite
wings in subsonic flow .";2;698;the unsteady lift of a wing of finite aspect ratio .;21.661618906187975;True
96;"has anyone investigated the unsteady lift distributions on finite
wings in subsonic flow .";3;699;"approximate indical lift functions for several wings of finite span in
incompressible flow as obtained from oscillatory lift coefficients .";19.714096963762927;True
96;"has anyone investigated the unsteady lift distributions on finite
wings in subsonic flow .";4;1339;"calculation of flutter characteristics for finite-span swept or unswept
wings at subsonic and supersonic speeds by a modified strip analysis .";18.848387429101383;True
96;"has anyone investigated the unsteady lift distributions on finite
wings in subsonic flow .";5;1289;"numerical technique to lifting surface theory for calculation
of unsteady aerodynamic forces due to continuous sinusoidal
gusts on several wing planforms at sobsonic speeds .";17.794908234814493;True
96;"has anyone investigated the unsteady lift distributions on finite
wings in subsonic flow .";6;705;"on the kernel function of the integral equation relating the lift and
downwash distributions of oscillating finite wings in subsonic flow .";17.616150597999727;True
96;"has anyone investigated the unsteady lift distributions on finite
wings in subsonic flow .";7;779;"calculation and compilation of the unsteady lift functions for a rigid
wing subjected to sinusoidal gusts and to sinusoidal sinking
oscillations .";15.863131629517085;True
96;"has anyone investigated the unsteady lift distributions on finite
wings in subsonic flow .";8;247;"the calculation of the pressure distribution on thick
wings of small aspect ratio at zero lift in subsonic
flow .";15.740791668356234;False
96;"has anyone investigated the unsteady lift distributions on finite
wings in subsonic flow .";9;680;generalized conical flow fields in supersonic wing theory .;15.655992573876448;False
96;"has anyone investigated the unsteady lift distributions on finite
wings in subsonic flow .";10;700;two and three-dimensional unsteady lift problems in high speed flight .;15.200614763950274;True
97;"what information is available for dynamic response of airplanes to
gusts  or blasts in the subsonic regime .";1;1331;"calculated responses of a large sweptwing airplane
to continuous turbulence with flight-test comparisons .";27.440947817972027;False
97;"what information is available for dynamic response of airplanes to
gusts  or blasts in the subsonic regime .";2;1289;"numerical technique to lifting surface theory for calculation
of unsteady aerodynamic forces due to continuous sinusoidal
gusts on several wing planforms at sobsonic speeds .";17.140036462578134;True
97;"what information is available for dynamic response of airplanes to
gusts  or blasts in the subsonic regime .";3;779;"calculation and compilation of the unsteady lift functions for a rigid
wing subjected to sinusoidal gusts and to sinusoidal sinking
oscillations .";16.523223439993235;True
97;"what information is available for dynamic response of airplanes to
gusts  or blasts in the subsonic regime .";4;1270;supersonic inlet dynamics .;16.00086525830645;False
97;"what information is available for dynamic response of airplanes to
gusts  or blasts in the subsonic regime .";5;251;"a collection of longitudinal stability derivatives
of wings at supersonic speeds .";14.917356994496034;False
97;"what information is available for dynamic response of airplanes to
gusts  or blasts in the subsonic regime .";6;882;"the variation of gust frequency with gust velocity
and altitude .";14.77981709287522;False
97;"what information is available for dynamic response of airplanes to
gusts  or blasts in the subsonic regime .";7;783;"a method for calculating the subsonic steady-state loading on an
airplane with a wing of arbitrary planform and stiffness .";14.165854293454126;False
97;"what information is available for dynamic response of airplanes to
gusts  or blasts in the subsonic regime .";8;701;"numerical determination of indical lift of a two-dimensional sinking
airfoil at subsonic mach numbers from oscillatory lift coefficients with
 calculations for mach number 0.7 .";13.415245990745879;True
97;"what information is available for dynamic response of airplanes to
gusts  or blasts in the subsonic regime .";9;790;"a wind-tunnel test technique for measuring the dynamic rotary
stability derivatives at subsonic and supersonic speeds .";13.340281720348608;False
97;"what information is available for dynamic response of airplanes to
gusts  or blasts in the subsonic regime .";10;1214;"the drag of elongated bodies over a wide reynolds number
range .";12.908153452623786;False
98;"will forward or apex located controls be effective at low subsonic
speeds and how do they compare with conventional trailing-edge
flaps .";1;638;"longitudinal aerodynamic characteristics at low subsonic
speeds of a highly swept wing utilizing nose deflection
for control .";39.83534568854011;False
98;"will forward or apex located controls be effective at low subsonic
speeds and how do they compare with conventional trailing-edge
flaps .";2;673;"investigation of full scale split trailing edge wing
flaps with various chords and hinge locations .";27.736863459190836;False
98;"will forward or apex located controls be effective at low subsonic
speeds and how do they compare with conventional trailing-edge
flaps .";3;315;"scale effects at high subsonic and transonic speeds
and methods for fixing transition in model experiments .";24.603950302551134;False
98;"will forward or apex located controls be effective at low subsonic
speeds and how do they compare with conventional trailing-edge
flaps .";4;792;some low speed problems of high speed aircraft .;24.115672734930566;False
98;"will forward or apex located controls be effective at low subsonic
speeds and how do they compare with conventional trailing-edge
flaps .";5;1343;"formulas for the supersonic loading, lift and drag
of flat swept back wings with leading edges behind
the mach lines .";23.771780666616515;False
98;"will forward or apex located controls be effective at low subsonic
speeds and how do they compare with conventional trailing-edge
flaps .";6;704;"a systematic kernel function procedure for determining aerodynamic
forces on oscillating or steady finite wings at subsonic speeds .";22.669070633199702;False
98;"will forward or apex located controls be effective at low subsonic
speeds and how do they compare with conventional trailing-edge
flaps .";7;433;"application of two dimensional vortex theory to the
prediction of flow fields behind wings of wing-body
combinations at subsonic and supersonic speeds .";20.764492226601373;False
98;"will forward or apex located controls be effective at low subsonic
speeds and how do they compare with conventional trailing-edge
flaps .";8;1393;"heat transfer near the forward stagnation point of
a body of revolution .";19.717331541655437;False
98;"will forward or apex located controls be effective at low subsonic
speeds and how do they compare with conventional trailing-edge
flaps .";9;1163;"force-test investigation of the stability and control
characteristics of a scale model of a tilt-wing vertical
take-off and landing aircraft .";19.45436593018911;False
98;"will forward or apex located controls be effective at low subsonic
speeds and how do they compare with conventional trailing-edge
flaps .";10;924;"a method for calculating the lift and centre of pressure
of wing-body-tail combinations at subsonic, transonic
speeds .";19.085019458233052;False
99;"given that an uncontrolled vehicle will tumble as it enters an
atmosphere, is it possible to predict when and how it will stop
tumbling and its subsequent motion .";1;639;"analytical study of the tumbling motions of vehicles
entering planetary atmospheres .";40.721676491285464;False
99;"given that an uncontrolled vehicle will tumble as it enters an
atmosphere, is it possible to predict when and how it will stop
tumbling and its subsequent motion .";2;717;"motions of a short 10degree blunted cone entering a martian atmosphere
at arbitrary angles of attack and arbitrary pitching rates .";26.05224819280757;True
99;"given that an uncontrolled vehicle will tumble as it enters an
atmosphere, is it possible to predict when and how it will stop
tumbling and its subsequent motion .";3;715;"motion of a ballistic missile angularly misaligned
with the flight path upon entering the atmosphere and
its effect upon aerodynamic heating, aerodynamic loads
and miss distance .";25.604559405989164;False
99;"given that an uncontrolled vehicle will tumble as it enters an
atmosphere, is it possible to predict when and how it will stop
tumbling and its subsequent motion .";4;716;"study of the oscillatory motion of manned vehicles
entering the earth's atmosphere .";25.15519600989237;False
99;"given that an uncontrolled vehicle will tumble as it enters an
atmosphere, is it possible to predict when and how it will stop
tumbling and its subsequent motion .";5;719;tumbling bodies entering the atmosphere .;24.32250248688701;True
99;"given that an uncontrolled vehicle will tumble as it enters an
atmosphere, is it possible to predict when and how it will stop
tumbling and its subsequent motion .";6;1348;"radiative heat transfer during atmosphere entry at
parabolic velocity .";20.520179115609295;False
99;"given that an uncontrolled vehicle will tumble as it enters an
atmosphere, is it possible to predict when and how it will stop
tumbling and its subsequent motion .";7;164;"an approximate analytical method for studying entry
into planetary atmospheres .";18.415057639962768;False
99;"given that an uncontrolled vehicle will tumble as it enters an
atmosphere, is it possible to predict when and how it will stop
tumbling and its subsequent motion .";8;67;"dynamic stability of vehicles traversing ascending
or descending paths through the atmosphere .";17.90864850380911;False
99;"given that an uncontrolled vehicle will tumble as it enters an
atmosphere, is it possible to predict when and how it will stop
tumbling and its subsequent motion .";9;163;"an analysis of the corridor and guidance requirements
for supercircular entry planetary atmospheres .";17.885790682320913;False
99;"given that an uncontrolled vehicle will tumble as it enters an
atmosphere, is it possible to predict when and how it will stop
tumbling and its subsequent motion .";10;499;"a closed-form solution for the oscillations of a vehicle
entering a planetary atmosphere .";17.283730596428263;False
